{"noise_params": [0.0, 0.05, 0.1, 0.15000000000000002, 0.2, 0.25, 0.30000000000000004, 0.35000000000000003, 0.4, 0.45, 0.5, 0.55, 0.6000000000000001, 0.65, 0.7000000000000001, 0.75, 0.8, 0.8500000000000001, 0.9, 0.9500000000000001, 1.0], "max_scores": [1.414108134754695, 1.3662523124852481, 1.3164728279028401, 1.2649009143161076, 1.2091290944112942, 1.154552741908354, 1.0954008344799964, 1.0327921328509624, 0.9660319001555966, 0.8940493204087618, 0.8159835084194766, 0.7294377692790344, 0.630168190873337, 0.5110854306215057, 0.35999678096562504, 8.814131482632601e-09, 0.36389093370793557, 0.515400747487448, 0.6220655477088064, 0.7288393324266442, 0.8161673355903281], "opt_settings": [[[[[1.0270916203998088, -1.7029355541535955, 0.6583390977736099]], [[-1.1697380659375605, 0.05468598593566627, -0.13154300108380995]]], [[[-0.6862935039328049, 1.9555469382789734, -1.3932481415180706], [-1.4842156334609655, -2.612085402285569, 0.4453854817658911]], [[-0.7359754557971809, -2.561831283422414, -1.1111965768752463, -2.473012285355009, -1.8731524805642683, -0.6201391862549124], [-1.5164512244348143, -3.2994971899949066, 2.540968505799837, -0.8671583840429652, 3.000383774639859, -1.338059516416875]], [[0.7112446232418675, -3.626082745870277, 1.803996348852789], [-2.5304165520969764, -0.7971007536151574, 1.9774890751687515]]]], [[[[-2.7591266717190535, 0.6194559055546146, -0.6151804662273326]], [[3.378748059330883, 1.7873292421411164, -2.6408389252399207]]], [[[1.1776355039570887, -1.1356533234546258, 0.054581709903509884], [2.866356566371044, 0.3581452395029743, 2.7665461019533284]], [[-1.5434136267569467, -0.009100486938474359, 2.958048547847575, 3.2834070692371093, 0.9890718203829862, 3.0806746501563067], [-1.2081897037129297, -1.543875615934144, 0.7673813938482061, -0.7184053474996925, 1.566584583221981, -2.565102605339222]], [[-1.1841621019519508, 1.8201467910538736, -1.7813019831866195], [0.315924620141424, 0.008379276205368382, -0.6456566859813483]]]], [[[[3.000065229801453, 4.69647425213709, -1.0073944660797454]], [[2.5727638108274147, -0.39491699984869744, 1.317509195945503]]], [[[-2.159589808765974, 2.6312535861412467, -2.98725085341731], [0.737888605093949, -0.811959472787192, 2.216469855515766]], [[-1.4735674694958634, -2.8359683752080813, 2.424549505897234, 0.03875655326714894, 2.18719796771991, 2.2406244151252643], [0.18260888588688293, 1.8347559532038227, 0.05420950380975762, -0.19891682833704752, 0.2883692735326561, 2.813018236297907]], [[-3.0959802486673227, -0.5050011287396182, -0.4134665717966559], [2.271472789661553, -2.061103998378055, -0.7403401907360342]]]], [[[[-2.2711831690536464, 2.753053432968372, -2.3051481314390245]], [[1.9063114550116889, 2.0992653737001614, 2.649328886558115]]], [[[-0.9592288542236111, -2.6236571468443604, 2.847564200004392], [-2.1006370070955223, 1.7809271541579936, 0.02585090840906856]], [[0.20444014632783358, -2.2415134329721202, -2.891801295778108, -2.5934091697444304, -1.709543920901941, -2.212125584940317], [1.4370369797835207, -1.3861361581031082, 1.6813488903341716, 1.2850851273310742, -2.2443538879628977, -0.08587900234937558]], [[1.7124108310350807, 2.286296052502601, 1.3954495019983542], [-1.2613672378658196, 2.5399798114831125, 0.1237215229093445]]]], [[[[2.43090727131132, -1.6241098188332352, -0.42682075031743844]], [[3.0162436132957238, -2.5214041567191923, -1.9135431925191013]]], [[[0.2756856485009085, -1.9578669654721945, 1.5252119701115037], [2.0009124319988745, 0.20715649292280697, 0.5729846450834217]], [[2.5599506056427166, 2.9222924979377667, -2.447033655188186, 0.02742068097346604, -2.7464163361839637, -2.5053244413390323], [0.6321759231286648, -2.3827349543150786, 1.446952119014572, 1.0113744385044596, 2.0078679915790545, -2.6119378888324523]], [[2.281431854528583, -1.6479234357597374, 1.9785898897144554], [-2.247841013377842, -2.819180809821573, 1.0229959197754104]]]], [[[[-1.7243881496109081, 0.8122448621495009, -0.050124006821752574]], [[0.4799453236191876, 0.86748241877917, 1.225822727880574]]], [[[0.2589820163465379, 2.980059527995152, 0.5785686707265203], [1.4636199843363682, -1.7391422329478154, -0.003594564511046395]], [[1.3991401447166072, -2.373229127326064, 0.9785241601023653, 0.06276302137256821, 0.8799749635701374, -0.6321009829842512], [2.2813929488094082, -2.4638736548259383, -0.1877957800626064, -2.276559442963563, -1.9971254744574762, -2.689948358834448]], [[-2.0763921913498535, 1.3836917305891914, 1.3836311357130695], [-3.5510862326369192, -1.410374582714413, 2.092333089659167]]]], [[[[3.039497135074998, 3.1535666804312155, 2.9789739041011645]], [[-1.3542375861609548, -2.3539762917762665, -0.2643743104043074]]], [[[2.082663293934002, 2.87857439594311, 1.4999957203647485], [2.025493554434013, -2.1396592628611084, -1.466695302517822]], [[-0.6558907853658239, -0.36534613270682903, -0.1170034866490264, -0.27318261482891515, -2.242841871897964, 2.6503360017634128], [1.832599533938801, -1.4807972682155912, 0.3309098077187844, 1.8081692441581907, -1.1699175694791832, -1.771831804016274]], [[1.7438526512031902, 1.8938199745845523, 2.4013284841537663], [0.623869979275185, 1.4702287457099663, -2.134622913415658]]]], [[[[2.059030803905335, -2.9046841803800016, 0.28377225559443964]], [[-0.4142503946559322, 2.7356009245327693, -1.826681767046484]]], [[[1.6000197198316846, -2.3498869716423796, -0.33412688338333263], [2.164880531292047, 2.233579194235004, -2.384636815692883]], [[-1.9806472052013242, 0.4463969364905337, -1.3750643806149678, -2.361864099839789, 1.2486506591197626, 0.13246755879271843], [0.10414044454488755, -1.8474803268087017, 2.2282818285085986, 0.05108205085123059, 0.530044537314205, 2.472845243093195]], [[0.20586214483007562, 2.2562608757469507, -2.90674662706919], [2.0285560896386063, -1.1407568657161318, -2.6952278665523095]]]], [[[[0.9185066993605664, -1.2914788027451916, -1.6070553625005404]], [[0.24308649730473683, -1.208360073989052, -0.8580435745708457]]], [[[-1.356107844500421, 1.8445806517730732, 1.318002297346231], [3.1460610233386537, -1.3852541549822006, -1.5858748340933937]], [[0.5176377928212628, 2.4906989777311717, -0.7670382916783756, 2.5966940415437225, 2.691077039545567, 2.9930618657732797], [3.428461111123438, 2.7108798754127053, -2.3726965242017237, -0.025236480131203054, -3.506464330916385, -0.029090298018634737]], [[-0.3410456696989672, -1.1874001851736387, -1.5639382085842954], [1.2740307327394456, 0.9725695387389189, -2.4071397737128883]]]], [[[[2.3752364350589015, -0.06719207628502331, 2.7791170401675966]], [[-2.4990184507873936, 0.087933695631401, 2.1258639812121736]]], [[[0.901365820633615, -3.3771058757901273, -2.8806917833210597], [-1.9242828977267152, 1.9777109948340288, -1.672866142498208]], [[-0.7921156665765419, -2.8304513811019527, 2.0068215861283383, 1.0453482578920505, -1.8504450293402863, -0.9542206642225359], [-2.8468081212071263, -2.4716832839175606, -1.1427341606274746, 2.125926618689525, 2.3866214113007844, 1.812991614932761]], [[-3.014539556805803, 2.676072074744091, 2.8044688079056597], [2.108998892115089, 1.190925934570454, 1.4601346155625645]]]], [[[[1.8279873418514507, -0.7668983909790744, -1.1030616426479019]], [[1.4772556009533369, -0.3815885605275822, -0.9448028930413546]]], [[[0.010460901187598848, 2.1196823879322486, -2.560209395698038], [-1.0111339525458913, 1.663803853235486, -0.4318574421067831]], [[2.7942591035246256, 1.2432473520876215, 0.348405963594713, 2.8122150504485868, -2.2703553230274482, 2.9865989957982233], [-2.183162990702748, 1.2159920618615259, -2.583586298954706, -1.7260956797717666, -1.0667058041982924, 2.1575997285780657]], [[2.1857645321387973, -1.459873596889855, 2.633892506835134], [-0.534367124006672, -3.5187065077212796, -1.0756677920606146]]]], [[[[1.6968053640411616, -0.9551759211085, 1.5978122623097721]], [[-2.8115207185012183, 1.170139170287222, -2.322865988126102]]], [[[1.466484036614237, -1.597359103801316, -0.35119296617807777], [-0.832703375757171, 3.085354120301316, 