{"noise_params": [0.0, 0.05, 0.1, 0.15000000000000002, 0.2, 0.25, 0.30000000000000004, 0.35000000000000003, 0.4, 0.45, 0.5, 0.55, 0.6000000000000001, 0.65, 0.7000000000000001, 0.75, 0.8, 0.8500000000000001, 0.9, 0.9500000000000001, 1.0], "max_scores": [1.1891620818649045, 1.1488208636805364, 1.1052222587457892, 1.0636281457758894, 1.0180480582311242, 0.9703795199325026, 0.9206604522653641, 0.8681372841231733, 0.8118894265162677, 0.7509955839152961, 0.6828496061690694, 0.61228656282067, 0.5136152991084468, 0.43136999712451984, 0.28638003212586827, 4.818323072658763e-09, 0.30234777169416294, 0.4313591063840839, 0.5239807705780998, 0.5983126084109369, 0.6823293154259047], "opt_settings": [[[[[2.9953385085072397, -0.7724434140916843, 1.250840344456613]], [[0.343944836777861, 1.8183470265744524, 1.7014095066518937]], [[0.06291526227887016, -1.681466338697229, 1.4402015012739446]]], [[[-2.6518179611230965, -1.7374559105300529, 1.0855063689866453], [-1.2058475022393078, -0.9679080492634704, -0.26470644060948384]], [[-0.6540065638265168, 0.25455211973672975, 1.359268570416368], [3.15774337685283, 2.3192275776269704, -0.9091273280622139]], [[2.002692562622196, -1.9108620464479007, 0.9246907104818511], [1.4581670364006334, 1.545900125875639, 0.8795371798195002]], [[-2.8080764400059586, -3.030535512817907, -2.00637145000458], [-2.313290988815589, 1.3075811945718745, 2.232269680997648]]]], [[[[0.5266349279277515, -1.6662659557448902, 0.3198261146600405]], [[-1.4046932485508277, -1.8378792180068333, -2.5700356476129524]], [[-2.4270450273640893, -0.9608200383059446, -0.4733050789600005]]], [[[-1.4308896100985418, -2.257068741839257, 2.6276863398026737], [-2.731782905825948, 1.5895851385034927, -1.6835433670850177]], [[1.916997660673961, -2.203670830837013, -1.9012914749911713], [-0.4378306239690487, -2.714734469296099, 2.858162332039854]], [[-0.45764514091144615, -1.3870688083316385, -1.7581112886264931], [2.0259364614080106, -0.6076785781941642, -0.421732181068334]], [[2.3242695482782953, 1.9693499974797977, 0.24362350844976], [1.1626747517554301, -1.9421758508839893, -2.0724724391680325]]]], [[[[2.7541453652919703, -0.36186138123699635, 0.8804149957446902]], [[-0.0048479264475203565, 1.6282459062596144, -3.144387078511911]], [[0.1275719553567184, -0.9089279124856917, -0.08956039325646889]]], [[[1.0089198863783173, 1.857205619892045, -0.0024513366031589335], [-0.9613419031791035, 0.07785973339275926, 2.436334876620002]], [[-3.0290116489914083, 2.397301829706794, 0.018979503875045253], [0.966524042801449, -0.7954170872739406, -1.1206318848565342]], [[0.18826032260607403, -1.734716441355791, 0.31728050751200526], [0.8540822178420493, -2.943377999730951, -2.4382733886651033]], [[-0.14248744544575917, 2.466287974362655, 1.3934149893365815], [-1.6171444792887686, 1.511876432143247, -0.35612701017081694]]]], [[[[-2.5925418646598892, -2.6499954722188668, -1.9954363634560162]], [[-0.6199383547896367, 2.2791884361884525, 0.4881708503994987]], [[1.7331985797734466, 0.6357888879621825, -0.2804267435528952]]], [[[-2.312417695930147, -0.9614622813149152, -0.12060469489175006], [1.7140884009982875, 2.5782105888653977, 2.8606390366257113]], [[-0.8127104304255174, 1.8672135836029857, -0.31416312973318317], [-1.2253808382583924, 1.589855238083382, 2.9370381901341607]], [[2.6722365949487212, -1.685584240045344, 2.1629919158116446], [0.2203688701045453, 1.418107863310593, 2.1082629887234337]], [[-1.4792298022661332, -1.0063582419984256, -1.9872832649594065], [-3.0900519621626037, 1.7014909248653909, 0.09838438271351355]]]], [[[[2.423735547129716, 0.3743026356394614, -1.379552420054447]], [[-2.5876891262372066, 2.2100647623302283, 1.4770903954717065]], [[-0.9407478369147736, -2.8478144470322726, -1.1006268816856863]]], [[[-0.9063168118381804, -0.6489589764503741, -0.4423548576974166], [0.7790523873673193, 0.8426029538946157, 0.11456621102087094]], [[2.400046855931894, 1.213311017692233, 1.1206613705299493], [0.8894837606016992, 0.06472982373572068, -1.3222380863784295]], [[-1.9970783689681098, 2.248970100076739, 0.03480146277147417], [-1.1795141309012123, -1.9671435047918353, -1.585473229267236]], [[1.347098898862632, 2.0133839902696438, 1.1167106622821406], [0.02077563575683146, -0.25745073780603456, -0.907338131876219]]]], [[[[1.4060401405479153, 0.42498504018278105, 1.4848249789711108]], [[0.7048689428885585, -2.144121897705762, 3.300325247553028]], [[1.220693580257467, -2.413471065105833, -2.507597919890219]]], [[[-0.4685768544499606, 0.18623903998971372, 1.8420841087659205], [-1.0275199075158352, 1.830184330204483, 0.6189474287219769]], [[2.438297152315913, -0.30577094839856467, 1.034614760330002], [1.7426820074180644, 2.0007381813080785, 2.4174605254508887]], [[-1.8066102031146836, 0.18994708148347755, 2.548353446304106], [2.278675011527448, 2.4867439672187093, 2.9335729062401126]], [[-0.31457084497442067, -0.47859663027570976, -2.034786449747539], [-2.2903092495566555, 2.0690375926106674, -0.6175749917329094]]]], [[[[0.3754257782724177, 2.9502283211939826, 2.989264103667609]], [[1.2187822758456974, -2.1372636702808325, -2.1048495954543593]], [[2.6595563933314295, 0.4748003585908003, -0.45401073057431035]]], [[[-2.461421924872752, 1.0023065704990834, -1.7589713366888062], [-1.2343699861644322, 2.770892545482419, -2.0906997122884348]], [[-1.9843743251193324, -0.02573709317691287, 3.0834462430193845], [1.9164713008761045, -1.7544341425401586, 1.3901128146043247]], [[1.8306661464223175, -2.02435154003921, -0.014402935852372359], [2.1220233003920166, 0.8320459468547964, -1.967585264920244]], [[2.4799406227362333, 1.6636341358836535, 2.524515088690535], [2.246099792526896, -0.030429567254672697, -0.3984767485020053]]]], [[[[1.8879662973042461, 2.8935097705184267, -1.7879775625922163]], [[1.477582907170054, -0.4732274674986439, -2.747065176992593]], [[3.3895440909529237, -1.898063871273643, 0.513464687409038]]], [[[2.270243717617872, -1.5454028985899733, -2.0240634419063395], [-2.0717765701847832, 0.5757901022220673, 0.97359847794442]], [[1.756079920340228, 0.37457803943113815, -1.4199756365251432], [-2.316077170346251, 2.1994990210745815, 2.636685936762439]], [[2.1274758774804905, -0.6338154093375244, 2.877798011774044], [-0.5782786998236045, 2.998304925107844, -2.0713396889235973]], [[1.416154275346543, -1.0462847717342056, -0.3795193937436059], [0.3043068944660548, 0.897167186284215, -2.3223703915596947]]]], [[[[2.189835539321885, -2.819026738429761, 1.2454282074453045]], [[0.9948794443004434, -2.183834740869147, -0.8714246408519193]], [[2.9101994673012683, 2.911245227998039, 1.9761813748584485]]], [[[-1.9769800108322937, 1.2296516751673061, 2.3981585559146588], [-0.14889357457675997, 1.3229613260135218, 0.5917238558828535]], [[0.09659564362895537, 1.2777487530584093, 3.243090440488261], [-2.737213428852448, 2.4910151021991522, 2.5619334575411608]], [[2.7488456465363567, 0.8434557706150408, 1.4496647090078907], [-1.3027961958832068, -1.0312058680657317, -0.09808272165831705]], [[-0.7421963615498268, -1.541867623591613, -2.60322988068833], [-2.5293981030937944, -1.780857662672465, -0.6772966898509751]]]], [[[[-2.8221574681279393, -2.001759093345132, -1.5859189543935073]], [[1.8175139747728066, 0.48665642570144685, 1.9284856512686974]], [[-0.11219709405887889, 2.0840864918827404, 1.750612545952115]]], [[[1.705827101019555, -1.5546253133597763, -0.3948463444476232], [-2.6001224940802925, 2.1324465699141473, 1.913439137090844]], [[2.586172282014427, 1.0739080818212259, -0.27275883399410294], [-3.198793576681255, 1.013339983740695, 2.7669995766700195]], [[-1.742417480109021, 0.8221940894672347, -0.6305380545405697], [2.7688299619863024, 1.4213864211407814, 0.6913274705767928]], [[-1.889662486649414, 2.811736985383183, -1.8119048590482618], [-0.36533538043167574, -1.3838082955972997, -1.986127651530781]]]], [[[[0.05471579567024077, 2.3476218119377705, -2.0184652210098384]], [[1.753910587438105, -1.0204332646550263, 2.908003892564527]], [[-0.9693714332388847, 2.017246764817599, 