{
  "datetime": "2022-02-02T14:12:13Z",
  "opt_score": 0.6938829704846265,
  "opt_settings": [
    [
      [
        []
      ],
      [
        []
      ],
      [
        []
      ]
    ],
    [
      [
        [
          1.9690467379246703
        ],
        [
          0.5399174386008848
        ]
      ],
      [
        [
          -0.9374555524489911
        ],
        [
          0.27430879621487997
        ]
      ],
      [
        [
          -2.261621842130554
        ],
        [
          0.7694659079668498
        ]
      ],
      [
        [
          0.27000956062308507,
          -1.2945970094781223,
          1.4782484646734262
        ],
        [
          2.502562487047118,
          -2.0507702242495855,
          -0.2693801263189197
        ]
      ]
    ]
  ],
  "scores": [
    0.31752593367424536,
    0.6938829704846265,
    1.0077596860825189,
    1.1314598802844156,
    1.1548091657039565,
    1.167664718298897,
    1.1615530481409406,
    1.192319283621018,
    1.1791106424690843
  ],
  "samples": [
    0,
    1,
    2,
    3,
    4,
    5,
    6,
    7,
    8
  ],
  "settings_history": [
    [
      [
        [
          []
        ],
        [
          []
        ],
        [
          []
        ]
      ],
      [
        [
          [
            2.504427133247656
          ],
          [
            0.9492273709416965
          ]
        ],
        [
          [
            -0.9411985739811239
          ],
          [
            0.33659516683212054
          ]
        ],
        [
          [
            -1.9318430483638402
          ],
          [
            0.9215290999807806
          ]
        ],
        [
          [
            0.22516513557943352,
            -1.3707218050769132,
            1.457763974221388
          ],
          [
            1.6366774205619894,
            -1.9865739792498056,
            -0.7527625663470254
          ]
        ]
      ]
    ],
    [
      [
        [
          []
        ],
        [
          []
        ],
        [
          []
        ]
      ],
      [
        [
          [
            1.9690467379246703
          ],
          [
            0.5399174386008848
          ]
        ],
        [
          [
            -0.9374555524489911
          ],
          [
            0.27430879621487997
          ]
        ],
        [
          [
            -2.261621842130554
          ],
          [
            0.7694659079668498
          ]
        ],
        [
          [
            0.27000956062308507,
            -1.2945970094781223,
            1.4782484646734262
          ],
          [
            2.502562487047118,
            -2.0507702242495855,
            -0.2693801263189197
          ]
        ]
      ]
    ],
    [
      [
        [
          []
        ],
        [
          []
        ],
        [
          []
        ]
      ],
      [
        [
          [
            1.9683072879371701
          ],
          [
            0.35888085015225546
          ]
        ],
        [
          [
            -1.1319566172896454
          ],
          [
            0.32719999399297844
          ]
        ],
        [
          [
            -2.0683704406501913
          ],
          [
            0.044442191675767906
          ]
        ],
        [
          [
            0.3988652593974476,
            -1.1566118583614466,
            1.5700646710875468
          ],
          [
            2.5948435623901758,
            -2.0214647476203713,
            0.13303059204295886
          ]
        ]
      ]
    ],
    [
      [
        [
          []
        ],
        [
          []
        ],
        [
          []
        ]
      ],
      [
        [
          [
            1.8893959798930753
          ],
          [
            0.1803488740630082
          ]
        ],
        [
          [
            -1.31313244157793
          ],
          [
            0.2959606014517447
          ]
        ],
        [
          [
            -2.0837976287498994
          ],
          [
            -0.1975021861081594
          ]
        ],
        [
          [
            0.6016097396112858,
            -0.9559829727237529,
            1.716886934671968
          ],
          [
            2.628907706239291,
            -2.0017434011814097,
            0.2641476650341149
          ]
        ]
      ]
    ],
    [
      [
        [
          []
        ],
        [
          []
        ],
        [
          []
        ]
      ],
      [
        [
          [
            1.8293976539685
          ],
          [
            0.120077968094076
          ]
        ],
        [
          [
            -1.3768376116223664
          ],
          [
            0.2982770166078851
          ]
        ],
        [
          [
            -2.1058695585851703
          ],
          [
            -0.2974355131237849
          ]
        ],
        [
          [
            0.7074921289408096,
            -0.8351364769793499,
            1.7935212978269552
          ],
          [
            2.619023763678429,
            -2.033014631882443,
            0.29737334765396245
          ]
        ]
      ]
    ],
    [
      [
        [
          []
        ],
        [
          []
        ],
        [
          []
        ]
      ],
      [
        [
          [
            1.7836625692772068
          ],
          [
            0.09180623042284904
          ]
        ],
        [
          [
            -1.3922614690632147
          ],
          [
            0.2740236878317776
          ]
        ],
        [
          [
            -2.0790836106884365
          ],
          [
            -0.36657391846346143
          ]
        ],
        [
          [
            0.7731097904081852,
            -0.768866984437795,
            1.832935350112326
          ],
          [
            2.5911501077750043,
            -2.0619932890109784,
            0.3027326035957507
          ]
        ]
      ]
    ],
    [
      [
        [
          []
        ],
        [
          []
        ],
        [
          []
        ]
      ],
      [
        [
          [
            1.7537047400719596
          ],
          [
            0.08846971863449725
          ]
        ],
        [
          [
            -1.393943730623319
          ],
          [
            0.26611172393325616
          ]
        ],
        [
          [
            -2.0669653257252047
          ],
          [
            -0.3997494300455201
          ]
        ],
        [
          [
            0.8240591358571061,
            -0.7205658982170181,
            1.8591807848509478
          ],
          [
            2.565641575622386,
            -2.089459586610976,
            0.3075694358775113
          ]
        ]
      ]
    ],
    [
      [
        [
          []
        ],
        [
          []
        ],
        [
          []
        ]
      ],
      [
        [
          [
            1.7366362606973558
          ],
          [
            0.08098139229213826
          ]
        ],
        [
          [
            -1.3888440729490872
          ],
          [
            0.25193892179496497
          ]
        ],
        [
          [
            -2.0388729209662615
          ],
          [
            -0.39701816364544407
          ]
        ],
        [
          [
            0.864636775217684,
            -0.6853410538359208,
            1.8688503499751707
          ],
          [
            2.541367480116584,
            -2.1087853953772036,
            0.29693061938742593
          ]
        ]
      ]
    ],
    [
      [
        [
          []
        ],
        [
          []
        ],
        [
          []
        ]
      ],
      [
        [
          [
            1.7199054060881236
          ],
          [
            0.10469165029626737
          ]
        ],
        [
          [
            -1.3874322814606461
          ],
          [
            0.24637141394323894
          ]
        ],
        [
