{
  "datetime": "2022-02-01T14:07:20Z",
  "opt_score": 0.9935419201431557,
  "opt_settings": [
    [
      [
        []
      ],
      [
        []
      ],
      [
        []
      ]
    ],
    [
      [
        [
          1.7718563302511825
        ],
        [
          -2.2701665368058874
        ]
      ],
      [
        [
          1.463948085764437
        ],
        [
          -0.6140751183091495
        ]
      ],
      [
        [
          -3.004509857767146
        ],
        [
          -1.805021859719869
        ]
      ],
      [
        [
          -0.43809010298454387,
          -2.209012099344257,
          3.2571286644818613
        ],
        [
          1.963609016711785,
          -1.0151231242300915,
          -1.269273464924293
        ]
      ]
    ]
  ],
  "scores": [
    0.4119090863344971,
    0.9935419201431557,
    1.1197243058652644,
    1.1152349140823172,
    1.1875030265282647,
    1.154905779961313,
    1.1553171664716058,
    1.160520345781537,
    1.1539208876993738,
    1.1739905270755178,
    1.1929368834133482
  ],
  "samples": [
    0,
    1,
    2,
    3,
    4,
    5,
    6,
    7,
    8,
    9,
    10
  ],
  "settings_history": [
    [
      [
        [
          []
        ],
        [
          []
        ],
        [
          []
        ]
      ],
      [
        [
          [
            1.6399195744394284
          ],
          [
            -2.1171885107079857
          ]
        ],
        [
          [
            1.0039829132905203
          ],
          [
            -1.0939756519019492
          ]
        ],
        [
          [
            -2.521890857653587
          ],
          [
            -1.6150025184654535
          ]
        ],
        [
          [
            -0.5645344766942633,
            -1.9939761262200846,
            2.740075875172054
          ],
          [
            1.9499555142853167,
            -0.26263896630682915,
            -1.5703111716498124
          ]
        ]
      ]
    ],
    [
      [
        [
          []
        ],
        [
          []
        ],
        [
          []
        ]
      ],
      [
        [
          [
            1.7718563302511825
          ],
          [
            -2.2701665368058874
          ]
        ],
        [
          [
            1.463948085764437
          ],
          [
            -0.6140751183091495
          ]
        ],
        [
          [
            -3.004509857767146
          ],
          [
            -1.805021859719869
          ]
        ],
        [
          [
            -0.43809010298454387,
            -2.209012099344257,
            3.2571286644818613
          ],
          [
            1.963609016711785,
            -1.0151231242300915,
            -1.269273464924293
          ]
        ]
      ]
    ],
    [
      [
        [
          []
        ],
        [
          []
        ],
        [
          []
        ]
      ],
      [
        [
          [
            2.06771609136785
          ],
          [
            -2.3820405272059264
          ]
        ],
        [
          [
            1.4301714377234251
          ],
          [
            -0.38291650760333673
          ]
        ],
        [
          [
            -3.259770628251982
          ],
          [
            -1.832218333169707
          ]
        ],
        [
          [
            -0.4227565506958948,
            -2.374205569333969,
            3.4273651694465075
          ],
          [
            1.7585763593871175,
            -1.0489565607460054,
            -1.1223232336504687
          ]
        ]
      ]
    ],
    [
      [
        [
          []
        ],
        [
          []
        ],
        [
          []
        ]
      ],
      [
        [
          [
            2.1392699004153495
          ],
          [
            -2.422796880136813
          ]
        ],
        [
          [
            1.441987868190829
          ],
          [
            -0.3046281555350449
          ]
        ],
        [
          [
            -3.3905872440564204
          ],
          [
            -1.8254980867761559
          ]
        ],
        [
          [
            -0.34478095717079327,
            -2.4472585657081494,
            3.4995081058432063
          ],
          [
            1.6322792089226077,
            -1.044541811358963,
            -1.0629890018886186
          ]
        ]
      ]
    ],
    [
      [
        [
          []
        ],
        [
          []
        ],
        [
          []
        ]
      ],
      [
        [
          [
            2.1921120949138273
          ],
          [
            -2.4440641328817887
          ]
        ],
        [
          [
            1.4367685480417516
          ],
          [
            -0.2474357120860331
          ]
        ],
        [
          [
            -3.429536132225155
          ],
          [
            -1.8361239023435787
          ]
        ],
        [
          [
            -0.28712879448832246,
            -2.5000911682423705,
            3.5345594523759307
          ],
          [
            1.559584492559464,
            -1.0357895720285224,
            -1.0535450048104111
          ]
        ]
      ]
    ],
    [
      [
        [
          []
        ],
        [
          []
        ],
        [
          []
        ]
      ],
      [
        [
          [
            2.2137872017753195
          ],
          [
            -2.463922589653554
          ]
        ],
        [
          [
            1.4267000460659256
          ],
          [
            -0.22839968052588333
          ]
        ],
        [
          [
            -3.4246817400280105
          ],
          [
            -1.856685409445909
          ]
        ],
        [
          [
            -0.2608710973681506,
            -2.502662091589646,
            3.545220214522632
          ],
          [
            1.5118150404904642,
            -1.0301484558294194,
            -1.0432829742780003
          ]
        ]
      ]
    ],
    [
      [
        [
          []
        ],
        [
          []
        ],
        [
          []
        ]
      ],
      [
        [
          [
            2.2306017015739354
          ],
          [
            -2.4771034181780314
          ]
        ],
        [
          [
            1.4108450691752168
          ],
          [
            -0.20076656756220024
          ]
        ],
        [
          [
            -3.415568507842252
          ],
          [
            -1.85886971286206
          ]
        ],
        [
          [
            -0.23250408761920116,
            -2.5208249034195904,
            3.552089059723775
          ],
          [
            1.4893270617551084,
            -1.0219824300316644,
            -1.0416497691184494
          ]
        ]
      ]
    ],
    [
      [
        [
          []
        ],
        [
          []
        ],
        [
          []
        ]
      ],
      [
        [
          [
            2.214851408561083
          ],
          [
            -2.4728861894662373
          ]
        ],
        [
          [
            1.412890496668566
          ],
          [
            -0.18798714211439155
          ]
        ],
        [
          [
            -3.424903522613916
          ],
          [
            -1.8578494666320868
          ]
        ],
        [
          [
            -0.1928255719453903,
            -2.5333054822875782,
            3.549949531917834
          ],
          [
            1.462050911236982,
            -1.0158385446426805,
            -1.0515745070545004
          ]
        ]
      ]
    ],
    [
      [
        [
          []
        ],
        [
          []
        ],
        [
          []
        ]
      ],
      [
        [
          [
            2.2079609167703547
          ],
          [
            -2.4647850938774374
          ]
        ],
        [
          [
            1.411275410673363
          ],
          [
