{"noise_params": [0.0, 0.05, 0.1, 0.15000000000000002, 0.2, 0.25, 0.30000000000000004, 0.35000000000000003, 0.4, 0.45, 0.5, 0.55, 0.6000000000000001, 0.65, 0.7000000000000001, 0.75, 0.8, 0.8500000000000001, 0.9, 0.9500000000000001, 1.0], "max_scores": [1.414213562373095, 1.3784048752090219, 1.3416407864998736, 1.3038404810405297, 1.2649110640673515, 1.224744871391589, 1.183215956619923, 1.1401754250991378, 1.0954451150103317, 1.0488088481701512, 0.9999999999999996, 0.9486832980505099, 0.894427190999868, 0.8366600265338613, 0.7745966692413823, 0.7071067801896381, 0.6324555312685081, 0.5477225540300571, 0.4472134308767335, 0.316225889769623, 0.0], "opt_settings": [[[[[]], [[]]], [[[1.2918631965508711], [-0.296277425995023]], [[0.5079933298016499, -2.610354861571607], [-1.0825147353443414, 2.0878505340217917]], [[1.3179682025718216], [-0.27017241997519753]]]], [[[[]], [[]]], [[[0.7676313855120862], [-0.8928933681434776]], [[-0.02620370431165823, -3.2228782891605254], [-1.658816788811255, 1.3921822043614358]], [[-0.968763971011387], [0.6917610614516917]]]], [[[[]], [[]]], [[[0.06809699520009105], [1.6289066432072237]], [[0.8610667795889106, 1.7271471081951424], [2.406189688435595, 3.253771940910636]], [[0.9251201037990178], [2.4859302267484247]]]], [[[[]], [[]]], [[[-0.04546230887556495], [1.5018099113866825]], [[3.862429392580406, -2.525864974278942], [2.3070980572150828, -0.932947662329275]], [[-3.2890051422333277], [-1.7417329211822432]]]], [[[[]], [[]]], [[[3.2506981954697225], [-1.4653177114925062]], [[-2.243990295565035, -2.6932656200509113], [-3.824691819793053, 2.011075399051118]], [[2.8023440480219897], [-1.9136717345284464]]]], [[[[]], [[]]], [[[-0.6016075371794444], [0.9776755976775555]], [[0.20493115532466316, -1.5222288513087954], [1.7425760681588514, -3.1096401320768607]], [[0.8212476395412782], [2.4005356446114563]]]], [[[[]], [[]]], [[[-0.7705621317660596], [-2.351036464133161]], [[-1.5471905683143834, 2.2056828649437827], [-0.003004070812827171, 0.6389630830239029]], [[-0.14358463412556846], [-1.7240614508158345]]]], [[[[]], [[]]], [[[2.4673220185734546], [0.8896464307446781]], [[-1.48418176412905, 0.9264473346250729], [-3.0134851628755626, -0.6198772616187187]], [[0.15013406248634642], [1.727698682544444]]]], [[[[]], [[]]], [[[-2.530956726511533], [2.1634520230612453]], [[-3.3078886928832953, 1.898500194406627], [1.3710458369880383, 3.4257436010300184]], [[-0.47146439172770305], [-2.060182179214431]]]], [[[[]], [[]]], [[[2.1023866536677285], [-2.610718192310292]], [[-0.24166062422566723, 2.2443711418691663], [-1.8374746152114847, -2.4372761320958722]], [[-1.666883975354627], [-0.09689719251448514]]]], [[[[]], [[]]], [[[-0.3508011866477105], [-1.914439495132407]], [[1.9848684703996784, 0.3740062803302983], [0.4631566499917929, 1.9598272894249409]], [[-0.4005536466320875], [1.1632102169023533]]]], [[[[]], [[]]], [[[-1.5498446038580835], [3.1816337564515154]], [[0.8560672754655699, -0.2721227841593797], [-0.7990253980612243, 1.2452697368396433]], [[0.478354118247231], [-1.073217316066829]]]], [[[[]], [[]]], [[[-2.8801732018434127], [1.8744073151690752]], [[-0.563298705291948, -1.7922955000990812], [1.1413137913733102, -0.1825587939401784]], [[0.6028323430920082], [2.1295213236475368]]]], [[[[]], [[]]], [[[-0.5016591532904963], [-2.087954460758849]], [[1.902155909597985, -0.8254294042261838], [0.22656130357346296, -2.319797145401575]], [[0.009492351072384435], [-1.5815116610762359]]]], [[[[]], [[]]], [[[1.8690874293789133], [-2.8572962630375023]], [[2.633702644359053, 2.866515993352308], [-2.053655118782663, -1.856906276272806]], [[0.49775715045240554], [-1.054351177182711]]]], [[[[]], [[]]], [[[0.3031807234737895], [-0.7906617857787163]], [[-0.3703445992340252, 0.4764511757154612], [-1.3392584265203196, -1.6992122934440863]], [[0.9070779610306124], [-0.2095112515106107]]]], [[[[]], [[]]], [[[0.845830703735614], [-3.7670579180506283]], [[-1.245631538060178, -2.8661459882206883], [-0.05808244090020236, -1.413095099513683]], [[0.9899916000723373], [-0.624918141574826]]]], [[[[]], [[]]], [[[0.8711226993449658], [2.4328877184474664]], [[1.6849729533980302, -3.3609498513096927], [-3.049782258885357, 1.0663181138723878]], [[3.541136027491036], [2.022101897052094]]]], [[[[]], [[]]], [[[2.0482123069069416], [-2.6405403659396844]], [[-3.1759760271660302, -0.18706317734590214], [0.9784350967178419, 1.408103274794807]], [[-0.9852197775882724], [0.4621215737547672]]]], [[[[]], [[]]], [[[1.1991573044129697], [2.6098435955897337]], [[-1.0969215457191468, -1.1651257989972907], [0.0974327915734095, 0.5796566348224479]], [[-0.07252323250601059], [-1.801043844099279]]]], [[[[]], [[]]], [[[1.485210335568392], [1.8034343094370495]], [[0.5523798917994265, -1.3448947628941266], [0.5652330843229878, 2.789592211090681]], [[1.151106682454401], [-1.2491761849855485]]]]]}