{"noise_params": [0.0, 0.05, 0.1, 0.15000000000000002, 0.2, 0.25, 0.30000000000000004, 0.35000000000000003, 0.4, 0.45, 0.5, 0.55, 0.6000000000000001, 0.65, 0.7000000000000001, 0.75, 0.8, 0.8500000000000001, 0.9, 0.9500000000000001, 1.0], "max_scores": [1.4142135623730947, 1.3602693605176133, 1.3039197678511036, 1.246232733570422, 1.1840636780720744, 1.1240236837403352, 1.0677841605552056, 1.006106525603994, 0.9457415899309594, 0.8891397049015493, 0.8408964152494542, 0.8074136879684304, 0.7952662393504137, 0.807116650813144, 0.8377987112375099, 0.8890120714098884, 0.9457413008318531, 1.006192243792539, 1.0677899723204458, 1.1290504321765567, 1.1892071150023464], "opt_settings": [[[[[]], [[]], [[]], [[]]], [[[-2.255312718280526], [-0.6870622747283293]], [[1.673513865224293, -1.8172809697992098], [0.0964824616512951, -2.8926581082512666]], [[1.324609404461485, 0.7363178693433882], [0.20559689488267424, 1.1610841620902432]], [[-2.4049761132008163, 2.7686603365108358], [-1.9798067558184993, -1.9363598348103366]], [[-2.7276620398812605], [1.9874605086497987]]]], [[[[]], [[]], [[]], [[]]], [[[1.964962331860795], [0.41470497963621866]], [[-1.932644705174874, 2.3535429297281927], [2.741330864407226, -1.4410208139152472]], [[2.3533885794277274, 2.8486812042308305], [-1.4410579188020882, -3.229692272311787]], [[2.8487800820489237, 2.9893932934598975], [-0.08806180949830736, -1.7237338675452794]], [[0.6224873937315218], [-0.9277552020172504]]]], [[[[]], [[]], [[]], [[]]], [[[2.4483043447660067], [-2.2140147822995844]], [[3.2679768304866506, -2.460997541950975], [-1.4627606404590263, -1.698894125921021]], [[0.6804211810004073, -2.063812403685651], [-1.6988926617705806, 4.551033652021514]], [[-2.0639850938681192, -3.6126587357724085], [-7.977648482673017, -2.051333852994388]], [[-2.8073730366276517], [1.854955805707921]]]], [[[[]], [[]], [[]], [[]]], [[[-2.045080947723768], [-0.5568040849619313]], [[-1.3488632493965964, -1.4764618834264158], [0.3177208624763607, -2.497371239997625]], [[-1.4763969417568277, -3.7374676757901404], [-2.4973722144045487, -0.00703790793668109]], [[-0.5959571947396339, 2.4530509370678213], [-0.007038517500939662, -2.2592550705629515]], [[-3.085945561604988], [1.7089356235204334]]]], [[[[]], [[]], [[]], [[]]], [[[-0.7564738935950046], [4.090150929968298]], [[-1.4984954412346343, -0.8020947826178206], [-3.0220843762672986, -2.6412936517506544]], [[2.339491922978804, -2.2303786076115504], [0.5002987642601302, 0.507678144584145]], [[-2.2303711630840435, -1.7950467951387628], [0.5076783154212152, 2.9201243177023293]], [[-4.217327863967823], [0.6292953970515445]]]], [[[[]], [[]], [[]], [[]]], [[[2.402192088143134], [-2.119648299555045]], [[-2.947185379544083, 2.386050297765565], [1.6586380108531724, 1.1595413608195118]], [[2.3860502977478277, 1.0180871714878277], [1.1595336214953111, -1.1546214737817855]], [[-2.123505482101769, 2.828976511023274], [1.9869798550274724, 1.2607592477283383]], [[1.950052118673151], [-2.5717882997654717]]]], [[[[]], [[]], [[]], [[]]], [[[3.248885709512891], [1.6350376258510888]], [[-0.9589173585713168, -1.816119533489311], [1.132469160165771, 1.1504192558191577]], [[-1.8161195338702092, -3.0040287088351856], [-1.991173637365355, 2.9547576826872555]], [[0.13756394470295097, -2.5752439790452777], [-3.328427420293994, 2.146977987992735]], [[2.9063573506814087], [-1.76297986276175]]]], [[[[]], [[]], [[]], [[]]], [[[0.6884565505933558], [-1.215321719691668]], [[2.721417856947639, 2.6810258723735747], [-1.680175345442396, -2.685044353508272]], [[2.681690040355928, -1.831735780262981], [-2.685009080034761, -1.5586954424803123]], [[-1.8310274157352058, 2.732070299593338], [-1.5586602327203098, -1.9391583474599778]], [[0.5743065923812019], [-1.3294716774740083]]]], [[[[]], [[]], [[]], [[]]], [[[3.03542876362195], [-1.5878095430932972]], [[1.2213415516818447, 0.6138483061970001], [1.8358175957193945, 2.1656888455755303]], [[0.6138541047215232, 1.3568292863237388], [2.1656888430861163, -0.06385641137507075]], [[-1.7846752110789952, -0.6926506225354259], [-0.0638564237297707, 0.9195841198552159]], [[0.16170401427427514], [-1.4982427217806735]]]], [[[[]], [[]], [[]], [[]]], [[[-3.0935420481124654], [-1.57561555073301]], [[1.397729998784548, -0.17394315254616127], [-1.4172106795131114, -2.563290607465998]], [[2.967649501042121, -1.6211933573651336], [0.5783560366501957, 1.6626478889124212]], [[1.5203992962227912, -2.8020793828516255], [1.6627106894220123, 1.893794321672628]], [[-0.426797703601127], [1.0911295757203863]]]], [[[[]], [[]], [[]], [[]]], [[[1.5707959681355625], [-3.127575929681857]], [[-1.5647447142130306, 0.5854902669976032], [1.5610177021404323, -2.173261313319766]], [[-2.556098498266926, -1.1618343033052343], [-2.173261776297732, 1.3924593704245931]], [[1.979761725092863, 1.6894246527648222], [-1.7491344113468261, 0.1117357665120629]], [[2.4782837752099605], [0.893472791132113]]]], [[[[]], [[]], [[]], [[]]], [[[-2.293150216163754], [1.7395279055156263]], [[0.5802485002892506, 2.665766747405003], [1.6229189320417305, 1.2020218234539706]], [[-0.44928111501960916, -0.825633283153444], [1.2020209921281177, 1.6912530940944652]], [[2.5095740374582887, -0.07159766840570467], [-1.4503393534426172, 1.166125446214962]], [[1.6431891571118205], [-2.389435405778492]]]], [[[[]], [[]], [[]], [[]]], [[[-0.11680199781071604], [-1.6142520914215925]], [[-1.9662290183127824, -0.4664364899611153], [-1.0299839466461738, -3.6404575303311764]], [[-0.4664364449936666, 2.2141994657947386], [-0.4991445822605244, 2.3172873229433333]], [[2.214199521546599, 0.8478304469561054], [-0.8240281709775018, 2.4190571214779393]], [[-1.5448668366869003], [-3.0423059134651047]]]], [[[[]], [[]], [[]], [[]]], [[[0.3033102747545862], [-1.28022431770825]], [[-2.575228149371003, -2.145030330597851], [1.9750247426882492, 2.977383261225672]], [[0.9965623077094539, 2.609505109927382], [-0.1641740401709463, -1.2555725827469524]], [[-0.5320875387524352, -0.030103715208792237], [-1.2556358140087525, -1.5807887455681802]], [[0.771847084186736], [-0.8116863606695893]]]], [[[[]], [[]], [[]], [[]]], [[[-0.8831524419720871], [-2.5992970139515106]], [[1.7995831329894736, -3.1138066728080824], [3.2551749225981723, 3.1050192907751826]], [[3.1692550941095483, 3.4143133821831793], [-0.036573361625431844, -4.400038769430368]], [[0.2732053557664089, -0.33433179792474227], [5.024739192441921, -1.8608426174543138]], [[-2.589537416619256], [1.9775269657292012]]]], [[[[]], [[]], [[]], [[]]], [[[-3.4132117316318293], [-2.104410482218921]], [[-0.18123341855571035, -0.2324452693403691], [0.9782073956977027, -1.4001324295152628]], [[-0.23244524556626808, 2.4156585498536716], [1.744264962492379, -2.8962331738112708]], [[-0.7259342899082997, 2.5329313551185546], [0.2424509309171054, 0.9281180033060908]], [[-1.2722161608587548], [0.03658948883919881]]]], [[[[]], [[]], [[]], [[]]], [[[1.903136208507571], [-3.0371814403548876]], [[3.324542905240006, -1.2770566368296163], [2.5366005472422137, 2.3431120817686106]], [[1.8645359583209338, -2.6085402871460075], [2.343137718760938, 1.695476448754226]], [[0.5330523424477212, 2.9089877868243073], [-1.4461397881380775, 1.33632430967968]], [[0.4382804867462175], [-0.9045871917539238]]]], [[[[]], [[]], [[]], [[]]], [[[-3.1261845202736405], [1.1915669724686837]], [[3.2189110982373115, -2.081288232529258], [3.0138021094871936, -0.30144586847853877]], [[-2.0543974157643197, -1.6779359503220956], [-0.30144121431294274, 1.6884277539087302]], [[-1.7119190701166846, 0.9038297798371874], [1.6883733859179746, 2.2903023877420177]], [[2.9153010809239457], [-1.4024504119201078]]]], [[[[]], [[]], [[]], [[]]], [[[-1.7964328118003632], [-3.1543539659439537]], [[-3.2281460497155794, -1.8272048498374842], [0.2221024550308084, 2.267153359598391]], [[1.3148525430839282, 1.1901324282008907], [2.268174810101567, -0.537198040854828]], [[-1.9522409257422637, 1.7870179067454135], [2.60514670565934, 0.17049180427710667]], [[1.093901160325294], [2.451822307121992]]]], 