{"noise_params": [0.0, 0.05, 0.1, 0.15000000000000002, 0.2, 0.25, 0.30000000000000004, 0.35000000000000003, 0.4, 0.45, 0.5, 0.55, 0.6000000000000001, 0.65, 0.7000000000000001, 0.75, 0.8, 0.8500000000000001, 0.9, 0.9500000000000001, 1.0], "max_scores": [1.4142135623730683, 1.3900300594442323, 1.3645140792612946, 1.3374806099527565, 1.3087007592082136, 1.2778862084922282, 1.2446659545761902, 1.2085501589420002, 1.168871294063003, 1.124682650377098, 1.0745699316537727, 1.0162654962199225, 0.9457416026095027, 0.8545740068830547, 0.7186081325972322, 0.0, 0.7186082104285755, 0.8545740073479176, 0.9457416081954465, 1.0162654962290403, 1.0745699313341324], "opt_settings": [[[[[]], [[]], [[]], [[]]], [[[1.6071835323335302], [0.0707925974047579]], [[-1.373347744186585], [-2.908952567262054]], [[1.3306500871828475], [-3.4158405201292044]], [[0.46454200963317166], [-1.0710333589957786]], [[-2.3300084806112875, -2.1012253186366583, 2.0794427630609564, -0.3449638376516668], [-0.6987141466330096, -0.6178087496551108, -2.589920263186886, -1.8246070603046627]]]], [[[[]], [[]], [[]], [[]]], [[[-2.6663938605932067], [-1.0969795002301823]], [[-0.5492367931015698], [-2.1185876745332193]], [[0.7646610464585081], [-0.8060642353250094]], [[3.0853560863606253], [-1.626832682020202]], [[-1.8855456573789668, 1.7778730757134305, 3.086883729973298, 0.6969755422919766], [-0.3087792413517793, -2.875812274169132, 1.5833785942349625, -3.9514644225574393]]]], [[[[]], [[]], [[]], [[]]], [[[0.5499255665264895], [2.0785871675324263]], [[2.147555628235902], [0.6198945879002037]], [[0.34613397670265394], [-1.1816771140446805]], [[0.7007699505299257], [2.2281729199899636]], [[-1.8419216639230291, 1.4119030034600872, 2.678325120177677, 1.5033069669142187], [-0.23712840495354348, -0.22169246754746252, -1.9329674613189083, 2.987473101261859]]]], [[[[]], [[]], [[]], [[]]], [[[0.6861638068808416], [2.22870980522416]], [[0.3540584690336027], [1.8941611095958075]], [[-1.7177472405840732], [-0.17628242817700687]], [[-1.1981432541422947], [0.3421000256627923]], [[-1.7180712467525445, 1.1212185512019033, 2.1826849481598902, 2.6687010023312916], [-3.2175060251022556, -0.4431969817172664, 0.6393979540726519, -1.9478394069869123]]]], [[[[]], [[]], [[]], [[]]], [[[-1.8028915225623598], [2.797529796513455]], [[1.5635460218764046], [-3.03594662114258]], [[-0.8856012128571513], [0.7983916359549713]], [[1.6370393440155877], [-2.9619396127707054]], [[3.544645367782981, 2.3111909812919613, -0.1003524285785011, 2.360755833904437], [-4.157719821526508, -2.2491789046087676, -1.580138521981352, 0.9829523646540566]]]], [[[[]], [[]], [[]], [[]]], [[[-1.0055883981337448], [0.5721064990483856]], [[-1.2083068134016093], [0.37029201586016036]], [[2.2889489127400218], [-2.412935085378203]], [[0.22989348175030092], [-1.3516224702198547]], [[2.8967748858421625, 2.7525220656730855, -0.11877042942321289, 2.557416617251681], [1.377723530968124, -2.019457574170259, -1.5792605307955436, -2.107554261972628]]]], [[[[]], [[]], [[]], [[]]], [[[-1.717266709302693], [-0.08785170800686798]], [[2.111400326860152], [0.4812476585922332]], [[2.4792724366064927], [0.8488766479947034]], [[-0.11416724616417034], [-1.7446023104215622]], [[2.209118506150099, -1.7984590110137755, 1.6915159975917387, 2.1941005828007922], [0.6883757370917163, 2.8326891825502805, 3.213292855119365, -2.4875066174413463]]]], [[[[]], [[]], [[]], [[]]], [[[0.6434978702091517], [-0.91945244395563]], [[-1.977336974993006], [2.745290907174686]], [[-0.9273986942681374], [-2.4884625379386307]], [[0.7222956416524801], [-0.842445017573135]], [[3.017249906098216, 0.4057060359572587, 1.4812213707387605, -0.059952302653418076], [1.4157881903703586, 1.935108473562504, -0.18670494890959527, -1.6280541153769537]]]], [[[[]], [[]], [[]], [[]]], [[[-0.9517048490788802], [3.6890728253930756]], [[-1.7268883164894322], [-0.09426949753592045]], [[-2.613724612277378], [5.301644126415782]], [[0.8768285958366602], [-0.7624270114201078]], [[-1.645160603020725, 2.2991758776796463, 1.3451036709285658, 3.0486274097243755], [-0.3001741565241056, 0.6183565728670037, -3.3630124438306046, -1.3961990318456596]]]], [[[[]], [[]], [[]], [[]]], [[[2.6841831056251113], [1.0965848318677716]], [[-2.5526445164155156], [-0.9616882486353583]], [[-0.4602651123809685], [-2.046815226850617]], [[2.825288127977674], [1.237285464145058]], [[-1.2957660658901786, -1.7705615588958028, -1.2880889410497813, 2.02883540038293], [-2.7784036270299315, 2.964198697879811, -2.7983569142366744, -2.6856349363317555]]]], [[[[]], [[]], [[]], [[]]], [[[0.7162995862200868], [2.3078326874083777]], [[0.7487372512893445], [2.324575162169165]], [[3.651503945727546], [2.0857416083150087]], [[-1.803961545073914], [-0.22480600630893904]], [[1.3639755631781862, -1.4897586026611733, 2.7303455914499732, -4.054331791741398], [-3.0569923278402134, -0.14652575582364438, 1.4306624865793276, 0.4629743591398982]]]], [[[[]], [[]], [[]], [[]]], [[[1.8294170225188169], [0.3020829908003465]], [[2.312751696271657], [0.783304636174672]], [[-1.832959338910433], [2.9055352731968713]], [[-1.2809478451489333], [0.25379936040762047]], [[0.9992894223686872, 1.546333202420657, -2.656181319243475, -0.4804081582687283], [-0.43375859119013727, -3.1466083627572794, -0.9675568163907665, 1.0046506504042156]]]], [[[[]], [[]], [[]], [[]]], [[[2.6568673895228083], [-2.3076789288003923]], [[-1.6429117907779314], [-2.9471152278494652]], [[3.2327752570131323], [-1.7125706526408477]], [[-2.231149023319771], [-0.9299048590395745]], [[-3.00833303485456, -2.153962085826426, 0.6507538416464997, -1.7201981807055968], [1.9179433320738817, -1.0323705552723272, -0.5615133051489727, -2.8460731877612226]]]], [[[[]], [[]], [[]], [[]]], [[[-3.959749851575922], [-5.389975222212098]], [[0.8674271729025845], [-3.949819676831374]], [[1.5844447871644989], [3.003691174582881]], [[-1.8215682248333724], [-3.249936404486469]], [[4.6462692805052805, 1.5278355087214992, -0.8567333171124758, 0.6189388519653972], [0.16645589143147566, 0.16243099285816118, 0.652927581170597, -1.0536360463736933]]]], [[[[]], [[]], [[]], [[]]], [[[-2.360141741786927], [2.471555372392345]], [[2.1416521244217748], [-2.668457685065155]], [[-2.10952814869191], [2.6221727274472784]], [[1.9020579277466207], [-2.9321101663552227]], [[3.056187687048638, -0.22942544300862142, 3.225495186360386, 2.614397807511809], [-1.3745845446160974, 1.1710551105637632, 2.0684321361936187, -2.170567257177765]]]], [[[[]], [[]], [[]], [[]]], [[[-0.15334008788307552], [0.04152578927043393]], [[-2.1024476646282713], [-0.2155047288753802]], [[-2.1177840767965623], [-0.6908890521005757]], [[0.4715583010562088], [0.46906536194910187]], [[-2.751999026275896, 0.8782523633533605, 0.34936404870022475, -1.7888743695453695], [-0.4532824398033264, -0.5906268424091112, 1.910807716270516, -1.8040700262805969]]]], [[[[]], [[]], [[]], [[]]], [[[2.5016287166924536], [0.9590733474411688]], [[-0.5933610405456776], [1.013691201107432]], [[-0.007785714118232735], [1.6280874594133334]], [[-1.606171012774679], [-0.011401333706292297]], [[1.8491331689967907, 0.11316833443292611, 0.8576121098175057, -0.8069076810318476], [-6.185038356642198, 1.7946101582139926, -0.7293422247967802, -2.3825988249600227]]]], [[[[]], [[]], [[]], [[]]], [[[-2.4934584505833586], [2.207002951875455]], [[-2.740623136953799], [-1.1478455396434066]], [[0.3252055670488531], [1.8903381840383555]], [[1.1951848583290132], [-0.3509345773776337]], [[2.9170001502508094, -2.095555050979859, 1.0310301026134963, 0.5081336398756072], [1.4780943022737079, -0.2229016972778977, -3.508755790044593, -1.25567629740271]]]], [[[[]], [[]], [[]], [[]]], [[[-2.5313916687232543], [-1.0664727071630633]], [[0.809859652296918], [-0.6571865314127584]], [[2.6644290240662873], [-2.1434122059245215]], [[-1.032499720151292], [0.4570084529765138]], [[-1.8303315927132597, 0.011814895437293756, -2.89161436664391, -0.21835744970361476], [-0.14584361910911783, 1.7597071989529605, 1.8677560042927326, -1.9747186669153236]]]], 