{
  "datetime": "2022-01-29T02:42:33Z",
  "opt_score": 0.28851962644232904,
  "opt_settings": [
    [
      [
        []
      ],
      [
        []
      ],
      [
        []
      ]
    ],
    [
      [
        [
          231741948268.4492
        ],
        [
          -296251523558.38873
        ]
      ],
      [
        [
          165155261518.97397,
          105311330.2109127
        ],
        [
          -229664836812.42838,
          -3212038.8133051232
        ]
      ],
      [
        [
          105311330.59326823,
          2.475187386533539
        ],
        [
          -3212042.048654644,
          0.08326028289721696
        ]
      ],
      [
        [
          0.944249538174869
        ],
        [
          1.7814484380104865
        ]
      ]
    ]
  ],
  "scores": [
    0.5787113348185422,
    0.28851962644232904,
    1.0110374897106988,
    0.42699080611905704,
    0.7771296487439983,
    0.919359931999097,
    0.6515216572179215,
    0.7320821685913907,
    0.37952247867619227,
    0.24190578081122843,
    0.7295746747357037
  ],
  "samples": [
    0,
    1,
    2,
    3,
    4,
    5,
    6,
    7,
    8,
    9,
    10
  ],
  "settings_history": [
    [
      [
        [
          []
        ],
        [
          []
        ],
        [
          []
        ]
      ],
      [
        [
          [
            0.18870494224534662
          ],
          [
            2.2654287231418877
          ]
        ],
        [
          [
            -2.8331458030930174,
            -1.0625210518351436
          ],
          [
            1.49028446468414,
            2.8934066360268282
          ]
        ],
        [
          [
            -0.6550357855957767,
            2.567136719004326
          ],
          [
            -0.3489030993090556,
            0.09310626998116245
          ]
        ],
        [
          [
            0.9217320074890614
          ],
          [
            1.7021706440367153
          ]
        ]
      ]
    ],
    [
      [
        [
          []
        ],
        [
          []
        ],
        [
          []
        ]
      ],
      [
        [
          [
            231741948268.4492
          ],
          [
            -296251523558.38873
          ]
        ],
        [
          [
            165155261518.97397,
            105311330.2109127
          ],
          [
            -229664836812.42838,
            -3212038.8133051232
          ]
        ],
        [
          [
            105311330.59326823,
            2.475187386533539
          ],
          [
            -3212042.048654644,
            0.08326028289721696
          ]
        ],
        [
          [
            0.944249538174869
          ],
          [
            1.7814484380104865
          ]
        ]
      ]
    ],
    [
      [
        [
          []
        ],
        [
          []
        ],
        [
          []
        ]
      ],
      [
        [
          [
            -683845116364.231
          ],
          [
            -122912048999.25748
          ]
        ],
        [
          [
            -150018454144.5933,
            6566746503.906546
          ],
          [
            -656738711222.8346,
            41565551.68074694
          ]
        ],
        [
          [
            6566746504.266834,
            2.4330819145338025
          ],
          [
            41565548.44852448,
            0.07619573102030439
          ]
        ],
        [
          [
            0.9462950461241917
          ],
          [
            1.828572953937813
          ]
        ]
      ]
    ],
    [
      [
        [
          []
        ],
        [
          []
        ],
        [
          []
        ]
      ],
      [
        [
          [
            -375307310427.0964
          ],
          [
            -136208877231.22256
          ]
        ],
        [
          [
            15682555740.269775,
            6551509093.039628
          ],
          [
            -527198743402.6136,
            220308962.3611683
          ]
        ],
        [
          [
            6551509093.35588,
            -30361080.639016178
          ],
          [
            220308959.1347301,
            0.06418965217591367
          ]
        ],
        [
          [
            -30361082.00786427
          ],
          [
            1.9162912800175844
          ]
        ]
      ]
    ],
    [
      [
        [
          []
        ],
        [
          []
        ],
        [
          []
        ]
      ],
      [
        [
          [
            -544679231213.0623
          ],
          [
            -29471332936.921783
          ]
        ],
        [
          [
            -153689365045.68506,
            6628004538.151725
          ],
          [
            -420461199108.34985,
            410276551.7931434
          ]
        ],
        [
          [
            6628004538.450863,
            -54884437.33381725
          ],
          [
            410276548.5686178,
            -0.6637732219985376
          ]
        ],
        [
          [
            -30361081.706152465
          ],
          [
            -24523354.383019716
          ]
        ]
      ]
    ],
    [
      [
        [
          []
        ],
        [
          []
        ],
        [
          []
        ]
      ],
      [
        [
          [
            -650524701572.1
          ],
          [
            -281784209768.20154
          ]
        ],
        [
          [
            -387456675897.9556,
            6773182439.137461
          ],
          [
            -544852235446.44775,
            534415382.69733983
          ]
        ],
        [
          [
            6773182439.410551,
            -54884437.39338493
          ],
          [
            534415379.47538364,
            -0.547093094718161
          ]
        ],
        [
          [
            -30361081.754550487
          ],
          [
            -24523354.391734295
          ]
        ]
      ]
    ],
    [
      [
        [
          []
        ],
        [
          []
        ],
        [
          []
        ]
      ],
      [
        [
          [
            -592332224790.426
          ],
          [
            -326639707089.7245
          ]
        ],
        [
          [
            -622232634402.1334,
            6596916599.638549
          ],
          [
            -296739297482.1793,
            450111044.6784013
          ]
        ],
        [
          [
            6596916599.88149,
            -54884437.461063236
          ],
          [
            450111041.463896,
            -20877179.903664827
          ]
        ],
        [
          [
            -30361081.78478223
          ],
          [
            -45400533.826048106
          ]
        ]
      ]
    ],
    [
      [
        [
          []
        ],
        [
          []
        ],
        [
          []
        ]
      ],
      [
        [
          [
            -771923420714.0922
          ],
          [
            89878957382.43958
          ]
        ],
        [
          [
            -655645050631.9459,
            6531281801.635057
          ],
          [
            -26399412703.91797,
            545206834.3937101
          ]
        ],
        [
          [
            6531281801.862615,
            -54884437.35971476
          ],
          [
            545206831.1857752,
            -20877179.988846496
          ]
        ],
        [
          [
            -30361081.755257312
          ],
          [
            -45400533.87173983
          ]
        ]
      ]
    ],
    [
      [
        [
          []
        ],
        [
          []
        ],
        [
          []
        ]
      ],
      [
        [
          [
            -866260167772.2688
          ],
          [
            120208405887.63571
          ]
        ],
        [
          [
            -354413197121.9423,
            6247612982.755232
          ],
          [
