{
  "datetime": "2022-01-29T02:41:49Z",
  "opt_score": 0.539771909019868,
  "opt_settings": [
    [
      [
        []
      ],
      [
        []
      ],
      [
        []
      ]
    ],
    [
      [
        [
          20287968442.13234
        ],
        [
          22522727271.054993
        ]
      ],
      [
        [
          2341174526.981504,
          -3611189.88834105
        ],
        [
          40469521187.02921,
          -61109415.1920103
        ]
      ],
      [
        [
          -3611187.8974660314,
          0.05012181445841992
        ],
        [
          -61109416.38266971,
          13484104.450861214
        ]
      ],
      [
        [
          0.5192612182574929
        ],
        [
          13484104.971764747
        ]
      ]
    ]
  ],
  "scores": [
    0.2653339871896769,
    0.539771909019868,
    0.550315069953913,
    0.42280798931022395,
    0.294364015913728,
    0.20674658702527218,
    0.6180702633756465,
    0.3737393998797288,
    0.23839710480891424,
    0.5510221075599588,
    0.6272455607384366
  ],
  "samples": [
    0,
    1,
    2,
    3,
    4,
    5,
    6,
    7,
    8,
    9,
    10
  ],
  "settings_history": [
    [
      [
        [
          []
        ],
        [
          []
        ],
        [
          []
        ]
      ],
      [
        [
          [
            -1.236510939978728
          ],
          [
            -0.8450229677944319
          ]
        ],
        [
          [
            0.9066467493071881,
            1.1258353562575483
          ],
          [
            -2.165131974165791,
            -1.7319256827981302
          ]
        ],
        [
          [
            3.116078403507723,
            0.04947260638576845
          ],
          [
            -2.9234481867447837,
            1.7738604470070474
          ]
        ],
        [
          [
            0.5197695552251149
          ],
          [
            2.295753418444397
          ]
        ]
      ]
    ],
    [
      [
        [
          []
        ],
        [
          []
        ],
        [
          []
        ]
      ],
      [
        [
          [
            20287968442.13234
          ],
          [
            22522727271.054993
          ]
        ],
        [
          [
            2341174526.981504,
            -3611189.88834105
          ],
          [
            40469521187.02921,
            -61109415.1920103
          ]
        ],
        [
          [
            -3611187.8974660314,
            0.05012181445841992
          ],
          [
            -61109416.38266971,
            13484104.450861214
          ]
        ],
        [
          [
            0.5192612182574929
          ],
          [
            13484104.971764747
          ]
        ]
      ]
    ],
    [
      [
        [
          []
        ],
        [
          []
        ],
        [
          []
        ]
      ],
      [
        [
          [
            33430847300.073112
          ],
          [
            15389185871.639076
          ]
        ],
        [
          [
            -7693895852.166109,
            -9686818.211124953
          ],
          [
            56513929024.697815,
            -60881210.60401041
          ]
        ],
        [
          [
            -9686816.21831345,
            4390192.50430862
          ],
          [
            -60881211.7945964,
            13484104.450963777
          ]
        ],
        [
          [
            4390192.973264821
          ],
          [
            13484104.97174926
          ]
        ]
      ]
    ],
    [
      [
        [
          []
        ],
        [
          []
        ],
        [
          []
        ]
      ],
      [
        [
          [
            18827160582.542324
          ],
          [
            6790940743.613308
          ]
        ],
        [
          [
            -8662141749.970118,
            -8882752.40695097
          ],
          [
            34280243076.945717,
            -97574441.04761791
          ]
        ],
        [
          [
            -8882750.411944594,
            3660392.3221387663
          ],
          [
            -97574442.238635,
            13484104.45108207
          ]
        ],
        [
          [
            4390192.973279172
          ],
          [
            12754304.788748156
          ]
        ]
      ]
    ],
    [
      [
        [
          []
        ],
        [
          []
        ],
        [
          []
        ]
      ],
      [
        [
          [
            19966320818.997757
          ],
          [
            4959216089.601781
          ]
        ],
        [
          [
            -9456353867.625986,
            -8359655.1806356665
          ],
          [
            34381890777.04584,
            -105862831.39863832
          ]
        ],
        [
          [
            -8359653.185685538,
            3660392.322093019
          ],
          [
            -105862832.58776826,
            13484104.451630658
          ]
        ],
        [
          [
            4390192.973232799
          ],
          [
            12754304.78829169
          ]
        ]
      ]
    ],
    [
      [
        [
          []
        ],
        [
          []
        ],
        [
          []
        ]
      ],
      [
        [
          [
            9254380740.600094
          ],
          [
            -19575314672.413372
          ]
        ],
        [
          [
            -32746539515.695778,
            -16226623.243829548
          ],
          [
            22425605584.702232,
            -108730156.85735488
          ]
        ],
        [
          [
            -16226621.248937339,
            10487678.681881353
          ],
          [
            -108730158.04546663,
            20791437.251322895
          ]
        ],
        [
          [
            11217479.332406543
          ],
          [
            20061637.58727284
          ]
        ]
      ]
    ],
    [
      [
        [
          []
        ],
        [
          []
        ],
        [
          []
        ]
      ],
      [
        [
          [
            16574595707.560425
          ],
          [
            -25976216762.420677
          ]
        ],
        [
          [
            -39147441605.703125,
            -22960406.6599879
          ],
          [
            29745820551.662178,
            -106162780.93656084
          ]
        ],
        [
          [
            -22960404.6649592,
            10474883.303186866
          ],
          [
            -106162782.1241461,
            20791437.250611886
          ]
        ],
        [
          [
            11217479.331951957
          ],
          [
            20048842.2101982
          ]
        ]
      ]
    ],
    [
      [
        [
          []
        ],
        [
          []
        ],
        [
          []
        ]
      ],
      [
        [
          [
            14210340589.983002
          ],
          [
            -30982789914.78838
          ]
        ],
        [
          [
            -39500786523.803,
            -15919850.85328538
          ],
          [
            22728337199.81722,
            -108169468.06642233
          ]
        ],
        [
          [
            -15919848.856177516,
            10474883.302589105
          ],
          [
            -108169469.25341818,
            20791437.250639785
          ]
        ],
        [
          [
            11217479.331908504
          ],
          [
            20048842.210811518
          ]
        ]
      ]
    ],
    [
      [
        [
          []
        ],
        [
          []
        ],
        [
          []
        ]
      ],
      [
        [
          [
            14653602668.292343
          ],
          [
            -40360527734.036674
          ]
        ],
        [
          [
            -31225700385.59694,
            -15100178.398586724
          ],
          [
