{
  "datetime": "2022-01-29T02:58:02Z",
  "opt_score": 0.19054650315063176,
  "opt_settings": [
    [
      [
        []
      ],
      [
        []
      ],
      [
        []
      ]
    ],
    [
      [
        [
          -343914335090.82007
        ],
        [
          -1372129929511.0513
        ]
      ],
      [
        [
          28552704955.525806,
          941064047.1623497
        ],
        [
          -1744596969557.2139,
          -1469007540.0292156
        ]
      ],
      [
        [
          941064046.6280901,
          1.2899277723986484
        ],
        [
          -1469007535.469725,
          2.307294531902235
        ]
      ],
      [
        [
          -1.0195917697751684
        ],
        [
          -0.39193268395171327
        ]
      ]
    ]
  ],
  "scores": [
    0.3551944977702085,
    0.19054650315063176,
    0.5332739457260856,
    0.29537492435288637,
    0.49006327492513535,
    0.46026557196280576,
    0.5182730638563864,
    0.15110925873369668,
    0.2785101807255808,
    0.3991023312729766,
    0.63637363532922
  ],
  "samples": [
    0,
    1,
    2,
    3,
    4,
    5,
    6,
    7,
    8,
    9,
    10
  ],
  "settings_history": [
    [
      [
        [
          []
        ],
        [
          []
        ],
        [
          []
        ]
      ],
      [
        [
          [
            -2.059333834346124
          ],
          [
            2.504075757707904
          ]
        ],
        [
          [
            -2.41687006913932,
            -1.8730524702535054
          ],
          [
            3.1036042278966542,
            -2.1388910722267607
          ]
        ],
        [
          [
            -2.4504798357268514,
            1.1368170450137436
          ],
          [
            2.4639239671568456,
            2.3167945287175096
          ]
        ],
        [
          [
            -0.9484890918961981
          ],
          [
            -0.3194240609057535
          ]
        ]
      ]
    ],
    [
      [
        [
          []
        ],
        [
          []
        ],
        [
          []
        ]
      ],
      [
        [
          [
            -343914335090.82007
          ],
          [
            -1372129929511.0513
          ]
        ],
        [
          [
            28552704955.525806,
            941064047.1623497
          ],
          [
            -1744596969557.2139,
            -1469007540.0292156
          ]
        ],
        [
          [
            941064046.6280901,
            1.2899277723986484
          ],
          [
            -1469007535.469725,
            2.307294531902235
          ]
        ],
        [
          [
            -1.0195917697751684
          ],
          [
            -0.39193268395171327
          ]
        ]
      ]
    ],
    [
      [
        [
          []
        ],
        [
          []
        ],
        [
          []
        ]
      ],
      [
        [
          [
            842336849403.3086
          ],
          [
            -818218784180.1891
          ]
        ],
        [
          [
            342085591750.0624,
            1243266439.6331336
          ],
          [
            -317967526526.3684,
            -1469041716.0652654
          ]
        ],
        [
          [
            1243266439.1097724,
            964847468.5148581
          ],
          [
            -1469041711.3652172,
            2.3927840183816755
          ]
        ],
        [
          [
            -1.0590415434021927
          ],
          [
            964847466.7355375
          ]
        ]
      ]
    ],
    [
      [
        [
          []
        ],
        [
          []
        ],
        [
          []
        ]
      ],
      [
        [
          [
            2871541692459.397
          ],
          [
            3302348969011.337
          ]
        ],
        [
          [
            253465582321.51,
            1340455088.6971729
          ],
          [
            5920425079149.808,
            -14596828443.760254
          ]
        ],
        [
          [
            1340455088.2280426,
            1024393901.2713751
          ],
          [
            -14596828439.378927,
            2.3810267139515693
          ]
        ],
        [
          [
            59546431.905912906
          ],
          [
            964847466.818506
          ]
        ]
      ]
    ],
    [
      [
        [
          []
        ],
        [
          []
        ],
        [
          []
        ]
      ],
      [
        [
          [
            2736001026423.108
          ],
          [
            3881247178353.4746
          ]
        ],
        [
          [
            832363791663.5975,
            1403391783.5113478
          ],
          [
            5784884413113.468,
            -14919185185.945265
          ]
        ],
        [
          [
            1403391783.0563712,
            957153864.8428197
          ],
          [
            -14919185181.634384,
            -34323382.56604045
          ]
        ],
        [
          [
            43679686.74742762
          ],
          [
            879150790.8275641
          ]
        ]
      ]
    ],
    [
      [
        [
          []
        ],
        [
          []
        ],
        [
          []
        ]
      ],
      [
        [
          [
            2756846464669.4165
          ],
          [
            3868879624936.632
          ]
        ],
        [
          [
            837145100391.5604,
            1391873818.8674967
          ],
          [
            5788580989215.046,
            -15759462922.685617
          ]
        ],
        [
          [
            1391873818.4537003,
            957153864.931626
          ],
          [
            -15759462918.41429,
            -34323382.583286725
          ]
        ],
        [
          [
            43679686.660230964
          ],
          [
            879150790.8432008
          ]
        ]
      ]
    ],
    [
      [
        [
          []
        ],
        [
          []
        ],
        [
          []
        ]
      ],
      [
        [
          [
            4018112738568.1484
          ],
          [
            4527586982708.123
          ]
        ],
        [
          [
            1042009687552.1615,
            1294150008.122491
          ],
          [
            7503690033724.591,
            -15706549569.154127
          ]
        ],
        [
          [
            1294150007.7435453,
            909854610.7440815
          ],
          [
            -15706549564.898071,
            -34323382.59224522
          ]
        ],
        [
          [
            43679686.624091655
          ],
          [
            831851536.575268
          ]
        ]
      ]
    ],
    [
      [
        [
          []
        ],
        [
          []
        ],
        [
          []
        ]
      ],
      [
        [
          [
            3956980752316.0977
          ],
          [
            5612077419871.882
          ]
        ],
        [
          [
            1047509205154.3246,
            1387007602.9321733
          ],
          [
            8521548967034.154,
            -15266146981.725674
          ]
        ],
        [
          [
            1387007602.591642,
            1005128811.8027209
          ],
          [
            -15266146977.469303,
            -34323382.610749625
          ]
        ],
        [
          [
            138953887.4310206
          ],
          [
            831851536.5023313
          ]
        ]
      ]
    ],
    [
      [
        [
          []
        ],
        [
          []
        ],
        [
          []
        ]
      ],
      [
        [
          [
            3828757646951.5127
          ],
          [
            7150526605797.062
          ]
        ],
        [
          [
            688690929000.5999,
            1601832617.571365
          ],
          [
