{
  "datetime": "2022-01-29T02:59:33Z",
  "opt_score": 1.2137345486879985,
  "opt_settings": [
    [
      [
        []
      ],
      [
        []
      ],
      [
        []
      ]
    ],
    [
      [
        [
          -0.9459017946340575
        ],
        [
          0.86553130226401
        ]
      ],
      [
        [
          0.4910464832360044,
          -1.798128537042454
        ],
        [
          1.2368997071221353,
          -1.6257994348939497
        ]
      ],
      [
        [
          1.1480676290346425,
          -0.16604415481880913
        ],
        [
          -2.1939748840577007,
          1.1990387439087302
        ]
      ],
      [
        [
          2.2783085492195045
        ],
        [
          -2.0696768264306202
        ]
      ]
    ]
  ],
  "scores": [
    0.4921840743089906,
    1.2137345486879985,
    1.3700752527360045,
    1.4009033716824373,
    1.4051075804724094,
    1.411299212764734,
    1.4144796660577095,
    1.4138995741341565,
    1.409988262813783,
    1.4107080506499754,
    1.4148283690895767
  ],
  "samples": [
    0,
    1,
    2,
    3,
    4,
    5,
    6,
    7,
    8,
    9,
    10
  ],
  "settings_history": [
    [
      [
        [
          []
        ],
        [
          []
        ],
        [
          []
        ]
      ],
      [
        [
          [
            -0.1926875017409837
          ],
          [
            -0.08580950992502512
          ]
        ],
        [
          [
            0.6963266316623811,
            -1.7336316384803312
          ],
          [
            1.2406915317847877,
            -1.5151594081301223
          ]
        ],
        [
          [
            1.0814860960573212,
            -0.37101442515644
          ],
          [
            -2.309625536268605,
            0.6734647612032045
          ]
        ],
        [
          [
            2.3652590968683658
          ],
          [
            -1.433400705085135
          ]
        ]
      ]
    ],
    [
      [
        [
          []
        ],
        [
          []
        ],
        [
          []
        ]
      ],
      [
        [
          [
            -0.9459017946340575
          ],
          [
            0.86553130226401
          ]
        ],
        [
          [
            0.4910464832360044,
            -1.798128537042454
          ],
          [
            1.2368997071221353,
            -1.6257994348939497
          ]
        ],
        [
          [
            1.1480676290346425,
            -0.16604415481880913
          ],
          [
            -2.1939748840577007,
            1.1990387439087302
          ]
        ],
        [
          [
            2.2783085492195045
          ],
          [
            -2.0696768264306202
          ]
        ]
      ]
    ],
    [
      [
        [
          []
        ],
        [
          []
        ],
        [
          []
        ]
      ],
      [
        [
          [
            -0.8822057572946551
          ],
          [
            0.8563330003948953
          ]
        ],
        [
          [
            0.3360102729765039,
            -1.8516776751633937
          ],
          [
            1.3406772988849027,
            -1.843302448392337
          ]
        ],
        [
          [
            1.2032574133380403,
            -0.09249660760991896
          ],
          [
            -1.9774247278364065,
            1.3754011916113442
          ]
        ],
        [
          [
            2.231122379076974
          ],
          [
            -2.2679169493275255
          ]
        ]
      ]
    ],
    [
      [
        [
          []
        ],
        [
          []
        ],
        [
          []
        ]
      ],
      [
        [
          [
            -0.8431217990006034
          ],
          [
            0.8488703578395045
          ]
        ],
        [
          [
            0.220799814832986,
            -1.881670234964361
          ],
          [
            1.4231257388764615,
            -1.895913657163591
          ]
        ],
        [
          [
            1.2302888972208923,
            -0.06705171741385077
          ],
          [
            -1.9274215960811634,
            1.4421873335544984
          ]
        ],
        [
          [
            2.225302008322829
          ],
          [
            -2.3518393264834128
          ]
        ]
      ]
    ],
    [
      [
        [
          []
        ],
        [
          []
        ],
        [
          []
        ]
      ],
      [
        [
          [
            -0.8192363788446855
          ],
          [
            0.8387800052064773
          ]
        ],
        [
          [
            0.14585367463634502,
            -1.8925950731095982
          ],
          [
            1.4796633664998728,
            -1.9074829439253513
          ]
        ],
        [
          [
            1.2373466768529573,
            -0.06715515725062286
          ],
          [
            -1.9136266389078849,
            1.4652279215882036
          ]
        ],
        [
          [
            2.234960149037156
          ],
          [
            -2.388218997134233
          ]
        ]
      ]
    ],
    [
      [
        [
          []
        ],
        [
          []
        ],
        [
          []
        ]
      ],
      [
        [
          [
            -0.7992062553372503
          ],
          [
            0.8300200000833647
          ]
        ],
        [
          [
            0.10142302795855442,
            -1.894659088480938
          ],
          [
            1.5154568423929176,
            -1.9121599770058126
          ]
        ],
        [
          [
            1.2411643293443078,
            -0.0690872618651478
          ],
          [
            -1.9124998991203193,
            1.476544924360168
          ]
        ],
        [
          [
            2.246478248959086
          ],
          [
            -2.40860702319084
          ]
        ]
      ]
    ],
    [
      [
        [
          []
        ],
        [
          []
        ],
        [
          []
        ]
      ],
      [
        [
          [
            -0.7865726385257521
          ],
          [
            0.8221509009528851
          ]
        ],
        [
          [
            0.073245321124844,
            -1.8989612613705462
          ],
          [
            1.5390169013693,
            -1.9134896325612216
          ]
        ],
        [
          [
            1.2404015327326752,
            -0.0743353025531805
          ],
          [
            -1.9137648687297895,
            1.4839909954704584
          ]
        ],
        [
          [
            2.2562737156645256
          ],
          [
            -2.4176913368372
          ]
        ]
      ]
    ],
    [
      [
        [
          []
        ],
        [
          []
        ],
        [
          []
        ]
      ],
      [
        [
          [
            -0.7816754413810822
          ],
          [
            0.8167142269214016
          ]
        ],
        [
          [
            0.05449495860279355,
            -1.8983417231184243
          ],
          [
            1.558006255967001,
            -1.9134316055036273
          ]
        ],
        [
          [
            1.2437679393797472,
            -0.07874671348093998
          ],
          [
            -1.915447653400021,
            1.4858115944024763
          ]
        ],
        [
          [
            2.259839712224693
          ],
          [
            -2.4220959900190526
          ]
        ]
      ]
    ],
    [
      [
        [
          []
        ],
        [
          []
        ],
        [
          []
        ]
      ],
      [
        [
          [
            -0.7779688595120817
          ],
          [
            0.8130254382230322
          ]
        ],
        [
          [
            0.04391529601601128,
            -1.8961450982593042
