{
  "datetime": "2022-01-29T02:53:44Z",
  "opt_score": 0.76877056258461,
  "opt_settings": [
    [
      [
        []
      ],
      [
        []
      ],
      [
        []
      ]
    ],
    [
      [
        [
          -3.1609671736275784
        ],
        [
          0.9956977836367378
        ]
      ],
      [
        [
          2.7900062017981675,
          2.7576951457723813
        ],
        [
          0.20554833962326402,
          -3.288095356520313
        ]
      ],
      [
        [
          0.14747749831211304,
          -2.2029665790793
        ],
        [
          1.188204027137901,
          0.13336238761652217
        ]
      ],
      [
        [
          -0.9628098694892536
        ],
        [
          -2.9964707604830587
        ]
      ]
    ]
  ],
  "scores": [
    0.32520451716533694,
    0.76877056258461,
    1.2906861476527962,
    1.3712026456387545,
    1.3959441320762638,
    1.4119471085203026,
    1.4060360591441952,
    1.4065326674281122,
    1.4174638169247638,
    1.4156458396286,
    1.4215644741616915
  ],
  "samples": [
    0,
    1,
    2,
    3,
    4,
    5,
    6,
    7,
    8,
    9,
    10
  ],
  "settings_history": [
    [
      [
        [
          []
        ],
        [
          []
        ],
        [
          []
        ]
      ],
      [
        [
          [
            -1.4591177212539967
          ],
          [
            2.3632844942472735
          ]
        ],
        [
          [
            2.6227843125886405,
            2.673751089834531
          ],
          [
            -2.7152552912564727,
            -3.1285889062046355
          ]
        ],
        [
          [
            0.24149817207583624,
            -2.2117107515728263
          ],
          [
            1.0609786441480153,
            0.09190336977653457
          ]
        ],
        [
          [
            -0.798268363365136
          ],
          [
            -3.1047145548819275
          ]
        ]
      ]
    ],
    [
      [
        [
          []
        ],
        [
          []
        ],
        [
          []
        ]
      ],
      [
        [
          [
            -3.1609671736275784
          ],
          [
            0.9956977836367378
          ]
        ],
        [
          [
            2.7900062017981675,
            2.7576951457723813
          ],
          [
            0.20554833962326402,
            -3.288095356520313
          ]
        ],
        [
          [
            0.14747749831211304,
            -2.2029665790793
          ],
          [
            1.188204027137901,
            0.13336238761652217
          ]
        ],
        [
          [
            -0.9628098694892536
          ],
          [
            -2.9964707604830587
          ]
        ]
      ]
    ],
    [
      [
        [
          []
        ],
        [
          []
        ],
        [
          []
        ]
      ],
      [
        [
          [
            -3.2258942097577394
          ],
          [
            1.1929210116615165
          ]
        ],
        [
          [
            2.607485089854343,
            2.8867708492464668
          ],
          [
            0.2658118033423596,
            -2.5155829013320146
          ]
        ],
        [
          [
            0.019994011574961,
            -2.146708254374312
          ],
          [
            0.4184061423873998,
            0.024453821652102567
          ]
        ],
        [
          [
            -1.0388182694370105
          ],
          [
            -2.8538264036166785
          ]
        ]
      ]
    ],
    [
      [
        [
          []
        ],
        [
          []
        ],
        [
          []
        ]
      ],
      [
        [
          [
            -3.2587518519495164
          ],
          [
            1.2641146303848612
          ]
        ],
        [
          [
            2.4628954222312505,
            2.9775384954830457
          ],
          [
            0.3761755785843922,
            -2.5922673264810983
          ]
        ],
        [
          [
            -0.059978822462627646,
            -2.088781163560013
          ],
          [
            0.49643886512152213,
            -0.12978580416973534
          ]
        ],
        [
          [
            -1.0271763950818944
          ],
          [
            -2.765068951776762
          ]
        ]
      ]
    ],
    [
      [
        [
          []
        ],
        [
          []
        ],
        [
          []
        ]
      ],
      [
        [
          [
            -3.274681579426529
          ],
          [
            1.3074717574893162
          ]
        ],
        [
          [
            2.361329904999934,
            3.003618853316104
          ],
          [
            0.4506145092381803,
            -2.6201263740354825
          ]
        ],
        [
          [
            -0.0937555745531217,
            -2.02549596536459
          ],
          [
            0.5153819064296876,
            -0.20255819159993116
          ]
        ],
        [
          [
            -1.0401368139293083
          ],
          [
            -2.736226525428316
          ]
        ]
      ]
    ],
    [
      [
        [
          []
        ],
        [
          []
        ],
        [
          []
        ]
      ],
      [
        [
          [
            -3.288834307471904
          ],
          [
            1.3361959797876408
          ]
        ],
        [
          [
            2.2958992601057213,
            3.0173783902186475
          ],
          [
            0.5002838263728029,
            -2.6243821441620114
          ]
        ],
        [
          [
            -0.10589634240830711,
            -1.9799761797528812
          ],
          [
            0.510314180160597,
            -0.24771975221895376
          ]
        ],
        [
          [
            -1.0641541735086175
          ],
          [
            -2.7146368436034285
          ]
        ]
      ]
    ],
    [
      [
        [
          []
        ],
        [
          []
        ],
        [
          []
        ]
      ],
      [
        [
          [
            -3.3015528581679945
          ],
          [
            1.3594067223800272
          ]
        ],
        [
          [
            2.2501953349415094,
            3.0276796143561344
          ],
          [
            0.5351738845474676,
            -2.633345768863795
          ]
        ],
        [
          [
            -0.11216395468472995,
            -1.9511203410544988
          ],
          [
            0.5096617644386318,
            -0.2752063102443603
          ]
        ],
        [
          [
            -1.0805588538136524
          ],
          [
            -2.705359054677886
          ]
        ]
      ]
    ],
    [
      [
        [
          []
        ],
        [
          []
        ],
        [
          []
        ]
      ],
      [
        [
          [
            -3.31100932990386
          ],
          [
            1.3697912486526378
          ]
        ],
        [
          [
            2.219726432086883,
            3.0271328145043066
          ],
          [
            0.5582212256682005,
            -2.6325082088481295
          ]
        ],
        [
          [
            -0.10946033319513698,
            -1.932832923787814
          ],
          [
            0.5152069893699359,
            -0.2947012416434765
          ]
        ],
        [
          [
            -1.0916743929206993
          ],
          [
            -2.7019699120015352
          ]
        ]
      ]
    ],
    [
      [
        [
          []
        ],
        [
          []
        ],
        [
          []
        ]
      ],
      [
        [
          [
            -3.3136616300738893
          ],
          [
            1.3756964106652791
          ]
        ],
        [
          [
            2.205851962518748,
            3.0280959013289928
