{
  "datetime": "2022-01-29T02:40:47Z",
  "opt_score": 0.812785641946211,
  "opt_settings": [
    [
      [
        []
      ],
      [
        []
      ],
      [
        []
      ]
    ],
    [
      [
        [
          -2365261461456.823
        ],
        [
          15082893298673.963
        ]
      ],
      [
        [
          16449458761467.742,
          19638652203.052
        ],
        [
          -3731826924254.2495,
          1900682855.8398144
        ]
      ],
      [
        [
          19638652206.831886,
          -2.6469364873648007
        ],
        [
          1900682858.7594428,
          1.7560195413059603
        ]
      ],
      [
        [
          -2.3271799832563165
        ],
        [
          2.2484097726120016
        ]
      ]
    ]
  ],
  "scores": [
    0.3894959760809977,
    0.812785641946211,
    0.7989239198429181,
    0.941818761514282,
    0.8902912352597301,
    0.5319114407658805,
    1.0352847944660575,
    0.862885950929023,
    0.9828110563375152,
    0.5778007070393868,
    0.2784026052114623
  ],
  "samples": [
    0,
    1,
    2,
    3,
    4,
    5,
    6,
    7,
    8,
    9,
    10
  ],
  "settings_history": [
    [
      [
        [
          []
        ],
        [
          []
        ],
        [
          []
        ]
      ],
      [
        [
          [
            -0.8979278331957166
          ],
          [
            2.0539440232293877
          ]
        ],
        [
          [
            -2.2975353293775327,
            -2.5838267152251677
          ],
          [
            -2.2744450209112266,
            -1.758835806855242
          ]
        ],
        [
          [
            1.8550384057783145,
            -2.5294728387139456
          ],
          [
            0.8420636395600258,
            2.220313969816776
          ]
        ],
        [
          [
            -2.7454875140107626
          ],
          [
            2.084959226204777
          ]
        ]
      ]
    ],
    [
      [
        [
          []
        ],
        [
          []
        ],
        [
          []
        ]
      ],
      [
        [
          [
            -2365261461456.823
          ],
          [
            15082893298673.963
          ]
        ],
        [
          [
            16449458761467.742,
            19638652203.052
          ],
          [
            -3731826924254.2495,
            1900682855.8398144
          ]
        ],
        [
          [
            19638652206.831886,
            -2.6469364873648007
          ],
          [
            1900682858.7594428,
            1.7560195413059603
          ]
        ],
        [
          [
            -2.3271799832563165
          ],
          [
            2.2484097726120016
          ]
        ]
      ]
    ],
    [
      [
        [
          []
        ],
        [
          []
        ],
        [
          []
        ]
      ],
      [
        [
          [
            -1113612756978.8774
          ],
          [
            15082893298672.959
          ]
        ],
        [
          [
            18047303362785.434,
            24245710063.155045
          ],
          [
            -4078022821091.0376,
            2420121691.528206
          ]
        ],
        [
          [
            24245710066.119858,
            -2.97167790200095
          ],
          [
            2420121694.5278416,
            1.6762261418810949
          ]
        ],
        [
          [
            -2.325837251692528
          ],
          [
            2.651601855109228
          ]
        ]
      ]
    ],
    [
      [
        [
          []
        ],
        [
          []
        ],
        [
          []
        ]
      ],
      [
        [
          [
            -3504953718703.7935
          ],
          [
            13656527784666.559
          ]
        ],
        [
          [
            15655962401063.92,
            22768068848.533894
          ],
          [
            -5504388335096.01,
            1606251005.0693579
          ]
        ],
        [
          [
            22768068851.575615,
            -2.964641790003592
          ],
          [
            1606251008.215896,
            1.6954151160871707
          ]
        ],
        [
          [
            -2.0603460582798414
          ],
          [
            2.359885575493107
          ]
        ]
      ]
    ],
    [
      [
        [
          []
        ],
        [
          []
        ],
        [
          []
        ]
      ],
      [
        [
          [
            -6828684054336.182
          ],
          [
            10176415467320.195
          ]
        ],
        [
          [
            9674001980898.633,
            29458219780.940735
          ],
          [
            -6326270567910.715,
            2102627515.1765301
          ]
        ],
        [
          [
            29458219784.007206,
            4918308917.650903
          ],
          [
            2102627518.3112645,
            759403769.1174635
          ]
        ],
        [
          [
            4918308918.687082
          ],
          [
            759403769.6080682
          ]
        ]
      ]
    ],
    [
      [
        [
          []
        ],
        [
          []
        ],
        [
          []
        ]
      ],
      [
        [
          [
            -6148929288126.813
          ],
          [
            9925936004425.916
          ]
        ],
        [
          [
            10353756747108.258,
            29580532702.20902
          ],
          [
            -6576750030802.354,
            4763778872.060515
          ]
        ],
        [
          [
            29580532705.385063,
            4918308917.657201
          ],
          [
            4763778875.185513,
            -3943256658.4947715
          ]
        ],
        [
          [
            215648490.7293749
          ],
          [
            759403769.9877758
          ]
        ]
      ]
    ],
    [
      [
        [
          []
        ],
        [
          []
        ],
        [
          []
        ]
      ],
      [
        [
          [
            -4840878503009.248
          ],
          [
            8181262637526.238
          ]
        ],
        [
          [
            9619632582260.71,
            24440832834.022663
          ],
          [
            -6279248447738.241,
            5376442184.28448
          ]
        ],
        [
          [
            24440832837.101425,
            4918308917.784458
          ],
          [
            5376442187.452338,
            -3943256658.9396486
          ]
        ],
        [
          [
            215648490.14671057
          ],
          [
            759403770.88806
          ]
        ]
      ]
    ],
    [
      [
        [
          []
        ],
        [
          []
        ],
        [
          []
        ]
      ],
      [
        [
          [
            -10795340947414.719
          ],
          [
            8181262637527.1455
          ]
        ],
        [
          [
            4376647287011.4785,
            23070977807.115788
          ],
          [
            -6990725596894.243,
            4446229579.1447315
          ]
        ],
        [
          [
            23070977810.155224,
            5531626157.139616
          ],
          [
            4446229582.282608,
            -4149416712.8328795
          ]
        ],
        [
          [
            622805675.7153563
          ],
          [
            759403770.5212983
          ]
        ]
      ]
    ],
    [
      [
        [
          []
        ],
        [
          []
        ],
        [
          []
        ]
      ],
      [
        [
          [
            -5393036265671.315
          ],
          [
            27615598168265.832
          ]
        ],
        [
          [
            3838672207380.7734,
            22984458796.509674
          ],
          [
            18383889695217.938,
