{"noise_params": [0.0, 0.05, 0.1, 0.15000000000000002, 0.2, 0.25, 0.30000000000000004, 0.35000000000000003, 0.4, 0.45, 0.5, 0.55, 0.6000000000000001, 0.65, 0.7000000000000001, 0.75, 0.8, 0.8500000000000001, 0.9, 0.9500000000000001, 1.0], "max_scores": [1.414213562373095, 1.0731541375234517, 0.7978538973563463, 0.5792618511555494, 0.408996873043802, 0.2792559558083078, 0.18235659963263, 0.11093105317905595, 0.05299018611057556, 0.02208915549453401, 0.010214744724162792, 0.00186724660808701, 0.000410542563236322, 0.00010387124780379434, 6.078480993117058e-06, 0.0, 1.1046123515604624e-05, 0.00015983244705596684, 0.0011809106205674113, 0.0018102949306290396, 0.002911098160739774], "opt_settings": [[[[[]], [[]], [[]], [[]]], [[[-0.5579833767677471], [-2.1319150755065333]], [[1.7955033148610575, 1.4628398958383313], [0.22698730152341817, -2.0330137514490625]], [[-1.6787395489776877, -1.7341421469433769], [1.108583605648693, 0.9269673904406909]], [[1.407463759014037, 1.8838946094661218], [0.9269714660142973, 3.4661146425160845]], [[1.102692831411851], [2.6766124853779067]]]], [[[[]], [[]], [[]], [[]]], [[[1.4482750355568736], [-3.2165133150203165]], [[-0.8976724861206932, 1.8396575669551496], [0.6971598082168587, -0.5757601562444735]], [[1.8389842553536317, 2.7361340604952744], [-3.717345710199714, -2.1964559900362612]], [[2.7359363854537677, -2.713240888615675], [0.9451378854625115, 1.9648815355612506]], [[-1.9232405853310293], [2.7415553544885007]]]], [[[[]], [[]], [[]], [[]]], [[[-0.6657482001502419], [-2.254526511620516]], [[1.8214290381934872, -2.1917871682315733], [-0.0166500008186157, -0.2860526920077301]], [[0.9595800921441506, -0.30419988561257955], [-3.4171714076854536, -1.9829776945498192]], [[-3.4335772739179324, 2.515857340545975], [1.148233205728317, -2.0031624464402826]], [[1.8163155120611676], [-2.8581051656786762]]]], [[[[]], [[]], [[]], [[]]], [[[0.34358962099181595], [-0.9136152056390174]], [[2.7914928140863435, -2.3641313034458524], [1.4928588110648182, -1.5305426059277312]], [[0.7934446445858658, 1.6009177903383065], [1.435800667229123, -0.6972336765609602]], [[1.5873325139984626, 1.835078354848527], [-0.7438598926511163, -2.6341785845033012]], [[-1.8934662043232913], [-0.6673343354793619]]]], [[[[]], [[]], [[]], [[]]], [[[2.0374338987479703], [-2.936567721614041]], [[2.6493742627830326, 1.5186887638347026], [1.1449275075368455, -0.40310058837415585]], [[1.444648858902693, -2.5245006925598297], [-0.5159998813075104, 2.140884631059708]], [[-2.4723095139563, -3.04920782951889], [2.368547092382444, -1.1746066071545465]], [[-0.5901056384850413], [0.7822196040764151]]]], [[[[]], [[]], [[]], [[]]], [[[-2.0471509768573832], [-0.9675913662446682]], [[1.8771547937365527, 1.9843512941122599], [-0.3770158427221598, -2.6211957444709255]], [[-1.177359186088565, 0.8063848450531192], [-2.1260339341011765, -3.0448778169244055]], [[-2.3371721651988566, -2.7802172873668987], [0.08294480809726638, -0.4706980383435101]], [[-3.082219576761763], [-2.060824518247991]]]], [[[[]], [[]], [[]], [[]]], [[[3.1829247132655323], [-0.5837471685418443]], [[1.3438794508313245, 0.6362153021765387], [2.116524431426394, -2.3126336179026223]], [[-0.22728807856772426, -2.5976688978259403], [0.23270339490697609, 2.359980920621832]], [[-1.9018609400076605, -2.3210782104297016], [-0.12875269798676306, -0.7835452685893437]], [[-0.985360439919237], [1.3466592292924102]]]], [[[[]], [[]], [[]], [[]]], [[[2.692646454867046], [-0.9382055881475818]], [[1.3760623831952798, 0.9338217418477166], [1.6764808129729667, -3.03293648331842]], [[-2.7664902688912685, -0.4544724871226298], [2.663599286473837, -2.9436172931799414]], [[1.946954836223824, -1.278210846365412], [2.9975112960111416, -2.3431816824152243]], [[0.48856841419656505], [-0.963484053457195]]]], [[[[]], [[]], [[]], [[]]], [[[2.6857584673515116], [-0.014595310747046144]], [[-0.9509528875334697, 1.0824831912386663], [0.6248953332696541, -2.0650040858351484]], [[-1.1123757795810951, -0.9538937313681124], [1.13837760829723, 2.2218545371314495]], [[-2.734031728848475, -1.6897945091424758], [2.2998032025822943, -2.8626268596483646]], [[-2.828465446359038], [0.6319261446741261]]]], [[[[]], [[]], [[]], [[]]], [[[1.531127645194719], [-0.996670278500559]], [[2.6697299267551857, 0.8170489910524416], [-0.7043118734169129, -3.0321720103224634]], [[-0.6257367534874877, -0.9589066662843841], [2.0543939714020745, -1.7052878266874458]], [[-1.731462957787647, 2.4284207589386444], [-0.6546562593695282, 1.6812761171405812]], [[-0.5256334120915336], [2.002850790121519]]]], [[[[]], [[]], [[]], [[]]], [[[3.0540572393468777], [0.781975747314046]], [[-0.38598262224263097, 2.886102310873103], [3.0217354800468184, -0.8679820234045578]], [[2.468735215311314, -0.4078267885191619], [-1.2883552900302118, -2.369785653584376]], [[-0.6904980973718342, 1.6881745041824132], [-1.4416509193377554, -0.8319324136837012]], [[2.076417775373], [-3.090978308420372]]]], [[[[]], [[]], [[]], [[]]], [[[1.430367126402405], [1.5438383062565428]], [[2.9091031859963903, -1.089818941395172], [-2.7354736895596, 2.249938507635663]], [[1.5178109267116224, -1.6173267113329552], [1.738492085644172, 0.12143893302269355]], [[-0.14100807584257172, 2.187054043507138], [2.3613684739555634, -0.6105074107275902]], [[1.1406273539130345], [2.0513508220195997]]]], [[[[]], [[]], [[]], [[]]], [[[2.2842198754615444], [-0.13861620303557234]], [[2.5998545910421287, -1.4888056864737953], [-0.832030996901263, -2.594599700577355]], [[0.8178335691055267, -2.902969968119976], [-2.8503477633147756, -2.563094892026721]], [[-2.8138035866865807, 1.3713490187485107], [1.6993318556937473, 0.2982283075377815]], [[-0.313031488205137], [0.7369445304545674]]]], [[[[]], [[]], [[]], [[]]], [[[0.8741717575226605], [-0.3776388293393875]], [[-0.33165356365303134, 1.8528524303884062], [-0.7394912679272022, -2.529256376566096]], [[-2.2596158546354763, -1.595310126100563], [-0.8623577197627331, -1.720301680224391]], [[-1.117323864421466, -1.2664962108271822], [2.566845795935825, -1.6163471958876723]], [[-0.4891933416145052], [1.530237848258924]]]], [[[[]], [[]], [[]], [[]]], [[[2.917280786738432], [-0.6667311376448452]], [[0.10176473009826972, 2.525269901333882], [-0.4632084921926078, 2.3687211931260492]], [[-2.835302116617426, 3.1362121792805033], [0.6069897095344164, 0.662666311475931]], [[2.9316008956404285, 0.5369623520806477], [-2.3783179463791653, -2.8648604385329377]], [[-1.4263692342910606], [-0.7868434395882418]]]], [[[[]], [[]], [[]], [[]]], [[[1.6507712515329382], [-2.724853881039557]], [[-0.8294901587853496, 0.4552891811165827], [-0.41153890481818767, -2.0519661392578845]], [[2.810569245418839, 2.4159791919760316], [0.06548000998904424, 2.506677938754823]], [[-0.24058166648938561, 1.7155570378137046], [-2.0775257024095177, 0.734980446635991]], [[-2.6683033995900054], [1.6297305038220724]]]], [[[[]], [[]], [[]], [[]]], [[[-0.022058673216841625], [1.1070696555326907]], [[-0.6112457571102603, -1.6193291499128637], [0.0035893088481729904, 2.578159568660431]], [[1.4723414677804982, 0.7042838557363583], [-1.9958092853276823, -0.14143794022682196]], [[-1.8690184447468188, 1.1483526444880725], [1.7892415273935107, 2.1167205780125813]], [[-2.277932224067389], [-2.1425888866232787]]]], [[[[]], [[]], [[]], [[]]], [[[-0.7936730034923983], [0.06005559942612006]], [[-1.1912383878427453, 0.6643593591899155], [-1.9856073130212386, -0.03770877882577885]], [[0.09172462829951507, -0.7733873142103904], [0.7454227003722816, 2.1953400007966635]], [[0.9960360425005418, -0.08787585770685738], [-1.191682628258174, 0.20543061045615307]], [[-1.3406797128395262], [1.0513917420292083]]]], [[[[]], [[]], [[]], [[]]], [[[-2.433589440445397], [-0.586604192496069]], [[0.6688564727640253, 0.44746738923406326], [2.0541181472855388, -1.120043815903745]], [[1.3411487274951084, -3.059968646720462], [1.0190975831886677, 1.0421989857858833]], [[2.852459498128191, -1.7668283629575665], [-2.509413011174591, 0.04708734575179752]], 