{"noise_params": [0.0, 0.05, 0.1, 0.15000000000000002, 0.2, 0.25, 0.30000000000000004, 0.35000000000000003, 0.4, 0.45, 0.5, 0.55, 0.6000000000000001, 0.65, 0.7000000000000001, 0.75, 0.8, 0.8500000000000001, 0.9, 0.9500000000000001, 1.0], "max_scores": [1.414213562373095, 1.1498080044894134, 0.9206006508245358, 0.7240773394949613, 0.5577229898006395, 0.41886638032850254, 0.3054650476904095, 0.21442950533674018, 0.14075143784902822, 0.08966367187633192, 0.04666250388503186, 0.017684706882259284, 0.004853985818654967, 0.0014139267682735978, 0.0003176124465340479, 0.0, 8.218368349854365e-05, 0.0018804069706377913, 0.003645329538929288, 0.016597089684105292, 0.04639941357764889], "opt_settings": [[[[[]], [[]], [[]]], [[[-0.7923141911583435], [-2.3426075644653563]], [[-1.562304983011737, -1.1243100640139942], [3.1392933768821814, 0.7604474329648286]], [[-1.1243100637745842, -1.5966264053938315], [0.7604633597266544, -0.006736755104979975]], [[2.3292367697142646], [0.7789433876869628]]]], [[[[]], [[]], [[]]], [[[-2.5229914218424656], [-1.0076928296017358]], [[-1.7523806092998335, -0.7460823644346981], [2.930119713662296, -1.9735289695522222]], [[2.395510310646255, -0.4938076740186378], [1.1663343924451388, -2.104622652451647]], [[1.8727870515792053], [-2.8950986826575527]]]], [[[[]], [[]], [[]]], [[[0.42043868080551994], [-1.1003887670881811]], [[-3.4398532582509285, 2.8303640093882665], [-1.9633227679598007, -1.0160531886144097]], [[2.830055482872351, 0.6494117481030562], [-1.0117187478226535, -1.063386493064867]], [[1.3461229032148736], [-0.17350062997678847]]]], [[[[]], [[]], [[]]], [[[3.074519707745206], [-1.0393981740900482]], [[1.5324951262251667, 2.441164850538011], [-0.6387920488763293, -2.5432681680007434]], [[2.752921446705609, -2.580103648240188], [-2.543754448628003, -1.6521975950734171]], [[2.069609334247508], [-2.038515887219504]]]], [[[[]], [[]], [[]]], [[[-3.4328791265614615], [0.5040200017956002]], [[-2.2186503548915826, -1.3737523332520725], [3.332413232266672, -2.685331413244661]], [[1.1368631499660635, -1.3272847883110068], [0.453405025820372, -1.974193283946735]], [[0.6961440649888337], [-1.703807493166416]]]], [[[[]], [[]], [[]]], [[[2.9157677462474294], [-0.6951264085883453]], [[-0.7944841680964149, -1.2555180088361497], [-0.703550678138258, 1.7496419961772238]], [[-0.2626802611911941, 2.8375724212121076], [1.6702925169499103, 2.4294215178343492]], [[-0.5700116066717085], [1.9175167636347752]]]], [[[[]], [[]], [[]]], [[[-0.6419095068196087], [0.8049206588198243]], [[-2.8312112467114776, -0.010076724498692452], [-1.1491201348689979, -1.4070407983720479]], [[-0.021633734658482402, -2.0449130819051757], [1.7734901288099767, -0.45335258559397745]], [[0.28547472108547295], [1.4074829337848551]]]], [[[[]], [[]], [[]]], [[[-0.44027382533074877], [-2.2216216774222213]], [[2.2990690407716117, -0.621173204614207], [3.170089177009348, -0.7367642383958304]], [[-0.11579414575449785, 0.2272731454243291], [-1.1005664248390148, -1.2826623510617756]], [[-1.070798049648757], [0.8847888928528932]]]], [[[[]], [[]], [[]]], [[[-1.3274611175715074], [0.08826590301605651]], [[-1.6064641678304474, -0.06617015961373612], [1.4732021728109066, 0.6104975101905518]], [[-0.05431207368668607, -0.675133172607238], [0.34366979607341286, -0.9559779278257278]], [[2.3807192042969687], [0.48719229839443534]]]], [[[[]], [[]], [[]]], [[[1.798724826650457], [-2.0537349742855415]], [[2.7926433451597057, 0.4420902811817189], [1.1654336659898565, -0.836727865702969]], [[-2.3647395408068586, 2.688378353141422], [2.032386418804146, -1.4761357340900447]], [[2.266313365218073], [-2.405349789855965]]]], [[[[]], [[]], [[]]], [[[0.26329837337264855], [-1.2370005699393594]], [[-0.24106645866808538, 0.3169330311546933], [2.0256989563431698, -0.09022020774362564]], [[2.874699309422393, 1.3172560367559214], [-0.6025680600637217, -2.1860535649189403]], [[-1.0944005081736732], [-1.4663884203696818]]]], [[[[]], [[]], [[]]], [[[-2.428211613090167], [0.4034683390310672]], [[0.3952561053758124, -0.48136069105266716], [-1.6775477650434563, -2.5095887638557826]], [[-2.359073468202826, 2.6738610198981356], [1.7983376635693555, 1.2536959038219067]], [[-1.785895798439979], [0.6200201327174139]]]], [[[[]], [[]], [[]]], [[[-1.3813440972904476], [-2.4098592035274033]], [[0.9235528986605528, -2.8049841068339965], [1.633932110228944, 0.6647066204124227]], [[2.88763821070957, 2.694420071324248], [-1.0566459518411966, -0.6865390286655587]], [[-2.7670972818865907], [0.0015724141502920304]]]], [[[[]], [[]], [[]]], [[[-3.0439842573321347], [2.906647972079103]], [[0.5345886977251929, -2.6018455661091866], [-0.6882508685651395, 0.6937695920086148]], [[1.0886566286857025, 3.096880120853719], [-2.2611914687027976, 2.2885566813286844]], [[-0.6618028780171024], [2.85394499125138]]]], [[[[]], [[]], [[]]], [[[-0.064721118202856], [1.6820790257591762]], [[-2.544258994029633, 0.19488191233898855], [-0.42419243527580336, 2.7381540379035343]], [[-0.8459708749009348, 1.8577414563710926], [2.4505841282533467, -2.641925818800904]], [[0.3667001507354726], [-1.4544028763179573]]]], [[[[]], [[]], [[]]], [[[2.1578317797827067], [1.7883925783461274]], [[-0.5139774271257722, -0.3969663030353092], [0.49455430334371897, -0.03804480768442842]], [[1.913025191270239, 2.5392236924015528], [-2.1805933418283825, 0.33998866354978974]], [[2.5883258580871864], [0.5043012267066169]]]], [[[[]], [[]], [[]]], [[[-0.09470289118218606], [2.195340681008027]], [[-1.683179001543353, -0.8027888073952251], [0.7184851777825632, 3.1153070386557498]], [[0.18748452872491836, 2.234260712518226], [0.47994587153246726, -0.8318664471205297]], [[-2.5118743311581513], [-2.6285429285616]]]], [[[[]], [[]], [[]]], [[[-2.4583078278588424], [0.6138400220738129]], [[0.18457407143199295, -2.561236434443452], [1.4368271794579945, 2.938954253906788]], [[2.1689618639259383, 2.4645303686288558], [0.24118669231918136, -2.2855783087423496]], [[1.3723813527990154], [-1.9014373825042195]]]], [[[[]], [[]], [[]]], [[[-0.7764390773319743], [2.5767384874611983]], [[-0.3040369914719225, -1.4977601629150248], [0.6878211222666275, 0.2515108571253881]], [[-0.6673037395600735, 0.7854919860796302], [2.125245562011009, -2.6992642057405165]], [[1.2906022346396535], [-2.189485184448436]]]], [[[[]], [[]], [[]]], [[[2.1714566451361454], [-0.6990529211611114]], [[1.5227788913898712, 1.299250587767379], [1.97512122065008, -1.4720931183142705]], [[-2.874754972977624, -1.6273865362685316], [-0.3452585407281972, -2.8211664971784276]], [[-1.7563483584965423], [1.275155039475238]]]], [[[[]], [[]], [[]]], [[[-1.2855600558768456], [-2.4269920359988]], [[-2.0308355996858514, -1.9830753421534297], [-1.4005280972442624, -1.994937256633566]], [[1.8709785031819346, 2.6372155028128117], [0.056892048619332676, 2.227437960744728]], [[-0.6775338917743022], [1.5715944234327452]]]]]}