{"noise_params": [0.0, 0.05, 0.1, 0.15000000000000002, 0.2, 0.25, 0.30000000000000004, 0.35000000000000003, 0.4, 0.45, 0.5, 0.55, 0.6000000000000001, 0.65, 0.7000000000000001, 0.75, 0.8, 0.8500000000000001, 0.9, 0.9500000000000001, 1.0], "max_scores": [1.414213562373095, 1.3787695084351, 1.3435153662188966, 1.3096826057107522, 1.2794066054160496, 1.2496829983478794, 1.217829186111949, 1.1925305441848424, 1.1660872203642396, 1.1412451511473742, 1.1180059864079999, 1.0965807446878089, 1.0755801138843397, 1.059480865623905, 1.0440306507695118, 1.0307764063622913, 1.0197982816175557, 1.0102446466709252, 1.004987562108164, 1.0012492192424303, 0.9999999999998943], "opt_settings": [[[[[]], [[]], [[]], [[]]], [[[2.620340522311563], [1.0435061981483622]], [[0.9107145127285367], [-0.6660982244232433]], [[-2.3065274724951403], [2.399859432169365]], [[-2.735098762698838], [1.9713054671039953]], [[1.8277366121078542, 3.2632779754968575, 3.172659330423644, 2.7602999532007977], [0.2651879569114377, 1.6936160451489501, 1.6325672643107878, 1.188345827056155]]]], [[[[]], [[]], [[]], [[]]], [[[3.072187732198526], [-1.6540784348308677]], [[-3.7994984149881565], [-2.242595713617036]], [[-2.097731396084487], [2.6285206355628157]], [[-0.6821120090885268], [-2.239017632807954]], [[0.6807287111194347, 3.254189141031574, -2.8836336492783965, -1.4441185909806655], [2.308841177324622, -1.44250213744422, 1.8436003944786996, 3.233071032375941]]]], [[[[]], [[]], [[]], [[]]], [[[-3.465622870609707], [-1.9003946427189484]], [[-0.5253873615019478], [-2.0906575371714275]], [[-3.3490875702907172], [1.3688613928194222]], [[-2.232620151787292], [2.4853152122152897]], [[0.41270217705350226, -1.2897604989585831, -0.9481028428262163, -3.0139034283022954], [2.0727005185327636, 0.24331405426648692, 0.5366506904852086, -1.4444304066912206]]]], [[[[]], [[]], [[]], [[]]], [[[0.4056922335784753], [-1.2314496353375073]], [[-2.576058876105086], [-0.9389054000960871]], [[-2.099745315772123], [-0.46248553333256703]], [[-2.309121885332199], [-0.67197125382664]], [[-0.342618896349956, -1.787663944858335, -1.2462319085165618, 1.6814295411251519], [-2.038318127821674, -0.155942468623419, -2.8864703941846894, 3.1895582827215976]]]], [[[[]], [[]], [[]], [[]]], [[[1.41148104029821], [-0.1318076553759595]], [[1.604775564413225], [-3.135183140923087]], [[1.3906323997840448], [2.9338533132381652]], [[2.0650744020898593], [-2.674878829106776]], [[0.5304412273379396, -3.7793813381415204, -0.876365485690275, -3.3678680535480523], [-0.8227681600370437, 3.813137735155658, -2.669829518937317, -1.9434177539137802]]]], [[[[]], [[]], [[]], [[]]], [[[2.170372083217866], [0.37395376272807773]], [[-2.019270366081999], [-0.2228009739668626]], [[2.4973058147325626], [0.7005846936930811]], [[-0.29184236556957543], [-2.088562072646593]], [[-1.9284767599628838, -1.0246645609381169, 1.5884867344916305, 2.0900586311116234], [-0.24629802943059848, 0.3708564549567586, -3.107127560131608, 0.2770641788452073]]]], [[[[]], [[]], [[]], [[]]], [[[2.580136897105918], [-2.2476647194040025]], [[2.6719584734250565], [-2.155785421425225]], [[1.4486227151506366], [-0.006727045003175645]], [[2.621329577576707], [1.1660267782413052]], [[-3.032074746528369, 3.2913155438948984, 0.5601624158042707, -4.32743210729281], [-1.3531012460492118, 1.92804936776229, 2.4875332128192458, 0.23824812167921605]]]], [[[[]], [[]], [[]], [[]]], [[[0.11459232621511146], [1.7697815283877842]], [[-1.3499511948936687], [-3.00464092326135]], [[-0.15650220358007644], [-1.8117195105942066]], [[1.8510702731717812], [-2.776860857178342]], [[0.6993936573618055, -2.348547764472999, 2.3648454141515844, -0.3407840774110073], [-3.5392206135245368, -0.4363205643939057, 0.3809655463449703, -2.1324960315175536]]]], [[[[]], [[]], [[]], [[]]], [[[0.26978744977413527], [2.130812447456358]], [[-0.013379715076351908], [-1.8744024023397117]], [[-2.8004387709663283], [-0.9395053324854414]], [[1.1205950711771622], [-3.301442405399952]], [[1.0276850883253117, 2.497360766686232, 1.1288209391873456, 2.294000138988035], [2.911517584736944, 0.4378215916193475, -0.1786744112603705, 3.445506642682467]]]], [[[[]], [[]], [[]], [[]]], [[[-1.7540456099910982], [-0.1650881923525014]], [[-1.6700968932206206], [3.024046700753059]], [[1.2203860035112903], [2.809661223240283]], [[5.89648718408924], [7.485963039120539]], [[-0.7374702115236037, 0.39849189178526606, -0.9544194677370358, 3.298736058873659], [0.34948372558477486, 2.4842588699479675, 3.343086374986838, -10.429904267067736]]]], [[[[]], [[]], [[]], [[]]], [[[0.024599218218906677], [1.2873835948291865]], [[-1.8681301252114986], [-3.1308395137854714]], [[-4.156698334035574], [3.3886698500340042]], [[-2.1931146218952424], [2.8263753773375857]], [[0.3812627195360839, -2.732856348791775, -0.18082484751835767, -2.99523049792916], [-3.573860697246056, -0.5593918417519785, 0.9531820482079844, -1.0697638336105353]]]], [[[[]], [[]], [[]], [[]]], [[[-0.059318991076697566], [1.0796092224596838]], [[-0.9170416527466246], [0.22393747481915358]], [[3.085656086088489], [-2.0568217250565812]], [[1.169364195323923], [0.030444276017297302]], [[-2.8909895124266285, -3.2701365261920365, -2.900700788249177, 0.29967780704549757], [-0.5880802595745959, -2.2264855098417153, -0.5460951259655229, -3.4525411555001457]]]], [[[[]], [[]], [[]], [[]]], [[[2.6301222544334046], [0.5354917882216481]], [[-6.096259364129189], [2.2794996809033914]], [[-2.1536767218111987], [-0.0598110363819437]], [[3.19853776744285], [1.1044192858907886]], [[1.590726727510309, 0.9404162127133351, 2.5600741090873793, -3.3981795839572335], [0.006346187609654697, -0.14228278688310897, 0.2052934762591338, 0.30030390439063187]]]], [[[[]], [[]], [[]], [[]]], [[[1.2351827876919699], [-0.014719196456725508]], [[1.8890411163020113], [3.1384571081383497]], [[2.956179605933591], [-2.0771555212415254]], [[0.022785913119312644], [-1.226358286069142]], [[0.2404842695331781, -0.2812835029596079, -2.993398546509978, 2.8853224427073965], [-3.5216794428815943, -2.75596760412553, 2.3097464489427026, 0.45465360635613294]]]], [[[[]], [[]], [[]], [[]]], [[[1.6373871011617651], [3.100092734896232]], [[-1.432521576882476], [0.029914342338521898]], [[4.564926007349946], [-9.465135341165224]], [[-1.7084333010182888], [-3.172095676434736]], [[-0.3580869712649804, 2.884054930356304, -2.891106478661574, 3.3682452659249438], [0.25449958106207515, 0.3992745156334831, -0.4289306068912409, -0.3702807246232767]]]], [[[[]], [[]], [[]], [[]]], [[[3.1521337390766697], [1.5135137128972171]], [[0.039879092093927766], [1.6811808521587122]], [[-1.5641879578188986], [0.07753776937847509]], [[-0.06338324069586804], [-1.7028241111213418]], [[-0.16547558318718167, -2.779445403093384, -0.14513918877039372, 2.7220189716339633], [0.20683410158247575, -3.320309357626336, -2.7324393332219423, 3.292585394235721]]]], [[[[]], [[]], [[]], [[]]], [[[-0.010250596708273895], [-2.2357156811007584]], [[3.027194127906137], [0.8061975696150913]], [[-2.2394907847251204], [-0.019172633431519027]], [[0.0680593049667154], [2.292356147861537]], [[-3.399343980906853, -0.8115427556552475, -0.2818484786801748, 0.6076147210460795], [0.1009167359186656, 0.05657713747147403, 3.2319299127166494, -0.07014480908001781]]]], [[[[]], [[]], [[]], [[]]], [[[-2.631980090997163], [-3.0986270600452155]], [[-3.109318141513361], [-2.6392536179225616]], [[-0.47005000694866034], [-0.0006157907966198175]], [[3.164103656574823], [-2.6517549888421454]], [[0.04467803565311204, 3.1858559421468793, -0.03785255839868174, 3.1815168601061248], [0.4083389929654443, 0.31908106932342495, 0.04851901531907582, 0.21393869320891148]]]], [[[[]], [[]], [[]], [[]]], [[[1.4016189093589122], [3.1489057374511598]], [[-0.004260922135433622], [1.7445918128723619]], [[-0.010000752992031486], [-1.757185817790902]], [[1.7520153058826573], [0.003081269772180201]], [[-3.1671217281471695, 3.195617241627817, -0.17699862101534958, -2.967849269655643], [0.10032597582844047, -0.08838475710528172, 