{"noise_params": [0.0, 0.05, 0.1, 0.15000000000000002, 0.2, 0.25, 0.30000000000000004, 0.35000000000000003, 0.4, 0.45, 0.5, 0.55, 0.6000000000000001, 0.65, 0.7000000000000001, 0.75, 0.8, 0.8500000000000001, 0.9, 0.9500000000000001, 1.0], "max_scores": [1.4103965986777114, 1.3745870359330605, 1.3311489860447012, 1.3092705671705167, 1.2433777235508123, 1.2319615584073191, 1.187416845344862, 1.1007286501392826, 1.0946437967121052, 0.9814948940502637, 0.969634260290708, 0.8776496584429612, 0.8190217219969272, 0.7167297741234155, 0.5554252857220041, 2.7839976256715177e-06, 0.48470728834743315, 0.6185416551112072, 0.8183873573645077, 0.8995512870700351, 0.9733876004227283], "opt_settings": [[[[[-2.792432115577144, -2.000802119180358, 0.8579789526944946]], [[2.262715416912771, 0.5870098599969403, 1.7088873805187608]], [[-2.716577388614272, 0.5561641694627923, -3.028626013797814]]], [[[0.6210392524115417], [2.4759271711381405]], [[-0.7176130063740335], [-2.6227298776075667]], [[1.804892038534403], [-2.4667859181384917]], [[0.8885567337395017, 2.079066247352439, -0.3755120324016372], [-1.2432886076429654, 2.6448511712396634, -2.7342329331472595]]]], [[[[0.2189845640633559, 1.480850921575094, -3.0017570581574535]], [[1.0140805875530992, 0.973277874079765, -1.9145923622976866]], [[-2.7332977386494304, -2.0968115715011435, 0.2727284939674298]]], [[[-0.8140587563541669], [-1.8723256978375862]], [[-0.5820476541499802], [0.9575064930641403]], [[1.5056073259735179], [0.34723428082857305]], [[-0.48710256717743083, 0.8913047727594368, 0.95155883990688], [-1.439126396655456, -2.147692816731187, -3.1378968958943187]]]], [[[[2.0586884317215293, -1.9147271025955281, -0.08656127403101185]], [[-0.422212019802296, 0.9584086185207795, -1.4095597702283977]], [[0.09508914273605427, -1.7583674901010573, 0.0979737220038227]]], [[[2.4254838864999586], [1.816316627902168]], [[-3.3593286877466846], [-2.7517163010120074]], [[-0.6225459063108858], [0.6777741846037042]], [[3.055826458407803, 0.8700131085396063, -1.8690564982260405], [-2.20903247170923, 1.421624550272152, 0.6752398382435825]]]], [[[[0.07416533053880894, -0.893831286569223, -3.063775491056456]], [[-0.10160957667604673, -1.8630181356001791, -3.059639558485006]], [[0.6693838374681612, -2.007935112510952, 0.6645870268858813]]], [[[0.14662376020576529], [-1.35864814983742]], [[-3.1610863869491164], [1.2904961605639178]], [[1.313798373731375], [3.0557677582018203]], [[-0.3279800363427693, 2.219353362634435, 2.9563687733872355], [-1.8159495418957932, -2.537340180905651, -1.3937571218283487]]]], [[[[1.0507231285106726, 0.4042633445273315, -0.760710689308366]], [[0.13314843312074529, 3.301732851859591, 0.19001562046871195]], [[2.216972894801355, 2.130915656554703, 0.8371726722994078]]], [[[-0.6766247735195856], [3.784522747871061]], [[-0.3136889098100064], [-1.8075909825451055]], [[-2.2071997038416007], [-1.0262127949243371]], [[2.076943983853312, 1.8112156018705308, -2.608226466771681], [0.1947397470333344, -1.977869071122613, 0.6234307046636877]]]], [[[[1.0600238335845822, 2.7643155842847515, 1.0212657687779276]], [[-0.7276338259999615, 0.04762515023444788, 2.595911221126552]], [[-2.964424317312465, -1.2839393621812658, 0.4750535758446367]]], [[[1.4406647963399368], [-0.7050228859211819]], [[2.0697075913055096], [0.0005266885746752717]], [[0.15417428843506478], [2.4061626665921643]], [[-2.234342489116124, -0.03320212944510785, 0.43871594910039563], [-1.7010942612053688, -2.961336422143497, 1.4773503880202816]]]], [[[[-1.6647868973325142, 2.970628905313669, 1.373930964777456]], [[0.8152797402345002, 0.5403467476993097, -0.8356411797785847]], [[-1.092984267714414, -2.6197115835778146, 2.7135538941546598]]], [[[1.8624488387892637], [-2.389501289099362]], [[1.4083733098576254], [-0.5664827992849106]], [[0.5634668383136369], [1.9877084531436662]], [[0.46895830130652755, 0.43796762470619444, -0.0012253349987731837], [1.7848957193098607, -0.5123480378598226, 0.24038751573762696]]]], [[[[-2.526189873265852, -2.215594067344361, 1.9528327817926945]], [[1.528511251811681, 0.03188808559674033, 1.4447461253363323]], [[-1.7431822380155932, -0.4397410409904789, 1.3192675570153638]]], [[[-0.8264096154850308], [0.4005559801994437]], [[-2.501845562375799], [-3.5467454852929956]], [[2.4582544564214914], [-1.8853968275140673]], [[1.961685687769815, -2.869950734258911, -0.08091301940724405], [-0.8391955767941007, 1.9499104588111253, -1.526978449660642]]]], [[[[2.9321392089476417, 0.31611336951207397, -2.6917539204334155]], [[-0.04697288053037878, 0.03591127106181233, 3.026094120759066]], [[-0.3832301570096457, -1.0414254842138042, 0.4399571676695686]]], [[[-1.350285286913873], [3.154855145241872]], [[-2.260527386035284], [-3.473914593166866]], [[3.0147361509448873], [1.5852087213349693]], [[-2.7467306451901465, -0.511103437640405, -2.088918528427313], [2.2935302628263763, 1.668240497450683, -0.029537820335447298]]]], [[[[1.906442293735076, -0.9153202226012478, -3.4077195882378013]], [[1.1599619781281474, -0.39080455557043764, 1.3743616480197614]], [[-0.5685155170828209, -2.569920167986135, 0.12351167860432036]]], [[[-2.7321265598008355], [2.4000896161852427]], [[0.4667558084161812], [-0.6786812942496996]], [[-0.19173305855288628], [0.5945191719143792]], [[0.22446282133451206, -0.5058479509300473, 0.9825250398167686], [0.6869323490800826, 2.509914453289703, -0.9002715178509912]]]], [[[[0.9859415856274273, -1.5310756336539904, 0.6736305531890481]], [[2.9921143818308424, 2.2102697446678636, 0.7537406364760884]], [[1.474104652346019, -2.8637858978236563, -1.8269506413602836]]], [[[-2.6533929699167587], [-1.993325401138564]], [[0.6383627706427087], [-1.103159171372262]], [[2.5568832708975253], [-2.9863162929391875]], [[-0.9606690947498308, 1.213997740730655, -2.5311949225245947], [-2.929576175841929, -0.47774647463112063, -2.1673639122004]]]], [[[[0.7424584291999503, -2.7885957993122483, -1.8237151674296839]], [[1.7195010244427513, 1.696725221020114, 3.4118230036241775]], [[-2.878617488935788, 1.2067068751703962, -2.743792280090207]]], [[[2.77713418610349], [-2.263452411308116]], [[1.777036096506961], [0.04750688134738656]], [[2.7500060482048947], [0.9140492771167744]], [[0.37406478753045264, 0.1876928391999067, 0.7115068317092416], [1.4670907926406311, 0.763433184445129, 1.888555945601378]]]], [[[[-0.9274809417156966, -0.4546812937929449, 0.9951846886800472]], [[-0.7993251180831202, -1.6056645362085264, -0.4562961399378461]], [[0.9217006777043848, -3.07007948206881, -2.088275492142849]]], [[[-1.2862721373459627], [2.799650966572367]], [[-1.307370272275585], [0.08736133798849674]], [[-1.59101218349978], [2.783829711763578]], [[-3.0146412980015387, 0.38654963410366905, -1.3322632761662692], [2.3362487077238354, -0.3490217196912045, -1.6272867302311889]]]], [[[[0.6621424081833772, 2.8760425578012323, -2.666557099069363]], [[-0.7869744914491089, -0.5497708918082012, 0.8215108557484065]], [[-3.1218260386007555, 1.4911144195168735, -0.2944318328254406]]], [[[2.410232090963234], [-1.732337381056571]], [[2.378610587701658], [0.7331530495736951]], [[2.1533060028564686], [1.0133636703280622]], [[-0.9395505997614136, 0.49236605217392676, -0.07685723422362571], [1.3625716382427095, 0.010079966851904647, -1.5641998466051659]]]], [[[[0.4741386626317407, -2.4865871446207386, 0.22078764903474346]], [[-2.761343028917192, 1.8121159737499557, 2.5710355538491365]], [[-2.361981201774704, -2.6502788661145193, 0.8047051052238353]]], [[[1.4176489495144518], [2.1070931181799883]], [[-3.19993995882857], [-2.6041083429157825]], [[0.7053247567159031], [2.6960413491545143]], [[1.8478524638660245, 1.494784511355221, -1.6082320405223811], [-1.7167497180668476, -0.32931348410996064, -1.5110165003887106]]]], [[[[1.063475369447791, -0.9485477088306307, -1.7836639476348897]], [[1.83319068261829, -3.082657249724034, -2.7005599001809526]], [[-1.9185814679248363, -2.0119414115530967, 1.6200272633801855]]], [[[1.3269849098632749], [2.6707554026526337]], [[-1.036637065004875], 