{"noise_params": [0.0, 0.05, 0.1, 0.15000000000000002, 0.2, 0.25, 0.30000000000000004, 0.35000000000000003, 0.4, 0.45, 0.5, 0.55, 0.6000000000000001, 0.65, 0.7000000000000001, 0.75, 0.8, 0.8500000000000001, 0.9, 0.9500000000000001, 1.0], "max_scores": [1.4141914140158958, 1.3819480312150676, 1.3482954320999803, 1.3102933717907201, 1.268905431877267, 1.2339067946488007, 1.1890096315976892, 1.1453903953062006, 1.0950332557907623, 1.0408908448669427, 0.980285922566938, 0.9083106351936453, 0.8262859918726102, 0.7187197391518001, 0.5669175293984372, 3.6657368897740854e-06, 0.5719622423175649, 0.7216238019142482, 0.8267450405282015, 0.9081175828429802, 0.972804465260245], "opt_settings": [[[[[1.240059103377618, 0.3240383159191489, 2.154232856257598]], [[-0.17206412665456178, 1.1051956503625575, -2.3634324662404342]], [[-0.37044943431329436, -1.7573987934996722, 0.0364533994483539]]], [[[-3.094855118592097], [-1.9778157804585261]], [[3.127754245636783], [2.010535348623825]], [[-2.086398918359229], [-0.8892559727368794]], [[-0.45316316960563174, -1.750991345132781, -3.1181700847983675], [-1.9223518179222625, 0.4745308258228378, 1.2235866444419656]]]], [[[[0.8700886150512054, 3.2851147578961224, 0.9041532283855518]], [[1.894351913316593, 3.350918452586301, -0.8246630002233696]], [[-2.463957081015215, -0.8221345838712985, -3.000973100689837]]], [[[-2.6153035685788697], [-1.7737464112168977]], [[2.4850139004548204], [3.3254684928048266]], [[1.8754032434125505], [2.7958169309916014]], [[0.8978852341050443, 0.18086536471940598, -2.931980334084385], [-2.9589246337366015, 1.3375214475614827, 1.3330833066713703]]]], [[[[-1.0116542077780852, 0.37140847335295546, -2.2417586202950854]], [[-3.004933758660377, -0.08572959276171016, -0.10447039390468635]], [[0.15680503673493687, -1.5207457641620392, 3.028338971625317]]], [[[-3.7281246052156924], [-2.200796130058423]], [[-2.0925271340760068], [-0.54259692730143]], [[3.957651589351916], [-0.7704467424736852]], [[-0.03178135649088757, -1.8271024146453774, 0.12053717149671267], [-1.34122676725823, -3.216331322187112, -1.6233523648293793]]]], [[[[2.0339022739638475, 1.8159238928730086, 2.244996356350181]], [[3.233264472385975, 0.0981570888166143, 2.868009262628336]], [[1.628023672101323, 3.2016882446577726, -1.4502592233017617]]], [[[-1.8121489488893194], [2.696244306789195]], [[0.25641251048500346], [-1.5779468427648047]], [[-0.7733264766242981], [-2.6007675473172203]], [[1.8868976782116667, -0.49147380900331744, -1.6740345379576755], [2.3286519900601155, -2.499571963479386, 0.18580509148854052]]]], [[[[1.3490302741990645, -3.0951505066270473, 1.3582598777056056]], [[-1.7999606498382088, -1.63145087995731, -1.3480726878791631]], [[1.3632739738081012, 0.0645048432142565, -1.3645387892959093]]], [[[-1.694855825500506], [3.114314145147798]], [[-3.016209704379584], [1.8278022595516639]], [[-1.1677112677612325], [0.24512850280039272]], [[-2.3806367691446653, -1.3157304126470502, -0.36228568481932605], [2.231780258664654, -1.3775224499742527, 1.019252974849576]]]], [[[[2.650811531361825, -0.5370683215319266, 0.517076339161276]], [[-0.30208020972387567, -3.329414212315887, -3.4368547254917554]], [[-0.490033228865143, -3.3774117473438414, -0.3098482114180999]]], [[[-2.718910250641345], [1.9274962837594245]], [[-2.614228746999624], [-1.0263979962964358]], [[-1.2219164587030706], [-2.8023581317181407]], [[0.834816688094197, -1.5696208428311307, -2.4584772669095187], [2.5308182566985282, 0.12743444770094314, -0.4607642359068168]]]], [[[[-2.0541664409131166, -2.827060232547866, 1.1755301179925497]], [[0.45624821656134695, -2.0411810520852245, -1.59587170351886]], [[-1.3600459799222904, -3.0000113037513243, 1.6753866087576066]]], [[[2.264239502067541], [0.921780942662106]], [[1.3118364602383994], [2.7310529010604387]], [[-2.110167535939734], [2.7856973702286694]], [[1.5092314124776505, -1.9146399297441437, -0.2117086437422432], [2.7162225885156843, 1.0752320496606516, 1.1473234730341848]]]], [[[[1.2060478732348914, 3.2046877999999532, -1.5804019536049414]], [[-0.8134811798255092, -0.11288990258145873, 0.8196535550734605]], [[2.2899225159777385, -0.8643337988083734, 3.6322034055684713]]], [[[1.6948883261450243], [2.9013657799216066]], [[1.8317854179453372], [3.0801345801289677]], [[-3.206253196190725], [1.68797230446158]], [[-2.5167214756185174, -0.9434341213776407, -0.16612982176323068], [-3.3499274474644536, 1.1417799747613908, 1.783178204629193]]]], [[[[1.119819535221049, 2.164837458229466, 1.028566747146644]], [[2.158211741019327, -2.1405625668431765, -2.077087261851621]], [[-1.9619383739428151, 0.42965897004549736, -1.3871950353264388]]], [[[1.9746870297329437], [-2.1017332575335974]], [[0.8120746244247942], [-1.44893192470834]], [[1.7723606313685403], [-2.252033872319838]], [[-0.8951051422306887, 2.5709119320676317, 2.539000505597066], [-2.039732565792292, -0.8589803918189125, -1.3010883480547826]]]], [[[[2.8883098960282703, 1.8152518733960186, -2.8597942581231295]], [[0.3311249887932989, 1.2247481496006085, 2.9648528249334922]], [[-2.389612494413204, 2.61002678486017, 0.5316808300915916]]], [[[1.4708588225482044], [2.7045998016667405]], [[-3.0085463408004283], [-1.730313702671503]], [[-1.5963317281210332], [-2.875773160532566]], [[3.5164983872402997, 3.4384657006598145, -0.3633337809272298], [1.7893117351909895, 2.2545317000350935, -2.1098790987401066]]]], [[[[2.7632659909189177, 1.4532926359311757, -6.274172982562908]], [[0.34016995798367716, 1.0044857382817542, -0.4966030378856333]], [[2.9371212064879195, -3.104023988451125, -0.1598147152522447]]], [[[-2.762786369511351], [-1.44899615312215]], [[0.7666442240976739], [-0.5877030408462198]], [[-2.248530902219088], [-0.9719601678525168]], [[3.722981278137397, -2.0141937575578477, -1.7294050957399114], [-0.8331784006060604, 2.4953621115703433, 0.26083239411711506]]]], [[[[1.5426482963216004, 2.861359948253528, -1.6299479454855703]], [[-0.4637228714721019, 0.5072078768657331, -2.722840700430542]], [[0.45466403455235016, 1.9073069416295623, -2.1809628933082816]]], [[[1.6513848524989883], [-2.9999561199228615]], [[-1.7491308050066878], [-0.2687794844172857]], [[-1.105457317399962], [-2.5286189611967838]], [[0.9659686149806604, 1.5445107459428853, -1.8971175067624768], [-1.2701363290563374, -0.16539037264225273, -1.3017392555908214]]]], [[[[2.5821216087390026, -1.1875974032486825, -2.447354953736188]], [[-0.3852483703322959, 4.753485148914133, 3.3664648577894045]], [[-0.12773735096646735, -2.2970795058515856, 0.458199826707055]]], [[[-0.23114938762663415], [-1.6185797862605995]], [[1.1628675932265156], [-0.773525221132748]], [[0.6859346816514359], [2.2324628128519284]], [[3.0404550659098484, 1.0512634690642284, 2.6657594041250476], [-1.1763054410241665, -2.9442741219779225, 3.558910018478057]]]], [[[[-2.4509024847923233, 0.7885659654835115, -0.9682138397065599]], [[-3.215926831808701, 3.232483553081492, 1.7022235322741985]], [[0.7966976387387334, -2.571799185438186, 0.010903994205287051]]], [[[0.8641342676037205], [-0.972918763167531]], [[0.07717215871628876], [1.7298364098050054]], [[-0.5846426492945815], [0.8842356609774917]], [[-0.6464408756850072, -3.0910189276137188, 3.3534272649747896], [1.2100261105343617, -0.33449551040356146, 2.606161180899322]]]], [[[[-0.8851231422381766, 0.3850266777448169, 0.5031569287479852]], [[-0.8073745142877401, 0.294028000380234, -2.925967454887243]], [[1.706795206326022, -1.3860759343418307, -1.6191772741226267]]], [[[-2.3316542398267384], [2.617217947692812]], [[3.0235908481666947], [-1.5621537283598308]], [[1.3987518295840087], [-0.01611564519839336]], [[3.4393550685912597, 0.02562448685822013, -1.84351998500452], [2.390635063304569, -2.391880290741505, 1.9234261326159146]]]], [[[[-1.2251515577037633, -0.32929834421447884, 1.3321655524303417]], [[-1.2513444487484398, 0.11044797154400882, -0.2072827978965219]], [[-2.6972569113375835, -2.52852330314856, -2.8306157608463325]]], [[[1.493236642638923], [-0.4263986033169009]], [[-0.7894808547763996], 