{"noise_params": [0.0, 0.05, 0.1, 0.15000000000000002, 0.2, 0.25, 0.30000000000000004, 0.35000000000000003, 0.4, 0.45, 0.5, 0.55, 0.6000000000000001, 0.65, 0.7000000000000001, 0.75, 0.8, 0.8500000000000001, 0.9, 0.9500000000000001, 1.0], "max_scores": [1.4142135526784312, 1.310936397742699, 1.2119868031730174, 1.1154515578452213, 1.074856893990708, 1.0297906421176493, 0.8865469701986759, 0.8037751311036193, 0.5807529393182811, 0.9976989054557461, 0.9989063220688545, 0.9979832117184413, 0.9998820221716418, 0.9973673987829857, 0.9989639540622077, 0.9924530853043458, 0.9930669459577876, 0.992621169948778, 0.9953692609264949, 0.9867932260527752, 1.0000000052683544], "opt_settings": [[[[[1.44386204051137, -2.2875889112831707, -2.45146658928027, 0.6388055770067611, 1.5417692005124297, 0.6540742184053303]], [[-1.5443486919330889, 1.156307815875012, 0.010050447298270804, -1.4021102515767037, 0.09122809458746467, -1.5852823902032753]]], [[[0.9729407397623796, 1.8488920378634102, 1.974415436595927], [-0.1746433646752506, 3.212198369142751, 1.1791729423348416]], [[0.5091677525528097, 1.5680222222927183, -1.3667918362704776, -2.363324879877433, -2.0997351912034046, 0.8112725357556281], [-1.1205357416837654, -1.643754110924474, 2.657816712347321, 0.6590319665932174, 0.4985313646565773, 1.9918913282223585]], [[1.251052415914195, -1.8224328141922557, -1.258197276716145], [2.778100506162231, 2.547822145878271, -0.3036313255325957]]]], [[[[-1.6033077271830787, -2.158242200448012, 1.8010013892004162, -1.2650518403595332, -1.6250457123201132, 2.8846743202136884]], [[-1.521768741863452, -2.243857311439807, 3.1078589165214665, 0.16796894045447924, 2.762649557139049, -1.6422684198572202]]], [[[2.837708922402125, -3.4545164180251486, -0.8972422193676547], [1.7852201103274044, 1.4220499783125267, 0.6098116195649212]], [[2.2450960913672406, -1.1540144361767122, -1.055509986890176, 1.6344397930006052, 1.0555698343438, -2.3838835956135096], [0.6812835504856477, 1.5547952253312043, 0.7639574501102588, 0.09553136269602255, 1.5882727987449359, -1.4106881480105837]], [[-0.06952828870752979, -2.14802952961321, -0.5605577669637434], [-2.2209340002717646, -2.283335081711254, -0.0662582103355354]]]], [[[[-2.7232258877486712, -0.06469201515883706, -0.09883241723057172, 2.2435861705393, 0.46878773088236875, 1.6832958052096483]], [[-1.5847690005010833, -1.893132155631117, 3.2042913437091056, -2.1630076889119194, -2.5206278614688866, -1.4853735557244734]]], [[[2.663836111904102, 1.89895513493307, 1.9990785016807848], [-2.8015093642889104, 0.2733803466259617, 3.040917502429842]], [[0.9856666119699848, 2.015744076134619, -0.6978890666385453, 1.8844035984085612, 0.4819239370185443, -1.5384899919787025], [0.5443907551441314, -2.6402939216255725, -1.2661484975538349, -0.2910189439588776, 4.06627828519684, -0.8371655728766951]], [[0.6433616568994379, -1.310361906215662, -2.250623479791815], [-0.6063521498375407, 3.1218044926185793, -0.5236329619378113]]]], [[[[-1.8520457471784364, -2.4804825486328252, -3.1743783201453795, 2.3344978125995994, -3.0745048865117406, 1.7770601305831737]], [[0.5183308235447504, 0.06266397679010706, -2.163265624209887, -2.3108781930960713, -1.7210633272136286, 0.5032711383272712]]], [[[2.1595899495311865, 1.9006579631393172, -0.9930185204275941], [-1.6464806525835687, -0.3419174957066371, 1.5783778274184748]], [[0.3532411898685348, -0.4103927087499248, -0.8521621078552083, 2.6983882734573217, -0.46707930190344393, 0.10861291445587039], [-1.6501078473888113, 1.9668417193293832, 0.9639716030004947, -1.248483817855834, 1.97687403045937, 2.7343606826537297]], [[0.664299467734594, -2.387744829127762, -2.0278566945175767], [2.568282475292734, -1.8383294488648472, 0.8241583513071341]]]], [[[[-0.6074441035870635, 0.37833941019344364, 3.446166257630064, -0.2499726057788811, -2.481637840621097, 2.6122591569549076]], [[-1.737171794168815, -2.305802845584642, 0.3544353839677534, -1.7592033864171592, -2.216732178867991, 0.9201130364308644]]], [[[0.06465913774504364, -2.059144756128513, -0.6314950674386237], [2.4770362966396933, 0.4239268154957744, -0.9211495919101709]], [[1.6256518477437452, -2.3360631554042484, 2.869425248748292, -1.892953664972842, 1.6745496339979762, -0.022867115566143164], [2.7015395197472643, 0.5692938276788703, -1.6890266922574682, -2.1414858263872993, 3.2636307316707787, 2.083282963701797]], [[3.2942787950767625, -1.224945321871785, 2.727123159048764], [-1.2502313473487334, -1.270987240466979, 0.1701698186073678]]]], [[[[1.3177800782134845, 2.5966419031114523, 0.2040972261473307, -1.0364299485588098, 1.7994457912108064, 1.0387018249531645]], [[0.45609199312659376, -3.583254195309723, -1.3501442307793416, 0.3089897449025459, 1.3844775450600866, -0.48706067676355425]]], [[[-0.5906890588125249, -0.00981702880555977, -0.2787367491954209], [0.8718454521331631, -1.3804763479569853, -1.3473728278041157]], [[-2.9250261463134715, 1.9702395033815716, 2.4108646177215665, 0.7987437083907174, 1.7357262513829703, -2.1353857111178174], [-0.045589261003916096, -0.7218869257500228, -0.06789268181757982, -2.123416616435576, -0.1428550522788435, 1.302551942658945]], [[1.1089993465756987, 0.7887339666140726, -0.6440251094576221], [2.5988686075665948, -1.2730487320678392, -2.172484264266751]]]], [[[[-1.7478113822040455, -1.3107141380475968, -0.046553051277856576, 0.6313589993737225, 1.1106008679523578, 0.8932945583475493]], [[-0.9655015306276449, 0.6633348934611325, 0.12669495528215438, -4.114597808542525, 0.7645249677668738, -0.03108769777739051]]], [[[-0.5215823650091866, -0.24951616989178063, 0.8707110120015722], [2.2651776665441505, -1.4732196639121014, 2.881767550185356]], [[-0.7903142242102988, 1.417477714684133, 2.72457171596189, 2.3243293322006315, 0.3100201533815563, -2.4455128262280788], [0.4618279737635651, 1.826551978279856, 0.6627799089200326, 2.4160463848563642, -2.466024813825534, 1.8007894345411435]], [[3.062413659428828, 2.054012554457593, 1.7822492902033096], [-0.7395051787792728, 0.5625456569731163, 1.992343594685983]]]], [[[[2.066877790771995, -0.08967674898106268, -0.39354217843170697, 0.5950742255737836, 2.954665153282123, -1.3086331986993343]], [[1.8776223795110383, 2.5209338519207654, -0.9237757249931905, -3.1900735509873934, -2.552732370602251, 1.4407313122658891]]], [[[2.820473066796055, 0.025356702770352464, -0.027626686128742937], [0.8428384703538474, -1.3429080169816174, -3.0469182231312923]], [[1.4077795832919267, 1.674769806068788, 2.0708703687488166, -2.7896818270913153, -2.8460132820364543, -0.06830530290396689], [1.640967506470755, 0.3038811070699897, -0.3793990023686678, -1.9241203860540872, -0.6101059037116497, 2.2134777433829074]], [[-1.9110159146630346, -0.19559545978723794, -0.41092516837454296], [2.163620151014296, -1.5257511491980917, 3.0480560931450693]]]], [[[[2.4124330240077025, 2.893304419984472, 2.9396277047569166, -2.2405538412564274, -1.0858014980286648, 1.2604611355502915]], [[-2.009925723557175, 0.6086499267023321, 1.7096554550081158, -0.10496888495125573, -2.245699808650783, -0.20773617131851646]]], [[[-0.4629651935673515, -2.7887329636735236, 1.1783464596413333], [0.9324697166899749, -2.474625599381714, -1.5603058140109745]], [[3.0370636431697515, -2.3344754122503506, -1.1082077811016466, -1.3997417187503263, -2.4794800749102452, 2.1064724371029637], [2.1943983226343304, -2.4422358205912302, -1.1054896025921557, 0.05119055050056561, 2.2413136756612997, 0.6612266553329267]], [[1.4580365355675218, 2.074100194316919, 1.1004127517743045], [0.5232629552189013, 1.1526396715893217, 1.7744715871116297]]]], [[[[-0.5333563599231774, 1.8893539281238036, 0.8276243472302443, 0.11082155477059807, 1.8651848397026989, -0.7205004194267106]], [[1.7515778483995001, 0.7736033007251911, -1.6377597874724985, 2.578937404922454, 0.8618634702886572, 1.2841821425550788]]], [[[2.5015944496001055, 0.2768198554477233, 1.9750908332651385], [-0.08310731835697512, -1.5342225431500935, -0.7108318990845639]], [[0.21574904740962308, -2.14241966352128, 