{"noise_params": [0.0, 0.05, 0.1, 0.15000000000000002, 0.2, 0.25, 0.30000000000000004, 0.35000000000000003, 0.4, 0.45, 0.5, 0.55, 0.6000000000000001, 0.65, 0.7000000000000001, 0.75, 0.8, 0.8500000000000001, 0.9, 0.9500000000000001, 1.0], "max_scores": [1.4140603758720856, 1.3116967406005733, 1.2183383599047808, 1.1383945783246463, 1.0180767692299968, 1.0300557023711336, 1.004718108509171, 0.9987669262338887, 0.9966049189664997, 0.9997623511140536, 0.9983889691201553, 0.9996670215512953, 0.9978985055882278, 0.9888178022518888, 0.9951992160897599, 0.985740070760049, 0.998223712644532, 0.9968922101045206, 0.9992195850022463, 0.9817485356625231, 0.999999999999998], "opt_settings": [[[[[1.1974033372171748, -0.4668117185114423, 2.8454923725674917, 3.5369295365190054, -1.4892453042284854, -0.9605995272768405]], [[-1.4333466288832708, 0.24036971137840446, 0.04359004454081165, -0.04352009062957722, 0.4348741720073802, 1.5756175292529746]]], [[[-0.27561366062388676, -1.2476934547022231, -1.6037093802199687], [1.7223965175945537, -0.6980281249322183, -2.3596555134633816]], [[2.6020058474323924, -2.3798925387148966, -0.37703825576298117, -2.4848774009425343, 0.8030931060808697, 1.801614166137032], [1.4422556746792035, -1.3015345435270422, 2.0365284752479083, 3.4143337316878246, -0.7519055966433341, -2.1324780041164777]], [[-2.742395064556064, 1.9963075246358162, 0.5492405312055993], [1.9476814833031146, 1.6104884327305753, -1.4257994166397292]]]], [[[[-2.44542236057364, -3.1678808851049656, -1.3570614951100053, -1.3456977766515397, -1.6057221122651852, 2.988095292448549]], [[-0.9246591405681547, -0.03825654574519983, 2.5512827539908125, 0.9834646965456859, 1.629232498577128, -0.9467454715168094]]], [[[0.420677371338818, 2.2171917888391848, 0.17021445872761806], [-1.4752540558389526, -1.187206193873196, 2.446852053977774]], [[0.5280066889286124, 1.1263954650283936, 0.6391588517996913, -2.9611050859806625, 2.4502773842259393, 2.639509625388113], [-1.422333366171614, 0.902902605253106, -2.5383907216097152, -1.5037085990711623, -1.6349427426416758, 0.7476483226442433]], [[-3.0756632068974934, 1.0441197672736307, 1.7569969911697971], [1.583209523127302, -1.642058786428239, -0.9683787817611593]]]], [[[[-3.024941718280939, 3.295752407529125, -3.5183602957021645, 2.1796546554392, -1.24594754672903, 3.3545659743145766]], [[-1.7966132660696028, 2.8198153795643637, 2.0991460048831763, 2.860415207050343, -1.775239078247522, -0.7080503402869729]]], [[[-1.3280372374122442, -2.145831232628368, -1.5576855826937455], [2.5864765354621904, 0.6087039445067353, 1.5859620082244443]], [[-0.3578331063103507, -1.7132900798555364, -2.400455459284438, 1.687291880344833, 0.051441632702400444, 1.3784705420800583], [0.47222257210677976, -1.9566694481875189, 0.8485103814559839, 1.785381391658183, -0.9139661665519608, -2.38476699169046]], [[-1.3389588124784093, 0.6011242059091008, -0.0792102326751774], [-2.9013878488289633, -1.693632644562641, 1.3051867707880547]]]], [[[[1.0793934667297176, -0.5955613542705787, 2.857214238433268, 0.22581288519074233, -0.45426901846906537, 1.3730564530395473]], [[-0.5285066826789208, -2.9501961273782698, -0.5707750499248351, -1.893570218622508, 1.4460411304035157, 0.6371368832797139]]], [[[-1.090611366697266, -0.048122739293166496, -2.1875633876880243], [2.926002220344287, -1.3944447912357762, -3.082211954728367]], [[0.5002719822346892, 0.9782716556820314, 2.418598652627356, 2.3135614784966676, 0.8356047830261379, 2.625441037597933], [-1.116749225141602, 1.4098315529740537, -2.136414443538505, 0.8803601571138839, -1.5991632705500456, 2.6219306257877335]], [[3.0496839748075986, -1.5005393929539805, 2.143647134219946], [-2.300756417985351, 3.4560490906430505, -2.354503131213183]]]], [[[[-1.307287106331187, -2.406750156931478, 0.41031663033443977, 1.064676493650285, -1.7622495664105828, -1.166245450964321]], [[1.4348546898883119, -1.2705518572150005, -2.203633676631901, 2.8032040209285825, -1.002012228259881, -1.1571670812631325]]], [[[1.0338954350430758, 1.2530630763282224, -1.4785524358676183], [-0.42651839597190067, -1.3282636832334827, 1.2604931714265586]], [[-0.5519668781757947, 0.9574933241304462, 0.6566887802549588, -1.4125257084385958, -3.243551138619584, -2.6588853736121396], [1.92219201131738, -2.4273696092206363, 2.020461082842793, -0.9516108863283307, 0.7121994585005778, 0.5897978046470005]], [[-0.2357449131131591, 3.116470328142194, -2.3555670966265994], [2.566197369714214, 1.3531127125842743, -2.079725509054567]]]], [[[[0.05517610093616311, -2.471584615576166, -0.30417067099841494, 1.6667002727314277, -2.469024336411273, 1.4638597123685915]], [[-1.8474287684991202, 2.057829641312403, 2.8397560241993487, -2.6716846860792343, 2.0071983786648917, 0.6674734144514636]]], [[[-1.0203634460858066, 1.8504517847668085, -0.8754011713340581], [-2.6333444123138134, -1.477647019846544, 1.3592891784242969]], [[-3.065480488476403, -3.2837409057687563, -2.0317353984913886, -1.0211338252116982, -1.4866831357662438, 1.131129021542674], [1.9517600712905196, 1.9116212814918412, -0.007154486891743418, 0.8000881676370086, -3.000360227774428, -2.389140246465095]], [[2.623673952686294, 1.781196877969914, -1.3260992698263128], [0.9873248837296851, 2.0930423013039974, 2.2723890359198657]]]], [[[[-1.4729125582781528, 2.028870428483932, -0.7285049690663263, 3.129599421020272, 0.5032785169915578, 0.8475966089049894]], [[-1.657342467944726, 0.5067903899704078, -0.6418401272061997, -2.222005995808857, 2.641846341946231, -1.4947451433583336]]], [[[-1.4170407443663586, -1.1860522721935947, 1.9334399706712497], [1.903998138450391, -0.15197939977182512, -1.9417440811146303]], [[-1.1595974358400105, -1.9846985998191304, 2.1049522358378923, -2.8124537441777098, -2.8994108047419833, 1.7248708055021966], [-2.55088916969137, -2.6780033568662156, -1.9516267319107896, -1.3325359562638983, 1.4791827943109925, 1.4415446026833676]], [[-0.8564515703726419, 0.9426820481199788, 1.4003249889226967], [1.4255022355868903, -1.945111676287564, 0.8011073668456892]]]], [[[[-2.4129505411050487, 3.8821450727020634, -0.8167979050909036, -1.0824145600197816, 1.651004760545367, -1.5645539743427206]], [[1.3419285493450936, -2.0940884979193766, 3.2811936108999706, 1.3072359954729287, -1.868489381230986, -3.1376166208234064]]], [[[2.6361548083935262, 2.3497977012769278, -2.2542510538959264], [1.4653933217995019, -1.6521957673721197, 0.13954018880244543]], [[-2.9503355922043655, 0.6784577885042415, 0.31065459073661705, -1.45221910623814, -2.801525402958514, -0.3436895799873123], [-0.3720119066840756, -1.2203661445723148, 1.3406082589313957, -1.0147983460380678, -2.4823506116010328, -3.1359530773519717]], [[3.0917700721493557, 1.6980369892016043, -2.728570188994722], [-0.808274048579927, 0.16036100491393995, 0.24270787775655214]]]], [[[[-3.502335895578395, 0.5816028091209441, -2.553921976295616, -0.8510978001957206, -2.8819952022635698, 2.368491006183655]], [[-1.992061173612171, 1.2883729633425074, -0.8096773880146633, -2.1937707425388653, -0.694842643176107, -1.8621869750133098]]], [[[2.1687472698462975, -2.8221301719415406, 1.2656288480945088], [0.4388118787355069, 2.2636167967659335, 1.7050479096246751]], [[2.584681618470579, -1.8870407463572854, -3.0098385186183547, 2.6941904838839923, -2.5850005799148157, 0.234029069224877], [-0.9505322125300931, 0.5876451730004492, 2.723802854898941, -1.283360948509958, 1.2109036941917444, -2.0739541706206466]], [[-1.4219113170428719, -1.8341274057841999, -0.3226013263687533], [-3.6626012133787915, 0.8899358811236708, -0.16848026943227884]]]], [[[[-0.31521876668665694, -1.6561920747849368, -2.669618408308745, 1.6242305101813928, -0.8691883844942121, -1.5862197556973583]], [[3.0783468570792927, -1.7855001960769183, -1.6119048562167708, -2.366357809361265, 1.495141075327407, 0.5357129473257819]]], [[[0.7035809852167102, -2.19505019801231, -2.6213405626137023], [2.975888696795296, -1.8263964107123523, -0.15133557949279458]], [[-0.19326360701903214, 2.4063572560417974, 