{"noise_params": [0.0, 0.05, 0.1, 0.15000000000000002, 0.2, 0.25, 0.30000000000000004, 0.35000000000000003, 0.4, 0.45, 0.5, 0.55, 0.6000000000000001, 0.65, 0.7000000000000001, 0.75, 0.8, 0.8500000000000001, 0.9, 0.9500000000000001, 1.0], "max_scores": [1.4141975211561069, 1.3109281340108203, 1.2184727852533483, 1.1383945890495573, 1.0749375069533984, 0.9203717878229472, 0.999052826582343, 0.9985301732706211, 0.9969951680846169, 0.9994906831198889, 0.9996936734770816, 0.9995993018339057, 0.9980055605443328, 0.9987465635760348, 0.9948325619301317, 0.9966624439324452, 0.9920735416222906, 0.9961092359151783, 0.9600445107687143, 0.9828650127760689, 1.0000000052683542], "opt_settings": [[[[[1.5715998689989177, 1.468254053071016, -3.1400579514911566, 2.301287324123693, -2.6411219780625084, 1.5717300472832687]], [[2.8647025048785615, -0.003946901929446, 0.035048795758204666, 0.06943774417471041, 1.9232794640433324, -1.8156986634406493]]], [[[-1.2499591278120057, -2.5469609186058135, -2.5289097099987226], [2.59121887381524, -2.049657629710932, 0.037950988285305076]], [[-1.3231193843621882, -1.227143030511955, 1.9769852406248862, 0.49750817530495556, 2.9968220929183946, -1.3945385537309103], [-2.9065165470251833, 1.591653252074143, -1.2481261083660637, 2.940827159241439, 1.7078720278086705, -2.2970623587852197]], [[0.5867800774958989, 2.4182138763167704, -0.21692336123296385], [1.3117353843002748, -2.156006412717568, 0.578515884571214]]]], [[[[-0.7903490400256705, 0.48574730160125035, -0.1514695977248609, -1.7067947150634644, -0.7834183125145922, -1.493238856524925]], [[-0.795611298240578, -3.0394071071188455, -0.23525556662277583, 0.7377736918821912, 1.8941922852572974, -1.2672555437953472]]], [[[2.7948620880561195, 1.5194852026027021, 3.1015904643516823], [-2.521842597665765, 2.8482036927578482, 1.7224916748828882]], [[-0.2500066351824335, 3.792928041319699, -1.4949085505629167, 2.3737254472454077, 1.7834242714402069, 0.9812980326830107], [-2.6180374669778828, 3.895486686078359, 2.364085137988625, -2.1909948213795474, 2.4387876319650474, -1.4498045002157238]], [[2.7579464618646874, -2.0513245749106837, -3.063938296528712], [2.4351254257037427, 2.7334918670330177, 1.16019533486793]]]], [[[[-0.43589517962615554, -0.1220997889163069, 3.200061202432344, -1.6241497052638727, -2.681234433263668, -1.895539717449504]], [[1.373488751669042, 1.0945320385702977, 0.5522467895575449, -1.2019169397041263, 3.161160630261221, 1.4762000072170018]]], [[[-2.7732892286100546, -2.069346871778245, -1.1567919365008215], [-3.0507590737468875, -0.31890703632682993, 0.5003952691630076]], [[-0.4677617950912007, 2.4975505654025327, -3.0414454395970436, -1.901751662323133, -0.6693712187688589, -2.685098965643954], [-2.9891380159072014, -1.236873355913295, 0.9645631677355755, 3.1296154642553957, 0.6458706272470215, -0.7456151915500804]], [[-0.9522433149203146, 2.8854191446603585, -0.008589905788393528], [-1.78569820823015, -1.46540238296134, 2.050000171983582]]]], [[[[0.48957245076855666, -3.308935935853298, -3.185754599806276, -0.6791040388051398, 2.2360366937610925, 1.6889809477838016]], [[0.2923265201592053, -2.9527116521926957, 3.363407280893201, -1.0602556454163305, -2.780452156376576, -1.4664592610219813]]], [[[-0.19281876112482607, 3.470541816464491, 1.2558159486154226], [0.9020439211567788, 4.780829624195122, -2.553816736646805]], [[-2.2515387663085598, 3.3139727620465607, -0.02571770357890548, -0.8014304012482043, 1.201093920245684, -2.027845307197497], [-2.073158856546439, 1.6906403667906122, 2.588911922069583, 0.5123756168425476, -0.3629477126936468, -0.2472260563729045]], [[1.4745982766771673, -2.819572263149385, -1.1645030536400496], [0.5189780269363194, -1.4390331507332284, -1.9671107894080764]]]], [[[[-2.2083817487451283, 0.0671181218345235, -0.47216876301699345, 0.16154604110301574, 1.2113492797854741, 1.7497925349318786]], [[-2.8443905779585186, 0.5627762326186535, 2.6565740124232686, -2.3270253737105544, -2.650199746639484, 1.8247771881104895]]], [[[2.612051595846223, -0.6823519667389962, -0.43004203075802444], [1.8022794210236255, 1.0615897707281046, -1.2444215296218097]], [[2.482179334711572, 1.7293991269301074, -1.7393096705205868, -3.286614654245666, -1.770717412325416, 0.015264539746858574], [-2.258237326174476, 0.8693125294773976, -2.6259453109538646, 1.8693394196064097, -2.3132604059616146, -1.2579578744326676]], [[-1.8911018961176325, 1.06416346069585, -0.5150355942123372], [-0.8988269010381366, -0.861308866678296, -2.666916905389508]]]], [[[[1.4725695827136467, -2.75274160139553, 0.2889410925543332, -0.06730987694744918, 2.08389863697058, 0.5787138674410524]], [[0.6669704648042563, -0.1047848338654447, 2.4841940174802786, 0.447893515982389, 0.23425760907642457, 1.0912740413978006]]], [[[-0.9032111680177245, -1.15103002596226, -2.6945965736277215], [0.4259357198616641, -1.5222744757687359, -0.5594029859475094]], [[2.380547041293515, 0.8756538449250307, 2.9109408183873953, 2.7590498656875067, 2.895969352467266, 1.1976120870898983], [2.3625746890781865, -3.2101368787045956, 3.0724579995477557, -1.5275798764960293, -0.8502757470114508, -3.053220503256863]], [[-1.559230023062708, -0.11104442280669964, -1.4240033568500616], [1.9184701548416816, 1.1917315442959902, 0.4694643420133913]]]], [[[[-1.6872065199424113, 2.5482364041680174, -1.5489937656403667, 2.353081871364306, 1.3544264822378125, -4.573454341876435]], [[1.6548775181146722, 1.5979113651091377, -1.6843887664747141, 0.9129208114089761, 2.3031957537508827, 2.763276893947087]]], [[[-2.854306059289893, -0.07270526209500365, 2.1424534440586145], [2.4181612335414484, -1.855790133539386, 0.006965751747473265]], [[2.9092961401082764, 1.299410703666394, 0.8157877329878799, 2.004757762839682, -1.9238410057069395, 1.4857528607287795], [-0.17906960772862246, -1.415124176284283, 1.5904277023202171, 0.3550137590514544, -2.4609711748525713, 2.3863926487590836]], [[-1.0487301108624154, 0.5583067654382884, 0.26325020066103], [-2.1804294216903095, 1.6888349195683499, 2.0362826287288307]]]], [[[[-1.528448177116095, 2.0111763372457236, -1.3916202502944663, -2.4835686438233955, 1.7872195838657396, 1.5939489078929554]], [[0.5641524517971103, 0.9150297893273076, 0.9091243883444994, -0.5291890839109772, -1.0787944664841331, 0.2700624534703447]]], [[[2.6960400677378544, 2.488799974373156, -1.5363984529518215], [-1.188671332049491, 0.005070022453696763, -0.7448665213423766]], [[3.2229343993152937, -1.7917705995754154, -3.130501135384138, 0.689801441336558, 2.508778159399333, 0.9756097637500565], [0.31076347533214055, 1.6201626925543606, -2.216922623400548, -2.8107742471482062, -1.3354368809107562, -1.7129516820713204]], [[-0.04725929168158164, 0.09109632868130244, 0.8628258203503512], [-2.264754346486347, 2.0299889878132715, -2.4677033767473935]]]], [[[[-0.00820915202460502, 0.8594080950875576, 2.49232851468133, 2.2108208099415543, -1.421287437201083, -1.7802648707939701]], [[-0.16698538992657252, 2.2567035114790035, -1.2421052512628217, -2.595036820820905, 2.3615389750233633, -0.2137560396230307]]], [[[-2.563504559298703, 1.591407549781476, 0.5052514169003631], [-0.7795016461817713, -2.4417082116307474, -1.7938204135782767]], [[-2.5239801705973246, -2.6954352918022453, 2.1705218699448627, -2.800364832884665, 1.3186574215492262, 0.7620958500019915], [0.3753246053952546, -1.568621145610273, 0.15937745063399433, -2.350438966965779, -2.528480066099407, -0.719582259280215]], [[-1.7460944662574212, -0.7733881854707657, -3.0486266110536753], [-1.0748520518058233, 0.8341416695369398, -1.7891919410047972]]]], [[[[2.38271465570414, -2.626350270644071, 2.2037566509160373, 1.4071804772636358, 1.852406389342309, 0.8316746175251611]], [[-2.102241138113547, 1.250760196223364, -1.7944227902472993, 1.1074062425809754, 1.136545415190744, 1.8366513270336848]]], [[[2.0576377706693525, 0.9681409870106537, -0.6343557804737723], [-2.4111593584477613, 0.8247570348969815, -0.7964442612326625]], [[0.22220542208268812, -1.6445930445946781, 