{"noise_params": [0.0, 0.05, 0.1, 0.15000000000000002, 0.2, 0.25, 0.30000000000000004, 0.35000000000000003, 0.4, 0.45, 0.5, 0.55, 0.6000000000000001, 0.65, 0.7000000000000001, 0.75, 0.8, 0.8500000000000001, 0.9, 0.9500000000000001, 1.0], "max_scores": [1.4126452278792834, 1.3109323003542523, 1.2119867995273341, 1.1154532171724139, 1.0749736489357604, 1.0301052040143766, 0.9997963509368311, 0.9995630633523382, 0.9981558343756425, 0.9993609543653368, 0.9991699821126598, 0.9994558370889627, 0.9977498818456632, 0.9967642431358056, 0.9981636753605372, 0.9788923135786609, 0.9988111937300075, 0.9921510600413694, 0.9485436700927031, 0.9974514563089384, 1.000000005268354], "opt_settings": [[[[[1.5700153834133186, 1.5458505656071024, 3.133924869656506, -0.29691073799778755, 1.0571111644574678, -1.575876971498814]], [[-1.941914372575325, -3.0094373967948487, 0.01490149446601192, 0.9839064933764434, 2.8749697467642767, -1.573732130422098]]], [[[2.921776366188086, -1.5656763439400736, 1.0944884501279917], [1.2207521956832887, 0.04662212741599156, -1.1353098575099645]], [[2.932822216604081, -1.8940534184830402, -1.4517829073769575, -1.6801724051631495, 1.5038557218557798, -1.785880916689486], [1.2116094946294607, 1.1838084606874106, 1.1540085067493673, 2.8920240940147983, 0.22777789324007033, -1.1149774173094746]], [[-0.8071043994111535, 1.5481395690359236, -2.953297857691908], [-2.3785845247018864, -0.952398531676092, 1.4153511236577563]]]], [[[[2.1828324559482337, 3.1614099304189947, -0.6409443892805747, -0.742121016248993, 1.4427781440276572, 0.7096856511840961]], [[0.8161871911485544, 0.04075186435510646, 3.0571362448360695, 0.22977359615326137, 1.1569077629132969, 1.6928089956600958]]], [[[1.827884648636988, -1.4977167757583778, 2.29026758757512], [0.10835612474646393, -0.3943933686401802, 1.398217320899227]], [[-1.89441771036077, 2.2839671668238406, 0.7116328063044244, -3.2101388776174637, 0.09498137635613271, -0.41546597140317454], [2.608773067501625, -1.3111197071175953, -0.7386847231250511, -1.158947750143762, -1.6056197977080948, -1.5251777960340165]], [[2.9591440134693094, -3.0486321807038705, 0.3040292457650793], [-0.07119690941911053, 1.4868406582821052, -1.611524376557332]]]], [[[[0.5155972554553029, 3.1370199365650877, 2.252517954374014, -0.18583328286254974, -1.6571287102970338, 3.0875588113594676]], [[-0.3833978909238468, -3.173753391242068, 3.211621312309474, 0.183447692170581, 0.935076352332962, 1.234255282591599]]], [[[0.539054300730229, 1.832105468367888, -0.20605062853501546], [0.043083337005805133, -2.8015632072213994, 1.2440525435290022]], [[-2.4024820590590106, -1.6579667520974548, -0.29662639900497684, 2.509158679441094, -0.7502425220001763, 0.5404675337552527], [-2.594560958924462, 3.0639229024011803, 0.6963886127935051, -2.858540213268918, -2.199149262350212, -0.8894872054447654]], [[-2.1047285382799714, -1.487147652465151, 3.1222765226304467], [-0.5268328655907949, -3.0864958727353424, 2.2549831456146467]]]], [[[[1.176493067380867, -0.7972772847173355, -2.7757803521359135, -0.1506350994087126, 3.037762751048201, 1.5518375493310697]], [[-2.1933444396351702, -0.38892463460739635, 1.6957211354001207, -2.0926035254751, 1.4818966840494494, 0.07834337678573984]]], [[[-0.9063746123145245, 2.534874748610784, 0.058483906625934584], [-2.5049710895117174, -1.7422502411468106, -0.05092083216991543]], [[-0.9626748105078925, 1.2700771019332788, 2.861655491199927, -0.44342791904346845, -1.674792605330475, -0.2516508487978627], [-1.9322507767636248, -0.9103412340911534, 0.9143565331327135, -1.8981752394283782, -1.8535076955160492, -1.1441400933190649]], [[1.0941740925212429, -0.1675005942897196, -2.4312372019187456], [1.2327219902470503, 1.1708233397390055, 1.7722583041332731]]]], [[[[-2.706345591431033, 3.3897047475976043, -3.0132038281239466, 0.3138684525265552, -1.0361820808382116, 2.549837579710621]], [[2.0187963910614477, -2.5412048088609094, -0.7963688331665265, 3.34476382259138, 1.948678540099963, -2.8694803674136606]]], [[[0.3207722380887058, -2.206280699271579, -1.0813631298165551], [-2.5885475953799055, -2.5964383838824516, 1.940105665816434]], [[-2.7249172197620855, 0.42753307832589443, -2.7735395546670065, 0.8765049175470334, -1.0667854866918467, -1.7078736631456508], [2.307757746140988, 2.014967592448194, 0.5451818159559041, -3.0218035332474193, -0.6858554755013809, 0.3784224641388886]], [[-0.6120106648182237, -2.7538292756838567, -1.879990861622369], [-0.7867020357973284, 2.0678071301548955, 0.8910070277544406]]]], [[[[2.992778896561215, 0.08742379748438724, 2.4652875477772156, -0.13551779666682323, 1.0940184579300143, 0.5109723414823057]], [[-1.2810276642770166, -0.8122416614365312, -2.6790690717188737, 1.0522167709128607, 1.3084011994600806, -2.48723445362206]]], [[[-1.9703901367153522, -3.2619256654426168, 1.5373406283030455], [1.9054044372050563, -1.2777197265373919, -1.2230551908820007]], [[2.133963673900194, 1.0579983952012477, 3.0571712917714198, -0.9350153642894283, -2.2178650708254213, -1.3717672582277105], [0.42739828707813615, 0.6754608906262564, -1.917805489138111, 2.8389241965698218, 0.7910367246898063, -0.36246651945447494]], [[0.0018382055968596605, -1.7705770741086193, 2.8720633477623467], [-2.109273171958384, -0.1084847389134307, 0.557956636924331]]]], [[[[0.34154623022570596, -1.35050960509594, -2.669622720373157, -0.7657070128574589, -2.8910440125480226, 0.2985625826739689]], [[0.8159150773404702, -0.7681123624053918, -0.7721571602582274, 2.710044784184534, -2.551196594510589, -1.4470314254848393]]], [[[0.34490635584242135, 1.7460948001275718, 0.2372208470813854], [-0.17738006308209855, 3.218814817993512, -0.6398735121948691]], [[0.5893554746741595, -0.5412229689509258, 2.5309710208478418, 0.718948400248923, 1.210146792137614, -0.7370514776039596], [-2.391715347305784, -2.726069375005715, 0.9249262404128434, -2.874744509043093, 3.0487434557843702, 0.6299308631203431]], [[-0.6128854493292718, -1.040065064332171, -2.9136470507479046], [0.6470599870525383, -1.7286647202789744, -2.3335702468942183]]]], [[[[-1.889962090892132, 2.475743754503734, -1.9694780435041448, -1.3289916387221337, -1.9555534708804414, -1.0593480518092477]], [[-0.07433865461637619, -1.3140710225414924, -2.2986606326806838, -2.3427125111124325, -0.5989019002643021, -2.825561502897021]]], [[[2.6160971640580644, 1.4166135028710158, 1.5884384727764287], [-2.8075621729153237, -2.9341094171873143, -1.0796295408667733]], [[-2.7855921729247552, 1.5668978623731913, -1.3050076386754677, -3.2213411313154823, -1.7239091014323569, -1.441073059670684], [0.33793819966323535, 1.7724662909480473, 2.5699738102815903, -3.1734738679373153, 1.22220011969667, -0.003756282004767571]], [[-1.1871533601768933, 1.6338695448636744, -0.2921526504090244], [-2.1383492364835286, 3.5711981016779184, -0.07639674964149454]]]], [[[[3.4658472743113813, 0.0029422205275529334, 1.8133912483323897, -1.8124678327387223, 1.2719487362808732, 1.496153392577119]], [[-0.39073649449320647, 1.9997531848730419, -2.516599660780173, 0.18101093463027915, 1.0096837277005961, -0.9842854414118453]]], [[[-1.470136595201984, 3.0777490039296267, -1.2281298889251466], [1.5718121032850836, -1.845634440428506, 2.7921696710793444]], [[-0.4337200807349898, -1.5743413744697314, 2.271833138024454, 3.10279993730997, -1.130670507496051, 0.4823480681822682], [0.32030954577137194, 1.717443527884461, -3.048917555393402, -2.2559200281048146, 1.687086269060654, 2.017533300374419]], [[2.249677992345239, 2.5952153755424616, -0.5524858080212561], [-1.8510007177154522, -1.5976455147752997, -0.06803406233478804]]]], [[[[-1.883060794410003, 2.2136266767984103, -2.8688675135835524, -1.2006001984358883, -2.46365699235299, -2.737200944328894]], [[0.18080762801992734, 2.0216800489766, 0.7375089438927503, 0.5486424473927803, 2.4287723925805733, 1.3453328523637786]]], [[[1.2163871285961965, 0.8666719692640058, -0.5032539226109902], [-0.7825514041437247, 1.7058760460176827, -2.725608351835497]], [[-0.6978372021228918, 