{"noise_params": [0.0, 0.05, 0.1, 0.15000000000000002, 0.2, 0.25, 0.30000000000000004, 0.35000000000000003, 0.4, 0.45, 0.5, 0.55, 0.6000000000000001, 0.65, 0.7000000000000001, 0.75, 0.8, 0.8500000000000001, 0.9, 0.9500000000000001, 1.0], "max_scores": [1.414213562373095, 1.3095800853708792, 1.2066482503198683, 1.111305538544643, 1.0039920318408901, 0.9354143466934234, 0.8602325266860298, 0.7968647038286307, 0.7483313825155135, 0.7176052975995847, 0.7070492238264793, 0.7097088812691374, 0.717616970696519, 0.7304325179452036, 0.7497378101618989, 0.7731409762607168, 0.8018134628326935, 0.8411385668859714, 0.8677091742890704, 0.932508999140126, 1.0000000074505804], "opt_settings": [[[[[]], [[]]], [[[2.9193282723535003], [1.3438046732358075]], [[-4.151319729302907, -1.2995396464878908], [3.702069353339055, -2.877410530466384]], [[2.626243753578021], [1.050720154461167]]]], [[[[]], [[]]], [[[1.8967507359975064], [0.2945723702121274]], [[-2.034051844277959, -3.1220603250603283], [2.6560830231380783, 1.5533271864170235]], [[-0.8013014610839736], [0.800877047222374]]]], [[[[]], [[]]], [[[-1.5829544265334576], [-0.020617910700316825]], [[2.3029125462409863, -2.26634729750988], [0.8072871676247283, -3.774701095424572]], [[-3.0168619656629985], [-1.4545522399550836]]]], [[[[]], [[]]], [[[-1.6384175672637549], [-0.0694749094672172]], [[2.273357045479, -0.32358578631745916], [0.7313463502123749, 1.2441474623495405]], [[-2.682224093906114], [2.0320280300585485]]]], [[[[]], [[]]], [[[0.6968797404619674], [2.2268790918256425]], [[-1.66164992353035, 1.1528771298587002], [3.010816464495502, -0.4190293462689354]], [[1.917388943484778], [0.3874168108801071]]]], [[[[]], [[]]], [[[1.5281781362917544], [-3.1028694947737807]], [[-0.7356545417170428, 0.6970582012580226], [-2.393534435252034, 2.396153042336814]], [[-1.544285548207995], [-3.1948972859708]]]], [[[[]], [[]]], [[[-1.600720689624198], [0.22372630642705388]], [[-0.7870496014684543, -1.1074986191857294], [0.9178280795766969, -2.6514969831271844]], [[-0.17560406530591882], [-2.0005581434422504]]]], [[[[]], [[]]], [[[0.8161523396554217], [3.4355340833537658]], [[1.4331068719319267, 0.7325903194516412], [0.5736274169074819, 0.10959996825410695]], [[-3.287982908966442], [0.31017231411291224]]]], [[[[]], [[]]], [[[-3.7694360468063253], [-2.078152308212123]], [[3.249021969862366, 0.5467538442861016], [-1.3520791868690238, -3.7011356204462835]], [[-0.002752644538927672], [1.6580878661297114]]]], [[[[]], [[]]], [[[-0.8372444303958172], [0.7591157314381553]], [[-3.2484029546809214, -0.1407817924600116], [-1.4627654594513118, -1.4581129168597677]], [[3.8794267142620296], [2.3373091293656283]]]], [[[[]], [[]]], [[[2.5098222188756973], [-1.3275796190574871]], [[1.8243386362594107, -2.4108884176802547], [2.1571838236170655, 2.7027806470392512]], [[2.506155965088239], [-0.19263479489858507]]]], [[[[]], [[]]], [[[-3.6253760361513336], [-1.768934760844324]], [[-1.1318142108765115, -3.128175806381911], [1.8165167519645729, -0.17783681997312153]], [[2.5667346100371784], [0.6299811976498537]]]], [[[[]], [[]]], [[[-1.5531681231997876], [0.759992633858657]], [[-1.0805194672110743, 0.5717160537456341], [-1.8337640124506955, -0.2715338823662157]], [[-0.31024002939904227], [2.608606016507391]]]], [[[[]], [[]]], [[[1.3079388315702918], [2.9216565040438756]], [[-1.8799410945718076, -1.1209630575318443], [-2.239145418246876, -1.9880794402668414]], [[1.5155176328479922], [-2.4656518783993735]]]], [[[[]], [[]]], [[[2.7413802278740538], [0.4279489873473884]], [[-1.1966826907102162, 2.152299777595152], [2.8623779410623396, -1.2497860772109433]], [[1.4968624961022157], [-1.2962189711504832]]]], [[[[]], [[]]], [[[-0.5218421493795845], [1.6279704799988575]], [[0.17245825526921066, 2.8407759990072563], [2.426664896533208, -2.922972213470966]], [[2.318421076715404], [0.4778230016939258]]]], [[[[]], [[]]], [[[1.2272257027629714], [2.3884667203380383]], [[-2.4194348699029424, 1.4805628925002068], [2.5927628817850326, 2.208655054378808]], [[-1.7880318596687828], [1.6120911564215543]]]], [[[[]], [[]]], [[[-2.691740235395677], [1.1710016696702166]], [[-1.4789357769006017, 2.613310664752202], [-2.1660546353060157, -1.8315188097869202]], [[-1.5658271480702357], [1.2707841539033025]]]], [[[[]], [[]]], [[[-1.8940366606451824], [-2.2489142833943156]], [[-1.7947317915859302, 2.235517053194995], [1.319428623311947, -2.437013648405174]], [[1.3334854115771282], [-0.7245416150218982]]]], [[[[]], [[]]], [[[1.461733672304081], [-0.10427336490753347]], [[1.1844718962415415, 0.580158576188222], [0.9707294719728475, 2.688175551305347]], [[-2.447594507407377], [-0.06497163516609161]]]], [[[[]], [[]]], [[[-2.513562478100793], [-0.4697308580576043]], [[1.9433424270871038, 3.0798565963184927], [-1.3808146994056256, -0.5464445821522945]], [[2.458124187782526], [0.30559528350383935]]]]]}