{"noise_params": [0.0, 0.05, 0.1, 0.15000000000000002, 0.2, 0.25, 0.30000000000000004, 0.35000000000000003, 0.4, 0.45, 0.5, 0.55, 0.6000000000000001, 0.65, 0.7000000000000001, 0.75, 0.8, 0.8500000000000001, 0.9, 0.9500000000000001, 1.0], "max_scores": [1.413429873475655, 1.3095728831933262, 1.2061739158120952, 1.1050997909905536, 0.9339930435926342, 0.9347058430252564, 0.8593284791086364, 0.8259803699992467, 0.8035169742982395, 0.763284079208485, 0.7602451359827209, 0.749502805766511, 0.7368360610293476, 0.7492240757184445, 0.746317529384105, 0.7688525479633026, 0.8029436149512403, 0.8370745268143908, 0.8780575738177635, 0.9279520557236631, 0.9999999999999982], "opt_settings": [[[[[]], [[]]], [[[-2.715665348841477, -1.9291380547545296, -2.8453627507258776], [-0.9013279411307978, 1.1215783044182717, -1.2443824189275325]], [[2.8395855366358758, 1.4785662269772677, -1.4946768136820252, 3.266519822357344, 1.5298364164882434, 0.6260892042880338, 1.4214698760706295, 0.737227571506381, -2.6337527504246347, -2.965332232768074, 1.2385604510820503, -1.115088469462025, 0.29522711211258756, -2.6829867529115297, 1.3806720720889025], [-1.5418444417379422, -0.15257688825392796, -0.1333020626502179, 1.0030331071639174, 2.6139094571125314, 2.568504657137709, 2.170784352657805, -1.8928865587539978, 1.2028463022280969, -2.1687784245403594, 1.7553095535692778, 0.9296652433919206, 1.38640556716507, 0.78658020732072, 2.2443795180376513]], [[-1.865248139313446, 1.8283728473249536, 1.2892965254233824], [-3.718073351950419, 2.649337648617862, 2.184097780652638]]]], [[[[]], [[]]], [[[-1.2831818094421814, 1.3383387193191718, -2.4412505692735356], [0.32983891064686005, -1.669893354948917, 2.9043953069471646]], [[2.7342154068376634, 1.8737255729733413, 2.9391496871318297, -3.2368581759930932, -2.1104798828565015, 0.21742575963908625, 1.5231779298342307, 0.47473568126573873, -1.6250780873978794, 1.6181005243589062, -1.6939671963187053, -2.5757876119496044, -3.0663815717625993, -2.9325706056873946, 1.0462646415159913], [-2.1374446496920463, 2.111128338308407, -2.2045840140744297, 0.04856404292974988, -3.343586460203397, 1.6311074087152448, -1.7759593124054889, 0.7357048153631485, 3.2032639482949095, 2.949636701510522, -0.7887797321014562, -2.2612628055864774, 2.6574725906864267, -2.3160641834455715, 0.07717507810270302]], [[2.8490023536337525, -0.034564381044126694, 0.7015949164755266], [-0.8145707079045404, -1.5024198721960595, 0.8276793752032998]]]], [[[[]], [[]]], [[[-0.13877740112746847, 2.149236508955305, -1.8537431551142884], [-2.1198933596426768, -0.9743954786988174, -0.9329550578965369]], [[2.210170484615888, 3.021067172350353, 1.0550834035329062, -1.0106140588641337, 0.1549856871485669, -0.6773394585235222, 0.6994591069240288, -2.246205356310075, -1.583789845280339, -1.3052975767188166, -0.8363945692326036, 2.645230015087839, -1.9560095530909958, 1.3375089306785517, -0.2515985361375684], [3.550731924347939, 3.401398217298263, 2.300620294051619, -1.8414352580062205, -0.5293002306705133, -2.3464396459932493, -0.4133272037104835, 1.0380507551125444, -3.431440216977343, -1.6392252040771347, -1.711708957475788, 0.2223567421825409, -3.3220174022318307, 0.44951570980469363, 0.36477095800496506]], [[0.9784591931874989, 1.4217120322559733, 1.2913560417231569], [-0.5328699556002259, -1.3684428052307627, 2.791138531236415]]]], [[[[]], [[]]], [[[-0.37079034431519226, -1.4617447617305286, -2.9070350349578904], [3.2217926660979166, -0.10849619989780164, 0.018658820351429586]], [[-3.447977628072157, 2.0210323074766467, 4.91668161435239, -2.208055702722003, 1.585654923498537, -4.85163649884939, 3.3489569942482422, -1.3222512715450796, -1.3559724881943949, 4.729131122259825, -0.981921058201067, 0.20295018137486484, 1.5217147174387617, -0.6749113029103357, -2.426606576847928], [-2.483519622699268, -3.261566403456311, 2.6928399015935005, -0.5898427900374272, -1.8110066221359364, -2.566345050112814, 1.675391235329188, 1.3937619629098197, -1.7201276787472695, -0.307437682277878, -2.164399759556873, -1.5118397263200527, -0.1354927991139854, -1.7748062693868207, 2.9519424571488146]], [[-0.21840419648697593, -0.6111913274154123, 3.1331197958207486], [-0.04431650193582546, 0.9421409692063348, -1.634993921692735]]]], [[[[]], [[]]], [[[2.6240830868760727, -0.849692633726747, -0.6600443471527319], [2.8599135608371795, 2.318680781693396, -1.850564233026891]], [[-0.8623219536482768, -1.005742276452929, 1.2393831992574391, -2.76322346643989, -0.511182208073262, -0.062340824205751495, -1.370070908616759, 2.3542691053250553, 1.3284988395492396, 0.15236953040012433, 0.5990592669879929, 2.993443690513942, -3.6643461122029497, 2.6427792912017356, 2.9187276654015974], [-1.26804006619949, -1.75485172528568, 2.5474087567046264, 0.7773976006218031, 2.399517858618994, -0.2066142162342453, -1.6991770788207339, 1.8892218740196283, 0.6812921647206539, -1.3787133258822752, -0.6643522466668323, -1.001104631052082, 3.1978820835853994, 0.2627783203752805, 1.3825910506597285]], [[-2.8688090968278566, 3.8852870059802136, 2.735959827681895], [3.085242313216741, 1.7709955861397921, -2.2927959044944894]]]], [[[[]], [[]]], [[[-0.8257881125082411, -1.9465512783286048, 2.8772802443105885], [2.396489821945285, 0.434084567457326, 1.714791585473126]], [[1.7205910121432861, -2.508934508202712, -1.2049815884330815, -2.719507754486045, 0.09256102255549921, -0.9370710349955602, -0.31230027096647545, -3.1149586472717243, 2.2879358852763554, -0.9000461868666301, -0.9908364932792184, -1.649543924879587, -3.0413439780688165, 2.5407042031668885, -2.712744515132307], [1.47494631791752, -0.11678742629507011, 0.666467300455487, 2.5195985763562456, 2.7830277229934333, -0.4397062504101163, -0.7509144914567304, 1.4738037646666633, 2.27354836490292, 1.8342406434521976, -0.46345321085582564, -0.5484157539626122, -2.8718832429231753, 1.3769310566057964, 1.5202630982613448]], [[-0.5660419571603231, 1.783446558526488, -2.5649860511549374], [1.0958814625070556, -1.4205792443116194, -2.717217994159719]]]], [[[[]], [[]]], [[[1.762255859740735, 2.0464634775711907, -0.05027619968513834], [-2.3455661073078993, -0.37359135165763463, 0.5070386476452372]], [[-2.740312537142216, 1.4183459919020722, 3.144969359874169, -1.0299992509591618, 0.48225392148356283, 2.142962172583744, 2.9860246893447866, 1.5622557589518102, 1.3986281863122614, 2.7776515835296345, 2.9551393867923714, -2.146162851765133, -1.282570894005514, 1.7125688179439642, 3.0206627365644128], [-1.383178253422538, -0.17338622502398388, 2.29609038249575, 0.4675847669995812, 1.9678464070781645, 1.188911104423922, 2.828614424122558, -0.4565365119943487, 1.8106944506334293, 1.0847672947139941, -1.7566787765213505, 3.263702186873521, 1.1864614646252698, -0.6890163560462992, -2.096622701168626]], [[-1.7175985938220997, -1.9979486228571568, 2.8737437157974206], [2.763516002196983, 0.3036681425936774, -2.7962639140107175]]]], [[[[]], [[]]], [[[-1.8674304098686407, 1.3842763961796742, -2.6250559950022576], [-0.9092254246653332, -2.4352471088792367, -1.0590045885726833]], [[2.935692889811115, -2.9989152684401987, -2.8897542235183926, -2.9211763580476258, 2.8237888376810276, 2.999039180464046, -1.2885912699899753, -0.9566343477889959, -2.6941157007612206, -0.30750508867945014, 2.4825245684513257, -2.1581428309449473, -3.0406224203460144, 2.8491331716306236, -0.9360510747421804], [-0.21403294776140408, 2.2926515851526874, -0.580942775388543, 2.1991526988490437, -2.788510904034889, -1.4035500556220433, -2.250673875791396, -1.4644107957659214, 1.7363952648251633, -0.1117236609041991, -1.4764233942973826, -0.2812088738121717, 2.658575765891527, 1.6493337465767546, 1.6546028807409456]], [[1.8265099718904545, 0.24548660225413457, 1.9899958246948435], [0.04434669384688348, -2.4135101796849736, 2.916443599552421]]]], [[[[]], [[]]], [[[2.01197567719352, 0.255379639450823, 0.7929920642105085], [-1.6818758196353139, -2.8552465284917967, 2.3626736989926957]], [[-1.5829159623632676, -3.020290480285756, 