{"noise_params": [0.0, 0.05, 0.1, 0.15000000000000002, 0.2, 0.25, 0.30000000000000004, 0.35000000000000003, 0.4, 0.45, 0.5, 0.55, 0.6000000000000001, 0.65, 0.7000000000000001, 0.75, 0.8, 0.8500000000000001, 0.9, 0.9500000000000001, 1.0], "max_scores": [1.414213562373095, 1.3093891705677114, 1.208304597359457, 0.8417560290608693, 1.0198039027185564, 0.9354143466933539, 0.8602325266975736, 0.7968688202486244, 0.7483314088070263, 0.7176244315461144, 0.7071000345295106, 0.7097413324766487, 0.7165152208315502, 0.7306318423353136, 0.7496807271668753, 0.7730688980621058, 0.8041793358555759, 0.8363574304734557, 0.8790443155180572, 0.9298672326540539, 1.000000011780402], "opt_settings": [[[[[]], [[]]], [[[-0.45756738322892954], [1.1243044491800465]], [[3.462674170441723, -2.0091534279246037], [1.9159152189839543, -3.5535972361019774]], [[-1.2047472044529124], [3.4965662700015034]]]], [[[[]], [[]]], [[[1.8238014028737422], [0.22342422578736726]], [[-2.134048483526359, 1.2171670257200569], [-3.6746299126110036, -3.4537898262243685]], [[0.4390060314528194], [2.0393832687263194]]]], [[[[]], [[]]], [[[-2.4150461202743405], [2.317201649689324]], [[-0.04285961996178714, -0.10528702406651771], [1.5152182320936656, -1.654788753680278]], [[2.2709890384127585], [-2.4612586386723883]]]], [[[[]], [[]]], [[[0.9645561205313593], [-2.130641105919334]], [[-2.1446545741682557, -0.9896705929191516], [-2.1524475679268815, -1.0561625412487514]], [[-0.9714311384804516], [2.0005532905648122]]]], [[[[]], [[]]], [[[-1.2702806859369349], [-2.8612429451943884]], [[1.0991207782673496, 0.8327802290452291], [-0.5163579341976867, -0.748665794015527]], [[-1.5189110133123145], [3.173230017853056]]]], [[[[]], [[]]], [[[0.2970577603970891], [-1.415749532925133]], [[-0.6079823124673885, -1.3579808263090094], [-2.104052655625904, 0.12333039762654846]], [[-0.5596804072579687], [4.010401505694095]]]], [[[[]], [[]]], [[[1.7311516151895006], [3.2747932582683674]], [[-0.5840856596826547, -3.235612304014979], [-2.274593908161725, 1.3689971899568398]], [[0.6301035127402366], [-0.9149338950734726]]]], [[[[]], [[]]], [[[-2.901568948540242], [1.0604098421347155]], [[-3.3996328470180925, -1.7651501924512671], [0.570791411424441, 3.077901396360312]], [[-2.786410367016925], [-0.5001660141577539]]]], [[[[]], [[]]], [[[2.3217761120912277], [0.623065126054889]], [[1.4476430702443426, -2.7060984742484147], [3.024655175962107, -1.3435060020133458]], [[-1.970092484690343], [2.604982426494728]]]], [[[[]], [[]]], [[[1.922437443886233], [-2.5134628052265438]], [[-0.09542779832783775, -0.596152197503971], [-1.9593805451174056, -2.273220788466297]], [[-2.8611018736886016], [1.5518403163235424]]]], [[[[]], [[]]], [[[-1.9327403238593248], [1.885606920145385]], [[-1.5313284625079586, -1.240159288122131], [1.5331131234674784, 1.5439182820817383]], [[1.1489157426696899], [-1.005200582274166]]]], [[[[]], [[]]], [[[3.8954181943924775], [1.1933838369422225]], [[-2.355393523959817, -1.4176623739669352], [1.0151809108827168, 0.8167793720962289]], [[-2.0543386501811454], [0.5262509219525662]]]], [[[[]], [[]]], [[[-0.8505821079663114], [0.5281381112050145]], [[2.3485823463375874, -3.3809218138161006], [0.926210624366682, -2.788633188400943]], [[-2.2264014877204072], [-0.7441314717134705]]]], [[[[]], [[]]], [[[-2.9129456281282566], [-1.4976870972521839]], [[-0.8789324117932963, 1.2075574941863556], [-3.3300347947242335, 1.0432762470074415]], [[1.5516197856123344], [-2.5426225044674537]]]], [[[[]], [[]]], [[[0.6506264882137186], [-2.965645534322044]], [[-0.1270819274390464, -2.264468867451661], [0.23638250334897162, -1.751408904454352]], [[2.231306279554235], [-2.0376901863942565]]]], [[[[]], [[]]], [[[1.184806178762059], [-1.618360031799228]], [[1.581372790601309, -1.0939397601653555], [1.0650899713990434, 1.7636028800035144]], [[2.120445396216834], [3.4998967763236095]]]], [[[[]], [[]]], [[[-1.4427047724407338], [1.7222860310271781]], [[1.6577193884056411, 1.937839407213945], [-1.263155183541486, -2.617291325958805]], [[0.4952614755801193], [2.6027562323872804]]]], [[[[]], [[]]], [[[1.0931851902057408], [-0.42419368414091746]], [[-2.771324529167357, -1.7163776208131258], [1.4572805747055475, 1.5778106612003315]], [[1.7637356330637486], [-0.06813508942157262]]]], [[[[]], [[]]], [[[-1.9803300104152617], [-0.3517575586989887]], [[1.2991603980354767, 1.659931077752033], [0.26230296916531404, 0.39988786128679493]], [[1.363936490412785], [2.499448529723031]]]], [[[[]], [[]]], [[[-2.4242643534895696], [3.0760295266066424]], [[1.954205393572743, 1.7859765183669774], [2.3668891727348993, 1.3385269105228037]], [[2.1788325378325815], [0.9184648868818646]]]], [[[[]], [[]]], [[[0.38423532985904574], [-2.338918935139124]], [[-0.13838784046513553, 0.02411651165886175], [0.6657972716844682, -1.8655192155957496]], [[3.0539406799605615], [-0.17384770078875356]]]]]}