{"noise_params": [0.0, 0.05, 0.1, 0.15000000000000002, 0.2, 0.25, 0.30000000000000004, 0.35000000000000003, 0.4, 0.45, 0.5, 0.55, 0.6000000000000001, 0.65, 0.7000000000000001, 0.75, 0.8, 0.8500000000000001, 0.9, 0.9500000000000001, 1.0], "max_scores": [1.4142131670016154, 1.3095800853227033, 1.2066482503197018, 1.111305538544627, 1.019803895863722, 0.9354143387722793, 0.7496061938212697, 0.796868841764351, 0.7483240618966094, 0.71733055344988, 0.7061340468066906, 0.7076418995979297, 0.7155450221728131, 0.7302477862733077, 0.7491072634537101, 0.7714054106039525, 0.7915205954389144, 0.8350948141511724, 0.8805984685237335, 0.9327714073705039, 1.0000000074505808], "opt_settings": [[[[[1.6921973104661165, -1.473229924865292, -1.2922640726267844]], [[-0.7060882878145074, 0.45528891572600577, -1.795359019019735]]], [[[2.7088341737004225, 2.5525521679406684, 1.5954389376031344], [-1.4490502349551708, 1.895000411938947, 0.49124814770795344]], [[-1.9007691793691084, -0.9416595763696212, 2.888444845416924, 1.6355514263482802, -1.4352368361900445, 1.371089697267207], [0.3892456879655582, -0.8123420526404347, -2.175277886551148, 0.42645069156848575, -2.7552711455445684, -0.06327612007874978]], [[-2.0737799115534177, 1.7347978546974472, 0.4526977104747271], [0.11222661208000051, -0.289990497977698, 1.6668672152777742]]]], [[[[-2.7411106133686824, 0.0040538881159108316, -1.9481670517058816]], [[-2.7366164601403202, 1.2407146205706971, 2.2348985219798556]]], [[[-1.8497281968929362, 0.29280210482893876, 0.025665529210795835], [-2.7548249391320185, -1.421311983501518, 2.727709014633643]], [[-1.698923254009204, 0.6454227694593869, -2.295261620016222, 2.1832550293528667, -0.05729522843351066, -2.675135338510374], [-2.186621849798623, -4.097977958105251, -2.3142131550013127, -1.1833888213657802, 1.6425542081916424, -1.179103569492587]], [[-1.1851524827746769, -1.7123565399654472, 2.319231217566358], [-2.814801806758932, 0.9970717555216974, -2.424116426252464]]]], [[[[-0.9911079907451052, 0.24128437391623572, -1.9337951243913485]], [[-0.21580605789047694, -2.695586110428414, 1.216276456354302]]], [[[-2.0709218060823957, -0.08716883982915578, -0.10926473047215876], [0.4618485981590991, 1.659712388990529, -0.3590862728868234]], [[-0.9228181917102889, -0.9103991267630412, 0.0014144763572682044, 2.2338715524695334, 3.723208725429234, -2.9660679651177264], [-3.4818121790932897, -0.7085493443532235, -0.9706461971656235, -0.043251985993848455, -1.9195413400774828, -0.20508973298464886]], [[-1.8157621066482619, -3.7633961721496405, 2.5126021255548365], [1.2612520153813982, 2.181016426568249, 1.4327846711282988]]]], [[[[1.4679714645832656, 1.2048590534840355, 2.318792669997953]], [[0.9505524248514574, -0.69895184487244, 1.5578424407111569]]], [[[2.7950561035874326, -2.0665302931551315, -2.2562859224507568], [1.2671344425384734, 1.682720051035936, -1.1050843746780026]], [[2.021887356424511, 0.833614634080901, -0.6864455711662227, 2.518986358467664, 3.728490956458872, 1.6386949725123259], [0.008329387248593095, 1.0742443098336831, 2.1697221200520183, 2.861809578476766, 2.186848385190499, -2.057792814336045]], [[1.0781328859051478, -1.4547403370321286, -2.6694376474095836], [-0.640593917624399, 2.3515958607464875, -2.7764458763260778]]]], [[[[2.315796737321699, 0.386464565358115, 1.01393167577068]], [[-0.40904143910489627, -2.526307569757134, -2.620846468027553]]], [[[3.3025470441705376, -2.6131683388191873, 0.8285731404118524], [-1.096113085243873, -1.7014320374364127, 2.8804553069151284]], [[-1.807131871830626, 1.0672363697145275, -2.2255625811110855, 2.6602889349676095, -1.1459005144445726, -0.6786274319626994], [0.2774852200340108, -2.495446147946286, 1.951757490241902, 0.8524423408976493, -0.3802909492275137, 1.8160898909232124]], [[-2.3961405967972, 1.4379100582441842, -1.982383216637356], [1.5887224126531585, 0.21189407196094448, -0.680952646605146]]]], [[[[1.065949412619175, -1.3028912981456005, -0.1507993700739441]], [[2.674585177857963, 3.1441997662501984, 2.9265480336690417]]], [[[0.7875488162177348, -0.07196848344202106, 2.411960584867554], [-0.132316862202824, -1.8817832962335077, 1.7695969999960253]], [[-0.8405939982708562, -2.1614331819003483, -1.1272903765037907, -0.31390673398160546, -0.7833845711777762, 1.1801890703062883], [1.8555351461251928, 0.7981325864878979, 2.201870442733294, -2.015993569443302, -0.972452335159921, 1.0534346730735313]], [[-2.312371793689723, -1.5622269918714398, -1.244034590993365], [-1.1681664515296275, 2.4848285244310544, -0.21403498931010836]]]], [[[[1.3279594169614422, 2.7945801781716813, 2.249601451120492]], [[2.940978589267655, 0.9578226484846866, 2.4043510712725302]]], [[[0.5378238908203133, -0.29019409401360435, 1.3368582658668489], [2.070499657504156, 2.54051417896579, 0.3772740593478393]], [[-0.32682849382346574, -2.607936753921169, -0.9768644247000646, -0.09652388618133287, 0.20277591822175306, 2.4172116354748336], [0.36021839130179845, 0.2823091357436086, 0.4671913081140709, -2.580160685513971, 2.938847675785152, 2.0214829311056954]], [[0.18887004944363345, 2.3625633414445004, -1.001995490940633], [3.071536300158781, 0.7564243883874467, 2.615355229591696]]]], [[[[1.4987788670843403, 2.1986907875120627, -2.4444290524826795]], [[1.1566964230510242, -0.13159761833679653, -3.1889556722978156]]], [[[2.0659968575239693, 1.4192820357102003, 0.5988823074654749], [0.3220070319203139, 1.369847489773208, 0.6330167799530803]], [[0.17111335487364487, -0.9940203822634516, 1.2845190037283682, 0.848789684230855, -2.461491093800538, 1.8656987025110414], [-1.2195114572920278, -2.485475092289681, -1.8400223694493958, -1.0179279825706797, 4.094915884848306, 2.3559307387965687]], [[0.3820543890835144, 1.4975218319809234, 2.6663873194978693], [-0.7920720729922341, -0.6951350095459424, 1.4608046361791358]]]], [[[[0.734526120976344, 0.06507330021314255, -2.7683434063697305]], [[1.3838870282930789, -1.104812021228329, 0.1772857355284991]]], [[[-1.3952356359475375, 1.467380024604924, -2.218280725704778], [0.6935090377018542, -1.0989773448397793, -3.0006483863800777]], [[-2.521870118291351, 1.2763289663367408, -1.3251614853164524, -3.1380500509199893, -0.3164561559402277, -2.969719505920125], [-3.413046106615415, -1.4418652377307941, 2.613132044703427, -0.9516772226629625, -0.2827650160239404, -0.0728587119362951]], [[-0.4610352326927102, 0.012536161019103306, -2.874348963589765], [1.846098833088859, 0.9773898237353085, -0.009644889769377116]]]], [[[[-2.3725511671296005, -3.1229248620531433, -3.025959182042788]], [[0.18870197142699363, -0.8380974318568105, -0.3455085089342047]]], [[[0.8127595402135832, 0.39430917063681836, 0.3652823152721429], [-2.489291603914816, -3.1411169091171574, -2.3305548715073203]], [[-2.244021909920228, -1.9986162855691363, 0.9788843384653827, 0.006755186387470243, 2.0002535691450447, -0.24101579963141925], [-2.7528486080103782, 2.9366098376460643, -2.0245045973891873, 2.5888970026280087, -3.319631991970326, 1.6279356542400516]], [[-2.7282141453583173, 3.393501969722077, 0.6296576098340451], [2.638276474274131, -5.075569911523426, 0.039716102112320704]]]], [[[[1.3349467491297333, 1.1030611938258301, -2.091619652349573]], [[-3.0813197646612895, -0.6149058257651834, -3.0773882113116025]]], [[[2.9425272565103624, 2.479012863504129, 2.6044560456380337], [0.8617807867016687, 0.04004155182115375, 1.2298364020210002]], [[-0.31709550617820675, 0.8419512358771262, 0.496337213480341, 2.050940553149066, 1.589314203705599, 1.6785518014303165], [-0.8852491540965075, -2.279215010719463, -2.50346772518772, -0.041503869729776516, -0.8251754401813528, 1.1547454271342437]], [[-2.509508672414243, -2.6694422941752745, 2.8179842016162793], [1.4526034000629189, 0.29712417288947385, 2.7573160713883365]]]], [[[[0.37460470154407516, 1.4280255852335793, -0.5761022073560821]], [[-0.02302709138465017, -0.011307590290398606, -0.14427493190109952]]], [[[-1.3950861865487856, 1.205869560297722, -0.16943649320872778], [-2.619136616364818, -2.604513093613511, 