{"noise_params": [0.0, 0.05, 0.1, 0.15000000000000002, 0.2, 0.25, 0.30000000000000004, 0.35000000000000003, 0.4, 0.45, 0.5, 0.55, 0.6000000000000001, 0.65, 0.7000000000000001, 0.75, 0.8, 0.8500000000000001, 0.9, 0.9500000000000001, 1.0], "max_scores": [1.4128976466272665, 1.3818476404190714, 1.3475108142389225, 1.3107636984260447, 1.268387293018639, 1.2346169005756868, 1.1927004817965985, 1.1466539767358288, 0.9910585481411001, 1.04200051735093, 0.9790744331455765, 0.9092013908874551, 0.8244060251153589, 0.7208769028611, 0.5722289671685216, 4.067441008181864e-06, 0.570932585264483, 0.7129184110890772, 0.8250274262961581, 0.9047433299466847, 0.9792473097528387], "opt_settings": [[[[[3.7348838757672778, 0.07581220751842496, 2.506263514983444]], [[-1.077315042509354, -0.28764329501767744, 0.9746025446849504]], [[2.607356029765455, -2.474671429821352, 2.452585586263649]]], [[[-2.9990228165162818], [1.923571204687693]], [[2.145769192365914], [0.8186915629140348]], [[3.1898832681031974], [1.8628165778667958]], [[2.498240931488526, -1.9626348718078739, 1.9726029262185707], [-2.109015155712206, -3.218284516084179, 0.28924477017011485]]]], [[[[3.0481414250258525, 1.7390957586541231, 2.8937525241001967]], [[-2.9208270219526042, -2.6467589759218457, 0.17378994918389254]], [[6.379775255725947, -1.5843579015554132, 0.5877621182268572]]], [[[0.7583249260360826], [-0.6888720986787091]], [[-0.3252373608010303], [1.1282978103752614]], [[1.8387166937515211], [3.280653497496509]], [[-1.674398310753454, -0.9047185406722497, 1.2704655916589955], [2.952843912807764, -2.446622478927148, -4.155442210996507]]]], [[[[-2.62872562547437, 2.4484123482900277, 0.20480981254314054]], [[0.45387091839736704, -0.3207180043755011, 2.6713122876348416]], [[-2.1034479898961025, -0.5825863863447214, -1.3097652136518367]]], [[[0.5471098690136758], [-0.7251259813764599]], [[-3.1053365752235953], [-1.8512097679702808]], [[2.4532750461514135], [1.1990887399003958]], [[0.6175473223108658, -0.9764572036008141, -1.7287100558131987], [2.639716832447931, -2.517180486079609, 0.300216579621278]]]], [[[[0.47524459185884427, 2.711242281446069, -2.598156797263468]], [[0.8516943067793833, 0.9372634072595911, 2.6140295894851744]], [[0.6429140380234623, -0.11656496990658197, 2.473899288515217]]], [[[-2.5151491250525493], [2.2280740859389234]], [[-0.11359864319497655], [1.383851927516507]], [[-0.03229773276975663], [1.4865618722368683]], [[2.7584479683474097, -0.16633119909328078, 2.292768468526669], [1.457584175407822, 2.0699591548634952, -2.380210698876561]]]], [[[[-1.6273170254444953, 0.5894107222730437, 1.7024515241167462]], [[2.090252510272968, 1.8210379643132169, -0.7835382414376945]], [[-2.31934990004438, 1.782097762377838, -2.0818498428431327]]], [[[-1.5403438069905324], [-2.2474560804530888]], [[-0.6773341586842963], [-1.380442375937446]], [[0.9349481148630568], [0.2047004067330278]], [[-1.8446952414596867, 2.1498073893170617, 1.7498469501244744], [1.996353988162835, 2.6921636238998174, 2.027634783706999]]]], [[[[-0.33340728451856877, 2.238492399715184, 2.5918681807755886]], [[2.686558186396823, 0.8363140285548106, -2.6914168967614045]], [[-2.110112719746263, 2.7207028508358335, 1.176419767804252]]], [[[0.5265827349080345], [-0.9636334895077245]], [[-1.0967680228730097], [-2.586765260565491]], [[2.2513953619685707], [-2.4761042121578063]], [[-0.876375932603298, 0.53497850471223, -2.622313019205636], [1.211194824485872, -1.0839457516398519, 1.7392048538620717]]]], [[[[-3.16731645304371, 1.0741452308484278, -2.2259143208463126]], [[-1.4476427823323126, 0.12002288761721021, 1.3155349381119585]], [[-0.3789945427248446, 2.1662461012484546, -0.20070372779087028]]], [[[0.02335931566452402], [2.014629160700767]], [[-0.8434765483256058], [3.4198301260780357]], [[0.2436970421691726], [-1.7425380787390234]], [[-0.6819225117861537, -1.4308977067288888, 0.9949967023442045], [-1.2578321211418233, -0.3841199195933309, 0.06778497343132019]]]], [[[[1.755065208759428, 2.9897855783650775, -1.3120220965408484]], [[1.600947520996803, 0.2976117937240518, -1.3941393869491765]], [[-0.9846053667416661, -0.879571881820812, 3.047811261422324]]], [[[-2.499753409122803], [-1.295630915528205]], [[-1.9128409155535393], [-0.8661610734542319]], [[-0.8190139276342345], [0.2616776094355301]], [[-1.09694980569395, 1.9260593104363262, -0.20618892770775843], [3.0884233081013273, 2.7914356489835277, -2.957990715613691]]]], [[[[-0.3146835199143565, 1.0838441045344258, 0.7651762676930033]], [[1.1998851915246243, 0.23817307757794534, -1.1912899583819887]], [[1.5357140161028424, 1.6022940276160234, -1.0221273632297605]]], [[[1.92750877831454], [-2.7955144651723516]], [[-0.5981714706673578], [-2.0416259077259524]], [[-1.5738647286748673], [-0.15096774753748388]], [[-2.3629123291452263, 2.0962882795920343, 2.144117582278436], [1.8940228759060094, -2.8993232190062814, 2.1112213671125803]]]], [[[[1.2911509730543527, 0.31478598885861464, 1.5417797468527457]], [[-2.843921294180448, -1.2910849753040032, -3.02738975846458]], [[-1.718026974323355, 3.210743059882225, 1.2813650736197741]]], [[[-0.5651987835299139], [0.9025197936057437]], [[0.749831207951456], [-0.8107709353475746]], [[1.1500068212160672], [-0.3464325931751534]], [[0.10050078343896887, 1.0980595051587227, -0.27309475340846545], [-1.9671091394794524, -3.2231257178218637, -2.19460753752615]]]], [[[[-1.8339597526857574, -0.36718074286105595, 1.9526353449674418]], [[-1.036556955454295, 1.3253132480036638, 0.612815416224389]], [[1.8302172097765186, 2.5496907935765214, 0.8125119132157744]]], [[[0.9825444290432529], [2.475036265657494]], [[1.3991218037857402], [2.844709699996204]], [[-0.7700442042221777], [0.57072558867554]], [[-1.13406754868493, -0.4328925557227176, 0.16958058711449098], [-2.927216226152118, -1.0953629550641037, -2.54034442627699]]]], [[[[1.2802660830460468, -3.0391394920639403, 1.8305367148096163]], [[-3.0959438873311362, 2.772325292750761, 2.067367025079837]], [[-0.4305111809430589, -1.4220431143008372, -2.9803862883935035]]], [[[0.9112612779047898], [-3.2411169245789804]], [[-3.1576812399660135], [0.9943440714580554]], [[2.6383939976667015], [-1.5834694185134905]], [[-1.150545558330079, 3.1219352043725115, 1.1397385577417198], [3.30331371273607, 0.5089393426560763, 2.827365090737552]]]], [[[[0.8760578068517243, -0.32655055956749196, 2.3699253908629863]], [[-0.5360056342946409, -2.5411652408885987, 1.9579956290793827]], [[1.2633134719632753, 0.6699041141080428, -1.2695006910564444]]], [[[1.3506620637428057], [-0.7744407149465641]], [[1.5214249966320117], [-0.42646413145361206]], [[-2.1587201424776126], [1.9830054310011345]], [[2.625525716559177, -2.4318538776555956, -2.804252871119717], [1.034342840172277, 1.0411494717198715, 1.7036036192025534]]]], [[[[3.178331233821624, -2.0452352525232897, -2.4370960521199923]], [[-2.1020147329000167, -0.6687573724698462, 2.344423151981726]], [[0.021952304357865056, -2.354410837364709, 0.0021930498922710893]]], [[[0.4956892431558906], [2.322516155129426]], [[-1.8340795094252773], [2.371469778026973]], [[-2.452608029528114], [-0.5332174419590879]], [[-3.034609182559729, 0.7437450494117352, -0.6562195014913216], [1.985075266459276, -0.7707666033651743, 0.8677310760186787]]]], [[[[-2.868859124681885, 2.3755239802191483, -3.02239466729109]], [[-0.5952393601834286, 3.6482844066857467, -3.3348205564982925]], [[0.48643590562004335, 1.1314862156003396, -0.08499854016806183]]], [[[0.04957602828948397], [-1.0826332628522222]], [[2.157356711031505], [-2.310079628057802]], [[-2.7962362753258767], [2.2626778030526635]], [[0.2074895842505153, -2.398489292268744, -2.032036874263478], [1.7868157946311352, -0.9746060498199416, 2.1352648551196]]]], [[[[-2.5133218122034293, -0.9123414173001365, 2.562090092471496]], [[2.488018514306714, 0.15778132731530864, 1.078258692697631]], [[2.1309686622303614, -2.036172811072404, 3.1380007618379313]]], [[[1.0419242167858178], [3.066415083473086]], [[0.7351002288725504], [-2.06632755142473]], [[-2.604734865584691], 