{"noise_params": [0.0, 0.05, 0.1, 0.15000000000000002, 0.2, 0.25, 0.30000000000000004, 0.35000000000000003, 0.4, 0.45, 0.5, 0.55, 0.6000000000000001, 0.65, 0.7000000000000001, 0.75, 0.8, 0.8500000000000001, 0.9, 0.9500000000000001, 1.0], "max_scores": [1.4130275228648577, 1.3301116870453094, 1.3470560092556585, 1.311757031400885, 1.2748145747513218, 1.2349895523433863, 1.1854383486527782, 1.1429520052202449, 1.096245115757533, 1.0152121678529178, 0.9796472666263266, 0.9012627426616596, 0.8146268678810302, 0.7191631123310436, 0.568748878519475, 4.760550404166541e-06, 0.5385279691648501, 0.719264930364226, 0.8268495722040151, 0.9063645306840424, 0.9785859192462807], "opt_settings": [[[[[4.893737343182481, -11.76479694392494, 1.5807213864711969]], [[-0.2621118906916677, -2.183261386987806, -0.25468839090638445]], [[-2.3454068194083786, 2.2818258743458375, -2.7532487961564596]]], [[[-3.910073763046716], [-4.962990259984142]], [[3.0265715121888928], [1.9739314140073032]], [[-0.2788551244594982], [-1.3392615826421703]], [[17.29371819560228, 0.3232389239981333, 2.9515069040305084], [1.0822612253230752, -1.3302354860554706, 1.8682612805089065]]]], [[[[-1.819977567607466, 2.2531039563583692, 2.6881109713481357]], [[-2.6456674801741142, -1.1397666254554204, 2.920453672367881]], [[2.0916784985998143, -2.886770423063064, -2.560660869043672]]], [[[-2.9501147343157634], [2.2992643742127123]], [[2.7229013471684342], [1.7292948619715025]], [[-0.7980303118546317], [0.20044627714301932]], [[0.2907988145177691, 0.0661248214690555, -3.2226127456867864], [0.3329046094132358, -0.9679670305746475, -0.05048967634635487]]]], [[[[2.7407975334090495, -1.3910183785276335, -2.989787849440376]], [[0.5481742422873752, 3.0110695877271705, 0.5321322324902396]], [[0.3937268723390129, -0.5702377153966399, 2.5990620066653913]]], [[[2.3337581658727595], [1.0741897663344315]], [[-2.0540753403161705], [-3.31353470061489]], [[1.9710660928121346], [3.232891979032306]], [[2.9945667312213207, 0.4297272756292318, 3.018421749844083], [1.6122044431746736, -1.4041828694867784, 1.784515564495841]]]], [[[[0.9720248952820016, 0.551260931870714, -2.987428273848628]], [[2.3517713303875856, -2.8380790419750954, 2.318994815219923]], [[0.3767282851543027, 1.1996688826645827, 2.775873060072492]]], [[[2.091070782658798], [0.452423506191494]], [[-1.4805923211719887], [0.21833708725096126]], [[1.3970133047554278], [-0.3325887819591163]], [[-3.1132957970066752, 2.2903646403768714, 0.6163863527819963], [-2.7445405120043853, 0.6619954863082456, 2.1920978070501413]]]], [[[[0.5903438456897309, -0.2991296660755443, -0.6236117318133414]], [[1.631604973953599, -3.1218191590913325, -1.512880470298335]], [[0.02830595585184386, -2.451098411847371, 3.1414713282000806]]], [[[-1.7261865245337575], [2.750783986221483]], [[-3.0404182148296783], [1.4425231789640658]], [[0.08408272922082677], [-1.7134306521147395]], [[-2.9244471088063535, 1.0260940057796353, -1.7106916616015249], [1.833820525357631, 2.2591219237575166, 3.1245089495997487]]]], [[[[-3.1153252173550015, -2.1878882279873415, 3.1473337751786103]], [[0.6421099918145252, 0.27620779588120076, -0.6107594197107407]], [[-0.22363706475806025, -1.0849106623069824, -2.7875615921766617]]], [[[-2.9021140432938477], [1.796945066836161]], [[1.3820266381994377], [-0.08249873595694587]], [[0.2588242009906424], [1.7104631907548118]], [[-1.4470667263083483, -2.172025864791473, -2.0092442985871335], [3.1381192878833017, -0.7612035527230534, -3.656008516607954]]]], [[[[2.409365699809417, 2.855430025753604, 2.5087162983882614]], [[0.5618267206361253, -2.081214814322441, 1.579321970943895]], [[-0.21565136183908346, -0.9370914744634815, -2.6008168126108457]]], [[[-2.0185136038826346], [-0.9776776295381054]], [[1.631991496540241], [0.5538139190352147]], [[-2.6574830289890428], [2.554377613676221]], [[1.9864015164742712, -1.9585257447337923, 2.3408407867137067], [-0.038203534430823104, 1.1359378687380375, -2.6337090713283797]]]], [[[[-0.03394235328259544, -0.4329504752549424, -0.06840495897921198]], [[-3.024808788239653, -1.1399661559173428, 2.636708515555395]], [[-2.1832377093901116, -1.1000715212572763, -0.9731374075141185]]], [[[1.005212636065448], [-0.676793098822849]], [[1.3909816698192676], [2.94012937836228]], [[0.3951525017730718], [-1.1847490520078439]], [[-0.28894585088744734, -2.84206731372634, 1.5767521719528286], [-1.824525873970174, 1.570993949789999, -0.9609175060110019]]]], [[[[-1.631448807720496, 2.9725931087970854, 1.4534974191195271]], [[0.20698095389409726, -1.5173882998959283, -2.370170747404746]], [[0.522256607840017, -0.936226143994061, -0.42600486016869077]]], [[[-1.652989698820214], [-0.18605439006749144]], [[1.2494283315534886], [-0.3834237742328219]], [[-0.8776281988419923], [-2.4690486238795595]], [[0.8984756157188637, 1.4347783893668322, 0.5743125322309242], [2.5376231774610107, 2.352312759664075, -0.9674416702927581]]]], [[[[2.5512141459300786, -1.9304386611863564, -1.8610317074622473]], [[0.6930909361732674, 2.6471048227154057, 0.6623483233196426]], [[2.2780456475531117, -0.9682370877790049, 0.2751036921403393]]], [[[2.2631028521908503], [0.5859383556057524]], [[2.0612520727184935], [0.23214957812059486]], [[-0.21467148270533612], [-2.1145977866724364]], [[-1.063473240673844, 0.8223839424763828, 2.3709006445907024], [2.007905820489204, -0.9306053757451537, 0.31247019856313885]]]], [[[[-2.9895303055142546, 2.769239375482975, 2.942455958893569]], [[-3.4269791284522717, -0.29778807666129675, 0.4612250440091059]], [[2.8740992191237824, -2.5400133977368644, 2.9669973045220255]]], [[[-1.6441914076712438], [-0.16505268817450372]], [[-0.8003366489730825], [-2.2440631823195543]], [[0.2186080074603604], [-0.9283236047905523]], [[-0.39039118752172436, -1.7182486635751442, -0.544017080340688], [0.7999883931432061, 0.7867718594506529, 0.03866839225386201]]]], [[[[3.350277086218991, 0.8486605005295736, 2.6039509525696505]], [[-0.9588255850209041, 1.9113272887307309, -0.9878127223205773]], [[2.5008666415739307, -0.7521025492282086, -2.254156261355772]]], [[[-1.8683932628141013], [-0.38433524930693025]], [[-2.7830924000370585], [-1.1006873060411184]], [[0.567928757530178], [-0.8963126883509747]], [[1.3970233774434788, 0.9356453830708599, -2.427935647024043], [-0.5935982066277622, -1.6467647507656438, 1.6821965962753274]]]], [[[[1.7283195300212928, 1.9511092329426727, 0.03170322555600455]], [[-0.9182828211453742, -2.587085350494694, -1.2484661355493907]], [[-1.5214899630613898, -0.012597552644133286, -2.0009939326333464]]], [[[-2.0065719463663347], [2.594862531984524]], [[-2.778572877355351], [-0.8266364678155805]], [[-3.114636461973253], [1.2929208984865064]], [[-2.943260976102572, -1.8959234247387398, 0.9383889847417713], [0.05161338931888003, -2.8407728126111484, 2.601190029741805]]]], [[[[1.1015388016402754, -0.302224797488603, 0.18163326279791275]], [[-0.32662717441766836, 0.14065679934925812, -1.5681755901840475]], [[3.194031858453479, 2.187289579377648, 0.828518580475079]]], [[[-2.648337154657508], [-1.1518706157401317]], [[-1.4232488061827218], [-0.1634602914014449]], [[-0.9170527932291775], [3.3467288528019012]], [[0.39993274404619306, -2.6572832180955253, -0.06686535843334111], [-2.8686399938740283, -3.0319267759755664, 1.2445927193087583]]]], [[[[2.7937620738212896, -0.9542440756821137, -0.6955771386278176]], [[0.6373393559573883, 2.3116587483263595, 0.6888701592224689]], [[1.6811201196443992, 0.28292380299006836, -1.9061091788885358]]], [[[1.472704416344167], [0.5050364568318113]], [[0.14916946599019737], [-0.9656483747573141]], [[-2.356009470078689], [-3.3065965833534605]], [[-2.7959437385770394, 1.679456097929838, 3.3035231123581745], [1.4758229416894666, 1.3399232748223775, -1.7388161916525766]]]], [[[[-1.436016063784049, -2.1390013771110574, -2.6670583222470143]], [[-1.2718125858379419, -1.32489475803043, -1.4368686110364595]], [[-1.7766675294869785, -1.2721693790996158, 0.07702584826374936]]], [[[3.040309957533198], [0.9238275810163605]], 