{"noise_params": [0.0, 0.05, 0.1, 0.15000000000000002, 0.2, 0.25, 0.30000000000000004, 0.35000000000000003, 0.4, 0.45, 0.5, 0.55, 0.6000000000000001, 0.65, 0.7000000000000001, 0.75, 0.8, 0.8500000000000001, 0.9, 0.9500000000000001, 1.0], "max_scores": [1.4138686151341913, 1.3646007586039135, 1.3159791234731677, 1.2649076418323997, 1.2109371423645579, 1.1546939576834776, 1.0954206670304063, 1.032674982827391, 0.9651627743481196, 0.8942446992217417, 0.8161469039401013, 0.7146205372671726, 0.6312603129556627, 0.5086930496436766, 0.33291021317691594, 0.0, 0.3585090624356635, 0.5156674474970553, 0.6295608412316014, 0.7302674311991084, 0.8164648967270751], "opt_settings": [[[[[1.6439593901257141, 1.0087853414696575, 2.81229114155797]], [[-0.3275911695347633, -2.350530789124542, 1.2760867779439324]]], [[[0.35924185437973205, 0.9097213205537639, 1.0452641301379115], [1.9619660108014374, -0.5826265369657425, -3.076734984358268]], [[1.7915492637317485, -0.22103915690343212, -1.5332781451752757, -1.2263094886748864, 0.46867017181481047, -2.99555041466812], [0.05417012116646272, 3.4202009996679226, 0.7076661782592191, 1.1953958993837717, 3.216779344779735, -1.317407097157584]], [[-2.861598005567858, -0.9820968060347813, -0.6424054111039581], [-2.3204061161352, -2.0520479724620695, -2.309313203112498]]]], [[[[-2.4471624951088162, 0.586541455981776, -1.494130723065832]], [[2.351711498279881, 2.746182467387863, 1.652308438078123]]], [[[2.9671324118981546, 0.9156420340583538, -2.966378781431789], [-1.7624914773863682, -1.708890207544326, 1.9665080557176164]], [[-1.3840665468286395, 1.5691914039423343, 2.902076031339564, -0.04257096947785005, -0.6771475283756456, -0.9977076843304289], [0.80941262267605, 0.7767738276754296, -0.18776225034760682, 2.413818551469038, -2.795263393884006, -1.359042606845179]], [[-2.988553390378784, 1.5618707120558077, 1.689955823326188], [1.4532590475547258, 0.6614698028266502, 2.6090008146328545]]]], [[[[2.93151809858472, 2.252582449761329, -2.078496779477926]], [[-1.8097332833132596, 3.4187540519723054, -3.118006300170675]]], [[[-1.7343609601345276, 2.541861431704511, 0.3750949850542185], [-2.447864250412634, -1.7569673920046118, -2.990436221345037]], [[0.4576711853684337, -2.702750726201667, 0.23274627217590063, 1.1992144231727793, -2.075346052990475, 3.020123876782777], [1.2617848459859184, 0.6919502761892238, -2.430929393047525, 2.012699388912717, -0.555005717589339, 1.9565749997174544]], [[0.4850656513639843, 0.08264822708479971, -0.34805979099545364], [-3.0137827722609316, -1.9022777604813563, -0.37302208484548327]]]], [[[[-0.3072620690792709, -0.4926301933433389, 2.3810911220779762]], [[-1.3131960917172565, -2.5188373937267627, -0.6852778853658805]]], [[[0.3625043694116717, 2.0656559669318266, 3.0642842468245552], [-0.024849544888210572, 0.4599095945036665, 1.37126983872197]], [[0.7887401725483085, 1.5396653693670663, 1.0305806921360494, 1.9066008822184346, -2.834132599487376, -0.4614719902485826], [3.0793646376240993, 0.22060123852477986, -2.131722547967508, -0.6184401672059375, 1.537464931612867, 3.1019328115454776]], [[-0.4879417992647646, -1.0254983015700876, 2.733991654510703], [3.6813771340817727, -1.182856540972868, -0.022011733012097648]]]], [[[[0.45039372198055116, 1.5157020713892284, -2.6036419663761023]], [[2.495808799451195, -3.2702455264341315, -1.7555934120102001]]], [[[2.380942863288869, 2.6731501863838023, -0.7172467407884615], [2.3402821814872237, 0.9225397623020075, 0.8455198844984029]], [[0.4779329322897599, 2.942240290909857, -1.0760324890258706, -0.6594699659671308, -0.9956080572642592, 2.234639336064923], [-3.437066545461435, -1.8921985025190073, 3.1263030154034706, 1.5526498295242004, -0.9990456231807001, 1.1091660889669637]], [[-2.284383161641915, -1.6337520026085661, -1.9048134076663792], [-0.3181110549266572, -2.4521899598639854, 2.4078401107507235]]]], [[[[0.4940334123777953, -0.5435019363432344, 0.45622424713638365]], [[-1.375853261344031, 1.264318844216834, 1.3963315923872117]]], [[[2.100786029595592, -0.44817661229328876, 2.8505955063384416], [1.0096594417790614, -1.829082367332011, -2.155230339447461]], [[-1.994122372618278, 1.9191559307624553, 2.4267430235579406, -0.8890589297406405, -0.6066876918979673, 0.242296428343252], [-2.2419692395611572, 0.7623013787809082, -2.763457836744433, -1.4135864839545578, -2.6596193571880953, -0.2767074522781501]], [[-2.2948818046501147, 0.3555207322294668, -2.471033703310872], [-1.6586456093554482, -1.1914413818605731, 0.1075500182660636]]]], [[[[-1.0250209635674943, -1.2359120902215954, -1.1782319198866784]], [[-2.8387683488615374, 1.2508010905770444, 0.01906478473215626]]], [[[2.1166594762274062, -1.5297632407724244, -0.7107875044697072], [2.3408413041963927, -2.5343892253630225, -1.0293049333061948]], [[2.193231403487751, 2.2129747645465154, 0.14989761789413067, -3.1740714183741554, -1.9725807176416028, -1.628248032354022], [0.7820599000904903, 1.6796770815303377, -1.6273172392869275, 0.019174541336730078, -2.200007764045359, -0.007813602710456337]], [[2.962862395458743, 0.7089118180632069, 0.3401522101957593], [0.08640141990984973, 0.247721183840589, 1.0484261781219386]]]], [[[[0.36680483329718244, 1.3447110321712674, -2.5288467361425884]], [[-2.1232460735888496, -2.1802393114904732, -3.3524683866464646]]], [[[0.21882704098732983, -2.1343946041996644, 2.283255009652863], [-1.411406858822015, 2.413035267215164, 2.43152569944529]], [[0.3703380979833738, -1.822128045246555, -0.8880855196969621, -1.1663616267157009, 1.3209524254684097, -1.0829553745939196], [1.9255690248229034, 0.38443869206937986, 1.3807082430108597, 1.1953676570733984, 0.8105017661006982, 0.9821666172955901]], [[2.3240106314011357, 0.4777990697813214, -2.886082475229665], [0.8382651053694049, -1.982967877334338, 0.04412084505252836]]]], [[[[-0.3222377061806438, 3.3072940166181697, -1.776326210235707]], [[2.4642802277754754, 0.7301176665915332, -2.911147439040331]]], [[[-0.5296550163213725, 1.1582045617640346, 3.0945933161712906], [-1.1113425963733254, -0.5380205463015955, -0.23548415827856176]], [[0.5115277940445644, -3.1441018432112977, -1.2623814237486317, 3.1129765784561187, -1.3137071565506069, -3.070086821935289], [-2.168859032699922, 1.67469065246522, -1.097432110319478, 1.6740765713120962, -2.9891570482960095, 1.9492648659071294]], [[-2.551301065651618, 1.6574756166216333, -2.988604327757907], [-1.1912261522070176, 3.3328141435039673, 1.2543865666597291]]]], [[[[0.29486787139034704, -2.7788421532637515, 1.1585196764722336]], [[-1.374922843808649, 2.2437331167755437, -3.398015866641154]]], [[[-0.9351476027549677, 0.9298271991096887, -0.9645318250277835], [-1.9811105706056256, 2.4895294112814303, -3.1306904788603003]], [[-0.5052038156263368, 1.817187960345678, -2.2606650891387834, 1.513442920506285, 1.6762157798659076, -0.1773083532255972], [-2.872211631837104, -0.8455210379307044, 1.2510919551193558, 2.942534467157049, 0.6278416337085303, -0.44684836084643775]], [[-1.1558551668308155, 3.1261482625422037, 1.117208393746722], [2.564835417817989, -0.9369966390079014, 0.17879904309703357]]]], [[[[-2.3858895659741903, 1.3095550952866524, 0.3611426459576834]], [[-2.5044197320137576, 0.7462960764212159, -3.272547497698204]]], [[[2.6136286617512345, -1.0966850568966455, 1.7733821080995282], [-0.4352660195797245, -0.5501748075352613, 0.04611844377857595]], [[2.4916084569085544, 1.5675130181413, 0.8458968849462885, 0.20340722428079205, -1.0890763973458748, -1.629304625244368], [1.0399722382544854, 0.144116669599206, -1.5689550979333011, 0.8811251255083059, 0.13747101553455057, 0.28226370892049335]], [[-0.6502654043159719, -1.2991787003979516, -2.6238936112492284], [2.5361483732633414, 2.717627758295971, -1.2897598180030865]]]], [[[[1.9059513468400853, -0.5363524824217776, 1.8538619480289584]], [[0.05591732002678085, 1.0653246193183004, 2.7976180558684742]]], [[[1.1416706587053893, -2.354037720484158, 2.006875352535989], [-1.7796738667986098, 0.1332849415010608, 3.09055058301176]], 