{"noise_params": [0.0, 0.05, 0.1, 0.15000000000000002, 0.2, 0.25, 0.30000000000000004, 0.35000000000000003, 0.4, 0.45, 0.5, 0.55, 0.6000000000000001, 0.65, 0.7000000000000001, 0.75, 0.8, 0.8500000000000001, 0.9, 0.9500000000000001, 1.0], "max_scores": [1.1729349159363571, 1.148555707729401, 1.1068245927561193, 1.0634668427863336, 1.0183189856895325, 0.9688738882965253, 0.9203677184030398, 0.8667587659493854, 0.7149979962054037, 0.7514586723774654, 0.6830715419341639, 0.6120370796244233, 0.5298379644336212, 0.4317870094334222, 0.2982161213377773, 7.15336752975301e-09, 0.3057380205025017, 0.43192443209557463, 0.5290692162130367, 0.6091984411682987, 0.6852643527761484], "opt_settings": [[[[[-1.8198033192533585, -1.5241912069421732, 1.7147086484903653]], [[2.652082464414977, -2.463895899439771, 1.3292462794274662]], [[-1.3291563561914543, -2.18230585886481, -0.6560675365584835]]], [[[2.7260851551861665, -0.02071558491326546, -2.6897396939131983], [-1.228836539332567, 1.666715740129164, 0.7426270117374592]], [[1.5569643402068467, 1.935593249177194, 3.2373335760422677], [0.7962191920343852, -1.620800523666447, -2.805308493877388]], [[-1.6911059504322676, 1.7563704192691385, -2.2141725655615554], [3.119036392160351, 2.9777259917910897, 1.2645546973793214]], [[-0.752856011073349, -2.1893651181902496, 0.2898624370210179], [-1.607115601573048, 0.3341775326899002, 2.02003586471018]]]], [[[[2.136903814313554, 1.3036634966090208, -2.4417994312946028]], [[-2.3807204926670527, -0.24684955885180315, -2.8526990346663923]], [[-0.9557930675745399, -1.3601503378089916, 1.1796530234893587]]], [[[1.4381811995275566, -2.9175552785655, 1.573920605620903], [1.1427087334365131, -1.610938921118984, -2.2449782384667505]], [[-2.813153859295547, -2.810202097182764, 3.172680428283907], [0.28862290581132005, 0.9796801294110717, -1.8680363520360468]], [[1.5875005237574769, -2.8575146150960173, 2.679213013207454], [-1.6985258014019586, -3.052145725312531, -0.7942334797974533]], [[1.627039747787007, -2.781922675477797, -1.4229338242190341], [-0.243581492272649, -2.313274557074075, 1.0035460190183114]]]], [[[[-3.0634498428727013, 1.5773161501128512, 1.3328703172819791]], [[-2.78196632861734, 0.030281142011909158, 0.0881018749399081]], [[-1.5956493446728854, 2.651730398065965, -1.3221927109975842]]], [[[-0.08684197133804528, 2.4970261528784805, 2.0676087147662923], [-1.7434024395545438, 1.2378283226501354, -1.9939206455303906]], [[-0.810434805632778, -1.74371661033419, -2.1727614216074196], [2.023603106551361, -2.8367173202619314, -0.13475157203350654]], [[3.177944280692077, -1.2785371084730948, 3.3650402716803973], [-2.1174524512980213, 0.302307278463447, -0.4835758870273226]], [[-1.2636569018304822, -1.042229620804064, 2.6193660515853043], [1.5661039412922444, -3.264536652420395, -1.938440237099732]]]], [[[[-1.079894769659647, -1.772103415623907, 3.5436072521054665]], [[-3.0908112067575635, -1.6201726954396827, -1.4312766388663436]], [[0.16220513286954008, -1.7319002175186067, 1.2984620899277945]]], [[[-0.31093546736282934, 2.5332049553925797, 3.0806150573043194], [-2.663769646735166, 2.151075957631921, -0.9932486734812653]], [[0.5463680942104785, -0.30628725928741507, 0.289328376724932], [-1.0316804089073375, -0.7070227758467722, -2.3871438656214057]], [[-1.3109548963021131, -1.432823526522747, 2.0949193591415933], [1.1745281543612087, 1.813137626083571, -0.1714719900925768]], [[-0.9262687099621242, -0.304465476554304, -2.4233045551623507], [-2.8260965141237753, 1.367355829789027, -0.7103094076431646]]]], [[[[0.0533739392712588, -2.666435477667345, -1.607729596582284]], [[-0.7377283588442317, -1.5547823802281402, 1.4212258171798418]], [[2.1458939160901567, 1.2942831618565833, -0.8720968639846322]]], [[[-2.296330040768469, 2.419812539281719, 1.7689365553807548], [3.2374716847546376, 0.9168780047531766, -2.917956841657036]], [[2.8276474049468283, 0.5199462239414518, 3.1215180401951974], [-2.3593740476631444, -1.646141890782189, -1.9011702676979032]], [[1.5329380151952003, -1.3057668609965316, 2.5291203470485777], [1.1332145133897578, -1.6662511037838514, 1.8470407368369517]], [[-0.1098444954131746, 0.6826618701645284, 1.3415795907831978], [-1.294169610319395, -0.8947216227693682, -1.3454395422666718]]]], [[[[-1.755904726288099, 1.160120570378244, 2.5788568120328828]], [[-1.3409173494017497, -2.3459373089989572, -2.0283563081970177]], [[2.346222921044327, 3.371185827270059, 2.322461048936854]]], [[[-2.3017068335696003, -0.9795004265087994, -0.6874387686883612], [-0.6670194061054633, 0.7352906261260135, 1.5229498763213531]], [[-2.275732211032318, 1.9209106301088426, 0.7734385895774492], [-2.9972099995456776, -0.555604827581968, -2.460238739117551]], [[-0.6667198826906826, -0.3815360006826762, -1.82460991844299], [1.5780115026038026, -2.0342288373126505, -3.1601814319644452]], [[-1.5066452379243664, -1.3395958595879602, -1.2731418940050323], [3.242922537276497, -0.9754840437963409, -2.260124420716365]]]], [[[[-1.4518773577795594, 0.8202366247997251, 1.8133242740002233]], [[-2.1938203826176865, 3.452853804079679, -2.4457541213583847]], [[-1.358274712084351, -2.938783721631884, 0.15509482601127078]]], [[[-0.26024642500002826, 2.7175932774628637, -0.39370113453064715], [2.1307066907413206, -0.46575062547792867, -1.9987227354082981]], [[-1.47934038072997, 0.6639112935306465, 2.941615483745594], [2.3553685216193103, -1.7524190506446296, -0.1735597794433221]], [[0.7454392572502214, 1.7779912428173759, -2.9743300782704973], [-2.681359444323595, 2.0531145400919963, -2.4951189371736286]], [[2.953720937563351, 1.3185381142746189, -1.1346036520226277], [1.1565821871690039, 1.0085364167317734, 1.0789005859772836]]]], [[[[2.154656230586561, -1.2379022962326718, 2.940430930048047]], [[0.05355513593673934, 0.08316245338343378, -2.1232251407823663]], [[-0.548700576886589, 0.7737611181535506, -1.2729038600039808]]], [[[-1.041838507713363, 2.5837612363365237, 2.9572608473069346], [-2.7600845791624318, 2.239761768046427, 1.8146847798447059]], [[-1.2049103434843689, -0.15622179335508066, -1.0134672565639526], [-1.4720862444840546, 1.197830666856119, 2.0163591167430353]], [[0.2757971767649573, -0.4496389120372744, 0.742288773697476], [3.13538575175319, 2.0935369612112558, -1.7435438441243665]], [[-2.5035861203302585, -0.13679185512902656, 2.3721073255581206], [-3.010681591236158, 0.773994427481256, 1.388355373706876]]]], [[[[-2.0598926208144643, -0.8973124014241468, -1.024832376336623]], [[-0.18817165890321935, 1.9675663972381463, 2.7324303124372227]], [[-2.381553858297244, 1.396814625764007, 0.5524288328936954]]], [[[-2.098684631551462, -0.10339507469216404, -0.5845943092567037], [0.23644941376994452, 2.7865136513780997, 0.35667916060005783]], [[0.9108575748543496, 2.737478220732995, -3.021114302725144], [0.5226705310678121, 1.4388351532976578, 2.266126063371688]], [[0.8886678985111847, 1.3426727737508664, 2.7897481894798495], [1.4279148788488334, -2.6311790844501974, -1.7577936813544748]], [[-2.782869599577105, -0.631702700186315, -3.007928921443297], [-2.2878753885779344, 2.1670281672679157, 2.1341848252425057]]]], [[[[0.309087496497745, -1.019546047101302, -1.4040156246542752]], [[-0.13660496880126388, 0.10447201856646246, 1.7193231450914235]], [[-1.7873965093500703, -1.3451566074349322, 3.159793740346748]]], [[[-2.944365118543348, -0.551894640210873, 2.1570973728676126], [0.3125798809869699, 1.605522972309211, 2.3662883678180693]], [[-1.4531437295434617, 0.48214851049832624, -1.6682482181822653], [-2.596554494196173, -0.6187613360327643, 1.1335192363567077]], [[1.4082627399029135, -3.0169214498647654, -3.235862640625088], [-0.5741724304117182, -2.9899182755580087, 0.8799276116101484]], [[-2.8850958140838343, 1.5504895381874895, 1.1323997102517405], [-0.35587714197949977, -0.3100087923347365, 1.479335104954914]]]], [[[[1.016763430027606, 1.3180083493271806, -0.1766736013823039]], [[-1.5901934131352826, 1.8858202570083276, -1.3425592942466729]], [[2.2574656582728454, 1.1837317213093852, 