{"noise_params": [0.0, 0.05, 0.1, 0.15000000000000002, 0.2, 0.25, 0.30000000000000004, 0.35000000000000003, 0.4, 0.45, 0.5, 0.55, 0.6000000000000001, 0.65, 0.7000000000000001, 0.75, 0.8, 0.8500000000000001, 0.9, 0.9500000000000001, 1.0], "max_scores": [1.188740112416196, 1.148844166792661, 1.1070449463537728, 1.0633487046170553, 1.018338885425126, 0.9691291114480256, 0.9208776065927262, 0.8683333953702248, 0.812241799117619, 0.7490349640435188, 0.6856056397476871, 0.6137483613318322, 0.5012479508441502, 0.42122456776878825, 0.30386779703773087, 4.807745721347984e-09, 0.2866253784906009, 0.4324275211805399, 0.516839384106567, 0.6067901163963537, 0.684881730700948], "opt_settings": [[[[[-0.7089300950565639, -1.18214889249606, -2.1979502119479237]], [[-3.032701066299427, 1.3443811155607088, -1.6058606963743773]]], [[[2.141687977432264, -0.6661355163485879, 2.3114659253431205], [-1.0945613343243707, 2.7327804003520986, 2.314401033749114]], [[0.9620619937066053, 1.5597905055682992, 0.7417851181367126], [-2.986743751523225, 2.4471087398274927, -2.188473912003259]], [[0.42586895406570613, 0.1898507620457075, -1.108611682927458], [-0.7121539571015628, 2.214254892246675, -2.281543145980227]]]], [[[[-1.02650226782165, -0.5614081211207631, -2.6548745405839216]], [[2.2138860722426936, -2.235682021879238, -1.6982991931918456]]], [[[0.16113704686095767, -1.315494483742823, -2.62679679884838], [2.7278784905093434, 3.0338136474195787, -1.3659454434093985]], [[0.7633393380337294, -0.4603730490324396, -2.7828206507711557], [1.9029204446682546, 2.1365985490493364, -2.2789629170604977]], [[-2.425441226291175, -0.6700630449931284, 1.050837527226716], [-1.7698549974863933, -2.3007105472948153, 0.2753033375336531]]]], [[[[1.784127960812033, -1.0891379284086047, 1.422510871845472]], [[-1.6268324309389903, -2.220081402779351, -0.2909217271022511]]], [[[2.731769483917275, -2.7506005460278664, 0.1635663359876118], [-1.2162120402529528, 1.0171380040814844, 1.3056412495494758]], [[-1.649232319875812, -0.39204549052957316, -0.8205089550485056], [2.4719758677585397, -1.6985998954950519, 0.34562300984049477]], [[2.452187292146193, 0.3537430578439089, -1.1585310714658923], [-0.11048940343635014, 1.2943004235185873, 1.307052915450619]]]], [[[[0.9244298600493106, 0.7434449660009277, -1.124130135865122]], [[-0.48331551750909163, -1.6758204370654313, -2.305155363130957]]], [[[0.8396264066875737, 2.9830221262601118, 3.0215815906143293], [-2.4435433833892253, -1.8879908255983113, -2.9302603242819116]], [[1.7556912755510934, 1.4585273862056913, 1.3683184134083406], [2.8063920027189133, -0.31943883224998115, -0.7980907160763573]], [[-0.10621915222487929, -1.5872484553002986, 1.9639054170629437], [2.247413128931241, 0.7678247347157725, -2.4718655501044324]]]], [[[[0.06753068840287463, 1.7940708637659508, -1.7613819937415345]], [[-2.6835162571347, -1.6532222217423822, 2.705112086609403]]], [[[-2.4914050614765157, -3.0072744420923336, 0.4888473124267871], [-0.508675615107057, 1.4252681451723914, 1.1052492839686885]], [[0.5574386385580163, 1.7384532769945036, -0.6915779808111886], [0.3571132762462174, 0.7794539823703346, 1.014101924211557]], [[1.0649279046342073, -1.9841612532307669, -0.047930227008260634], [0.09369869891651252, -0.6788875919008158, 1.581978260962818]]]], [[[[2.286092955077327, -2.1093919485752286, -2.313329692826982]], [[-0.28554803732078, -0.5884911354303792, 2.0267580797489924]]], [[[2.898254008270156, 2.112455227221771, -2.933088317744451], [2.2851001755851565, -1.8302780311692788, 2.6630531574050718]], [[-1.0059606930199803, -2.294844493822151, -2.386219100942085], [1.3325650193175351, -1.227401275105151, 1.967545675851053]], [[-0.9986485825623398, -2.9515548597053822, -2.512573320649821], [-0.2677340761046996, 0.9881242998907551, -0.4507965540359425]]]], [[[[-1.4937229753464039, 2.4242908907712204, 2.4300995503775566]], [[2.139396326904838, 0.27388925420470633, 1.439251261543074]]], [[[3.1189337370381374, 1.50691467802151, -1.9331194983709477], [-1.9414626592221087, -0.3583972336009712, -1.7667209102933248]], [[1.1928979878099766, -0.9925014808020499, -2.1236247764190996], [-0.76627118752209, 3.023490586615929, 2.840703880078049]], [[1.1481749238463341, -1.8975053184146493, -2.589963488077635], [-0.04260726981193478, -0.14877266834813158, -1.6151254787052538]]]], [[[[-2.0252036418258212, 1.851976475357994, 0.7724163230323713]], [[-0.7410914152038577, -1.6122176744735404, -2.9844464403523823]]], [[[-0.9480310638200937, 2.4436846067651987, 1.1560237891676053], [-0.423593408992057, 0.9140118677335716, 0.644990683403468]], [[1.0770079645827573, -1.9306319630855726, -3.058836224018443], [0.6187168074563089, -0.10825504808462644, -0.8569495050895044]], [[0.8166072169790193, 1.6574950851070018, 0.2873429329042838], [2.295090680177914, 1.4223452020203582, 0.6820990007253473]]]], [[[[2.021877485820489, -1.8694704862209568, 1.645086906597936]], [[2.7454966862669803, 1.175325575337939, -0.26470448748402187]]], [[[2.936540170676002, 1.4383758465309568, -2.4922634984610115], [3.2714873167411107, 0.24305722036568234, -0.41420219727177265]], [[-0.023797156358740672, 3.1712525083299252, 1.2062349404194173], [1.7917796793969316, 3.0530405360405166, 1.6740940040602976]], [[-2.8029017231862916, -1.8152908934690493, -1.2362469786616457], [1.9864149416157912, -1.2622016567035224, 0.13848833536942218]]]], [[[[-2.299650665086538, -0.5472595090359854, 0.9130851235887892]], [[-3.1720774914987935, -2.0970620249726872, -1.2061634852587377]]], [[[1.6671190814331742, -3.0020682115479005, 0.4910901445205295], [-1.1933494406824465, -1.172750121346549, 1.0424410888316276]], [[1.662003008111333, 2.454799952357312, 0.8584897001356874], [-0.12538948282398035, 0.39336536311346176, -0.9445134038402812]], [[-0.42205665045119334, -0.8481074181133511, -0.9055755323878172], [-2.5028512734743695, 2.552343835141843, 0.4759422503997657]]]], [[[[-2.354936825473394, -2.0325444967855204, 2.844582597198639]], [[-2.5510738195623563, -2.3199165086625455, -1.9804491778847846]]], [[[-1.9896405537687831, 0.5530203902678933, 1.3803495868191158], [2.11147095132741, 0.46145643449317664, 2.4923395652656186]], [[0.16197295083707156, 1.1074692493448128, -0.7691350072302735], [1.089261062917007, 0.5651778915523736, -0.037567359254965224]], [[-1.241147620336504, -2.387150321739271, 0.315319146427421], [-0.6591781852225759, -1.154877806994071, 2.995726468688665]]]], [[[[-1.4797464173824133, -1.8748278120305952, 1.0374593200218643]], [[2.6532586185533096, 1.739344148946023, 1.615874074878719]]], [[[-2.3703714234101034, 0.8509354249292456, -0.05684621898038914], [-0.3799537836257165, -1.6708160633460354, 0.24997184596992428]], [[0.1974559340517819, -1.8785555111577878, -1.9758724849825016], [-0.8818937172988587, -2.610353972714078, 2.8427695627989715]], [[2.194261464009529, -3.192793327681704, 0.47925063254277234], [-0.5769349347605028, 1.4820803536238676, 0.8401328989190286]]]], [[[[-0.18243228050023996, 2.415454414308722, -1.0592534254285764]], [[-1.925736393509627, -2.0080401765436697, 2.01715571946734]]], [[[2.834423526188076, 0.22582646457139283, 2.672792861002429], [2.641864884246013, -0.12324963928786714, 0.9040408451506456]], [[-1.7508631228672864, 1.080423847165776, -2.559006745162513], [0.8503942830921725, 1.4058299457162837, -2.766285218221245]], [[-2.1174471588164416, 2.954923288875684, 2.913064181034845], [-1.7113728706840405, 2.809431396361609, -1.8762615741359872]]]], [[[[0.1126571666330177, 0.09178153612505179, -2.597661147539875]], [[-2.6691636308248348, -2.8922034823683216, -1.1179969316071936]]], [[[1.7592153026940895, -0.45120667760898164, -2.1044866937758595], [1.1047021691601737, -1.0900268923541026, -1.5593992949003628]], [[-1.90132389415427, 3.4109784376518855, 1.5097879923802149], [1.8816985623003273, 2.728041826993685, -1.4135916471973524]], [[-1.1057888259854034, 0.9719955069675239, -1.6173661554773917], [3.081573518600829, -1.632807818306377, -1.106589906565799]]]], [[[[1.6508031678954305, 