{"noise_params": [0.0, 0.05, 0.1, 0.15000000000000002, 0.2, 0.25, 0.30000000000000004, 0.35000000000000003, 0.4, 0.45, 0.5, 0.55, 0.6000000000000001, 0.65, 0.7000000000000001, 0.75, 0.8, 0.8500000000000001, 0.9, 0.9500000000000001, 1.0], "max_scores": [1.4141103686468366, 1.366256286486452, 1.3164209628731314, 1.2647915914744705, 1.2110571768114005, 1.1546816177330619, 1.0953286274702156, 1.0327119227156802, 0.9611985042363004, 0.8907918943883151, 0.8158862348058002, 0.7298629832730501, 0.5906782806439808, 0.46162175596480237, 0.3592699379356284, 3.4846899907793303e-09, 0.36398562190825734, 0.5048228580952898, 0.6313553431028956, 0.7264364181559375, 0.8162916834636923], "opt_settings": [[[[[-1.6742703536014225, -0.07007731239974635, 0.6291092265808392]], [[0.12689444860365562, 2.2808444260522367, -1.038967444878048]]], [[[2.410959972174085, -2.4934418317990494, -0.9401115722167095], [-0.7177393892059217, 1.1365753556131406, 0.9546923055003473]], [[1.770961570055298, 1.8257208888791285, 2.07055696654848, -2.0036392383364388, -1.2914734364655462, 1.3585700444237805], [0.3137998619427732, -3.116029384438338, 2.0003169187582897, 2.8226761375802365, -0.747869877921686, 0.8549821693753232]], [[1.8922083466303652, 2.8556281731282476, -0.11999520295095822], [-2.611752055929606, 2.0365626234943024, -1.1228940635346847]]]], [[[[1.161082819665864, -0.7394870614323206, -1.5374622910554583]], [[-2.396811605555178, 1.9748057318261985, 0.8932256548882327]]], [[[1.5789148059589004, -0.6982125603996119, 0.5118748424016353], [-2.6298077211919804, 1.7854375375677223, -0.9726322176061566]], [[-0.48828704938735124, -1.8693370646520044, -0.6021903035668879, -0.8060568773680232, 1.6089270196126135, 0.07148034952496163], [-2.145154695544335, 2.1252928154343285, 0.38725506415771177, 1.2943255951292796, 1.079149569584061, -0.15429769612696423]], [[1.0982272413172285, 2.3276243582597345, 1.7412103721443275], [-1.25087806496005, 2.3540050604684355, 1.1497140145960918]]]], [[[[0.06807265913939885, -1.7453959363805978, 0.29406070214636737]], [[-1.5717621122552692, 0.199169778990292, 0.10201573539291561]]], [[[0.5852911180718201, 0.9717748109960757, 1.2481982496061823], [2.185618094537755, -1.8576655007719007, 0.9712795103678458]], [[2.835447216356002, -2.8225839367651, -0.9475606213144903, 2.732093875796269, -0.7927760363563475, 0.8193715109394684], [-2.1815735957695557, 1.8947315742889752, 1.0160444465847087, -2.8868229251361153, -2.6184819933395214, -1.2050586743798612]], [[-1.4546643227142608, -2.0271245256193904, 1.369024053966056], [1.3557857815844643, 0.2265814117407878, -0.1480470428871467]]]], [[[[-0.28070988707356404, -1.3570444048451478, -1.1111927576095366]], [[-1.9253203256516787, 2.698392048780748, -0.16744619255321122]]], [[[0.5772496729955093, 1.4039430372110826, 1.1914138341711151], [2.861375308431834, -3.1519125018692327, -1.2248393190082931]], [[0.749310925951549, -2.1634628215741074, 0.19533125985080121, -1.6701177870158137, -2.93094539598346, -1.2822186447688062], [-0.283567368487046, 2.3416713951598447, -1.3671877601817857, -2.3005110129550137, -1.9033341878550274, 2.287534001831048]], [[-0.6994189591961925, -0.6335645826348806, 0.022169768918753847], [-0.5798074453422668, 1.095377948933413, -1.4547552467586227]]]], [[[[2.7783736116565305, -0.725689188529779, -1.042244541533992]], [[1.0159728249471636, -0.05315782102568419, -2.0313761877545744]]], [[[-0.4756395159660711, -1.6477894959859205, -0.7182489113540186], [1.1440549243883338, -2.1095806423913173, -2.028277037131634]], [[1.608633399533005, 2.404326502029502, -1.0750665420061694, 0.048354231486951414, -1.4316935502416934, 2.2935247774768666], [2.1747781050481496, -2.2942203103595964, -1.016667458921789, -1.5606092162609881, -2.4760953035981235, -2.2758269449870525]], [[-1.6324139572918057, 2.0460879023076077, -0.14044203540842393], [0.419939169990704, -1.0038280580218117, -1.4568055015873695]]]], [[[[-0.7401895556761752, -1.0570825000791548, -1.0347940827313888]], [[2.626466674145433, -0.729751897675489, 0.3887170958451637]]], [[[0.6808938000317418, -1.3738320363970797, 2.2732167726661254], [1.9279888139521473, -2.1195926603841873, 3.019442483147448]], [[0.3346445101541451, -2.7939170490897824, -0.31661953540268684, -1.3330159225413487, -1.1661949294407845, 1.5800523549357006], [-1.5426970403015434, 1.5993385787375642, 1.1829797158459758, 1.2852233924985743, 2.472330829371542, -1.8917658065172551]], [[-2.5755131444158446, 2.1018959625730207, -1.1330694619888737], [2.1306981522043533, -0.9257350946114846, -2.7332339167300628]]]], [[[[1.8644320252707174, 0.6835888753499533, -0.8162079092633628]], [[2.169601459198158, 2.8837331341466386, -0.048971324543482506]]], [[[0.6730346513629302, -2.0432018238913203, -1.3900382969147278], [-1.2374009537641038, -2.0746404242537255, 2.3128672438411915]], [[1.7585722130460961, -1.3388954415821726, -3.115662639367793, 1.3871552268388982, -1.7708862365141786, -0.9636394413560718], [0.9381349813867255, 1.0039616066217816, -1.0812780310285954, -2.052558698873162, 2.55264420711697, -2.4915082788588467]], [[2.3057417035429313, 2.3332564873157953, 1.294176264106837], [2.77119531449783, 0.4878192503425846, -1.9320419638815542]]]], [[[[-0.9408759600774316, 2.438724898081822, -2.9747895720734787]], [[0.5510430608381199, 1.801191345960663, 2.3500490591570102]]], [[[0.9987582634914705, -1.8684630009066971, -3.0622958587166536], [-0.5164758536283314, 0.6841536174713817, -0.9267632967767563]], [[2.6335862458803057, 1.4618746736249457, -1.268382003195596, -0.34770670452270086, -1.054734716304334, 0.4998801828721566], [-1.5839598555474734, 1.5041776123336694, 2.525764136086842, -2.1321921675308055, -2.3406094012216845, -2.3982730129329775]], [[1.1275564383407384, -2.0929676881512895, 0.49789345150309705], [3.0784752866161473, 0.6920890238166947, -2.4900491404674936]]]], [[[[-2.524362139910387, 2.2061526703289482, 2.4992544220557247]], [[0.2800551292164872, -0.04180975719993804, 2.2544341618802224]]], [[[0.38916483831953164, -0.7825675516723349, 0.11532065365135179], [-2.933861462397309, -3.1530152969125806, -1.132335141499249]], [[-2.8404523862555653, -0.17181524918522162, 3.0839903047581965, -1.4909668403921394, -1.6452419736489912, 1.5241918109072108], [-0.5830461604635022, 0.19244284851681087, 1.2897840346344527, 2.8218240970040482, 0.9783070203749835, -1.888294533425876]], [[-2.611643018119294, -0.6360911398983959, 1.4312199972796762], [-1.8711133520444014, 1.9521204255832545, -0.2866918467585493]]]], [[[[-2.0102219496071574, 1.5406487526715533, 1.2074080996893914]], [[-0.3056465751654321, 1.3603955845865474, -3.106679400096306]]], [[[2.0040916004723814, -0.34476562243669434, -2.697276252285679], [1.879808513852525, 1.9669529846524996, 1.7743246573570195]], [[-2.2061503956347757, -3.1366430615350898, -2.2625719346287374, -0.8912819446948923, 1.423778048454005, -2.9393442546468753], [-0.8985639653258557, 0.6582226986265667, 0.810453915010124, 0.14963157459644721, 1.0475006823538744, -1.4026135831709963]], [[2.7538516112087064, 2.8517558543504693, -0.13384488963149144], [1.1487239536156904, 0.8247693729862686, -0.10120495121942379]]]], [[[[2.2142773977857817, -2.2851339644725823, 2.1566035236168624]], [[-0.5483291325085805, -1.498929485587536, -2.6385660375322186]]], [[[0.737220727994147, 1.4640889709686844, -1.596443042834887], [-1.309081157252715, 0.11163803560105176, -2.3362067342861197]], [[0.3353261255620217, 0.4758088477122462, 0.266644036955503, 0.7361884504728594, -1.4755098590043423, 0.8638684028124627], [-2.5033254341450704, -1.004579145809781, 3.0446091689748895, 0.12608096873140834, 3.0662854835073396, -3.0948320018848032]], [[-2.012608019357686, -1.6848402074964732, -2.053786445650648], [-3.124074236435563, 1.7692414841760256, -0.33062641454838193]]]], [[[[2.5353587636621584, 1.0495449343162926, -0.05635476423743008]], [[2.2715770351249396, 1.3017075151617112, -0.4910202858684482]]], [[[2.002803299652522, 1.3750529334034705, -0.7046657699503096], [-2.093779526253029, 