{"noise_params": [0.0, 0.05, 0.1, 0.15000000000000002, 0.2, 0.25, 0.30000000000000004, 0.35000000000000003, 0.4, 0.45, 0.5, 0.55, 0.6000000000000001, 0.65, 0.7000000000000001, 0.75, 0.8, 0.8500000000000001, 0.9, 0.9500000000000001, 1.0], "max_scores": [1.4142068991625751, 1.366208064358522, 1.3162300568805283, 1.2645498950526983, 1.21094306537294, 1.1546958785377335, 1.0954419889346076, 1.0324203913325751, 0.9654860378673822, 0.8939649345473881, 0.8144497571307312, 0.7297588953143581, 0.6321775489526575, 0.509437373246227, 0.36249194468169865, 6.232532141639351e-09, 0.35605976642710324, 0.5128993745487006, 0.6322064685691641, 0.7301364023542265, 0.8161747868894823], "opt_settings": [[[[[2.9618772524398906, 2.537877054052316, 0.47825446719848935]], [[2.2816350195413087, -2.8544558796673094, -1.756017085587124]]], [[[2.7622762016770417, -0.07957615635198, 2.3635936779355102], [-0.041193279020321334, -1.877648917433761, 1.591318691280308]], [[0.42548311929881244, 1.4967939300704758, 2.8816006983792146, -1.5939824101087983, 1.8018757558900482, 0.6127650497155144], [-1.458107098932236, -2.802506838277438, 2.4586482389439066, -0.49902954881538875, -2.236228098605563, 0.3220956155406261]], [[-1.6975871400315823, 2.2393919662348463, 1.9470705032887787], [-0.41712391697898765, -0.7882252630695309, -0.5377262232416924]]]], [[[[0.29122462775870905, 1.5810168428695264, 0.9716158454191736]], [[0.7983008166053024, 0.10761741642310298, 3.3678222131528557]]], [[[2.2225768517887063, 2.4035721853888936, 0.6700330605972851], [-0.7489182805432103, 2.1252518016574435, 1.898279285830518]], [[-3.237632068225081, 1.871299258562284, 2.92131327273085, -0.6179881892863799, -0.4380646470933979, 2.4370240317531486], [0.8003012764534209, 0.12674228985205496, -1.1503370693211081, -1.1230435767242992, -2.0584102411087177, -2.16371933061078]], [[-2.734198658456539, -2.74452444954061, 2.4217187347542524], [-0.02722481662507092, -1.6923932479089083, -2.00227980072337]]]], [[[[1.5908941337834612, 2.3784799389816813, -1.6924989383352882]], [[2.8494373983371677, -0.927377826989833, -0.4349064369478562]]], [[[-2.162722586575535, 0.8955145699700044, 2.093454637921699], [-0.14971544746143964, -0.5011328305839078, -2.483114419712199]], [[-2.2982533867439985, -0.9150235314414059, 2.335298040277916, 1.384127641419412, 0.651735361939662, 1.9071240671994154], [0.43535890469975036, 0.24578443793233218, -2.082331454657431, 1.886994220667344, -2.2079451477457557, -2.1949990489488567]], [[-2.1717287781355554, -2.885626881794043, -2.6518286758434813], [-1.9273231617406281, 2.21971912146286, -0.5207054130902162]]]], [[[[-1.2731088716222605, 3.1619242552140725, -2.249557530296725]], [[0.9120108074767597, -2.6457606892411256, -1.1994161850628178]]], [[[2.2001761207689037, -2.0827240021785074, 2.8069153349565026], [-1.0582211320029207, 0.5794081541005467, -1.1982628592158802]], [[1.1038952749185478, -1.10017557551469, -0.5138058165734685, -1.910080774190148, -2.2080857254461734, 0.4461350653361004], [0.039299518441678755, -0.29886858334405597, -1.5604547551780559, -0.04480095246790353, 1.3034574961914043, -0.5600777631768903]], [[1.6744521083975337, -2.3684843015393353, 0.8186755854152064], [0.2504646360439112, 2.4635591961940473, -0.14626626992348024]]]], [[[[-0.16585149957785045, -0.8988292479336412, 1.7283293298919749]], [[1.1687197553230353, -1.0059038204938882, -2.970350966200403]]], [[[-1.9829766865963696, -2.2545141584273827, -3.0033604470399093], [2.417244787496912, 1.655503566578182, -2.864930671028297]], [[2.243341701962531, -0.3663612606549537, -0.10764200196265822, -1.1245803912081647, -2.7426774667172094, -0.1279473641224089], [-1.134718570074467, 2.1258592531537523, 2.1532761626409878, 0.4988732401872009, -2.196295159675415, -1.8543745564673186]], [[1.9477395552575156, 1.4548141012325015, 2.9597393234370566], [3.18944926186137, 0.8817874192391545, 1.9182753396736123]]]], [[[[2.245743337269796, -0.6359785498860867, 2.020447811090641]], [[0.26616301725744995, 2.8181295081752826, 2.364668222292294]]], [[[1.7312266163219447, -2.384866695277396, 1.013550605622024], [1.554010659123014, 2.4040859488710833, -0.467028542732868]], [[0.6657160670838843, -2.3423047102707564, -1.585886916889691, -0.5581401562546496, -0.5701502682371395, 2.9491452650091796], [0.3277308099239752, -1.2269974878364696, 1.3920384891289963, 1.8304233918776613, 2.1317408201689947, 1.0445132001402797]], [[1.0254573935492493, -1.4579646844398317, -2.3283509627141554], [0.7734670502742704, 0.14986721819843363, 1.898852469970847]]]], [[[[-1.201575322049291, -1.8790169472821414, -2.4496100926243027]], [[2.5399311147546584, 1.9056607635596012, 0.796252564351091]]], [[[-0.23326739513668626, 3.374540901948024, -0.07800448720379374], [-0.9035443610011046, 1.9304292836018921, 2.7903074985551095]], [[0.9708242383196092, 1.827601059525786, -2.1945256521935628, 2.2305803981336036, -2.243786520177072, 1.7262792854619207], [-2.380286726052482, -3.2140055386971147, -1.0573572995209295, 0.8962100722567462, 1.764493505099387, 2.2962738848779702]], [[-1.8960367108278013, -1.8359503028208342, -2.437785248931626], [2.815022041042379, -2.1424348697466007, 0.5299149863364114]]]], [[[[0.3839246156820485, 1.814225396371611, 2.6352688416203986]], [[-1.3124832305755023, 0.26858917554043416, -2.765023651228828]]], [[[-2.1813435050888783, -2.5200107277334345, 0.3964745748624203], [2.587727986450106, 0.7365689920464148, 1.2918816707858518]], [[1.7656610250448004, -2.0057073209078013, 0.13020709013432222, 0.9190836447613808, 2.38861597556007, -1.025623423288124], [-0.5255668151605888, 2.3520754784907623, -1.3605711521151755, -1.8105981106277342, -0.20104671442857708, -1.0504232827184805]], [[-2.891337135848971, -0.3210946239311943, 2.727369061725888], [-0.2551157310977675, 2.4219136450594214, 1.7786802206761925]]]], [[[[1.8342057922055592, -1.183867341116343, -0.03342449360163963]], [[2.6754691037204545, 0.7825046200473729, -0.8296797822227286]]], [[[2.6963677697094695, -0.9738778945659471, -0.7997442893495461], [-1.534847368203929, 1.3988263036714346, -2.9285077524292467]], [[0.0686127080745877, -2.2747908131808994, 1.0089783456607604, -2.685625738757216, 0.9660587258904184, -1.713589734216531], [-3.2266774889702274, 0.4165352713324888, 3.0190844913984494, 1.9779039338864002, 2.141760098593848, 0.5095966749489693]], [[1.574981339443186, -2.1648836769811357, 2.117602847535008], [-0.12674220992136007, -3.0588152229162664, -2.3478830986239565]]]], [[[[-2.5764568209188394, -0.49216351429666993, 1.6150467723441624]], [[-0.8249620799012436, -1.6217920863844397, -0.39763046596702456]]], [[[-2.4542521699558715, 1.3281171269124885, -0.12207641793052958], [-0.7543756344445763, -0.09558223275279158, -0.1408877928709637]], [[0.5490158023006251, 2.516239190041443, -2.949358686427651, -0.7355674180424542, 2.3568442923463855, 1.9351585941791525], [-2.858684886368183, -1.6615801412395714, 2.7156021007308304, 0.9531070297310058, 1.6927238106862774, -1.1115154579000421]], [[0.9823421558757444, -2.3805953388708185, 1.421230229094812], [-1.2776197311641497, 1.3424486259949464, -1.8233033450624767]]]], [[[[-3.1366132858637323, -1.3635894559568578, -2.5634297660496865]], [[3.1059628894175426, -1.4062777630987395, 2.767736322749386]]], [[[-0.4260870233112072, -1.855422683836037, -1.5720262166314212], [1.8175517535837473, -0.4993016249908568, 1.3058887137315969]], [[-1.5613814683111145, -0.4403218934197844, 2.064129213391139, 0.02693957239220185, 1.71373466269482, -0.42729675122791955], [0.0403270252803577, -0.7743315379038478, -2.4883655076115927, -2.5539292543523726, 2.2393738178428997, 1.7111340237770145]], [[2.5165339462570078, 1.6538673232194963, -2.4490843343107827], [-2.8191548435143607, -2.6907976433372767, -1.1906971717603692]]]], [[[[0.6658773207688637, -3.078338144016077, 2.7559389103219907]], [[0.2763249131085985, 0.9302948649922422, 0.29712200011430306]]], [[[-1.011001762561246, 2.7370815784361224, 3.058565812915166], [2.8345859136630427, 2.3290678841673476, 