{"noise_params": [0.0, 0.05, 0.1, 0.15000000000000002, 0.2, 0.25, 0.30000000000000004, 0.35000000000000003, 0.4, 0.45, 0.5, 0.55, 0.6000000000000001, 0.65, 0.7000000000000001, 0.75, 0.8, 0.8500000000000001, 0.9, 0.9500000000000001, 1.0], "max_scores": [1.1890981721004086, 1.1464573826405176, 1.1068891131562255, 1.0616060257425401, 1.018049606624468, 0.9707412781658628, 0.9195916231927644, 0.8673098627273632, 0.811317360486667, 0.7513028562792551, 0.6864755734123369, 0.6011575055586034, 0.5316034831070486, 0.4284501035285233, 0.3002209678180971, 3.1797341651963954e-09, 0.30567936876544716, 0.43341804366861836, 0.5308883691169594, 0.611891077423488, 0.6856514740936683], "opt_settings": [[[[[-1.636794156433892, 1.5060547520455974, 0.7153070197444975]], [[1.4552703605200676, 0.5273358803313336, 1.5585437217288756]]], [[[-1.8333269909207885, 0.375389591184138, -0.9650516005849576], [2.834343902122193, 1.7778621067158293, -2.822541064799711]], [[-1.1817780021588384, 2.3588989971639736, 1.1729888840500031], [1.2453760600915473, 2.3942628116635083, -2.0122644600793564]], [[-0.5761296358692976, -2.563193585626522, -2.8782689726040642], [-1.4410027026789358, -1.0445526881368343, -0.6551870195999263]]]], [[[[-1.8240124168524274, -0.49124134305981076, 1.2195907670607156]], [[-1.5419727380725008, -2.408599160456928, 2.4314196845190263]]], [[[1.8286996011785972, 1.5161288842359861, -2.7434566658344837], [0.4132407866391561, 2.1936037214773805, -0.3772729203699843]], [[1.40538193089949, -2.4464762927007846, -2.954045153834446], [0.0507745842918344, -2.3028058764662185, -2.7465642913633723]], [[2.4558685355392136, -1.0224503643575344, -0.006127654727167431], [1.2358578877367388, -0.33320632129512545, -2.6791717895574436]]]], [[[[2.647245368207661, 2.1106255857018223, 0.9679394341118253]], [[0.3662906087145757, -1.7734396639014298, 0.4513167715009847]]], [[[-2.5606049332812373, 0.19180613204866212, -0.8149690918531864], [-3.0165565487414314, 1.2646890867040388, -0.43889803593384313]], [[-0.6131989869719785, 2.539365526427961, 3.079863461075484], [2.161489062588049, 1.8738725337978785, -1.8605705095659901]], [[3.0679993390004396, -1.4588849730894933, -2.5774083323625883], [1.3608231390226675, 1.1363673116464188, 1.9149239223000292]]]], [[[[2.5655626401327507, -0.6968743453771846, 0.36564254555717296]], [[-2.708816321979981, 1.212850074143565, 1.732344759974678]]], [[[2.1340971377136673, -2.155437168279704, -2.333198957354578], [2.641067727291386, -2.9629055803431847, -0.9145694677036659]], [[0.22704664654056292, -1.8466952101323129, -2.5206995543571336], [-1.283647558271151, -0.45834048990765414, -1.4249097514767266]], [[-0.6812458673607642, -2.8171714286001652, -1.4134650833914124], [-1.5204374043328712, 2.7771213019406766, -1.6858756966290354]]]], [[[[-1.918600253415838, 2.905290282518116, 1.976435848360469]], [[1.7431422979772166, -0.13916674440913862, 0.20257721352880093]]], [[[-2.109652375286102, -0.8415346122404589, 1.2654888938502769], [2.2609305213427655, 1.635720876847587, -1.5158727127792648]], [[2.824670860098217, -2.6565740936269893, 1.9328327592767378], [2.4805522487191807, -2.45205777168709, -2.769804314691755]], [[-1.5738550087130996, 0.8613231585820821, -2.570925451036582], [-0.43063714587929086, 1.570469668747765, 1.9319652594460797]]]], [[[[-2.314267667406683, -0.40288836756845603, -2.0951179691234256]], [[2.553036527643998, 2.519504801093416, -2.1819683186506373]]], [[[1.5194280180906572, 2.2297514543520167, -0.5471573480297578], [0.9744225045474718, -2.5003858383727673, -2.4045889980154884]], [[1.7741618700210933, -0.8624857600713185, -2.4347548476124534], [-1.971242451654975, 2.7200879613992726, -0.5432799812566899]], [[1.4332624479906588, -0.754532917206961, 1.7194232125890938], [-0.0005514517450466855, -1.0100992077910973, 0.7701133657031418]]]], [[[[1.6232924290967359, 1.5814580799736122, 2.148678241524318]], [[2.0351013439134684, 1.5041366381253751, -1.2696325894952953]]], [[[2.8907730000328327, 1.1691917181725218, 2.1540640786551633], [1.9193849290511178, -2.612594736639216, 0.5475911752521005]], [[-1.604292249749296, -2.3909766945677533, 2.092813550339163], [-1.6819851412677689, -0.061164939457788885, -2.1547208524737336]], [[-2.509628150490878, 1.8323116544918943, -0.7490228037877786], [-2.930245428104976, -0.2692400253412742, 0.9385609287073784]]]], [[[[2.7582034060547733, 0.3588581418567525, -1.8259859217029983]], [[1.986373335325162, -1.6891200277974163, 2.1219205843346343]]], [[[-2.3810184509177805, -1.668121290395235, 0.14625211199632385], [2.6983253181906535, -2.455975477646509, -0.9702798805139047]], [[-2.6671744490209996, 2.3287468271497596, -0.2926386445338423], [1.752659418344325, -2.632878616024784, 2.8198867266571512]], [[-1.9508736728294866, 2.0153980104713924, 0.7555615838493184], [-0.9957429093789177, 2.597125309055793, 2.5793420254375814]]]], [[[[-1.091033891070517, 2.432394351745933, 1.1514664686663851]], [[1.802358867816136, -0.02228620873468291, 0.5722585476918686]]], [[[2.5057634566837312, -1.6690336260180336, 2.5793876380505516], [0.525561560705279, 0.2640019984106696, -0.3434461686118433]], [[2.3019728171883647, 1.312422818301968, 2.5079391363048926], [2.6145769892270403, 0.26793649962737737, -2.1742409221326886]], [[3.16582527552798, -2.5084875813723695, 2.305913605940831], [-0.7325367585904498, 1.6463229715381353, 2.027848751783618]]]], [[[[1.6792365043865092, 1.9147114967545213, -1.6318738362358594]], [[-2.158508769684418, -2.368308818757129, -1.5219794341541206]]], [[[2.3868012773019496, 3.2421349418982293, -1.8379201564549146], [0.6419922985463383, -1.9735357300754213, -2.5180850755508555]], [[-2.350766635743317, -1.1360207136764517, 2.3516553362273918], [1.0366378016474038, 2.996777209384168, -1.1750022291737832]], [[-1.6181855432861216, 2.4442557706732977, 0.9940726122837837], [2.1819402748673387, 2.343365951147659, -1.381326649722836]]]], [[[[2.632731484846575, -2.2868567913642424, -2.105148232907866]], [[1.3409125049415684, -2.1288031032379813, 2.8813054963884044]]], [[[0.6083559762201519, -0.026506452039939482, -0.5707776539268097], [2.108482784594837, -1.4169915054720486, 2.337202403562392]], [[-1.7662528204774939, 1.2233399782364867, 2.7686641779328713], [-3.098084355432376, -1.4862120377579, -2.100304994422783]], [[-3.0328210255957977, 1.3673484219222096, -2.4886180091712884], [-1.916045349731831, -0.5708481142200365, -3.0573401951940795]]]], [[[[2.839526358485141, 0.2619387512656544, -2.6555173105024057]], [[0.08380002745447204, -1.610242529900639, 1.758976880737863]]], [[[2.1372079828489228, 0.42020786885460976, -0.4359229624207996], [0.267117175090745, -0.3744734478132014, 0.265426680440975]], [[1.9436284359553166, 1.1843518999621958, 2.2989268061760737], [2.2005972067980903, -1.9513610626496116, -1.2043045284746152]], [[1.2346153890096063, 0.7287821943361356, 0.08847655806918954], [-2.3001577232349155, 0.32579458795127797, 2.5685416564526795]]]], [[[[1.8330796686494313, -0.09125240930170755, 2.4051607275795415]], [[-1.9652978382915287, -3.009639659189827, 0.04753935987675468]]], [[[2.2020216287009853, 1.2851740242306153, 1.033088809994517], [-1.889039026285471, -1.4196550630599887, -2.245797032112893]], [[-0.4144482960645323, -0.4824587488104331, -1.4990031604817087], [3.0673523157682285, 1.0827788242528211, 3.0334170723793044]], [[-2.7897087588544953, -1.1485098408490442, 1.844448290781707], [2.4688645221515446, 2.924553100248595, -1.1910884571790443]]]], [[[[0.3349728539199437, 1.1291930226320495, -2.5424266466883823]], [[-3.084506365748245, 2.466618627383139, -0.928125564866296]]], [[[2.8114718118745, 2.7620410077577255, -0.2254708617829984], [-3.0906476012323, -1.8827578169621884, 0.006829650114407909]], [[-0.013720179955739648, -2.443304672725797, -1.038636316863023], [1.0165200112223438, -1.9538927717306678, -2.4679670299339507]], [[-0.4366946086439037, -0.2459631554627442, 2.6577898260713377], [0.6281608093472687, 2.2693385041411824, 1.0311326119187347]]]], [[[[-1.4965705255785784, 