{"noise_params": [0.0, 0.05, 0.1, 0.15000000000000002, 0.2, 0.25, 0.30000000000000004, 0.35000000000000003, 0.4, 0.45, 0.5, 0.55, 0.6000000000000001, 0.65, 0.7000000000000001, 0.75, 0.8, 0.8500000000000001, 0.9, 0.9500000000000001, 1.0], "max_scores": [1.4128064148432515, NaN, 1.3163244620472816, 1.2643128194235342, 1.2075608967141052, 1.1543170485336893, 1.0934617095216526, NaN, 0.9630205053975773, 0.8929207830441941, 0.8059103940538207, 0.7251967691441223, NaN, 0.5031000206864391, 0.3472560268760072, 8.814131482632601e-09, 0.3625702512131934, 0.4999233345729386, 0.625615952429464, 0.7238412838987088, 0.8112298007978644], "opt_settings": [[[[[0.296552850584479, -1.50154003016696, -1.1234313423828761]], [[-1.8722516692707762, -2.5943150658723564, -1.7393894678536843]]], [[[-2.4112378631577105, -1.5997123762875014, -1.1999620886108868], [2.6752772834343768, 2.741743914972009, 0.2078438175213097]], [[-1.2934509582959455, -0.5594277036425985, -2.330257872119626, 2.9774665788836963, -1.2115392014630892, 1.9104157482354447, 1.5264838475795157, 2.7205162285811326, -1.8450242756971327, 0.53206248489478, -2.427336319575308, 2.7590554185361826, -2.038306365238741, 2.4787702463851433, -1.1980611727521466], [-2.204628912023365, 2.1090709250678232, 1.1828871216202468, 0.9868892938306068, 0.5972851805740734, 1.755559493292372, -0.5535285058529027, 0.8228821905764062, -1.9520709475842277, 0.14441425922047818, 1.2673581930530233, -1.3868001146826905, -1.204111335818396, 1.1804751869582732, -2.6169253691847576]], [[-0.8938747024028527, -1.8179676082041991, -1.4092485224811506], [-0.3432846664692346, 0.11301810108618525, 1.9320097939301855]]]], [[], []], [[[[1.5972824705299773, -1.750010761148879, -2.1722557970861964]], [[-2.218526886710936, 1.364443276230219, -2.7673836837879398]]], [[[-1.5068390314634788, 0.9533027572368992, -0.9102166642154393], [1.57778159178202, 0.6695627510103256, -0.40956324510035375]], [[-1.3662465254465619, -0.029347953876367308, -1.8097224763366941, 3.0209996254504348, -2.7788065334536824, -0.13561331236233456, -1.5653569729698245, -1.127360667590829, -0.03738309783679809, -3.0979662498291107, 1.9566810253146845, -0.4086976820977436, 1.3836765131627329, -0.37356321864931497, -1.3704282583701766], [2.2619343217911028, 3.040588264613209, 2.634982233900175, 0.06225994210998123, 1.9470473926297651, -0.7205607465685031, 3.0820654019722307, -1.603999651214328, 1.8451531613382757, 0.01989753171509137, 1.5411472273491065, -0.3596920451387374, -1.319992318020423, 1.8401717985374058, 0.015668698766607963]], [[-2.897985200152924, -1.0634024598660914, 1.4894066107265225], [-0.9347262848814565, -1.018411420268544, 1.926710292722625]]]], [[[[-0.5132254901133926, -2.902207508002139, 0.638436624478745]], [[-2.8547772979351014, 1.8965415141684048, -1.9842390264136955]]], [[[-1.2236418576592225, -3.0597407071036398, 2.0277019120692916], [1.2254652461532296, -1.045663918411613, 1.334114114080431]], [[-2.621598954564926, 0.39125504334629024, 2.1467007840937686, -1.0895372721650594, -2.4829406281023383, -2.0943231417755683, 1.093420422719137, -2.760954183097718, 1.6596841331431023, 0.8643889027732513, 0.9034387298666054, -1.684658583034728, -2.477826665404265, 2.392780642329286, -0.8104470792923557], [1.4270810865366785, 0.05229222290188926, -2.4663421945797026, -1.574955925406858, 2.716146148933731, -0.22184741535219962, 3.036112689889532, -2.9875382585518184, 0.019184282967208324, -0.31745391837548104, 0.7971703635167057, 2.5977958626688222, -1.4337135395878515, 2.974846912896515, -0.1945431896034694]], [[0.5883059881963161, -0.9742678688912358, -2.9805823391123236], [-1.5768815148926394, -1.6603369197055158, -0.35815918398871727]]]], [[[[-1.5190830754395612, -2.7416462957723606, 2.515329199226483]], [[-1.052842335180842, 1.9698115891333476, -1.3164336937621683]]], [[[-0.5541041915412287, -0.5893605919961067, 2.4770158310267965], [1.8547691883091697, 1.9343072718588625, -1.6066479316356976]], [[0.4621347442690185, 1.5632539240030396, 0.5750575131252709, -0.9857306279014579, -2.169665735898777, -1.2839631893760954, 1.0741054299999835, -1.210548658529419, 3.192585844060388, 2.928987982067116, -2.6133118101578217, -1.9208453088316766, -0.6473142286637216, -2.175622727721248, 2.0794345489126336], [1.6823856601912202, 1.3166843947853117, -1.7242232338447987, -1.758291616570969, -2.634868638774404, 1.2173140534979305, -1.2079777308331459, -0.6994124166653536, -0.8332023983096046, -1.637657876073284, 2.493414670338191, -2.507825084676041, -1.8421242861292386, -0.24599656571817924, 0.46485911153747234]], [[1.5863926959983485, -1.9845634999977764, -0.3755509408202986], [-0.1539137261668452, 0.943938681691578, -0.8341557114428508]]]], [[[[-0.8335699814608699, -1.1664264390381742, 0.45290213825671477]], [[-3.312102904557985, 2.4659363017805536, 2.9037753986626096]]], [[[0.1563757087750885, -1.617067736481657, -1.6179597267232535], [-0.9515448916707903, -0.6311660846787034, -2.173028004339991]], [[2.565102274610903, -1.0681795440629598, 3.2121795008618754, 2.3255941453041307, 1.043563196740468, -0.07048317854726643, -2.4188397774895845, -1.795973217347308, 2.167871988715362, -0.4829858703387271, 1.3137074575898815, -1.0079655924372857, -1.0755521298782635, -2.6895665622288862, -1.2557712190035961], [0.9373063824347004, -3.0043249316924667, -2.597688076422823, -1.1827050877809686, 1.2281973260663233, -1.3688423935350682, -2.422698230985773, 2.139418590316706, -0.005975263931942587, -1.5857636848935006, -0.8027827249762177, -2.6070348297563015, 2.845578888416036, 1.4431619561316218, -0.7021404535627869]], [[1.2682614236206493, -3.1748811653864877, 1.4060704314853085], [-3.2663739711160646, 1.3079412611650894, -2.0884200598252214]]]], [[[[-2.628351341466365, 1.2215504910616646, 2.1923354249699014]], [[-1.8308237934113982, -1.5168733880403433, 1.1390670950253434]]], [[[0.974491742870036, 2.0023827353095247, 0.5345926634523637], [-3.061699502802246, 2.1345722686537485, -2.758432477283353]], [[2.0864278674503494, -0.5059110271287127, -0.35628867399172165, -2.7100822299969143, -1.9077771478536238, 1.8254052388174375, -0.21061220711848425, -1.4226386248755154, 0.4984225143744728, 2.444132204189053, 0.8110505029084832, 2.940411753861958, -1.2319472663988749, -1.5092035963120929, -2.7018496835810892], [-2.820603664399875, 2.554598709780578, 2.595890974884807, 3.074315336447059, -1.3835854010288486, 0.9720389928095746, -2.1899663161711884, -1.0033280599495737, 2.916703927177457, 0.2900346776057405, 0.4003614599916221, 2.841824480972158, -0.471299490992254, 0.7588010858382233, 0.8091095352848736]], [[0.9485169859105653, 0.4059948651795589, -1.310794402574385], [-1.262671037532082, -2.2791493973604595, 1.869585560183026]]]], [[], []], [[[[2.745634613737556, 2.8687144286573325, 2.171573447080474]], [[-0.2887054958947119, -0.4771827661251632, 0.10297461224980317]]], [[[-0.5319480847746275, -0.7448723229828833, 0.8961398719088682], [-0.4838890723057724, 0.25695539356335284, 2.6451069132200216]], [[-2.1506022056687883, -2.7185078513126433, 0.8384039561266695, 1.1543845661786147, -0.8180718242515789, 2.6802455196720123, 0.46399790131328106, -0.6506593225814566, 1.102621437591825, 1.571084409283103, 1.1241222352641411, -0.7796112290819732, 1.2718019766602051, 1.0740302442405003, 1.2925762675002987], [2.1505137778862515, 2.1086103141933354, -1.2612589484718075, 2.7527200239955545, -2.3184329238246204, -2.7407419072001606, -0.2128534153331505, 0.3992374057765704, 0.8527110917587395, -2.2866170355946114, -2.051833353473486, -0.6080943865797929, -2.5765982908011766, 1.2338908232277372, 2.374348840635694]], [[1.8809630575471934, 2.923571213094489, 1.0268296747307222], [1.0594830787067562, 1.6240445087744502, -1.7569336198605239]]]], [[[[2.1295129979384555, 0.010026408030356598, -2.8839224423144643]], [[1.4603687842526551, -0.7744942437176002, 1.2656344821946925]]], [[[-0.9926935654008686, -2.2363999586368806, 0.5933376756762572], [-2.4920573556619923, 1.9958089568091977, -2.054383717512595]],