{"noise_params": [0.0, 0.05, 0.1, 0.15000000000000002, 0.2, 0.25, 0.30000000000000004, 0.35000000000000003, 0.4, 0.45, 0.5, 0.55, 0.6000000000000001, 0.65, 0.7000000000000001, 0.75, 0.8, 0.8500000000000001, 0.9, 0.9500000000000001, 1.0], "max_scores": [1.414213562373095, 1.378630649406819, 1.3450889708509615, 1.311317340976497, 1.2805635532634319, 1.249937469250988, 1.2205246525183802, 1.1925757899007916, 1.1661903667153402, 1.1412710163942288, 1.1180339868205418, 1.0965856093983288, 1.0768966735162566, 1.059480022350532, 1.043352136458269, 1.0307762934395883, 1.0198039027185566, 1.011147573732101, 1.0049875617000161, 1.0010025520320873, 0.9999999999979529], "opt_settings": [[[[[]], [[]]], [[[2.540435206856678], [-2.20198593429392]], [[2.99137814450603, 0.19776236402991668], [-1.7616364422173336, 1.764321615437088]], [[2.175429489159538], [-2.5669916036193747]]]], [[[[]], [[]]], [[[1.1441917371808086], [2.7087000775027446]], [[1.1986404147424743, -0.032907974907913265], [2.8033321083500113, -1.6071246827651435]], [[0.8169041021012611], [-0.7476042382219716]]]], [[[[]], [[]]], [[[-4.0021853437214725], [0.6365432834991059]], [[1.6952203034777096, -4.065286280197508], [-3.0414048255651003, 6.827724711216241]], [[4.941697089748906], [3.297240409845653]]]], [[[[]], [[]]], [[[2.4889376880210343], [0.8380472474610435]], [[1.4622027202466983, -0.714921441667743], [-0.07680774196773363, 3.831380707267972]], [[-1.5116111071170344], [3.1206837576000646]]]], [[[[]], [[]]], [[[-2.1152266062982332], [-0.3892210792442711]], [[1.1825391991016125, -1.0132294103646704], [2.8841020306942795, -2.762463633692854]], [[0.24741668896216035], [1.9734222161033592]]]], [[[[]], [[]]], [[[-3.0672794659460583], [1.615510812252587]], [[-2.5622242457883644, -2.319503601133683], [-0.7116567589925289, 2.6595694777553485]], [[2.9887349888692265], [1.3883399545449762]]]], [[[[]], [[]]], [[[-1.4416652354376083], [-0.014277162259774368]], [[0.5727391383970644, -3.3926673141735564], [-0.6415461624672179, -2.0520158635129935]], [[-0.3488984333492788], [1.0784896397947916]]]], [[[[]], [[]]], [[[2.242214933199669], [0.29723557273480095]], [[-1.1188436749403359, 1.7496109541323321], [0.2019046099528515, -3.064520785166939]], [[-0.717514508930959], [-2.6624938728030814]]]], [[[[]], [[]]], [[[-1.6164827926307281], [3.1305631919792902]], [[-0.517405171911073, 3.6268141014651643], [-2.5784160633752493, -3.7330825503348826]], [[-3.10384147670228], [1.643204495207538]]]], [[[[]], [[]]], [[[-3.1749847888160687], [-1.8240974310670224]], [[2.739006385079109, -3.4327023468701], [0.6009635540114594, -2.34984615933949]], [[1.1914595656504425], [-0.15942786488483293]]]], [[[[]], [[]]], [[[3.0602861139506357], [-1.902816933064086]], [[2.82179519762637, 2.8440815493656113], [-2.488108904333848, 0.6960708065835851]], [[-1.9285313960707646], [3.034571616467571]]]], [[[[]], [[]]], [[[-1.0797029669775065], [-3.032872034036766]], [[2.430699082022721, 2.411326976204024], [0.23460573163711684, 3.368807935678621]], [[2.0716734816276063], [0.11850412695934417]]]], [[[[]], [[]]], [[[-2.6152936655398347], [2.8141296803185925]], [[-3.180842563554845, -3.0250475490001123], [-1.787083701652412, 2.2241416265359755]], [[3.2943920797485737], [2.4406300740761857]]]], [[[[]], [[]]], [[[-0.970334988187853], [0.04345408547392943]], [[3.328915168801313, 3.030934665873486], [-0.529006239294975, -2.185798783198396]], [[-0.190667256133302], [0.8231267885477219]]]], [[[[]], [[]]], [[[2.708470985274373], [0.376880655436263]], [[-1.513235100430599, -2.7580306192754067], [-3.133025370843781, 2.9992551186905505]], [[-3.1549291987772885], [0.7966527208101842]]]], [[[[]], [[]]], [[[2.2143424049793308], [-0.00048327258012913644]], [[-0.21551276164579386, -2.4394232237473377], [0.1309119829501253, 3.0456339233615037]], [[-3.231171286743674], [0.8372053204065854]]]], [[[[]], [[]]], [[[0.0015840643257455942], [-1.5703192170218165]], [[0.18505521432621952, 0.2183824456347207], [-0.1931892408421551, -0.20247537342634508]], [[-1.5749984451947272], [-0.003100461533125808]]]], [[[[]], [[]]], [[[-0.7051849452037536], [-3.148681705093365]], [[-3.1723764112595223, 0.8319676118537063], [0.06137119234974842, -0.04326028522264371]], [[-0.07577411772411115], [-2.519195108363325]]]], [[[[]], [[]]], [[[0.9968890623959338], [0.0012509414479169184]], [[-0.05578013223805691, 0.05236007916299108], [3.209836523727642, -0.2792160485432043]], [[0.013041191894883914], [-0.982599548862884]]]], [[[[]], [[]]], [[[2.5666427601854607], [3.131093545868952]], [[-3.1253839830385393, 3.1254197212147545], [-2.7959695732951912, -0.36419737930973534]], [[0.011034886324828037], [0.5756665739527204]]]], [[[[]], [[]]], [[[-3.1415738228380423], [-2.0068895495789416]], [[3.1403003412924506, -3.1406757920287824], [0.06907559069254804, 0.08592044558895014]], [[3.141572180625779], [-2.0068881950109803]]]]]}