{"noise_params": [0.0, 0.05, 0.1, 0.15000000000000002, 0.2, 0.25, 0.30000000000000004, 0.35000000000000003, 0.4, 0.45, 0.5, 0.55, 0.6000000000000001, 0.65, 0.7000000000000001, 0.75, 0.8, 0.8500000000000001, 0.9, 0.9500000000000001, 1.0], "max_scores": [1.414213562373095, 1.3784048752090219, 1.3416407864998736, 1.3038404810405297, 1.2649110640673515, 1.224744871391589, 1.183215956619923, 1.1401754250991378, 1.0954451150103321, 1.0488088481701514, 0.9999999999999999, 0.9486832980505137, 0.8944271909999155, 0.8366600265340751, 0.7745966692414832, 0.707106781186547, 0.6324555320336713, 0.547722557502873, 0.44721352341180565, 0.3162276120997586, 0.0], "opt_settings": [[[[[]], [[]], [[]]], [[[-0.6368708154918522], [-2.2088206956640195]], [[1.7181270253016665, -2.2431226744077293], [0.1485675614090069, 0.8105360518447421]], [[0.898469979182064, 2.083597911630775], [-2.3310566017450514, 0.5119839251409923]], [[-1.844379464676606], [-0.27242958450443855]]]], [[[[]], [[]], [[]]], [[[-0.4677977576015394], [-2.0470807951274534]], [[1.8762512739109998, -3.7780638422779287], [0.3209863505780711, -1.8267920893348468]], [[-0.6364713215224107, -1.5959532301722141], [-1.8267920893425993, -3.1499436317157774]], [[2.3438314714731034], [0.7645484293909001]]]], [[[[]], [[]], [[]]], [[[1.3731021163983173], [-3.329548233185866]], [[2.15900159647746, 2.2345869727515337], [0.5967642492531003, -0.2000759614393668]], [[2.2345906131608704, -2.1511517838247194], [-3.3416686150410038, 2.546399892250527]], [[3.334193603491885], [-1.3684563943721952]]]], [[[[]], [[]], [[]]], [[[2.5112095737630002], [-2.2073385705604425]], [[0.14558304466199248, 1.3634761614521451], [-1.4123346241577404, -1.4061454864922645]], [[-1.7781165280573827, -3.0729120594429262], [1.7354484156834997, 1.645201786044799]], [[-2.2877696304675346], [2.4307776875016303]]]], [[[[]], [[]], [[]]], [[[-0.26637884322731764], [1.3634070775302531]], [[0.5979740065092187, 1.5580163078065812], [2.0807465797434737, 0.8375731914335846]], [[1.558924078002728, -2.4907203967553877], [0.8375731918494657, -3.9978812897897975]], [[3.013392062013421], [-1.6400025455975733]]]], [[[[]], [[]], [[]]], [[[2.6609773921179682], [-1.9735514014390325]], [[-2.7532375933655304, -1.3165615824737815], [-1.2590256022772959, 1.162772597652516]], [[-1.3133496876714594, 1.0314633630521484], [1.162772595152936, 2.604970047814321]], [[0.20872824202875684], [1.8573845168914354]]]], [[[[]], [[]], [[]]], [[[-3.262246525079947], [1.4202192155409277]], [[2.2020280313804053, 3.1172224406303695], [-2.4756671936230426, 2.846278122777364]], [[-3.1658030653924163, -0.4654620401238878], [2.846278122766822, -2.0460819078669465]], [[-1.2710785363375796], [0.32964090805117663]]]], [[[[]], [[]], [[]]], [[[-1.8884776668687802], [2.8460091506289342]], [[-2.6622348558798326, 1.384166743232034], [-1.0925202818707767, -2.2993223611182656]], [[-4.89902390030092, -0.5580953170035468], [0.8421783784709627, -2.164904172346169]], [[-1.3494880270257898], [0.19922111815452648]]]], [[[[]], [[]], [[]]], [[[-0.12055202983826124], [1.464438721772031]], [[0.6452558709067746, 0.9684301760581748], [-0.8739329897208097, -1.6999260267459124]], [[0.968314506804077, 1.3792585608756975], [1.44166974813936, -3.286909286938422]], [[2.1956963596009094], [0.610636282999323]]]], [[[[]], [[]], [[]]], [[[2.385448550870286], [-2.312365213645554]], [[0.05196568724242452, -1.764553657032994], [-1.5485841156601092, -0.5862474232620487]], [[1.3769701472767815, -0.3455544839400753], [-0.5862420292618609, 1.2664870995194286]], [[-2.673077149768845], [2.0247162180306018]]]], [[[[]], [[]], [[]]], [[[2.8132792394575596], [-1.9132620756811654]], [[-2.696755674416931, -3.5915254545242576], [2.0263969687103423, -1.587697294007883]], [[2.691659578565319, 2.932364215353667], [-1.5876318414715866, 1.3843000548913356]], [[0.5800326894548276], [-0.9766145443443043]]]], [[[[]], [[]], [[]]], [[[-2.9477603057279658], [1.7974462190829543]], [[-3.6962217969810003, 1.9048535358532321], [0.9713033044834333, -2.5740192551916956]], [[-1.236739199899498, 2.5498817966917233], [-2.57364796489846, -2.200357171851501]], [[1.7636024804025399], [-2.981625538410623]]]], [[[[]], [[]], [[]]], [[[0.8782991871817608], [-0.6667840418965104]], [[3.2211714233905298, 1.8896174762702838], [1.7064765537032995, -1.5006358450559785]], [[1.88958510548468, -1.5531214891672587], [-1.5011330665230311, -0.029960998314033746]], [[0.7936321107832587], [2.3389352250200943]]]], [[[[]], [[]], [[]]], [[[1.9111572341130811], [0.2932218225226931]], [[-2.02747290146427, -0.6609494784697169], [-3.618929847876501, 3.1856128993599464]], [[-0.6633028360034229, -0.8769635735559238], [0.04403804993928598, -2.352380162983911]], [[-3.1563391204100375], [1.5087418741864627]]]], [[[[]], [[]], [[]]], [[[0.8475544822224664], [2.3918366852952357]], [[-1.527961040942936, 3.2832039159427633], [-3.0853403758143174, -1.2356722070136872]], [[-2.999935665248708, 3.733851660904754], [1.9049894755516799, -0.99296939548264]], [[-1.7837273946351], [-3.3278740924819146]]]], [[[[]], [[]], [[]]], [[[0.21688693282707086], [1.8135199107820448]], [[0.990098149893535, -0.7899228669061038], [-0.5350838596998647, -1.6025985406336196]], [[-0.787683168857213, 2.6271997381009964], [1.53902660739927, 1.0932771815130116]], [[-1.2939871150366193], [0.30416433927720943]]]], [[[[]], [[]], [[]]], [[[1.7295316067360391], [-3.0090532863154866]], [[2.5109293684210052, -3.250397576911996], [0.9189099838574402, 1.602590352745266]], [[3.032265875034666, 1.7232852412440511], [-1.5377289592849932, 3.2613279418841543]], [[-2.205116576627209], [-0.6600311405387697]]]], [[[[]], [[]], [[]]], [[[-2.447653861075972], [2.2742376732838427]], [[0.0036580987569949236, 2.9921050190241707], [-1.7518670794660203, 2.909402574025399]], [[2.9912829549015547, 0.5268599360219646], [-0.2318659043208378, -0.9186783417623933]], [[-1.7731334789595752], [2.945976549026402]]]], [[[[]], [[]], [[]]], [[[3.4424574150863534], [2.924685858792589]], [[-3.0390739424684337, 1.0391819450682251], [0.6218003402144056, 1.739632884594804]], [[1.0398573880809154, -2.863019098535151], [-0.5796256948571608, 0.8545152238149869]], [[0.49404423827943356], [-0.030907281470583695]]]], [[[[]], [[]], [[]]], [[[-0.22051106253035202], [1.6636973875346235]], [[0.29865076282822356, -2.554493358289457], [2.516025057518293, 2.71901189056766]], [[0.6003307200167863, 2.7160603041072604], [-0.39631424602367427, -2.086482037757606]], [[1.837533272230206], [-2.696039702556736]]]], [[[[]], [[]], [[]]], [[[-2.146473467388945], [-0.8277431320410256]], [[0.5029126459992455, -1.208792398290468], [-1.7667562490579818, 0.5766718808698972]], [[0.9109232817836599, -0.33286235803499853], [-1.1059474643548706, -0.6977671185544092]], [[3.1059228219234027], [-2.6589884280439655]]]]]}