{"noise_params": [0.0, 0.05, 0.1, 0.15000000000000002, 0.2, 0.25, 0.30000000000000004, 0.35000000000000003, 0.4, 0.45, 0.5, 0.55, 0.6000000000000001, 0.65, 0.7000000000000001, 0.75, 0.8, 0.8500000000000001, 0.9, 0.9500000000000001, 1.0], "max_scores": [1.4142135623730947, 1.3784048752090219, 1.3416407864998736, 1.3038404810405293, 1.2649110640673515, 1.224744871391589, 1.183215956619923, 1.1401754250991378, 1.0954451150103321, 1.0488088481701514, 0.9999999999999996, 0.9486832980505135, 0.8944271909999155, 0.8366600265340751, 0.7745966692414832, 0.7071067811865468, 0.632455532033626, 0.5477225575039077, 0.44721359526205706, 0.3162276974170545, 8.993646362323668e-09], "opt_settings": [[[[[]], [[]], [[]], [[]]], [[[-3.016133822781133], [1.5224730594209295]], [[2.3841557481645768, -1.391052026275412], [0.8293544553295114, -2.790240610126569]], [[1.7585671934490996, -1.7633054991371424], [0.3514002721908966, 0.5753624776781309]], [[-1.7434972090719747, -1.52544482012199], [0.5752673734667694, 0.24135450158049673]], [[-2.269753703734771], [-0.525175407352618]]]], [[[[]], [[]], [[]], [[]]], [[[2.1520129256998413], [-2.5568549331972408]], [[-0.20523643409123837, 0.7548463922844819], [1.371150167604931, 2.127699049082234]], [[-2.38674683239776, -2.2716457002983117], [-1.013893622736814, -2.7671535108800196]], [[0.8699467542912657, 3.1262903064309944], [-2.7671535412591495, 1.5756794063083244]], [[-0.7922949224130428], [0.7820226160465544]]]], [[[[]], [[]], [[]], [[]]], [[[0.5776432650133201], [2.1828169577702212]], [[-1.7416257907985306, -2.3661873035859804], [-0.20764723458164697, 0.4996114597822588]], [[0.7753530854070774, -0.39673716334275544], [0.4996114600000733, -0.14075181747691015]], [[-0.3966600893520369, -0.22594630720008052], [-3.2823444714274514, -1.8132318519818131]], [[-1.0373757648605235], [0.5677979279041018]]]], [[[[]], [[]], [[]], [[]]], [[[-0.5978586919814205], [0.9891415344645266]], [[-2.932045522071425, -2.0848835452058823], [-1.3881149086041678, -0.7532224185806851]], [[-2.084911356619452, 1.6618196894635933], [2.3883702312926496, -2.1084946672391207]], [[-1.4798010094741114, -1.15805490652446], [1.0330979794299486, 0.39167543299013646]], [[-1.9624617761785297], [-0.3754582499604504]]]], [[[[]], [[]], [[]], [[]]], [[[1.3338432125544628], [2.885158229468877]], [[-1.022717203453158, 1.9126246711075405], [3.6700693642431554, -2.288938775667974]], [[-1.2289679824820474, -0.9490049760042227], [0.8526704403590442, 0.8933288287057438]], [[2.192587677585747, -2.714750769873602], [0.8933317480556888, -1.1624151229584743]], [[2.783948500706519], [-1.9479217880960513]]]], [[[[]], [[]], [[]], [[]]], [[[-3.007460185261772], [-1.4464246149109452]], [[-2.2500954598864724, 1.7692841093940552], [-0.6319508193793973, -2.2850044243932617]], [[1.7692782758597154, 1.738614175382455], [-2.2850521823704377, -1.8780327277592224]], [[1.7386144652558746, -1.4097708406027576], [1.2634991554748722, 3.254978777206058]], [[-3.79412807651494], [0.9279984666843358]]]], [[[[]], [[]], [[]], [[]]], [[[1.7925056704656699], [3.262681445407443]], [[2.5231185783506214, 2.0432292553298397], [-2.1778554896295126, -0.36842411763466404]], [[2.043229254074211, -1.0207851556112517], [2.765328945297974, -2.719871819981207]], [[-1.0207851552729141, -1.6285150455913522], [0.4263566222954209, -0.05103569371670859]], [[-2.3610001225560926], [-0.8908243336966458]]]], [[[[]], [[]], [[]], [[]]], [[[0.37920217924305766], [-1.1755571925343142]], [[2.744310959196806, 2.2593667326383846], [-1.9699553319604124, -0.8592024768701234]], [[2.259366955415528, 1.2706369612188717], [2.2824578824837802, 0.547426842181351]], [[-1.8709562619289404, -1.735122394932209], [0.5474942757940738, -3.2660926099368544]], [[2.202992847143338], [0.6482491787239599]]]], [[[[]], [[]], [[]], [[]]], [[[1.7604183726061267], [0.19240162624905935]], [[0.9844967778232958, -1.8321588312926946], [2.539003335379366, 2.4880230246804405]], [[1.3094336371197708, -0.4017652875491483], [-0.6535735366576392, -2.1944480078360757]], [[2.7398290398886234, -2.3791520838614404], [-2.1944535918573287, -0.8041526685266058]], [[3.122110016951002], [-1.5930517257410592]]]], [[[[]], [[]], [[]], [[]]], [[[0.2877770055058848], [-1.2846861865657646]], [[2.642811679953309, -1.831296390855905], [-2.068930492547512, -0.9289052787720816]], [[1.3102973509591427, -2.6407502827791043], [2.2126871035897993, 1.3508300891489584]], [[-2.640751671017786, -2.177541221791465], [1.3508291165931055, 2.5365382490469806]], [[1.7511339507760153], [0.17866990383771267]]]], [[[[]], [[]], [[]], [[]]], [[[2.4782311844155447], [0.9866782371962578]], [[-1.4268430410302682, -3.1142092750626427], [0.18755214192234543, -2.9358009526879862]], [[0.02738337471490797, -1.7483725365061633], [0.20298002235216134, 3.447926879256642]], [[-1.7483725973909017, 1.5438379390429193], [0.31090491541382403, 3.0324355119304607]], [[2.2560451371045396], [0.7644402039489119]]]], [[[[]], [[]], [[]], [[]]], [[[-2.707628147212349], [1.997400344903576]], [[2.7730581848294045, -2.24893956267694], [-1.9130167873314252, -0.2628616065458523]], [[0.8926786352929212, -0.6581818163547948], [-0.2628549034627392, 1.8016065448649925]], [[2.4833992587286686, 1.1106601400787823], [1.8016006775678488, -0.4860421166695877]], [[0.3083719064328585], [1.8865252199069504]]]], [[[[]], [[]], [[]], [[]]], [[[2.0700634073616047], [3.6111505868540577]], [[-3.4372805367201047, 1.9427773781446271], [1.2635864652520232, 0.7727847069464252]], [[1.9427765924275298, 0.694458527010226], [-2.3691150774398237, -0.2541001001880865]], [[0.6944585804473185, -1.8729064968004652], [-0.25431773741719166, -0.3268369913613062]], [[-1.113698090063019], [-2.6547861400759043]]]], [[[[]], [[]], [[]], [[]]], [[[-0.22290400769550747], [1.3197573574234245]], [[0.5513084309640863, -2.1325766423250068], [2.1157974028735373, -3.2866136431838933]], [[-2.132553631304778, 1.0873128019042044], [-0.14591290497468773, 1.7452276944782896]], [[1.0872959371907358, -0.3375329725725774], [-1.397261892585685, -1.8516018795837799]], [[-1.0825435257946392], [0.4599144716492851]]]], [[[[]], [[]], [[]], [[]]], [[[-0.2214307970969205], [-1.7601156924422217]], [[2.1716661340222605, 1.6192073961604758], [3.696598168253371, 2.506428015084188]], [[-1.522425751747601, -1.3016082832862905], [-0.6362346440494924, -2.389013071175719]], [[1.839964641562201, 1.6794270797119761], [0.7527370536453829, -2.997582666027013]], [[-2.215388637298615], [-0.6765533151963814]]]], [[[[]], [[]], [[]], [[]]], [[[2.475910440250735], [0.9172008284304581]], [[1.6565974097103968, -1.6970804929435903], [0.16858494065614446, 2.810588363717724]], [[1.444961824357442, -1.3766380079378822], [-3.471245007307249, -2.372094044467959]], [[1.7644836831150108, -2.5521013367094354], [0.7709973184874781, -1.0166096831937732]], [[-0.20678066917235263], [1.3516866603829614]]]], [[[[]], [[]], [[]], [[]]], [[[1.9390729880203674], [0.2617309790229165]], [[1.1387291058989468, -0.5945617965780732], [-0.49125087075960305, -1.7573605597661301]], [[-0.5927790767652138, 2.0460413932309685], [-1.7571521659539726, 0.15018494242623648]], [[-1.081422594198568, 1.4037083958629266], [3.2916135694134, -0.08125638681512207]], [[-2.5225830900537103], [-0.8456526411263072]]]], [[[[]], [[]], [[]], [[]]], [[[0.5572358173670245], [-1.0038410582718993]], [[-0.2553669850852843, 3.1899229331659584], [1.3800104252357195, -1.871617751841242]], [[-3.0926764871603902, -0.24975675776115344], [-1.8764628928597618, 1.8457927118044162]], [[-3.388826690839067, 1.5519614354251643], [-1.293190505687491, 2.971098641302883]], [[0.6995393626203418], [2.2574334429955596]]]], [[[[]], [[]], [[]], [[]]], [[[0.07586757955980215], [-1.4438254773332206]], [[-3.699816613860574, 0.5653439385781922], [0.7302055612043299, -1.4943922933781875]], [[0.5711925880010075, -0.41166494291323147], [-1.504016604746476, -2.619893786847637]], [[-0.4081951885840745, -1.3257829091088982], [-2.6206774692666928, 3.2534500325271716]], [[2.5073272657148253], 