{"noise_params": [0.0, 0.05, 0.1, 0.15000000000000002, 0.2, 0.25, 0.30000000000000004, 0.35000000000000003, 0.4, 0.45, 0.5, 0.55, 0.6000000000000001, 0.65, 0.7000000000000001, 0.75, 0.8, 0.8500000000000001, 0.9, 0.9500000000000001, 1.0], "max_scores": [1.4142135623730951, 1.3784048752090219, 1.3416407864998736, 1.3038404810405293, 1.2649110640673513, 1.2247448713915887, 1.183215956619923, 1.1401754250991376, 1.0954451150103321, 1.0488088481701512, 0.9999999999999998, 0.9486832980505135, 0.8944271909999155, 0.8366600265340751, 0.7745966692414831, 0.7071067811865472, 0.6324555320335707, 0.5477225575047986, 0.44721359523465587, 0.31622732905903334, 1.1014922257365533e-08], "opt_settings": [[[[[]], [[]], [[]], [[]]], [[[-1.9955003839353413], [-3.5651845975284027]], [[3.503108972509242, 1.6922559066810623], [-1.2098135186889745, 1.6838215962769991]], [[1.6922559066810623, 0.07691510800675999], [-1.4577710573129115, 0.5939819289627695]], [[3.218507761596553, 3.7060048348392596], [0.5939819289631276, 2.1360474183674527]], [[-0.22001141281461858], [1.3496728007784433]]]], [[[[]], [[]], [[]], [[]]], [[[-0.24051895723270703], [1.3424705379917228]], [[3.649701823059796, -1.0577248740019318], [-0.9790092843269227, -0.8075788536518986]], [[-1.0577418613844871, -1.0070965378011836], [2.3340140988469336, -1.3635122282824597]], [[2.134487426033897, -2.7901360702750417], [-1.3635117943334703, -1.2646970226406389]], [[-0.46328304830662154], [1.1197037512569392]]]], [[[[]], [[]], [[]], [[]]], [[[-0.6538987516270567], [-2.235909437647921]], [[-1.4446985334825495, 1.8421556109499597], [-3.0158962166780747, 1.083605727100813]], [[1.8421530765335128, 0.4804310286151587], [1.0836057271072823, 0.27801251789561837]], [[-2.661158309265147, -3.4688230933108226], [3.4196051717095886, -1.905920178264317]], [[0.4597339779171518], [-1.1222766687378694]]]], [[[[]], [[]], [[]], [[]]], [[[4.202647229258935], [-0.4460994065325969]], [[-1.229635006435826, 2.334193034160867], [-2.8598763022116973, 0.09199550490601087]], [[2.3334019570792646, -0.002697016018112057], [0.09199550411391498, 1.5837120122277495]], [[3.137967315289873, -2.1371807789837116], [1.5837120130296272, -3.743458944218778]], [[-1.3400896327129739], [3.3086570030890945]]]], [[[[]], [[]], [[]], [[]]], [[[2.7792450546475638], [-1.9572307675363048]], [[0.4257048700558795, -0.435688909602226], [-1.1761495464122578, 0.6464343559068617]], [[-0.4356886979652102, 0.7444639100791361], [0.6465322679816774, -0.09372415036544424]], [[0.7444637919885737, -0.36050983002467774], [-0.09361432494995425, 1.1456026554828846]], [[0.3821815076416493], [-1.1645097737230856]]]], [[[[]], [[]], [[]], [[]]], [[[-0.4787926095316761], [-2.016866541696652]], [[1.8835837442356875, 0.3887815639526108], [-2.806776877893828, 0.15416081340497095]], [[0.38878174618762196, -3.0376598842748845], [3.2954618434459584, -2.2124489830920377]], [[3.2455255629615007, -0.8078690497029449], [-2.2121038674058897, -2.348602981181909]], [[1.5785988789075542], [3.1166567523713775]]]], [[[[]], [[]], [[]], [[]]], [[[-0.724220446091082], [-2.3381555864540644]], [[1.6478766964438367, -1.9246312967534691], [3.150311601164532, 2.36356035891095]], [[-1.924163312806661, -2.6687000508060286], [2.3635606694875544, 0.8451053460629064]], [[-2.669111118167751, -3.3339427885632817], [-2.2964871650109595, 4.44879277614368]], [[-2.565996125595789], [2.1032082661953337]]]], [[[[]], [[]], [[]], [[]]], [[[-0.625748864988773], [-2.193153946116395]], [[1.7438121662626151, -2.7907691259235663], [3.290939753884546, 0.9496444760376759]], [[0.3509069207435137, 1.902797129451395], [0.949761984084564, 0.5071642887250327]], [[1.9027096623159103, 3.1633276248441944], [0.5070465652437275, -1.4943783011159266]], [[-2.3089191280085433], [2.406680512855226]]]], [[[[]], [[]], [[]], [[]]], [[[-2.6727762389865246], [-1.1363081986572279]], [[1.2510812616656906, 0.4588809409961649], [-0.35035187807556345, -0.8202533174113967]], [[0.45888096101496184, -1.602213202625939], [2.3210616034897034, 5.418545874436891]], [[-1.6022131786055034, -1.0244566377524973], [-4.005833590841644, 0.566992595749132]], [[-0.24677840987198643], [-1.7832332737854055]]]], [[[[]], [[]], [[]], [[]]], [[[0.04929173285903177], [1.701088782002657]], [[0.8643754305814978, -1.122220225807128], [2.4533505304997925, -3.492931050550329]], [[2.0155878182074725, -2.811385977704472], [-0.3513383998551221, -1.362906474411486]], [[3.467410464536116, -1.9011347194374622], [1.77868617780236, -0.2505037242115539]], [[-1.0279944266537622], [-2.679778260355712]]]], [[[[]], [[]], [[]], [[]]], [[[-1.3334480637858606], [-2.86905162026366]], [[1.0467798405362623, 0.5237194921759059], [-0.5381752337395528, -0.5363038178510694]], [[0.5237199397413316, -1.0372429210484466], [2.6045497973346206, 1.2186576718724427]], [[2.104350068650462, 2.9294552888583687], [1.2179083338966532, -1.7671252945038631]], [[-2.578746887603914], [-4.114324968156691]]]], [[[[]], [[]], [[]], [[]]], [[[-0.44297903903815145], [-2.0112977450824743]], [[1.9190505714430106, 0.09327693862656673], [0.3389899507705178, -1.3767575817476834]], [[-3.048312797906581, 2.807442850935923], [1.7648343430640774, 1.1622681918498008]], [[-3.475739529711558, 3.0463652000834647], [-1.9793332252132796, -1.6680248656245509]], [[-2.4536579698622236], [2.2612189971535064]]]], [[[[]], [[]], [[]], [[]]], [[[-0.2669317236928624], [1.3154649311330535]], [[0.526216891690844, -0.15390254456691374], [-1.048337951267937, -0.5552417233931873]], [[-0.15403776911482892, 0.2110378973620567], [-0.5552435660025835, -0.8406306457264565]], [[0.21089537378317458, -0.4040009236836553], [-0.8406263186770065, 1.1653404803968082]], [[-2.7551343183252817], [1.9456410252999479]]]], [[[[]], [[]], [[]], [[]]], [[[-0.9668015625469736], [3.6758599243468715]], [[1.3752951099169914, 0.17354952651120772], [-3.3721471816593804, -2.7612941557835757]], [[0.1745932451976949, 2.0921143933009816], [-2.7612871419184937, -1.487574840873139]], [[2.0902509455570626, -3.5933848025401685], [-1.487585889622383, 1.0239437670684899]], [[-2.828586801226505], [1.8140642115128118]]]], [[[[]], [[]], [[]], [[]]], [[[-1.4198168641261337], [-2.9966316452258552]], [[-2.1964477736379746, -0.9603538792299424], [2.492549623966442, 0.3880805548690119]], [[-0.9599377729259307, 1.6040694044374713], [3.5293734808692676, -1.4693409948187535]], [[1.6036614601038532, -2.086758426063147], [-1.4693918282206353, 2.6337833671138604]], [[-1.29422208364955], [-2.8706180930692806]]]], [[[[]], [[]], [[]], [[]]], [[[1.8029224892965183], [-2.9299316632618706]], [[-0.5518945148334384, -1.1374307110043678], [0.9927793787853901, 0.4709398111991083]], [[2.0042252503877815, -2.371589533342836], [-2.6687953592121127, -0.7687040042275904]], [[-2.3716232907250787, 1.314345897840485], [-0.767682517048442, -0.25951285175664085]], [[2.086711419093753], [0.5379663515952405]]]], [[[[]], [[]], [[]], [[]]], [[[1.6266141450148084], [0.1993966058672744]], [[-2.2484742019563915, -1.812421521763146], [2.523540765686651, -1.747739670211227]], [[-1.8124301335791426, 3.0849142422747624], [1.379044097710832, -3.1593779249819245]], [[-0.05661935585328865, 1.2752214682341043], [-0.04271440705060648, -0.45244788037208905]], [[0.5074133019204792], [1.934988024629881]]]], [[[[]], [[]], [[]], [[]]], [[[1.3103701086151087], [-0.3016778707892163]], [[-2.595631012869603, -0.9962199060184521], [2.0485932577764197, -0.6898208956500516]], [[2.156743112653755, -0.5346331423515962], [2.4541759685706213, -0.9763490554395813]], [[2.5962534301803144, 0.04040112792972045], [-0.9756675783039657, -1.5335219496214578]], [[0.8436978509614662], [-0.7669812863896655]]]], [[[[]], [[]], [[]], [[]]], [[[0.09740939296136991], [-1.5686725678167865]], [[2.267561911579574, 0.02930241036066293], [0.9428489687729927, 1.6912457909887308]], [[0.06354779617404853, -1.0651857700685312], [1.7050630661199657, 2.7506076156437484]], [[-1.0758783164581847, 1.2533869637112598], [2.7581875663192004, -0.12374910039343086]], 