{"noise_params": [0.0, 0.05, 0.1, 0.15000000000000002, 0.2, 0.25, 0.30000000000000004, 0.35000000000000003, 0.4, 0.45, 0.5, 0.55, 0.6000000000000001, 0.65, 0.7000000000000001, 0.75, 0.8, 0.8500000000000001, 0.9, 0.9500000000000001, 1.0], "max_scores": [1.4142135623708794, 1.3784345014408697, 1.3441861156743113, 1.3117331104668664, 1.189206471557241, 1.250688446908522, 1.2247014883990235, 1.1887359649043607, 1.1803840431067882, 1.189019216490507, 1.1885091542613453, 1.188050241599457, 1.013404141261361, 1.1797099344647453, 1.1713840824500195, 1.1553502677251277, 1.149032447584609, 1.13158911748144, 1.1084691709174477, 1.0753874708327735, 1.0000000080115383], "opt_settings": [[[[[1.5800639703271895, -3.1314378553811064]], [[2.3276007241434273, 2.5915595514538774]], [[1.5700970655503914, 0.00012332458986901853]], [[-1.568957376976911, -3.140489692715747]]], [[[2.827047516001946], [-1.890418145119858]], [[-0.46223227993260235, -3.1073797218006423], [1.0962778495970256, 3.069429721732434]], [[-0.03421232817926889, 1.7542259816672285], [0.07216440535105866, 2.9501830466933923]], [[-1.3873666719225646, 0.7051586378379281], [-0.19140960689846206, -0.8632200308135293]], [[1.4892149406975739], [-0.07650470536015308]]]], [[[[1.5848639264919222, -3.139920756139132]], [[-1.565964882017474, 0.005059932708326336]], [[-1.5708024975748849, -7.693874512941265e-06]], [[1.569695265123944, 0.0001484009599255775]]], [[[2.5272375462787338], [0.956629117079529]], [[-1.7443291843833266, -0.019325356462258105], [-0.16929507419673678, 1.1224015590385896]], [[0.019325356462472975, 2.412382996619226], [2.019191094551153, -1.5429535939795644]], [[0.729209656970551, -1.2599549940643873], [-1.5986390596103426, 0.3108563666222467]], [[-2.0452025998064567], [-0.47469236388036534]]]], [[[[1.1916132042132819, 2.9682750059222482]], [[-1.5650143236662524, 0.019946626531828538]], [[1.36063671789614, 2.918510310767176]], [[-1.519831246687115, -0.012463032000394551]]], [[[0.05133173019082115], [-1.5656585427973384]], [[0.5641012499800233, -1.3761397121071515], [-0.662649017982116, 3.179880836722028]], [[1.3761397452553255, -0.6080384877782751], [-0.038289224403428745, -0.05374481099992526]], [[0.6080375521221609, 0.580492521411742], [-3.087835387225873, -0.937579259824185]], [[0.1828229059535876], [-1.397670480194442]]]], [[[[1.3499681436658815, 0.0034877990451905806]], [[1.5669618999455732, 0.009195135407864772]], [[1.4927168667498576, -0.20381044229914072]], [[-1.570787440893712, -0.00010796707357017287]]], [[[1.4689697847012348], [-0.21355523978418997]], [[0.5470811801322045, -1.9781235324711195], [-0.8984527049329998, -0.5280915095784203]], [[-1.9754491659038191, 3.3146429372710826], [-0.5280915095664893, -0.20514799468271422]], [[-2.9661768628505465, -0.21472939192223203], [-0.20514799467729203, -1.6936887716157427]], [[0.9883470287487722], [-0.6664941400257481]]]], [[[[0.3573807358169606, -1.4236233995657193]], [[-3.0259853248426554, -2.5087023487191558]], [[-1.5707439196642083, -7.017604147591527e-06]], [[-1.5712659398813196, -3.1402547472893665]]], [[[-0.008898177321010546], [-2.9693919516524723]], [[2.9550051956621797, 2.941464287003109], [0.004108004196610971, 0.001065181552923284]], [[-2.7759733249091685, 0.5048170016407477], [-3.140526859983553, 1.6671253371963044]], [[-0.6828378456575257, -0.1760023477894222], [1.4744673132728499, 1.0472792220145073]], [[-2.536144297939549], [1.5718566891613466]]]], [[[[2.82529870535493, -2.838246710143363]], [[1.671348252054473, 3.034671408150611]], [[2.3662132595266625, -2.014868331748836]], [[1.5743745155022477, -0.004097302990505238]]], [[[-1.2962967543682733], [-3.1385539693846485]], [[2.966887827888642, 0.5000153843386147], [0.17110229255206644, 2.7125995795076854]], [[-0.500015387108979, 0.01448037003420931], [0.42899279887173875, 0.019133078167950148]], [[-0.014555244478955485, 0.29154526284996984], [-0.0177421197759479, 1.8614723541150862]], [[-0.4813588873030471], [1.0636273065123836]]]], [[[[-1.12889116674632, -0.022782847123522812]], [[-1.1096446944002674, 0.4712677799660741]], [[-0.24918061973293573, 2.774658899032506]], [[-1.577108845282717, 3.140931009366281]]], [[[0.1713118925378406], [1.8474833709784053]], [[2.335588926625245, 2.829118995325341], [3.6192320394958806, 0.047679537445317735]], [[0.31247448150293217, -0.026006766421322287], [-0.047674514726607234, 3.1466127378661017]], [[-0.022978952899870397, -0.39383632937818386], [-3.1356960183987845, -1.9752559184860128]], [[-2.7487028909678437], [1.9500567433910572]]]], [[[[-0.9064979274905965, 2.9698972115764737]], [[-3.0804754825300353, -1.4463090036087167]], [[-1.5694709410938137, 3.1372184299863397]], [[-2.135544396587656, 2.3187948488266756]]], [[[0.47788952450727523], [-2.9643470235179668]], [[0.7267017497321829, -2.828626210249393], [-2.8081194391651594, -0.00011101450889222027]], [[-2.662811599474567, -3.3726278435706853], [-3.141558063779998, 0.9269124069432134]], [[-0.5854817470720247, -2.4073573775815174], [0.926912406943188, -0.09881675050906642]], [[-0.6329281277808425], [-3.0010608003418398]]]], [[[[-0.667212851098388, -0.19643057744929618]], [[0.831256005588949, -0.5240197035346862]], [[-1.5707179173803612, 2.1169815913167033e-05]], [[-1.95190400276852, 0.07363482122742071]]], [[[-0.7084254770862205], [0.388573948136707]], [[-3.0800960169048075, 0.004520525337988246], [1.8045033786809186, -0.6705392391868322]], [[0.004520525334660622, 1.9249153136558355], [-0.5685198183287832, 0.7092399537182789]], [[-1.9249153131954728, 0.11610694526578726], [2.3551926895262856, 1.9315737729086964]], [[2.526613753218439], [-2.8266906561200726]]]], [[[[-0.09203127853024014, -1.0138952009655096]], [[1.1115778130248213, -2.631496109738587]], [[-0.7983438605624914, -2.8937166449450977]], [[1.5735995700736969, -3.0902644049063666]]], [[[-1.2667994684507962], [-0.00993499992512987]], [[3.1496230874490934, -3.138064545122381], [2.856328075335963, 2.2117594835534877]], [[-3.145120761910741, -3.0859933668336836], [-2.1792706020536015, 0.4080574843085969]], [[0.05559928675611092, -0.5342556103998592], [3.3793173592807415, -2.1749814817729995]], [[1.0220645008355804], [0.06238395092364339]]]], [[[[2.8264062427902785, -0.3736523460706737]], [[-1.2279493780372799, 0.5045321217716088]], [[1.4952446595975504, -0.10161808142740911]], [[-1.5390833287901715, -0.07989131847863862]]], [[[1.5382904364403511], [-3.0745395460407083]], [[-0.09310704181331031, 0.03505111889425582], [0.37959369780029806, -2.861251017569391]], [[-0.03505111889425582, -0.544716166774146], [-0.2731285313013775, 2.9065561709417405]], [[-0.5447161667591025, -0.04562842662930684], [-0.2331029755203773, 1.5219027349611718]], [[0.6500281042786135], [-0.5572220602931287]]]], [[[[-3.1326610248094386, 2.5356970566573866]], [[1.2052670423245324, 1.0814840041309215]], [[-1.4521552773919406, 3.1034703783214104]], [[-1.5559363806896644, 3.1398109398728575]]], [[[-0.37660148775574726], [-3.1305909155377645]], [[0.0067563113735418946, -3.1290404884241343], [3.13405640099653, 3.077925697572071]], [[0.012565223734320093, 0.39011122875390775], [-0.06270026535932374, -2.60295697009327]], [[-2.7514814244478516, 0.09619597871163275], [-2.6029408148006956, -1.4735962109861616]], [[0.8360181873347948], [-0.642796516551585]]]], [[[[2.9671522561353076, 0.5671752738447879]], [[2.90081646921974, 0.15863860627375684]], [[-1.5114752207681803, -3.112088003219496]], [[-2.5823615153614776, 1.6078878226499573]]], [[[2.5561796114663986], [-3.0055182710808115]], [[3.1275234923579367, 3.140872564019815], [0.9729403511832251, -0.276121962571236]], [[3.1408725948292284, 0.5976318757713348], [0.3551241355858141, 0.343804048724627]], [[-2.543960778656016, -0.0021725531133756594], [3.233953153267239, 0.16905018021971097]], [[3.1424208818749704], [2.7527978396251904]]]], [[[[-2.665338781423578, 0.04389037569354856]], [[-1.6854162799120054, 3.0343509469398606]], [[1.6227216647325637, -0.002592861080820833]], [[1.4143574813194166, -0.14458495337874216]]], 