{"noise_params": [0.0, 0.05, 0.1, 0.15000000000000002, 0.2, 0.25, 0.30000000000000004, 0.35000000000000003, 0.4, 0.45, 0.5, 0.55, 0.6000000000000001, 0.65, 0.7000000000000001, 0.75, 0.8, 0.8500000000000001, 0.9, 0.9500000000000001, 1.0], "max_scores": [1.1891669150267636, 1.1735570813775626, 1.1450673022257156, 1.1410937546734674, 1.0956721443477142, 1.0967211823709513, 1.0871655852659248, 1.0642775147693286, 1.0421314979808982, 1.0130841380106053, 0.9950905069763902, 0.9242102130132532, 0.8814206884754188, 0.9089994704596001, 0.8796849939286098, 0.8377347577271068, 0.7822678931465392, 0.738384707753998, 0.6654213757049241, 0.5603014273046608, 6.585445079827193e-09], "opt_settings": [[[[[2.376478890734728, -3.579981164694333, -0.6870570698760683]], [[-0.16165212995293257, -1.9222636417391745, -1.3180652610357357]]], [[[0.27357802031239975, 0.8672729887971411, -2.476869785704449], [-2.1171610578609514, -2.5325438273151413, -1.6481958543642097]], [[0.6052574722730591, -0.6615926637008516, 0.39159465590748616], [1.8291649249694584, -1.9780337229698437, -1.0672517901035616]], [[0.7272968464541746, -2.2610033595204935, 0.029169428170873455], [0.8785247247871766, -0.37680737314037144, -0.387773748763844]]]], [[[[2.531354305720282, 0.14266529156171096, -0.6624633644510639]], [[-2.7738154114284574, 2.9627977775704144, 0.071953059837313]]], [[[2.5833226295786567, -1.6880486819366642, 0.11223656211252157], [-2.0095355711062983, 1.5299673482124974, -1.7094947906677942]], [[0.3407120264313226, -2.857935566970666, -0.6349735407226168], [2.756829202636597, -2.4010915383371985, 0.2595405821230672]], [[-1.8692345151810135, 1.6350091462498633, -0.7294665695624731], [2.769479857395726, -2.0870011533576536, 2.670370262723961]]]], [[[[1.7854930061618708, 2.4750026611376463, -2.125235118955257]], [[-2.3168617087249452, 2.8065752952937686, -3.138971431827439]]], [[[-1.3680277800088914, -2.1979984262189505, -0.7897948665915049], [-1.7536320235665859, 2.83074100176197, -1.5443068122044887]], [[-0.5309916807232412, 1.7465514766525088, -2.8060321641209436], [2.2047204826066413, 1.1615586438345318, 1.1326419373068524]], [[0.20555908607455448, -0.23344902561552364, -0.8513251219642575], [-2.3790746315369384, 1.4969631050637269, 2.126236969606958]]]], [[[[0.43554800634640695, 2.026661977286779, -1.055463450922989]], [[-0.42838529997509334, 0.9850005569003393, -1.5625071334195741]]], [[[2.9706570707977487, 1.1456738095556052, 2.0448990963000524], [2.7049354843051385, -0.3998522091173419, 1.7859757301625674]], [[0.01623738912953539, -0.22780242467229048, 2.411022986569819], [-2.8172719799658816, -2.431595860794505, 0.8041897343388479]], [[0.5075350133306877, 2.5299928322825807, -2.090510205095889], [1.3719370317104203, -1.8510866505768022, 2.8086352955917526]]]], [[[[2.06827215591659, 1.877224903358513, 3.142510222296178]], [[3.155911069727685, -1.4431843215856466, -0.8992976732533109]]], [[[3.256634119404315, 0.9916422085554539, -1.8520690345550126], [2.7650855285136764, 2.5519608566393233, 2.0687560097032964]], [[-1.181129016371338, -1.6271078179249137, -2.706261962933753], [-1.764520303366087, -2.475569493467719, -1.0604117470148076]], [[1.8090175409825375, 0.65078917712172, 0.8192573808761519], [-2.484628016263323, 1.1199991049147986, 1.3304749640754274]]]], [[[[-2.7928997073772264, -2.6353570031644327, 1.7480216352512137]], [[-1.4689889842080515, -0.7250204632671053, -2.178738570528785]]], [[[0.47587578728955915, -1.1723247094235134, -2.8975656007933965], [-0.5924469279380533, 0.4765213971794289, -0.1751001147540831]], [[2.4851808023321316, 0.9629839682830614, 2.5557954312970046], [-0.8066304154920841, -0.947750114944382, -2.2604367738662106]], [[0.2907116618092971, -2.370532003169277, -1.871629108117451], [-0.9570467305743521, 2.177507128593571, -1.9351048089935485]]]], [[[[1.308032927219649, -2.3222334579007624, 1.785537067714859]], [[2.625276348629038, 1.693828213883969, 1.5666392262142832]]], [[[0.4437924701761265, -0.9542181176678997, 0.45607145999765253], [-1.1035114974029394, 0.6619425110562607, 0.367446872401874]], [[-2.91893799974209, 0.935446501854366, 2.8723160742667018], [-1.6502550847414381, 0.004458944863912909, -0.06385764347289825]], [[0.3020376780043839, -1.3533106737161489, 1.0099509349690612], [0.7535080358416141, -0.14454967269707444, 1.6285355168069815]]]], [[[[0.9580996010997334, -1.732571492651052, 2.6598842027314022]], [[1.2830329996866494, 1.4762957445502358, 1.142409711449539]]], [[[1.7783269677527185, 0.32418502713618697, -1.442712916562287], [2.616136791684856, 1.9167446251774312, 1.7362097166848285]], [[-1.8821115082914461, 2.7766194739580676, 1.6184176016098797], [2.649442350304161, -2.0687905842754715, 1.9407524387024508]], [[-2.9306483101119727, 0.4741826394800684, -0.8303979310298439], [-2.111867244093826, 1.7386197942386679, -2.480108021764048]]]], [[[[-2.4453936487211485, -0.36307978972676463, 2.1759570575758893]], [[2.5476466482089295, -1.6687459019166133, -0.16351035110758008]]], [[[-2.4897215354767366, 2.5331628611791466, -1.4902617526819293], [-1.3804281907585614, -0.9699955669723713, 0.40741753973330525]], [[-2.7356869722662944, -2.680416921612178, 1.0066414172958549], [2.142323221540279, 0.6820405466671354, 0.2809682318969331]], [[2.1205709523559837, -1.7586065906297663, 2.002230470844305], [-1.7758539545534235, -0.6496804497200417, 0.4718496888374273]]]], [[[[-2.0873787374276875, -0.8792931823747766, 0.18618820163720548]], [[3.1131939692133295, -2.305768699470997, -1.735868866842523]]], [[[0.31926964367892213, -0.02733868602255254, -0.7613410888338281], [2.2087647091935616, 2.0240963677337995, -2.4597041655132164]], [[2.970004757008459, 0.583217074997946, 2.1923767916340537], [1.6687301028530501, -2.1035862489368573, 1.6818097444244329]], [[2.605634930863123, 0.673242966178349, 0.005774766909936613], [2.914638891964533, 2.408341301900886, -1.8126884874638534]]]], [[[[-2.0061921475255953, 3.1894427582424814, 1.4509878236230125]], [[-0.27390205634404374, -1.867827905988656, 1.4624276760046255]]], [[[-0.9043222091525845, 2.088687714651646, -1.4659620888933953], [1.0330240844887577, -1.7022980950341344, 1.7463723196972607]], [[-2.4815423418795466, -0.878075205966608, -0.6406207173286075], [3.442920837679082, -0.8430821256641996, -2.4915745702733494]], [[1.23177873230613, -0.1083082124272479, -2.2976835312140445], [-1.0822962996742136, -1.7543920552780576, 0.040995047717338196]]]], [[[[-0.06213951628693631, 1.6278043453390738, 1.2002467770754817]], [[-0.9575437928543171, -0.6458321468220305, 2.637611615608457]]], [[[-1.0375327751100833, 2.2000826234881545, -3.057049663289933], [3.6377266590347803, 0.36506291178805494, 2.612565893017874]], [[1.6930528936983447, 1.9167539193552474, -0.5133877844151888], [2.7566507686928787, -1.2376540092825012, 1.3850362918628576]], [[2.252575838912431, -2.434753598415522, 1.3009798430221535], [-3.3102589284758346, 1.9759768081027311, -1.3934140161133717]]]], [[[[-3.0491060733922253, -1.3361107521322928, 1.901141066719897]], [[-0.26158097509903383, -1.5020570516726601, -2.016276783064793]]], [[[2.1054494168983777, -1.4889929483983686, -0.33436270213776403], [0.04277174808789473, -1.258184401339743, -2.6907903879190465]], [[-1.6299132026498528, 1.6525938365535455, 2.829686041206742], [-2.909702793305858, 1.8527800849461784, -0.01015741262305056]], [[-2.0472772207641237, 1.3775022517056281, -2.8489893539530278], [-1.0989187189082812, -0.3511268179608196, -0.6124709667796266]]]], [[[[-3.073528812584578, 1.884175753842155, -1.6241777091131555]], [[-1.759921348604336, 0.22190892674608415, -2.978895208968628]]], [[[-3.1674674780814267, 1.7411807528769176, -1.28516576103912], [2.929631955737549, -0.3057498030878295, -1.8345278699759877]], [[0.7772731894142612, -2.2674276373306848, -0.3286764828864883], [2.181486821136416, -2.8835365150886014, -0.12286502347108359]], [[-3.089793859764337, -1.3307331667822782, 1.792116565891881], [-0.08744086780254236, -0.3643711044746142, -2.424940466339453]]]], 