{"noise_params": [0.0, 0.05, 0.1, 0.15000000000000002, 0.2, 0.25, 0.30000000000000004, 0.35000000000000003, 0.4, 0.45, 0.5, 0.55, 0.6000000000000001, 0.65, 0.7000000000000001, 0.75, 0.8, 0.8500000000000001, 0.9, 0.9500000000000001, 1.0], "max_scores": [1.1890598957437626, 1.1703330163311358, 1.1418739813698808, 1.1378665400680759, 1.1240612131040815, 1.0890979451712324, 1.0745153549166324, 1.0665534701480426, 1.0384946524700671, 1.0176786439167775, 0.9992516279661874, 0.9730959119755274, 0.9430285116421095, 0.9066203697124549, 0.8647564968967507, 0.8396047386432905, 0.7914045369703288, 0.7223295712482346, 0.6338596568995587, 0.5603059925008849, 9.80733595939707e-09], "opt_settings": [[[[[-1.406190983896134, 2.7504097675632964, -1.7001664518253778]], [[-1.3824478059084286, -0.961164060447361, 1.8915817510266575]], [[-2.1174522655881196, -3.3118731697675874, -1.3072584557905942]], [[-0.9966500691610366, 3.337402095290885, -2.7854485452304476]]], [[[-2.1603867823969085, 3.348158444544307, -0.9096888884929242], [1.5693204647513201, 1.1861286762052596, 1.9931563177137033]], [[2.4272213369632576, 0.4820132246635659, 0.9819044235246398], [1.483051485047843, -1.629460616480468, -0.005554396323583662]], [[1.403188246229071, 1.2808031392387593, -0.10277933249947346], [2.3680024998240152, 2.415480059338294, 3.196564089086082]], [[-3.1206535909347015, 1.048946264306997, 2.261036111735337], [-2.527122263434405, -2.40207529661983, 2.862704129113768]], [[2.908464202000507, -1.7238512070803662, 0.9167917773663943], [2.411076450078482, -0.032939191769622594, 0.5881993929041673]]]], [[[[1.8152338736938582, 2.74518064350458, -1.0307356427262797]], [[-2.086648094442391, 1.3478095286182639, -0.3814723397057175]], [[-2.309849194496966, 1.3232694695688092, -0.4065551039650567]], [[0.04702668432561852, 1.4434582475758653, -0.33434996882765483]]], [[[-2.3266264364806575, 0.5501029265295584, 0.6372505099751119], [2.691029919525426, 2.1001399598848667, 0.08859706264147478]], [[1.101332012771598, -0.34064819250502065, 3.1556868502163984], [1.2090073767292049, 2.352808184152443, 0.7383594690148134]], [[-0.5480815596792799, 1.9985921485391975, 0.5611645037655455], [0.3332808865885502, -1.1276786202007085, 0.9000358007559016]], [[-1.0520801654865641, -2.8373427885875864, 2.5903536377857246], [-0.44869832459508074, -1.5149821564830943, -2.2184735250165595]], [[1.5729279029476566, -1.9360512476791474, 1.8492526124188986], [0.03364926863500855, -0.08575353778966908, -0.4688222536863753]]]], [[[[0.09901277337827151, 1.2840091736477564, 0.699576436855124]], [[1.9110803038589774, 0.6171945624869584, -1.0123689154096744]], [[-2.7998326008049985, -0.4910027882769516, -2.088341626615061]], [[0.8427852405195133, 3.036705333970072, -3.3821363521026595]]], [[[2.4980802306438594, 0.9233233306265209, -2.1756794474330494], [-1.2268783187879688, 0.9755785835579384, 2.0959858435757557]], [[1.1677757982434953, 0.5479243366779782, 0.16437600804458996], [1.3481577760118169, -1.6663406477136757, 1.0932636944040528]], [[-2.2752189719916007, -1.5962326819695325, -1.826941464140269], [-3.054675077202348, -3.019580725881986, 0.9708178672846465]], [[0.9598624548274861, -2.7420313082687993, 2.430067613884112], [0.4962734781270487, 1.1543126258430538, -2.199557590388186]], [[-2.6521548086642714, -1.4959320276900916, -2.6138879000835358], [-0.046178351928736046, -0.03391628838504076, 1.8855494014057577]]]], [[[[0.8866777786030928, -0.7132879008140408, -1.1003312649405714]], [[1.266612704415376, 0.006689662524030472, -0.3580028170764256]], [[0.5520906770524069, 2.7608707877182996, -1.2112829121894488]], [[-2.7479435434686006, -1.8354472131852066, 1.7714966221370163]]], [[[2.7011838258234437, 1.523583862303588, 0.7083692235398011], [2.6771942283155155, 0.28824547040641024, 1.1877713245985664]], [[-2.3376092144235563, 3.399771341264245, 2.0685569656684275], [3.3998122455600637, 2.4644081030148857, 0.6068293234403175]], [[-2.3106704946470584, 2.858657503414621, 1.752652117641124], [0.4314385812267906, -1.241553965586185, 0.6671696425879226]], [[-0.4259126207626488, -1.8055282572071805, 1.8499728557887014], [0.45551356520415015, -0.08072586360380989, 0.9619842742216425]], [[-2.701101008503683, -3.4423300239612233, -2.690085225856493], [2.5146068427458275, 1.6345732724773696, -2.344280042344545]]]], [[[[-1.572572201732667, 1.2428782449006894, -2.176049379878693]], [[1.4876406250102108, 0.892160933317981, -0.0998324114101859]], [[1.8125684256850345, -2.60092345909639, -3.2917462545003584]], [[2.6499697168554657, -1.1365283907292343, 0.3170652758786321]]], [[[3.3812604048799395, -2.0587321069852162, 0.7396151046890749], [-1.429085960825769, -0.5416027235740173, -0.9396081174431048]], [[3.1106897870816095, -1.820283424530834, 1.9415862343903227], [0.9979045730568833, -0.2311117484842799, -0.6352581646482498]], [[0.23174981358394603, -2.176172248272258, -1.5779746232972298], [2.5388776058896574, 2.964964846235961, -2.2863854973139843]], [[1.6231833811254548, 0.03609192359769352, -2.7171058054204287], [-0.053941736928500725, 1.1213512355429212, 1.900572934810533]], [[-2.152247693265807, -0.7806662620902899, -1.9199071556926763], [-1.2099354752015858, 1.2758488188961905, 2.992635660010537]]]], [[[[2.487464333568011, -1.1476049974078841, 1.257352598625685]], [[0.10948483079748988, -2.794253716161006, 0.2910241117909014]], [[-3.0477902043378173, -2.2706120824756466, -2.8185590984488886]], [[2.4956427171431406, -1.164730934961803, 0.8038907976148074]]], [[[-2.658874112444486, 0.07461851492358287, -0.8944055948567188], [-0.7035824127831426, -2.4259476670360716, 0.9814473599306244]], [[0.0550427485400943, 1.9107016082403339, 1.2716722234695212], [-3.861719824192244, -0.9917887662965711, 1.2621459323704183]], [[-2.340548928628606, -0.6747124607299995, -0.5883619390174533], [-3.222833597752679, -2.61256996539197, 2.8176077851317682]], [[-1.285167554556323, 0.010888576263305924, 1.1404583890390865], [1.7665963355310006, 0.2689661886063732, 1.2462562091656504]], [[0.216013891768026, 2.699162029270777, 2.107586648725176], [-1.2810255026719821, 0.8783834358370748, -1.7504434344097215]]]], [[[[-2.7004018970268864, -2.999906411966102, -0.5603578074891167]], [[-2.9031801505815897, 0.6153190495717545, -1.4578794555930636]], [[2.251577531209474, -1.6814114281532584, 2.6051216167463034]], [[-0.8378119761512055, -0.4096753170598146, 3.1533272423732694]]], [[[-0.6535604645558675, 0.9246464085557239, 2.017726535741226], [-2.7090423128527648, 1.068501134803258, 0.6153094093321272]], [[1.7065663415397117, 2.19276950632569, 2.4416996815464356], [-2.55560603075679, -2.535265858955129, -2.995492278550049]], [[1.956618862096844, 2.1671434324581247, -2.104939417941854], [-0.7849252541754557, 0.4178553077099551, -0.4875955864206463]], [[2.5993779399401546, 0.804100129023173, 2.5784624461424097], [1.1522244068261511, -0.6781452423105656, 1.3804089590908981]], [[-0.7183600383791922, 1.6604902136687532, 2.0535165205049486], [-2.7851532667800374, -0.06412354388976402, -1.3776793446981963]]]], [[[[-2.4984154179597176, -2.235699572498666, 0.26952946763055613]], [[1.1218433360280802, 0.5017982189968614, 2.7743116069595226]], [[-0.08810921852728609, -0.808392489753202, -0.02074319005650601]], [[-0.3199192746158461, -1.9873255862386703, 1.595808792265074]]], [[[0.9163248079845444, -2.114996757882787, -1.7419482410922111], [-0.7861031509396661, 3.472973761180037, 0.1441489419343163]], [[0.30296208650843787, 1.6322620448758747, -1.252198806201855], [0.21639306258220584, -2.1660972638110736, -2.74498066086969]], [[0.06731912692470665, 0.6930973772576362, 0.7308519976623665], [0.016235372009659563, 0.8084656886378473, 0.8081159839155901]], [[0.11910652992164841, -1.8445440520766743, -3.0704733386457543], [-2.866154775569692, -2.69801045835879, -0.2033883025450019]], [[2.4631907821354653, 2.2727478298018773, 2.241581375523637], [0.5919172921449485, -3.521760508848283, -0.9719065476684686]]]], [[[[1.054151832324035, -0.49336653821244486, -1.501479725537489]], 