{"noise_params": [0.0, 0.05, 0.1, 0.15000000000000002, 0.2, 0.25, 0.30000000000000004, 0.35000000000000003, 0.4, 0.45, 0.5, 0.55, 0.6000000000000001, 0.65, 0.7000000000000001, 0.75, 0.8, 0.8500000000000001, 0.9, 0.9500000000000001, 1.0], "max_scores": [1.189020451244971, 1.1702413290113638, 1.1536432818315119, 1.140717923056465, 1.119284036087104, 1.1063436612288367, 1.0876515262204638, 1.030778284126855, 1.019774783654063, 0.9865744019361475, 0.9853131971647415, 0.9692571524254256, 0.8912326649343022, 0.9009281953645694, 0.8151569634786621, 0.839034071078498, 0.7915960329880374, 0.731939269650918, 0.6679427016924331, 0.5618766320090149, 6.452392069879462e-09], "opt_settings": [[[[[0.9236095655331046, 1.8908202498656164, -0.6088205834436626]], [[1.0586075393696166, -2.535508988320342, -1.5006330437269655]]], [[[-2.9828845960937818, 2.9811842758479887, 1.9276979311984004], [-0.6152963330411628, -1.0629388112285683, -2.853165206526265]], [[-3.5141198796339133, -1.5142335187985558, -1.9951144208719918], [-2.017627714141815, 0.1624712530905734, -1.2718580849367562]], [[-0.8849385645820436, 0.2508748050079493, -2.4987201739660767], [-0.9750925077806335, 2.2205093569339365, -0.3379880779260347]]]], [[[[-0.3642079296141759, -0.6183101903367312, -0.992726427461932]], [[-3.0209717784222216, -0.7631993254826077, -3.0846957297819793]]], [[[-1.5136568299710838, -2.9724606404495773, 0.2643524003038964], [-0.5914097334897591, 1.2996838269376547, 0.3624316841519612]], [[3.078415911312136, -0.2108986070658336, 3.1960269676426942], [1.8868732358392484, 2.578141352732385, 0.9588625460397405]], [[-1.7347572437277379, 1.5436394727733498, -0.09996640063165428], [2.6817175835549625, 2.208078162310437, -0.6303494177051809]]]], [[[[2.644933590490883, -2.118278807708703, 0.16144403620713352]], [[-0.9581041220010023, 0.6708327055180227, 2.850081226461916]]], [[[0.17857304774616078, -1.9267613132725152, -2.9365258379487975], [-1.1344317944942381, -1.5628438171426644, -0.10785980638890671]], [[-0.7375493596431032, 1.6795474176301535, -1.6446170838947038], [2.9611847907158975, -0.01568488988166122, 3.1798268504304406]], [[-0.36790949635039677, -1.3856660865357548, 0.6581691358703146], [1.8447102869647687, 2.728480856835473, -2.9948347662209884]]]], [[[[-0.9441549417657934, -2.617507331553504, -1.8740531969801544]], [[-2.446889782666134, -0.2958151421460023, 2.6529118927426985]]], [[[1.593903395268967, 1.2576274889018286, 0.38410475969483215], [3.0302798163169413, -1.5974160759638292, 0.02931502714978677]], [[0.9835377847950473, -0.15435893754370786, -2.383782158692863], [-0.34982712734463894, -1.066195186129772, -2.818277652133325]], [[-1.7798047405523296, 1.6607730318913843, -0.6047380106289353], [-0.9453057267176075, -2.6638747901983213, -1.697211191403569]]]], [[[[-2.1331485797626955, 0.9284333868304406, 0.9864578384265695]], [[3.308102074777025, -1.4344994272554878, -0.7403371332125976]]], [[[-2.582025819014266, -0.8348521213049068, 0.8121035910028573], [-2.4646545804975353, 0.5625494022837956, -2.7145519754859886]], [[-2.3968643740576465, 1.1036626877469, -0.8223153668596188], [-3.054918703538833, 0.7530900608220688, -2.055710104306009]], [[-2.827978371572573, -1.7485900308268825, 0.8475313764362293], [1.4897902696414247, 0.840273345329736, 0.5612219317531215]]]], [[[[2.8812650264686352, -2.811647801378219, 2.0564415178658653]], [[1.181870448706688, 2.1230893632892114, 2.647910450917601]]], [[[-2.578793887934742, 1.397305221744882, 1.8085051729805546], [-0.6154514627208256, 1.2565203088462045, 3.0683064322934914]], [[-1.2457104171148574, 3.1871354445061844, 2.7142960449240143], [-3.203440034954325, 2.3775949539419763, -0.6680091776825118]], [[3.252149100198559, -1.1543594579126406, -0.6131956091002344], [-0.7710318660518432, 2.827455232612676, -2.362236580627692]]]], [[[[-2.355069694896705, 2.2194860083640586, 0.1579042384846283]], [[0.883420991501109, 3.0213761705217124, 1.400638707318405]]], [[[-1.238633365627076, -0.8061954290892552, 1.9014267894518166], [0.8992415251508149, 2.0636906037050204, 2.436803397572617]], [[-0.05875598358826904, -1.5319313366029528, -2.369026045211071], [-3.14922286359053, 2.9825396357078877, 2.220624417099724]], [[-0.38002942048395894, -0.288162714009489, -2.5809013014268833], [-1.0458937454105979, 1.4919789272338173, -0.7054529625361559]]]], [[[[1.2060771616484551, 0.0751440333182635, -2.231988196850303]], [[2.8530174834750883, -2.4345519210181017, 1.766994757903174]]], [[[0.28918906527277566, 0.5837431485966105, -3.08566111384911], [-0.38953325786675175, -0.7215752491419627, 2.7616173551578296]], [[1.3906738805150711, 1.709685728379862, -2.962320247915155], [-3.3006110378761364, -2.0350498560669474, 0.3471245542118216]], [[-2.599404789068193, -0.8973603686686209, -1.2865959654020807], [0.16707210674312217, -0.6249388339230045, -1.6444194013251339]]]], [[[[-0.9861583072648751, -2.4586260082128852, 0.30840050746112246]], [[-1.2548295044100328, 1.376052754011055, -1.6629403564068752]]], [[[2.859012762164282, -0.6749964276556363, -0.7453125190855605], [-1.915431546376082, 2.9387245620946185, 0.11878649057207154]], [[0.3741915983409147, -1.4393544068656465, 0.8050861825348977], [-1.1367144549094945, 2.612582963389606, 2.5385895322875687]], [[-2.5147536813105753, 2.327629595120054, -1.1397305384645264], [-2.2357878903366393, 0.1252059669355194, -2.3053292026646344]]]], [[[[1.8178762143996452, -2.592866480546036, 2.466230217154813]], [[-1.091002105333557, -1.093298791148056, -0.916032795998938]]], [[[2.946436143408572, 1.5159459095320007, 0.22897423484108484], [1.9540658122402037, -2.379267970521778, -1.2173683424534167]], [[-1.8840517410330981, -1.9719603641589194, -1.5098808107207378], [0.4283002808017735, 0.023069971734715443, -2.251035017512549]], [[3.2013894840951136, 2.356345051665819, -2.210767945742362], [-1.4172127703561008, 1.1884023349625845, 0.18077092682492782]]]], [[[[-2.2054781199551674, 0.5992268070757679, -1.0190800538714468]], [[-2.005935839650516, 3.0241517648176646, 2.5397716097973086]]], [[[-0.41330610109767274, -2.411176567225573, 2.5620743503397687], [0.889725687160569, -1.8900455653431094, -2.2908140262229018]], [[2.59229622108875, 0.3753443469870536, 2.5564974972461387], [-2.2086071860866086, 1.5376110509964545, 3.1676781644229064]], [[-0.17377704943700506, -1.5564442995983783, 1.5944287572591378], [1.1159443333148131, -1.3496097292382978, 1.573346266454677]]]], [[[[2.1151443274863118, -1.7462608926263865, 1.4771654288552523]], [[-2.0284485871345987, 2.220511768605654, -0.11403839244769554]]], [[[1.0937326261182934, 2.5449693794434176, 1.413400973810969], [-3.282994376827769, -2.0442055744886827, -2.528319745685577]], [[-1.8809539923640384, 0.14736065585051256, 3.2009573928664077], [0.7216806940077914, -1.599477115681559, 2.490187649962436]], [[0.39610652272168834, 1.5555563079670855, -2.1134188092360953], [-0.5158912397061091, -3.168621854397815, -1.1291271436743622]]]], [[[[2.8556925111672804, -1.8128387466082148, -2.6062509355180112]], [[1.2614633564020543, -3.1089202300739007, 0.11353106800513334]]], [[[-0.4931270440365454, 1.4487642170139576, -1.9601279008780503], [0.1597428386733594, -2.6195107658973855, 1.4344799980892144]], [[1.06645704584237, -2.6561313662624775, 2.7238759644022283], [2.3249209696153406, -1.6699664201255726, -1.4745160631289618]], [[-2.480448370827574, -2.926890987818435, -1.1934208087330498], [-2.7258524164999773, 1.654148857175159, 1.3905287393678263]]]], [[[[-2.052915672067374, 1.61033458218972, -0.9481836107606959]], [[2.2476888485498967, 2.3522165048776067, 0.47019969164190845]]], [[[2.1444550204770305, 2.2194260449054477, -2.8878065712874874], [-2.6530020322672105, -0.3139173192620969, -2.8313985120967993]], [[-1.936914359869196, 2.12552712665297, -1.343363357578217], [-1.9664402666004244, -3.030868215164183, -2.97790159991736]], [[-0.296932101900253, 1.8695204207426832, -3.079661827647136], [-2.3384019378154783, 0.8818676246809707, 2.9172058221379276]]]], [[[[-1.3477864756793547, 