{"noise_params": [0.0, 0.05, 0.1, 0.15000000000000002, 0.2, 0.25, 0.30000000000000004, 0.35000000000000003, 0.4, 0.45, 0.5, 0.55, 0.6000000000000001, 0.65, 0.7000000000000001, 0.75, 0.8, 0.8500000000000001, 0.9, 0.9500000000000001, 1.0], "max_scores": [1.1882244582288362, 1.1699277261145293, 1.1501747062397611, 1.1385463869274042, 1.115517551513691, 1.1056232319844392, 1.0838495908868642, 1.0606772235045852, 1.045484869730307, 1.0076752223053151, 0.9937881924953166, 0.9696290185496259, 0.9430291584438095, 0.9136602044784362, 0.8780197831949123, 0.8378753792214935, 0.7851836898665148, 0.7380790209180081, 0.6676709130886567, 0.5497225007967181, 7.98421890594458e-09], "opt_settings": [[[[[0.7520283743891617, -2.6377494863990685, 2.137326891462947]], [[-0.6894926913411428, -1.8007738393905055, 1.8486179261430276]]], [[[-0.173285303502414, -0.8681904341007413, -2.9911264522876855], [-2.435517565536007, 1.3185113211659165, 2.4743577864527513]], [[3.3974876766015925, 2.4670209279545356, -3.129443565779778], [-0.9761186461728506, 1.8908440046098753, 0.6127193154310602]], [[2.584158093810543, -2.442694642022836, -0.13449855217871223], [-1.8682548714736718, -2.8279399761200468, 1.921375160928041]]]], [[[[-1.3026755856080092, 0.6391844274589175, -1.9042947629480316]], [[-0.5704539886145884, 1.656569214335335, -4.402998722000529]]], [[[1.1311222040855105, -1.5453229422382022, 2.8296482567288894], [-1.6058902421417216, -0.6534112506275759, -3.137300081801757]], [[-1.5885935544389904, -2.437620623584522, 0.0023837758131470023], [0.3211576748936796, 2.5386674475659077, 3.1080821530107072]], [[-0.7676344944035373, 1.7782406916762064, 2.524534860064505], [2.15197272335034, 0.3367562131159449, -1.753075131503208]]]], [[[[0.45385205186924255, 2.2072016693304946, -0.24441683413833992]], [[-3.4928306768894073, -0.3444712562145915, -0.8540654158649625]]], [[[-0.36236802614262575, -0.09682549102145166, 1.974881808325434], [-2.218166971728035, 1.1123366089420548, -1.3418125148638067]], [[-0.5065431364338931, 1.1259675623790577, 2.191877033754811], [0.9172495302239331, 2.045226023283971, 0.42527034880964526]], [[-1.7889746144562426, 1.2641027043793287, 0.500641238563001], [-3.4602203546512125, -1.8513966500737802, 3.082951422003048]]]], [[[[-1.2273552571692703, 2.8788027756078542, 2.3257097232128823]], [[-1.9233058051264942, 0.18703468714450316, -2.3159855351399976]]], [[[1.4322947762240072, 1.0132977906519651, 1.1485682065499478], [-3.258620185684798, -0.8929886294871425, -0.8663312438788928]], [[2.4061556643605617, -0.8621094657691738, -2.2548076179839924], [-3.225722259675679, -0.1669642884574095, 2.275036572227716]], [[-0.2271912965966368, 3.0834649222642536, 1.3581597413719422], [2.678574433592007, 1.657538449644575, -2.7432137056680177]]]], [[[[1.274197923533741, 1.8200679744520512, -2.503270454837996]], [[-2.223791614454645, 2.274703427168759, 0.190600604560808]]], [[[2.8869551638924693, -3.3513830755263556, -1.3947705308981173], [3.243345083419031, 0.6168742140295084, -0.0608263432982365]], [[-2.2929744483897565, 2.3386078255813447, 2.2602563991029925], [-2.1905537905059385, -2.6449882319053275, -2.3605567361241193]], [[2.990602208387864, -1.3624685251421738, 1.9063623719491902], [0.7165726833192038, -1.7229037306862045, -1.8925210681819902]]]], [[[[-1.0894891980750898, 2.4625495660689896, 0.31517893753419296]], [[-2.790515666505527, -0.888698018523599, 0.37881439945701056]]], [[[1.3557742171364757, 1.1706931358898105, 1.9471900079915843], [-2.9910250033962154, -1.998944373911983, 1.631623887669039]], [[-2.2618597727212895, 3.357883471367086, -2.885699064462756], [-0.5065840950942945, -2.8189338527098817, 0.3507949948636843]], [[2.9908736487271588, 2.2785544516482763, -1.779819257641422], [-2.17966110785805, 1.2891253690624882, -2.5134551337518127]]]], [[[[-1.2911682935889854, -2.0914880371415787, -2.230312649379084]], [[-1.8104070083312394, 1.8722353558437081, 1.974621171498454]]], [[[-2.2317643049670326, 1.2111795217099832, 2.1248697167760318], [1.7035695276462233, 0.7361675826065045, 0.5873634586134009]], [[1.719229294357913, -0.1760477960771782, 1.2882760493601497], [-0.4732388937212109, -2.0962451209445216, -2.126427402423227]], [[-1.4290361357249637, -2.3534246726445236, 1.1290368891999663], [-2.5768850350381287, 0.2831719746515787, -0.28415783788936627]]]], [[[[2.6236267834988856, 1.4416166555782859, 3.4351788139580726]], [[-2.146781215511638, 2.2927380656028618, -1.5006337766935356]]], [[[-1.6663426374964627, -2.673729003799025, -2.878415616489953], [1.821385257156906, -1.7831257605419977, -1.7516776475535745]], [[-0.45444448005842375, 2.1612624269387655, 3.3670588609925076], [-2.4048255489935455, 2.156681444053584, -0.32077104254768357]], [[-1.9423542215676002, 0.9854919300541807, 0.8911783463838212], [2.259390307307348, -2.4132244640301224, 0.13151750055438557]]]], [[[[2.8735967239726, -1.278808839062312, 3.2442492120266926]], [[0.3773621425621946, 1.8828691859967568, -0.9891562042125334]]], [[[-2.307007031537517, -2.1764439680632552, -3.1006799311972264], [-1.896618426761204, 2.045787162678973, 0.6283509383692838]], [[-3.0910786381101594, -0.41115860860755166, 1.741010711450906], [3.382957602054602, -2.1534385902998254, 2.788462792195107]], [[-2.4330806941678564, -0.5983282401833159, -1.3015752383072068], [-2.974513094809185, -2.6661465309694687, 2.3442380598572]]]], [[[[0.6142605181840377, -0.7179228501485561, -0.8917004898512764]], [[-0.6148782063449911, 1.8194855062235316, 1.7578844769641082]]], [[[-1.4259894387260308, 0.5853651104178538, 0.09516597331377327], [1.5431685345564243, -1.9922930579775704, 2.4512310695349013]], [[-2.3821136999346137, 2.9223753644261348, 0.43280248900936874], [-1.4770899201850385, -2.513363625317988, -2.386333228368743]], [[-0.8794808044754397, 0.9274384682494123, 0.9276941314692193], [-2.6334942740480147, -0.21742317640983663, -0.22533182037988198]]]], [[[[0.9683032459198785, -3.2262565966230388, 1.3712876276162296]], [[2.7548858098929356, 2.5055220098008952, 1.3031376281129947]]], [[[1.0905348113847724, 2.09156217824629, -0.149667061980506], [2.3777625041356676, -1.5935922939585938, 2.7370592741208135]], [[-0.24181437196653974, -0.5556566713144984, -1.6333263055297826], [0.44963915578387104, -2.1727471811196803, -0.4247561042721706]], [[1.7499156673946616, -2.953482754408141, -1.619844102744945], [3.142220303621113, 0.8451915724093229, 2.743148633054674]]]], [[[[2.988635945666457, -1.1191930381646313, -1.6512020707165986]], [[-0.715712106251909, 1.666284736512738, -2.324619629393537]]], [[[0.8523826144131567, 2.5247244007125147, 0.24659906448073338], [0.13858963607412156, 3.6500887493366085, -2.454107694314651]], [[-1.675544237698138, 0.4375841122831688, 0.05832298108463638], [0.7426610897031724, 1.302663973464555, 2.6997864865231045]], [[2.6472465528778977, -0.627482051701655, 0.2730957666949938], [-0.8077446252691913, 2.2200274794233064, -0.7632352474498676]]]], [[[[1.045316202554774, 0.9063605230789007, -0.27270291952427217]], [[-0.7933958512362648, 0.6168981614186215, 1.9977495360893593]]], [[[-1.9370007776490608, -0.9603349394089707, -0.15391700880175074], [2.52618197040674, 1.5450299947239887, 2.410810693884314]], [[-2.8502175455221512, -2.0784221208962497, 0.8007086640790185], [2.007809639485775, -2.5747075376144384, -1.547578617911116]], [[0.1825142172542504, -1.0025326854495116, -2.2936006909923767], [1.9388284002815417, -1.4676421239798447, -1.809980505854159]]]], [[[[4.08171795442246, 0.7745681885110017, 3.715969517494752]], [[1.6257149644662323, -1.5999121445195712, -1.3967645107124091]]], [[[0.4188210217985565, -1.0867167291611268, 0.9977526670961722], [-1.0377409671720115, -0.9208186627438476, 1.515219757014105]], [[-4.127017754656633, -0.2589113139061278, -2.432307309541185], [-2.719576444221985, 2.591279573866027, 1.2923981645092157]], [[1.989766829687232, -1.6024105726162692, -1.6539120888395895], [-2.569683375707998, -3.020460181092594, -0.23309796989966133]]]], [[[[1.3316445591758712, 1.496385629537104,