{"noise_params": [0.0, 0.05, 0.1, 0.15000000000000002, 0.2, 0.25, 0.30000000000000004, 0.35000000000000003, 0.4, 0.45, 0.5, 0.55, 0.6000000000000001, 0.65, 0.7000000000000001, 0.75, 0.8, 0.8500000000000001, 0.9, 0.9500000000000001, 1.0], "max_scores": [1.4142133139806576, 1.3874029254674638, 1.3617027486335207, 1.3329225487571081, 1.3018618203650454, 1.2840823082592112, 1.2767931402334198, 1.2208992744092746, 1.2443133330782583, 1.1506725750999134, 1.1063081282702187, 1.148887529503804, 1.1241593830248928, 1.0805728175456577, 0.9468115232413241, 0.9200717715830924, 0.9170080821572122, 0.8799307565922586, 0.7832576777283642, 0.6405544313657501, 9.052875918141846e-09], "opt_settings": [[[[[-2.3697562336576157, -1.5675563270169475, -2.814419452437324]], [[-2.9896614327307116, -1.0897912868967616, 2.329563492046621]]], [[[2.8696478100473426, 3.4769017714776616, 0.1143826003056931], [2.784546169054153, -1.062108122448863, 0.7588048674477564]], [[-0.7160354271500892, 0.32384978704039075, -2.2496844034874393, 0.8543097115002756, 1.5769498996214988, -1.174534380139517], [-0.7344707974064968, 1.957655021126535, -0.5835707579462586, -0.8675784219789954, 0.6861272291856455, -2.030866971398953]], [[-2.7715488507953263, 1.2957766481236244, -0.8384122892397952], [-2.1507542759688416, -0.5536650126563205, 2.76358285914346]]]], [[[[0.5078480108881112, -0.7575084027231369, -1.8677299388660649]], [[-0.00412435391832695, 1.5065807723554518, 1.6477677259429142]]], [[[-0.15714098672582957, 0.7629472753202291, -2.3141280145830123], [2.2224779564936625, 1.4233082504463586, 0.4753086504903532]], [[-0.19557125331909508, 3.1691946666426603, -1.4217825954955048, 2.767261570341244, 0.8380308020809868, -2.91275577759331], [-1.1241857422054082, -1.9120003399196976, -2.3337383136494387, 1.307310610422172, 1.1683705256991341, 0.8744045895651924]], [[-1.622745149921202, -2.4270754309807088, -1.3672260583579332], [0.31948979411945916, 0.6344379078171505, 1.0255005476407195]]]], [[[[2.9183900256411466, -1.4361133090127796, 2.5409224573706424]], [[-1.117287506182739, 1.3544155182740587, 0.17027885000063575]]], [[[-2.7814589642555463, 1.4106382722240347, -0.6008194236107856], [1.7873838372731363, -2.8847093960410226, -2.966236299997553]], [[0.30194016098372445, -0.6973107540052677, -1.6991408785516124, -0.3205499840410614, 1.0281876009549344, -1.9356054792790391], [2.904356474700203, -0.768193655997355, -2.0001801491283127, -1.0327527605535367, 0.010274099935091915, -0.5821479206035574]], [[1.4149347680761573, 0.29664654433970095, -2.253316243877034], [-1.9070037032103466, 1.3150039668846714, -0.8352155634587448]]]], [[[[-1.3924633458339228, -2.316542487755367, -0.24492353237699838]], [[3.38087603623857, 2.6088447589974275, 2.764050873373023]]], [[[2.7684092066511083, -0.45169438806388107, 1.732801408694427], [-3.0699986491194964, -2.4607897513854278, 0.1566646069580499]], [[-2.0612515579050945, 0.6611934840569836, -2.243644897548523, -0.9605654071472337, 2.7470332330920146, 2.8198464134196275], [1.501304424295634, -2.542789240042232, -2.0905183747279956, 1.3438361352697963, 2.049051816949359, 2.8597947070748786]], [[0.8859648268835261, -1.4591423515014472, -2.671852366513386], [1.4035636747944402, 2.7551575851231807, 2.570516238811871]]]], [[[[1.5673042079073434, -0.22524748168905945, -1.48554511823157]], [[3.053242934301418, -3.00384277676355, 2.31945600150833]]], [[[0.369002736278353, 2.4781179877496853, 1.2735038357212156], [0.37220200866880493, -2.3312487562698028, 0.5052939619047366]], [[-2.920607507743633, 2.9472961226403034, -1.4503887154159159, 0.14833107567843395, 2.3253927365567244, 2.383577933115215], [2.7256199736310256, 1.7926233211316152, -2.277153141143904, 2.417636681898608, -0.7877277269166777, -2.2042717903258184]], [[2.0876568052916618, 1.5935837396556758, -1.1926839915427572], [-2.5624651206587457, 0.5737369203109323, -1.224866078579348]]]], [[[[-0.7800915537433651, 0.11360806056189095, -2.4376702284753495]], [[-2.8342156235099676, -0.20447565127998493, -0.11305021005756619]]], [[[2.943039539990124, -1.0242066393020024, 2.309318158040952], [-0.6174082580442922, 2.3224101154042045, 0.34201029572933933]], [[-2.6504164562057535, 1.6357048799927494, 1.0513279031666816, 2.388050455766802, -1.4004027659014535, -0.8241566154405726], [1.8176554349345686, 0.3651500957075511, 2.9254637764984626, -2.6913350093290003, 3.077426866576215, 2.9445770533267446]], [[0.5204643222143793, -2.01426369715743, 0.8324189183738868], [0.6949119329607492, -0.6581955891675358, -1.06499787271655]]]], [[[[1.903251871387266, -0.5532668117329246, -0.4594513727829703]], [[-0.09787357742314196, 2.4338233986855995, -1.008791438072369]]], [[[0.516938291760734, 1.16722048996399, 0.759129797671092], [-1.3413311609241774, 1.1352675030841357, -2.965074388324994]], [[-0.44222943439930995, -2.484953346645054, 2.957027231842222, -2.5396448629603987, -2.4456199168946706, 0.8873424016583806], [0.44279326212585757, 1.9254710866280844, -0.3054598197078846, -1.6173693925293202, 2.176262119962505, 2.882248822286485]], [[-2.9086336622492253, 2.127199649729519, -0.6799179624764244], [2.616094519551335, 0.7204043102180787, -0.1643686590138001]]]], [[[[-1.7140609784715644, 2.43327430537686, -0.09477597089104087]], [[-1.6402587280463197, 1.5558549765767917, 1.6354146301240653]]], [[[-0.7147289557500678, 1.6065544153852902, -2.9043470132083153], [-2.553566968510793, -0.4713614300694423, 2.7825215450055367]], [[0.3031130014116228, 3.4166948549615546, 1.2980702511960391, -1.9536164167686285, -1.7012547403422187, 2.374524935710511], [-2.142915484856512, -2.2753132078724283, -1.0517440847574582, -0.39663522812418195, -1.8590739596551908, 1.99212872426018]], [[3.2486110783469964, 2.1582809284030215, -1.386740211786048], [-2.241531483750924, -2.707238222312147, 0.705836024958522]]]], [[[[0.8680244299246358, 1.2339991376922708, -1.9033449655870285]], [[1.9709106828008909, -2.558202232820481, 1.4655142777686352]]], [[[2.0164860702030873, -2.5684494238437185, -2.309053476758391], [-2.510249859108306, 1.6735820749420356, 0.9120929966819284]], [[-0.2525635613944167, -1.2279006543630229, -0.1336746965115684, 0.5511251020242529, -0.001480664003071546, 0.8992075077306625], [-1.7702833901495514, -1.576302056031865, 0.05955123445323676, 2.7907498935403314, 1.7487955221392966, 2.140756047284336]], [[-1.2779079116051781, -2.128763072407689, 2.8878279655913506], [-0.24100105412721115, 2.431902694384023, -0.12428363783390851]]]], [[[[1.4086620611006548, 0.09535458284324319, 0.6290128853730539]], [[2.2035639637646907, -0.06276694008268607, -2.297910366258009]]], [[[-1.8496615354335613, 2.2021860395544093, -1.356445267407851], [-1.6805361704197128, 0.22209454450482966, 1.2672964260710862]], [[-0.29677067357567394, -2.3161199949872495, -0.9157020049880128, 1.7674255554773857, -0.7066615616625527, 2.685963428246097], [-2.9127032676117057, 3.4307600875799893, -2.7438682281157423, -1.8716488681451828, -0.26072173474106786, -2.601559962640615]], [[-1.4956930874258152, 0.8812070591786071, -2.4125725922543473], [2.1583202869543183, 3.276838384988888, -1.4351588364639165]]]], [[[[0.5770842033426815, 0.4383670780410216, -1.6107013236288614]], [[0.43986651775801444, 1.5026656476819686, -2.732375176874125]]], [[[1.983057124247136, -0.3402441666785852, 1.3835119342122963], [-2.5722819490462907, 1.2366998650721677, -3.0610163753695185]], [[-2.4975033681461327, -2.752448813406321, 0.9714551875361259, 1.535871439242858, -2.6329842465025615, -1.4984549344332383], [-2.5194636245793474, 1.9070288610112165, -3.1275640879213116, 3.277166694413641, -2.6811192809550155, -0.07258318917059636]], [[1.196937356749908, 1.3726995962126654, 0.7941332208219367], [2.7517102264143687, -1.751654624796858, 1.704712578848535]]]], [[[[0.8520558548118966, -2.1487122590016554, 1.6302781246094509]], [[1.1254280959181866, 0.9667026892572235, 0.03584284694409495]]], [[[1.9721911524304296, 1.4521214287873763, 2.0657972798051603], [-0.9307520471075644, -3.325820706237616, 