{"noise_params": [0.0, 0.05, 0.1, 0.15000000000000002, 0.2, 0.25, 0.30000000000000004, 0.35000000000000003, 0.4, 0.45, 0.5, 0.55, 0.6000000000000001, 0.65, 0.7000000000000001, 0.75, 0.8, 0.8500000000000001, 0.9, 0.9500000000000001, 1.0], "max_scores": [1.189071221812088, 1.1711866505224204, 1.1460304035862299, 1.1353233093905573, 1.0963988878830722, 1.1047372231647843, 1.077121746000105, 1.0591714777675232, 1.0410202466246419, 1.02137243040133, 0.9731884770400377, 0.903719742698939, 0.9437286247422427, 0.9136028569692107, 0.8704238194612771, 0.8381148594704828, 0.785740565817878, 0.7396969660928234, 0.6062253010327057, 0.5513618627551764, 8.660327410861518e-09], "opt_settings": [[[[[-0.9917356134201087, -1.66518265298942, -0.511291876468838]], [[-2.0330796778504387, 0.904773518180049, -3.0047063373440355]], [[-1.8347426982030597, -2.1664903955627666, -3.2511618912450153]]], [[[2.320634735913899, 1.3496263750454656, 2.2640419051721556], [-2.565369728530793, -1.5675167551834726, -2.9742226983395867]], [[-0.794893645259329, 1.5036342308127946, -0.6517904422547577], [1.9797636573478523, -1.273213934565903, -0.34162273198211845]], [[-3.0341840921679153, -1.6892641248748121, 1.1083116641546642], [-1.282099461616057, 2.823303927310848, -3.1711232409875834]], [[0.19814688677930897, 1.4831783464846962, -3.066762986403112], [-1.6937368196839782, 3.0222038683764483, -0.904171928438585]]]], [[[[1.6584087262508889, 0.9161949307313229, -1.213403457474274]], [[2.837718589799555, 0.589328620757619, -2.857087413003502]], [[-1.544603606116207, 0.3324376793235868, 0.7585943878843404]]], [[[2.0219494810703287, 1.4176124896242435, 2.8642399536795162], [-2.0825555418882713, 2.7514047820562277, -1.3360877086534801]], [[-2.4385744846665394, 1.9249103233470322, 2.53510504961114], [-0.7606843555555298, -0.10533298819746367, 1.2104248489802945]], [[2.8365335636619307, -0.1046851211037022, 0.29840854176803494], [-2.719149353420638, 0.15156440411116992, -0.48476643433207395]], [[0.41610225861765693, -1.0087564035784424, 1.4918677370471807], [-0.7612905970153026, 1.3440699041966022, -2.5744861365147673]]]], [[[[-1.2315652228944487, -2.616153219123212, -1.6874288211924535]], [[-2.7023299234746054, -0.059675206543200486, 0.16020620675518082]], [[-0.5767500584631815, 0.23743806085787067, -0.9218539799990814]]], [[[1.7408898414390652, 1.0722992581354331, 1.6538093005965342], [-2.087381222473029, 0.7537849927842081, 3.10857461405634]], [[-2.071665588136582, 1.0277828012875314, -0.8776064498644286], [-1.0609081573636097, -0.8872373984377782, -1.6307580058945033]], [[-1.70436249924418, -0.11473739704360633, -0.9095921958348734], [0.5004689570928806, -2.584587981314541, 1.0932085333720338]], [[-3.1876912423766712, 1.3376038823671705, 3.033855041810024], [-1.838425075059854, -2.6311260262079665, 2.6566811202237393]]]], [[[[-2.1456381821140784, -3.576817901452424, -0.17061581168809178]], [[-1.9252859622965972, -2.1171865221225477, 0.2669180496547625]], [[-2.6411789957609524, -1.5700233417689853, -1.9211671773497792]]], [[[-2.8367574198651875, 1.0985902112236363, 2.607470201410667], [1.9308547502791837, 0.70494576191936, -1.3245240763843862]], [[-0.9839288341819168, -2.6085406210037596, 2.0211922024242504], [-0.7042731751140013, 2.0868455607153877, 1.2088920440538975]], [[1.6339246840007438, -0.2523340888053729, -0.5840301881661254], [-2.791405199906, 0.8924783488626655, -2.1903066895219507]], [[-0.42130284613515945, 1.2566239099330918, 1.4157670718810458], [1.0996224658525562, -0.34906485460185493, -0.6247264661200429]]]], [[[[-0.3248611800607994, 2.5733034736073854, 0.837338530567071]], [[-2.5729179509741256, -0.525303456118821, -1.078172925919834]], [[0.6379727545735385, 1.6265000839188468, -2.0811599094115314]]], [[[-0.4865105835633913, 2.458724625339084, 0.9702795078163922], [2.377443452885999, -0.3619184421402333, -2.0239407070959503]], [[0.041678284305659986, -2.4638462364424574, 1.244545496236102], [0.9093105476405206, -2.3496851614044725, 1.660820818363509]], [[0.500895662893989, -1.0382194459362701, 2.1698949534035252], [-2.58345809704529, -0.896829952029261, 2.3905670100175205]], [[1.1372393817422244, -2.6296357026382107, 2.5040427025109233], [0.9172769165852408, -0.47026535816874027, -1.205433639899333]]]], [[[[2.856116549204581, 0.5534586578039989, 0.726993979035089]], [[-3.197795680548827, 0.6070231216392041, 1.8408397230182842]], [[2.440676148865593, 0.10104411638332834, -0.2109658358394323]]], [[[1.5807596307325693, 2.362573367675504, 1.090459095022558], [-2.656877718924164, -1.4247930432057665, -1.9655705210001306]], [[3.3749628999659818, 2.1494447232447675, -3.0233729892572057], [2.584897201705059, -0.5321653396812974, -1.0441250960489221]], [[2.3778778468945245, 1.9146187790665454, -1.7041435706444257], [-1.7932504653434034, 3.5589295324324004, 0.10213743474214457]], [[-0.13975948002059155, -0.12702908631821624, 1.9925120959887979], [-0.6579061591804136, -1.549505472967261, -1.3998129266994048]]]], [[[[0.8877258987356548, 3.34105945927591, 3.034741585676582]], [[-0.710829283834589, 1.9141565939960172, 0.6641208522214106]], [[0.027354262695705234, 0.03249337188040783, 2.6642480191867337]]], [[[1.8141091895912134, 2.3314274426996278, -2.1310762728795467], [2.8355784243149733, -2.0095809356873415, 1.339243235397399]], [[-2.140914624178935, -2.2276007545426015, -0.1594227510374369], [-1.3353723178527337, -0.2659822816655955, 1.4620727915005292]], [[2.1691068614744387, 1.4092963867030723, -0.7374943574897705], [0.2001533119633819, -0.42313544987332397, -1.1036737499683364]], [[-2.420187758048094, -2.5822803221633674, 0.7241402837836435], [1.9937055556471404, 1.6373709583561251, 0.36238605142332814]]]], [[[[0.15466714180822977, 3.370377116474084, -1.0658357630381465]], [[2.1175798155185626, 1.4345077587104182, -0.13783580781694332]], [[-1.7227463393914284, 2.4626107876087193, -2.3614782434010357]]], [[[0.35283609796186277, 1.0423382143819049, -2.738028124335408], [2.149002374386422, -2.6282098870817814, -2.5134938868559424]], [[0.8555442691793905, -2.7261790150408842, -2.5606789629166875], [0.8648970007891231, -1.1551411924660238, -1.7099309252816541]], [[2.940645624586286, -1.248034625635803, 2.2633842389288135], [2.740659866994748, 0.252019145466177, -0.6859967684166758]], [[-0.9910573758094637, -2.7075892334959186, -0.7428024158325979], [-2.3557814559867962, -1.088170176605258, 1.6507190061426806]]]], [[[[1.490479179757843, -2.6419795299907256, 1.2118967982524436]], [[-1.8774211493701647, 0.5980629189888401, 1.5337855542711631]], [[2.951349700584771, -3.0119546537538433, 2.5395568329370177]]], [[[2.8908488866723303, -4.085764005018419, 0.33395443152851684], [1.1064142857066803, 1.052208775877803, 1.9946543827963295]], [[2.6980114522039607, -0.10955801149524333, 3.2764534406581074], [-0.5607604276173377, 0.7728823883253627, -0.8757807298097601]], [[-0.30292298753885977, 0.10872553583887562, -0.31658399911838114], [-1.4369895455200632, 2.3857452605395757, -1.5886738633790698]], [[3.126580022747364, 1.6113863631292606, 2.4902256638212537], [1.1543642983771156, 1.4990790741296103, 0.9237737910536552]]]], [[[[2.9932037273740364, -0.24393996739129692, -0.0995434018591285]], [[0.470414356019267, 2.629554315463747, -1.5116358376118102]], [[0.9583023654883679, 2.4084001717731947, 0.21474037140934812]]], [[[0.3814870211029572, 2.3863773081627953, -0.8504615848082229], [2.0469184115736305, 1.1523496536022695, -1.3619799051610668]], [[-2.791082177448063, 1.2922985200159327, 2.480669054031454], [-0.6030445092277087, -1.87939492433096, 0.7588540625821061]], [[1.3735293114155043, 2.8040335860933667, -2.766283307819592], [-2.4885566461707844, 2.067063217280571, 2.1880821417592697]], [[0.7896215758922562, 1.6690978217845287, -0.06122412238206282], [-0.6389862205998903, -0.2803499429689427, 0.2896100156508572]]]], [[[[-1.8137410105627731, 0.9766196633866653, -1.0037318055289057]], [[-2.0604049386933205, -2.4706429783066577, -2.489432313893435]], [[2.4621829657687946, 2.416875500098792, 