{"noise_params": [0.0, 0.05, 0.1, 0.15000000000000002, 0.2, 0.25, 0.30000000000000004, 0.35000000000000003, 0.4, 0.45, 0.5, 0.55, 0.6000000000000001, 0.65, 0.7000000000000001, 0.75, 0.8, 0.8500000000000001, 0.9, 0.9500000000000001, 1.0], "max_scores": [1.1891419237882963, 1.1667601744967249, 1.1541284897281878, 1.1375548246593956, 1.1230781401564331, 1.0701154382321056, 1.0833439862948209, 1.0189584717360167, 1.0017982977979556, 0.9624310842814958, 0.99349894100095, 0.960189967371216, 0.9437318873861461, 0.9073999827443091, 0.8788109750928372, 0.8338628630166642, 0.7933818612709956, 0.6903925968403675, 0.6667957189469713, 0.5576379137205758, 7.3133906535727985e-09], "opt_settings": [[[[[-2.6185783669221716, 0.13993800566945175, -1.0802735360712663]], [[2.8989612124071398, -2.0000687935471353, -1.9978476581132643]]], [[[-1.6209663736359092, -1.0839323099271163, -1.1190213597875864], [-3.4418817189585424, -1.4385240518247926, 1.7519064109750628]], [[0.923939069470954, 0.43616462825274216, -2.613454928792505], [-0.7313439686198788, 0.2352286798048115, -2.262163242520888]], [[-1.2831811422062713, 2.3782656587424946, 1.2019753465282452], [-0.4237769767469695, 0.5328893486975762, 2.530273937162379]]]], [[[[0.9326116144374859, 2.8005594876172917, -1.9250995876716281]], [[-1.1286599350368482, -1.4364761104002683, 0.10378782738310113]]], [[[-1.3220036004055729, 1.092497975068312, -2.841117610830159], [-0.9106786960283705, 2.7140093034619572, -0.635044803452661]], [[-3.53021789603898, -2.1098904036417983, 2.354236784409642], [-1.4803998620382852, -0.600532763053042, 0.9960075352411145]], [[2.686716173729276, 1.4764903079723988, -1.3268941382209718], [0.9963782665681339, -2.6879030804973936, 0.6330532950121026]]]], [[[[-2.3143398042676377, -1.9762518253747736, 0.623577979159726]], [[3.0911886250038485, -1.8068232626579575, 0.5166970758609761]]], [[[-0.6322243010595242, -1.7033441545947283, 0.09584529048366444], [0.4842790377600995, -2.2317785426217687, 0.0426955818610982]], [[3.3936672285433396, -2.001847007388505, -1.3598500998838927], [-2.8498480337542396, 2.9882803065310983, 1.733192369321884]], [[1.711711182513511, -1.0368797361916329, -0.7677470810853859], [-1.0887506792092023, -0.035347199992309855, 1.3103912651151903]]]], [[[[-1.592859242649022, 0.8103437910071097, -2.714251621267216]], [[1.7094324398093141, -1.189147653638744, 1.2329247757262973]]], [[[-2.8578934744046576, 0.6483869067061612, 0.680625219187129], [1.2468550335683002, 0.21974524256019182, 1.3619112769077333]], [[-1.6341058671561943, -0.4592066056399029, 1.7693165915259268], [0.4208113035455628, -0.38661133719094054, 0.630569168001404]], [[2.1922034629255225, -0.44589314035763045, -1.0631785814615045], [2.171548284039661, 0.3405221563580477, 0.6899643577516557]]]], [[[[1.7329235976595134, 1.7779147958559762, 1.4146243766056283]], [[1.078329510771198, -0.8163228761931874, -1.2594221175995584]]], [[[0.7693126846583744, 3.158108026377388, 2.263266417974738], [-0.03572881148744218, 2.245453609448555, 0.9966352689681148]], [[2.887327835137605, -2.7605732801586838, -0.5506675019947342], [-0.5051957397851053, 2.49067483366411, -1.9531030903941786]], [[1.6194515337086057, 2.367857962938312, 2.787337994170019], [1.6362188248873224, -2.893723694576055, 0.044193207196095735]]]], [[[[2.9311327747683773, 0.01486005309469522, 2.414022772861012]], [[1.3982304970256698, 1.3217096960502086, -0.020133514287771416]]], [[[2.460485413327074, -1.186186883421722, 0.07728129801508613], [-0.7932788387666869, 0.1621859023707877, 0.6357954124867047]], [[-1.0876906644883337, 2.1411203608807514, 2.23734843416397], [1.2258352290212617, 2.2339334813109604, -2.059121855856295]], [[0.19586951647111261, 1.5066888474302758, -0.04572328517080407], [-2.5428912130522074, -0.5056927759146788, -2.1127987512230124]]]], [[[[3.0307785987666938, 0.8713428775331107, -3.227393012650881]], [[1.825200769674403, -1.6872607114109637, -1.2115222330151691]]], [[[2.6361099429438863, -1.543390568743027, 2.857013302608366], [0.412748932627887, 2.1278971645746005, 0.656470241002005]], [[0.9445979443203346, 2.513207156158511, 2.2104144146201756], [0.458005122539224, 0.21780234708225782, 1.9196378800836118]], [[-1.8396546597359882, -2.3098318929156663, 1.9663585412935571], [2.943171576377914, -2.8045095431702434, 0.435438006863078]]]], [[[[1.8836061359530367, 1.017608043476291, 0.511369517924584]], [[1.8255036818776615, 2.3048787232556163, 2.171698033126345]]], [[[-2.6421258520176183, -0.9381676454660532, -0.006828717839163871], [2.9047363810565807, -1.6313741084845923, -2.5045866448405074]], [[1.6105077551893712, -2.6966066364941534, -0.5164087432608021], [2.4898519665415, 1.7412643246383566, 0.9053784796342559]], [[0.9034968505302512, -0.7370341323818227, -1.282343457623276], [-1.1545674546312135, 0.8682309038389238, -1.8123638781500075]]]], [[[[-0.4922398206406046, -2.7501918134797623, 2.369294899445483]], [[0.3906872704294532, -1.4250471042422654, 0.6353453574265676]]], [[[2.8221893977137738, 1.2732195171859704, -0.8897554996416526], [0.2679700649423434, 0.2860756370134489, 3.0147003424926577]], [[1.3623124971842886, -2.4031560585299356, -0.02420411637929583], [1.4209062200839913, -0.3926910269288582, 0.8852209722460513]], [[1.634121631083834, -0.7248483972259154, 0.40681177560800386], [1.1051621273450623, 0.9451565219557142, 1.4019984003231807]]]], [[[[0.062448990246798196, 3.478204465645907, -0.6781639398366183]], [[2.544118737039773, 0.5457700728711082, -2.355659657717008]]], [[[0.8830823562287015, -1.0963958401938014, -2.488847147532803], [-0.9641899008732946, -0.13476777093879178, -2.8329687626209394]], [[-1.418050462843844, -1.519567892377132, -1.4664277030933843], [-3.176295911016989, -1.0805011097260473, 1.372534990416721]], [[2.498769522799101, -0.6051967939079188, -1.9303938943476873], [-1.7180886692700115, 1.9913074280269851, -2.8602534754818447]]]], [[[[2.2859063597133686, 1.9208848084525243, -1.9818885772224657]], [[0.8546736253077587, -1.504070721893164, -2.361799049800322]]], [[[-2.9660311651929305, 1.2188679792700707, 0.5188919566089383], [1.9843351830863667, 2.301223843644416, 0.47879060741405727]], [[2.179450957455806, -1.0039062323881354, -2.476990371776456], [-2.893233297088643, 1.750076360319374, -1.9971400967743074]], [[-2.4548267527787115, -0.684418037338648, -2.7109262871047712], [0.5223091475565943, -0.5891979668157155, -2.770362191288093]]]], [[[[0.3302130815051392, -0.7470561588342709, -1.4242913695919115]], [[-1.9916586430580112, -2.1041353830148735, -1.1515948101112838]]], [[[-2.840496793987852, -0.9758109830024455, 1.749954731727506], [1.6931763893708516, -1.498984296889507, -2.141829091895047]], [[0.24530233386298697, -1.8935283346257856, -0.34830547655072797], [-1.1254075105626455, 1.9633674168331896, -2.3087228553794263]], [[0.9563370398474179, -1.6071038574338137, -0.8846905164740395], [-0.29938513840853515, -2.4985054296654887, 0.09041484409493569]]]], [[[[0.8029043977645097, 1.2523952513303183, -0.8016509749633787]], [[-2.4461318673642123, -4.239426751365877, -1.1674399398387383]]], [[[0.5412283479739172, 0.37840714543266835, 2.9633997212615046], [2.411058046457323, -1.9924049985670491, 0.8114536139431282]], [[2.518382577685859, 2.638717836371587, 0.8128443230860972], [-1.11672667664082, 2.976222808480929, -1.3901460549827687]], [[1.410964473688816, 1.5844948615407863, -2.764174207702409], [0.03366162447069581, -0.5873070648763973, -0.6250467747601961]]]], [[[[-0.176485018340748, 1.4433082084131372, -1.8803084183882066]], [[1.7843494897639691, -0.15452000350149364, 0.30980629607778243]]], [[[0.9622219951766419, -0.6595057249306593, -2.5660896401000532], [-2.928645366332987, 1.6345950627558579, 0.9602686822806366]], [[1.026627284153864, 2.8500667926789225, -2.729268753960268], [-2.321229073013067, 1.175433126947539, 0.34784065724923435]], [[2.7520287659248077, 0.31315463049260656, -0.9544573599560731], [-0.5305300023209327, -1.5283571786847827, -2.4443736927649886]]]], [[[[1.4427610991170532, 