{"noise_params": [0.0, 0.05, 0.1, 0.15000000000000002, 0.2, 0.25, 0.30000000000000004, 0.35000000000000003, 0.4, 0.45, 0.5, 0.55, 0.6000000000000001, 0.65, 0.7000000000000001, 0.75, 0.8, 0.8500000000000001, 0.9, 0.9500000000000001, 1.0], "max_scores": [1.414213562373095, 1.4052885201280203, 1.3961279956383617, 1.3864880339799956, 1.376584557112409, 1.3675366122614159, 1.3578951254621279, 1.3442313559568944, 1.3363123523350195, 1.3214508841373909, 1.3150142664755822, 1.304784478612536, 1.2935637998726426, 1.281852664488153, 1.2697100249219435, 1.256505291869023, 1.244665834567136, 1.2314930300007214, 1.2178832856227908, 1.2038013435027075, 1.1892071150027008], "opt_settings": [[[[[]], [[]], [[]], [[]]], [[[-3.3821598918259768], [-1.8486255513280283]], [[-2.5995505448810543, 0.7116652515044356], [2.078415253690742, -2.5275986953042855]], [[0.7116652493017963, 1.24813984468726], [-2.527699232941635, 1.1259227581539681]], [[-1.89345280890892, 0.3277115060034292], [1.1260839161791285, 1.8895027053376816]], [[-0.4431977367550366], [1.0903366037317341]]]], [[[[]], [[]], [[]], [[]]], [[[-1.4724461225509793], [3.2375515011146283]], [[-2.271618349066437, -2.283434439610298], [2.465929528203318, -0.854096135795787]], [[-2.283434439610298, 2.324630628107482], [-0.8540961357957739, 0.5519874059890004]], [[-0.8169620254823112, 0.5217261534135573], [-2.5896052476008, 2.0925510664364713]], [[1.3083343564144947], [-0.2648533270994847]]]], [[[[]], [[]], [[]], [[]]], [[[0.2777255806202605], [1.8627512118483005]], [[1.048100753126302, -0.8652135330443993], [2.6631712504261067, 3.144946879387782]], [[2.2763791205454034, -1.6553789657332678], [-3.138238427791804, -1.9729109852088729]], [[1.4862136878565197, -1.1617595834638703], [-1.9729109852088729, 0.4091519779418237]], [[-0.3691875112682148], [-1.9542131424962543]]]], [[[[]], [[]], [[]], [[]]], [[[0.5262598718379206], [-1.0088066040901222]], [[2.918971779750946, 1.3187444459093907], [-1.8307130054439826, 3.047066015613961]], [[-1.8228482076804047, -2.1565374411058875], [-3.236119291565626, -2.4437412388184327]], [[0.985055212483899, -0.5816505168932151], [0.6978514147713604, 0.9894214816638717]], [[1.7925369192206564], [-2.9555819120308864]]]], [[[[]], [[]], [[]], [[]]], [[[0.5669252276505922], [-0.9521527975121084]], [[2.969815097182095, -0.030807521111253556], [-1.7842484794552051, -0.9895681164408758]], [[-0.030807521111253556, -0.4117989418921879], [-0.989568116438683, 2.58141084687136]], [[-3.553391595481981, -1.8452948322053109], [2.5814108468745176, 2.8668417521720073]], [[-1.085869037627258], [-2.6049470627899307]]]], [[[[]], [[]], [[]], [[]]], [[[-0.22970850366654147], [-1.8361349312652318]], [[2.172295536798136, -0.10784726644694519], [0.47444551350280967, -0.8866309542337519]], [[-3.249439916329447, 0.7223221020927236], [2.2549616993560413, 2.6665613463878306]], [[3.8639147490231243, -1.036399217152617], [2.6665613463878306, 0.5329506240030804]], [[-1.8403873298972322], [-0.2339609022983924]]]], [[[[]], [[]], [[]], [[]]], [[[1.6249573483327286], [3.1869508605594343]], [[-0.6475085844236299, -2.192395675432905], [-5.536151585216277, -1.5944879409493888]], [[-2.1923956754328073, 0.5480340484081306], [1.5471047126404078, 0.7769873576100921]], [[-2.593558605181503, 0.8429021304899755], [-2.3646052959797053, 2.4137924495739513]], [[1.6239450559984412], [0.06195154377170011]]]], [[[[]], [[]], [[]], [[]]], [[[2.482383028121328], [0.8053333645601811]], [[1.659142402329906, 1.2048930115214214], [0.05777507996401237, -1.9086880753922102]], [[1.204893011514236, -1.0362564162857528], [-1.9086880753922102, 0.5621578977247222]], [[2.105336237303822, -2.6673968494342897], [0.5621578977247222, -1.0966822624879649]], [[1.312671284625267], [-0.3643783789357516]]]], [[[[]], [[]], [[]], [[]]], [[[-2.7409504206279087], [-4.211047491691106]], [[-0.25733132770873646, 0.9931035837377862], [-1.9824137782669338, -2.3403392293302456]], [[0.9931035837377862, -0.6725512720424772], [-2.3403392268005305, 1.1953134393704066]], [[-0.6725512720424772, 3.1353346018220547], [1.1953134344840222, 1.5641642101374411]], [[-2.4129522945939477], [-3.8830493656571736]]]], [[[[]], [[]], [[]], [[]]], [[[2.3412801467225557], [-2.5177676248735814]], [[3.0783506245280043, 2.6461128745915614], [-1.684045838906002, -1.445813482769579]], [[2.6461128745915614, -2.3430273911674586], [1.6957791716101307, -0.5448173052935547]], [[-2.3430273911674586, -1.6118334527116842], [-0.5448173061053848, -0.04108979051225012]], [[-0.899783624122565], [-2.32392115970594]]]], [[[[]], [[]], [[]], [[]]], [[[0.4350593899472445], [2.15553693634415]], [[1.2093887527120608, 1.8764754553844216], [-3.331686222728942, 2.0560306926390006]], [[1.876479037777111, 2.4785530203838713], [-1.0855619609507925, -0.012454617377964173]], [[2.478556361459398, 0.7218048781349136], [-3.1540472709677574, 2.2906922275912223]], [[-1.560776994225291], [3.0019307665571957]]]], [[[[]], [[]], [[]], [[]]], [[[2.000198881050753], [3.435932365034154]], [[-0.28233667574513177, -3.35247462528986], [1.0048608916773016, -2.6141452628421695]], [[-0.21088197170006662, -0.1549585278523328], [0.5274487849800813, -2.3677876720216084]], [[2.9866341257374605, -1.1790474872017478], [0.77380660240527, 0.38851348154567317]], [[2.6792164865872263], [1.2434830026038228]]]], [[[[]], [[]], [[]], [[]]], [[[1.4368388700056889], [-0.08309910246045599]], [[-2.6793832214754683, 7.884634209066021e-05], [2.4634042229152464, -2.7311191309275697]], [[7.88463420906639e-05, 1.410061929412387], [0.4104735228463956, 1.487585148149821]], [[1.4100619294123868, 2.6248512186592814], [1.4875851477414692, -2.0871058358190124]], [[-1.2765164646234104], [0.24342150784113514]]]], [[[[]], [[]], [[]], [[]]], [[[-1.287305349622326], [0.1669060209809153]], [[-3.481333072843508, 1.3331122264987634], [-2.3536459281726656, 0.5993191665208376]], [[-1.8084804270910353, 0.2715946439872399], [-2.54227348709874, -2.769944322442759]], [[-2.869998009602547, 2.292852020892064], [3.5132409845970884, -2.4195440607456415]], [[-0.12163768910132677], [-1.575849059703297]]]], [[[[]], [[]], [[]], [[]]], [[[-0.4915771084377445], [0.7957680541420342]], [[0.07532913376396427, -3.8508250241417405], [-1.3418036608716513, 0.25691116694651644]], [[-0.7092323705519473, 1.8721453360651807], [0.256911581431586, 2.9247916606395585]], [[-1.2694473175246126, 1.3293801553795306], [-0.2168005317401348, -0.23909644090744434]], [[0.6862970857916393], [1.9736422482985314]]]], [[[[]], [[]], [[]], [[]]], [[[2.498789346197543], [-2.5528500632366513]], [[3.129685679786971, -2.821740892103354], [-1.6129480359044965, 0.2640499919679898]], [[3.4614444150762327, 3.2231966947866137], [0.2640538812656149, 2.527301515237145]], [[-3.0599886123929725, 1.5897869804901017], [2.5272993480940893, 0.021926026951178786]], [[0.9746585321636302], [2.206204429968371]]]], [[[[]], [[]], [[]], [[]]], [[[-0.18609547933078727], [1.1499743954624777]], [[0.20695747466424494, 3.2358471392556805], [-0.8045109294952614, -0.7881842453221496]], [[0.09425448566588725, 2.539086848450881], [-0.7881761028899015, 1.14344110370371]], [[-0.6025058051389124, -3.0626354525454054], [-1.9981435274860757, -1.495637466900328]], [[0.7459001637507225], [-0.5901697111727198]]]], [[[[]], [[]], [[]], [[]]], [[[-3.229009638035175], [-1.8230235877400907]], [[-2.896271853901956, -0.9245040046044669], [-0.5686533179186702, 0.6542673332565797]], [[2.2170886489853263, 0.6594490572016246], [0.6542703454718686, -2.774722725097487]], [[3.801041710791418, -1.869031538358085], [0.36687164580169374, -0.2993198732483078]], [[-2.5723952970105253], [-1.1664092466114193]]]], [[[[]], [[]], [[]], [[]]], [[[0.019358976328048696], [1.6513890768392632]], [[0.354259219125661, 2.1226533467983044], [-3.4090393816970117, 0.19734927077617154]], [[2.1226531874177463, 2.7222850650698738], [3.338941924365965, 0.7581121868595637]], [[-0.4193075202972163, 0.8850567711922198], [0.7581121868595637, -0.686190818192495]], [[1.7008177094067825], [0.0687876088959391]]]],