{"noise_params": [0.0, 0.05, 0.1, 0.15000000000000002, 0.2, 0.25, 0.30000000000000004, 0.35000000000000003, 0.4, 0.45, 0.5, 0.55, 0.6000000000000001, 0.65, 0.7000000000000001, 0.75, 0.8, 0.8500000000000001, 0.9, 0.9500000000000001, 1.0], "max_scores": [1.414213562373095, 1.4052428715816507, 1.3961334284187124, 1.3863957832128257, 1.377385196402071, 1.3665555732028047, 1.357609334362583, 1.3478002723805909, 1.3374554438372397, 1.3264622396421077, 1.3092841480500566, 1.2972277670919126, 1.293506751968124, 1.2818542191955933, 1.2698232559144427, 1.257433429646055, 1.2446609284126187, 1.2314930315057833, 1.217883285609414, 1.2038013435011763, 1.1892071150027195], "opt_settings": [[[[[]], [[]], [[]]], [[[0.5423000169519977], [-1.0107446089776881]], [[2.9012946542517595, 2.445220483557083], [1.3431355739440154, 0.5875705735728946]], [[2.4452204829737125, -0.5419534772904349], [0.5875888178473302, -2.109976107005859]], [[0.23590226887779467], [-1.3171424692051998]]]], [[[[]], [[]], [[]]], [[[-2.1493563991967877], [-0.5668154774747398]], [[1.7888182412148195, 0.13746995980584165], [0.20739955240134925, -1.767173671194914]], [[0.13746995980584717, -0.6676645803775592], [-1.7671736711949138, -2.2385868838541567]], [[-1.4589995094502115], [0.12354141227183643]]]], [[[[]], [[]], [[]]], [[[-1.8494013549580257], [-0.26510282136192287]], [[2.106755298276888, -1.802709257185137], [0.49112410256472716, -3.066202571163451]], [[1.3388833964046563, -2.1432494844877086], [3.2169827360161194, -0.5727062641250269]], [[1.790362469659528], [0.20606393606342888]]]], [[[[]], [[]], [[]]], [[[-0.9033526517521681], [0.6286042613266851]], [[3.0150964433715277, -3.5237379054297993], [1.4225496188716429, -3.595711834754682]], [[2.759447401749773, -3.3176598245350277], [-0.4541191811648886, 1.3944622364883545]], [[-2.551804501445802], [2.199423892654932]]]], [[[[]], [[]], [[]]], [[[-1.416076842462633], [-3.0030870789152178]], [[-2.2628411854011814, 1.466014771089819], [-0.5855376823792553, 2.1446613667079184]], [[-1.6755778825000318, -0.023352201827142618], [2.1446613667079184, -1.5940019170606567]], [[-2.3713640539018654], [2.324811016825136]]]], [[[[]], [[]], [[]]], [[[-0.5246230408678657], [-2.160082217310828]], [[-1.3109097134502643, -2.1602758524239274], [0.19701244768866902, 0.895903620838988]], [[-2.1602758524285512, 0.6323365146711974], [-2.2456890327508052, 2.203107939451384]], [[2.956185532649049], [-1.6915405980875748]]]], [[[[]], [[]], [[]]], [[[1.2977751684234657], [2.9117790992670023]], [[2.1823129114281232, 0.8284401434308525], [0.45649756679939224, 1.3095551180591514]], [[-2.3131525101604655, -0.5791053879806537], [1.3095551180591514, 0.99160466007594]], [[1.7554384445380877], [3.369442375381626]]]], [[[[]], [[]], [[]]], [[[-0.04147366293258123], [1.5204042981148007]], [[-2.50806643337318, 1.197056068253758], [2.4160036369977695, -2.7735363100561385]], [[-1.9445365857452395, -3.013836673396966], [0.36805634353365474, -1.4439340778479397]], [[-0.6536220148820241], [0.9082559461653574]]]], [[[[]], [[]], [[]]], [[[-0.07141475587612164], [1.478131407913568]], [[0.5789584079896947, -0.29191406659040015], [-0.7429108107057079, 0.6846813271048316]], [[2.849678586999393, -1.3733825222559939], [0.6846813270919039, 0.19764410549116643]], [[-2.1480453586952217], [-0.5984991949055228]]]], [[[[]], [[]], [[]]], [[[-0.2978605377922366], [1.1770503546614572]], [[0.3279168058128982, 0.3939803856409347], [2.122323431784458, -2.446638452550711]], [[-2.7476122679488584, -3.753812681514936], [0.6949542014022576, 4.099567197681447]], [[-3.016601447094258], [1.7916729676295484]]]], [[[[]], [[]], [[]]], [[[-2.5111552841024425], [2.37161449412293]], [[-3.188588108984355, -1.5916432797841875], [-1.6633256540020822, 1.9410174516607261]], [[1.5499493738056058, 2.8576419522393426], [1.941017451660244, -1.8544374268708133]], [[-0.9840534379315977], [0.4163620910227288]]]], [[[[]], [[]], [[]]], [[[0.6309784422921264], [2.398631312993875]], [[-1.6472924009291066, 2.0525172466896877], [-0.035478819370844794, 0.6969723361939236]], [[-1.0890754064519164, -2.0936587286044204], [0.6969723361939236, -3.663907295002933]], [[-2.9771112957977635], [-1.2094584250965534]]]], [[[[]], [[]], [[]]], [[[0.258206306698851], [-1.170721783236751]], [[2.8543775883044433, -1.8590973158614115], [-2.1973809430885503, 1.6072840711466696]], [[-1.8590973158614115, 4.2797438948579], [-1.5343085524559048, -3.572853395818949]], [[0.4241903858762829], [1.8531184758782233]]]], [[[[]], [[]], [[]]], [[[-1.3109223663624803], [-2.989609910717054]], [[0.7640502358908017, -3.353874521398812], [-0.3546034122906613, 2.563868870195995]], [[-0.2122818699933091, -2.6893632295710836], [-0.577723783393798, -1.1183385715142273]], [[-1.8498810987233352], [-3.528568643073033]]]], [[[[]], [[]], [[]]], [[[1.6606489171736967], [3.1885860173452905]], [[2.704349861450936, -2.6502127817444077], [0.5722143697784244, 0.5906526237012888]], [[-2.6502127817443757, -3.8630392208579902], [0.5906526234509739, 0.8491044484377419]], [[-1.4855271665040812], [0.04240993367806344]]]], [[[[]], [[]], [[]]], [[[-0.0014957319504416019], [1.5677354540814343]], [[-2.6802339475368844, 2.442195338299456], [-3.60747325149452, 0.5798212105552272]], [[2.442195338293655, -2.0161663689949654], [-2.561771443037769, -0.4454661173836484]], [[-2.800829848466465], [-1.2315986624347384]]]], [[[[]], [[]], [[]]], [[[2.424201422174001], [0.47206204653530953]], [[-1.769084239527586, -0.31252880045153336], [6.235895704600618, 2.2743290967367775]], [[-0.3125673759273655, -0.33111965030012036], [-0.8672635568530157, 1.235907114947345]], [[0.6419210645578588], [-1.3102183124383235]]]], [[[[]], [[]], [[]]], [[[3.195320608386233], [1.7308209562257322]], [[-3.4265586017263074, 2.551697247298154], [0.48581594187421834, 0.9467701361413419]], [[-0.5898954062916394, -1.115258790901604], [0.9467699395116459, 0.45601415740993057]], [[-1.8473208825402103], [-0.38282123034840904]]]], [[[[]], [[]], [[]]], [[[-0.032085591871240986], [-1.6996834271638535]], [[2.7517497775110615, -0.5595572660805525], [0.24722238058378487, 2.762821109171822]], [[-0.5595575753151797, -0.3529289711608015], [2.7628211091718224, 1.2171360861520446]], [[-1.1871650921164885], [0.48043274331372476]]]], [[[[]], [[]], [[]]], [[[-1.3231457308195347], [0.04016799687317398]], [[-0.14730182451305582, -3.2020465541070218], [0.3867757019512566, -0.7131837890906327]], [[-0.0604539005172286, -1.9318194713337364], [-0.7131097263972138, 2.7734221549814566]], [[0.525929610389966], [1.8892433373696778]]]], [[[[]], [[]], [[]]], [[[-1.666519787754144], [-3.14159265191337]], [[4.812952612781105e-05, 3.2647697759603713], [0.016251434767949463, -1.7055008072956146]], [[-3.018415531219215, 1.3025622856429533], [-1.705535628433704, 2.8631428376334456]], [[-2.5806585571727], [-1.1055856930722472]]]]]}