{"noise_params": [0.0, 0.05, 0.1, 0.15000000000000002, 0.2, 0.25, 0.30000000000000004, 0.35000000000000003, 0.4, 0.45, 0.5, 0.55, 0.6000000000000001, 0.65, 0.7000000000000001, 0.75, 0.8, 0.8500000000000001, 0.9, 0.9500000000000001, 1.0], "max_scores": [1.4142135623730947, 1.405239721729207, 1.3959900735342394, 1.3868858124209096, 1.3771804336541618, 1.36753681730388, 1.3569849776741774, 1.346226832264839, 1.3355118846972136, 1.3268873166112356, 1.3159801649743703, 1.3049519508963248, 1.2935198764241174, 1.276862271694068, 1.2698204308885597, 1.2573940041136646, 1.244665937333801, 1.231493032376885, 1.2178832839156972, 1.2038013336809295, 1.1892071150027208], "opt_settings": [[[[[]], [[]], [[]], [[]]], [[[-1.9557705712485691], [-0.43712574935687976]], [[-1.1749552054523171, 1.1133731881643907], [0.34754683191888613, 0.04094346079928822]], [[-2.0282194655679255, 1.8923169492273126], [0.04129649877476768, -0.7861723528494078]], [[1.8923169492173495, 0.16036789235126878], [2.355687109493914, -1.3506879183876999]], [[0.946295774558447], [-0.5723490595748237]]]], [[[[]], [[]], [[]], [[]]], [[[-3.7465400191984677], [-2.188272155672086]], [[3.311445323404052, 0.6586207410200343], [-1.3922717836441953, -1.289626422337034]], [[-2.482971912569759, -0.8450548385809541], [1.8519662312366976, -2.809776695803222]], [[-0.8450548385809541, -2.8737296614969883], [0.33181595779470247, -1.3023913128322262]], [[1.04726112210983], [-0.5110067414165518]]]], [[[[]], [[]], [[]], [[]]], [[[0.9686178888869315], [-0.5777971110612291]], [[-2.956147211980779, 1.7387986959377923], [1.7761722678848684, -0.09563932406883655]], [[-1.402793957652001, -2.4508579797459897], [-0.09563932406883995, -2.243993397977125]], [[-2.4508579797459897, 0.8476710605426521], [-2.2439933979771536, 2.4184355909311517]], [[0.07444843670421673], [1.6208634366523769]]]], [[[[]], [[]], [[]], [[]]], [[[0.12381394653242042], [-1.4367332210947434]], [[2.5242883615589395, -2.0231384190109813], [-2.2664029320096915, 0.754658390002616]], [[1.1184542345788135, -0.08714400615625675], [0.754658390002616, 2.8419670143779]], [[3.054448647433517, -3.4926115619913567], [-0.2996256392118931, 1.2196826351230112]], [[0.4292082538836953], [-1.1313389137434684]]]], [[[[]], [[]], [[]], [[]]], [[[-1.248155422214866], [3.4248753088407313]], [[-2.0983404118069107, -3.3638521084029067], [2.70359767581869, -2.730886910419586]], [[2.919331437956107, 0.421255674676972], [0.41070574317020847, -0.630504053151992]], [[3.5628465641239537, 4.294253506653957], [2.511088600437801, -0.40972036603135403]], [[0.3521280818978582], [1.962282658021848]]]], [[[[]], [[]], [[]], [[]]], [[[3.3697742742060175], [1.8375333698260075]], [[-3.615375597705168, 2.062876590018211], [0.9681089846749399, -0.35127144627545204]], [[-1.0787160635715822, -1.5570427406636982], [-0.3512717189154053, -2.348236219070984]], [[1.5845499129260951, 4.358553917268618], [-2.3482364932216773, -0.34954922365860025]], [[-2.688775852808873], [-1.1565349484289136]]]], [[[[]], [[]], [[]], [[]]], [[[-2.7525285103165884], [-1.1146506761963713]], [[-1.9922041504343022, 0.011334203019669096], [-0.3042376117492366, -1.9119070296703693]], [[-3.130258450228136, 1.9322478514335966], [1.229685623919424, -0.9955242928385674]], [[1.932247851074413, -1.7372905582223344], [2.146068360751226, -0.1667882383588538]], [[-0.9185181944753404], [3.726789278584003]]]], [[[[]], [[]], [[]], [[]]], [[[2.6850714002278075], [1.023492662682258]], [[-1.2306359147923835, -0.684689510033462], [0.2268294176273358, 1.7644556284576873]], [[2.456903143556414, -3.297729746180142], [-1.377137025132106, 0.6230595303481371]], [[2.98545556099932, -2.969734085693409], [-2.518533123241656, 1.7424813761083906]], [[-3.800625696695082], [-2.139046959149549]]]], [[[[]], [[]], [[]], [[]]], [[[-0.47842671371482587], [-2.1613636695174763]], [[-1.2601592854068409, 0.1921944749407877], [3.332823565795812, -0.035992420681260726]], [[-2.9493981796539375, -1.2066084332616784], [-0.035992420681260726, -1.5803437962601277]], [[-1.2066084300417785, -1.1971693331716762], [-1.5803437962601279, 0.37387360001344816]], [[-2.038487556777758], [-0.3555506009750511]]]], [[[[]], [[]], [[]], [[]]], [[[0.07113876062381819], [-1.4743882775450974]], [[-0.556626356346305, 0.9431919443751403], [0.7240160980396181, -2.1748222045056838]], [[-2.198400709214623, 0.9937957688756254], [0.9667704490888817, 2.8847813149614767]], [[0.9937957688756035, -3.275150701111331], [2.8847813149636905, 10.862126369877208]], [[-2.5023349042179115], [-4.0478619423873194]]]], [[[[]], [[]], [[]], [[]]], [[[-1.8261382005444617], [-0.1808890408187894]], [[2.2909409936023004, -2.112736747680121], [-2.726577701283396, -2.0295881913901495]], [[1.0288559032715237, 0.9498646719868952], [1.1120044621996439, -2.5769005435523566]], [[-2.1917279842455724, 0.3448843237052756], [-2.5769005435523566, 1.9160431873288717]], [[-1.9738757170970511], [-3.6191248768211333]]]], [[[[]], [[]], [[]], [[]]], [[[-1.7204730964855866], [-0.0992996023862085]], [[-0.7218077113958518, -1.9002434001146091], [0.4735437091050737, 1.9031486996669795]], [[1.2413492536179545, -2.406731229304869], [1.9031486996669795, 0.037812521512163084]], [[0.7348614240809129, -0.6466804362361167], [-3.10378013207763, 0.9242853948967293]], [[1.6844187610186556], [-2.9775930520617138]]]], [[[[]], [[]], [[]], [[]]], [[[-1.2033854876164256], [0.235215511195946]], [[-0.30716693415656876, -0.160587335252893], [-2.233352419022827, -2.7379293852280764]], [[-0.160587335252893, -3.4379640694794276], [0.40366321197413557, -3.336478116269032]], [[-0.29637141588963434, 1.8919005802241897], [-0.19488553513761267, 0.32215129326305386]], [[-0.5300020485744984], [-1.9686030473891134]]]], [[[[]], [[]], [[]], [[]]], [[[-2.444741251486188], [2.527467038325762]], [[-3.1191392437556753, 0.9367942872445509], [1.631113683924589, -0.35683237851857963]], [[0.9367942872445509, -2.330835962372254], [-0.35684792715225827, 2.072582086531459]], [[0.8107566912175393, 2.0666565473728524], [-1.0690256761219228, 0.4922888886279838]], [[-1.7313895756589652], [-0.42041255828654506]]]], [[[[]], [[]], [[]], [[]]], [[[-1.9014318686393294], [-0.1794316219023502]], [[-0.7982093773067347, -0.3444878572633055], [3.4338851193967344, 1.5512511466970405]], [[-0.3444881696822958, 2.4193494826350426], [1.5512511466970407, 3.050924739928659]], [[-0.7222428443798313, -1.8990466295052055], [-0.09066791366113428, 2.811833025844885]], [[0.3805720736750873], [2.1025723204206277]]]], [[[[]], [[]], [[]], [[]]], [[[-0.7379218236258303], [0.5000421419416149]], [[-0.05260241482301861, -2.3162426936170473], [-1.75644587098928, -0.7922936625258903]], [[-2.3162426936170473, 3.252877872006267], [2.3492001792451163, -1.2943129432889677]], [[0.11128521841647353, -2.60458956201516], [-1.2942822462632397, 2.0993733269032964]], [[-1.9874894295579537], [-3.225453395144578]]]], [[[[]], [[]], [[]], [[]]], [[[1.7652078880615831], [0.07200656571732147]], [[0.5569279127006505, 3.279610976544293], [2.83240128618923, 0.7549528076958922]], [[0.13808960963488254, 0.09986257574654991], [0.7549528076958922, 1.6464400478920518]], [[0.09977947247644793, -1.8476568294782851], [1.6464400478920518, -0.2908699332900492]], [[2.1318276572259562], [0.4386263346424212]]]], [[[[]], [[]], [[]], [[]]], [[[-1.556006188847122], [-3.1366826754956056]], [[0.37860677093624784, 0.1471061787045237], [-3.501794985950651, 1.6946482673843501]], [[-2.994486474882305, -0.3479463672486928], [-1.4469443861945064, -0.8952036132106452]], [[2.793646286328508, 0.9815559236862268], [-0.8952036132192073, -0.5894668893099756]], [[-2.950490519620414], [-1.3698140330148505]]]], [[[[]], [[]], [[]], [[]]], [[[-2.2461666994907588], [2.909758083265556]], [[3.2314154405839046, 2.0029905700081985], [2.1563459141056036, 1.3644127869004457]], [[-1.1386020835816235, -1.4045598326034374], [1.363657291737275, 0.5094333531166416]], [[1.7370328209863848, -3.200653742950355], [-2.632606148620624, -1.6525960553145804]], [[3.642359496166098], 