{"noise_params": [0.0, 0.05, 0.1, 0.15000000000000002, 0.2, 0.25, 0.30000000000000004, 0.35000000000000003, 0.4, 0.45, 0.5, 0.55, 0.6000000000000001, 0.65, 0.7000000000000001, 0.75, 0.8, 0.8500000000000001, 0.9, 0.9500000000000001, 1.0], "max_scores": [1.4142135623730951, 1.4051792571310853, 1.3961008730877713, 1.3866377700775214, 1.377157909987397, 1.3664143391790389, 1.3578605536162531, 1.3477929971986193, 1.3369798225484306, 1.326690362715924, 1.3160343805481691, 1.3049445242906557, 1.2935666167279363, 1.2818592160495987, 1.2525153362668497, 1.2573540349867889, 1.2446657457932737, 1.2314930274637992, 1.2178832840001914, 1.2019142390703101, 1.0000000954827115], "opt_settings": [[[[[1.5706960972810642, -9.413796111867976e-05]], [[-2.22760988650548, -1.1831935174162398]], [[-1.8525540105338187, 1.2460364791587026]], [[1.5696867234088026, -3.134496266332832]]], [[[-2.099640901023003], [-0.5347810992446166]], [[1.823614214974488, 3.139856583714506], [-2.8872199178804037, 3.1351281417601458]], [[0.0017327477648011508, -3.142070571372748], [0.00604276542478586, -3.1233672895934474]], [[-3.141104984412279, 3.5272430696093418], [-0.018546337962947232, -1.1801939985622603]], [[1.9710675847186863], [3.535927386494011]]]], [[[[1.4897018728901597, -0.03459365247091825]], [[-1.5707963625555343, 2.3257161327617166e-09]], [[-2.1589230190482196, 0.11167509910181873]], [[1.7454154275743778, -2.9547312396278285]]], [[[0.9076992834257268], [-0.4716249107473297]], [[-2.9379728337306834, 1.6137049124925211], [-1.327689485862764, -1.0467842292958025]], [[1.5278877410972445, -0.011402011441236284], [1.0466831284127693, 0.45081442368531865]], [[0.011402011441236284, 3.3645861601501004], [-0.4609569060597664, -1.1962002585582627]], [[3.551262364362983], [2.171938170194518]]]], [[[[-1.5727989002980685, -0.0018525773960506766]], [[-1.5707732534952334, 1.1544099904331401e-05]], [[1.4433210173404767, 2.5593200755001413]], [[-1.57161131004197, -0.0034846983593492154]]], [[[0.33695990292856526], [1.9245090215186103]], [[-1.1096843376139423, 2.5507692227119736], [-2.7225818361781458, 1.1766663435123905]], [[-2.550769223012795, -3.1921419731838325], [-1.1766663435123905, 3.0250944481138813]], [[-3.0910432695265007, 4.113325579957967], [0.11649820547510148, -3.7372755948651353]], [[-3.321297990323443], [1.3743381982651608]]]], [[[[-1.565310149801161, -0.003640889257247717]], [[1.5707981884845899, 3.1415901180692436]], [[1.5795807937430233, 3.1376373307857452]], [[-1.5691774991064966, -0.0021660807185634725]]], [[[0.39445229044941776], [-1.1435664423483682]], [[0.345488250859341, -1.376170306146155], [-1.16698386393709, 0.22342664184544903]], [[1.376170306146155, -0.5402990959456261], [-0.22342662716294182, 0.6161283788699159]], [[-2.601293557644167, 0.03718089047858884], [-0.6161283636214778, -1.5321519919695725]], [[2.3347189537163153], [-2.4104476206646255]]]], [[[[-1.570455178786697, 0.00019515392555998756]], [[-0.7890058547019594, -2.3876872128653868]], [[-4.686107020805754, -0.006094647604059401]], [[-1.57011245982127, -3.142726712282448]]], [[[1.9022654812425333], [0.30030826501088237]], [[-1.0564864795982807, 0.0005094295237170294], [-2.7170417749313565, -3.116390895348119]], [[0.0005095264284770693, -0.3111947522667912], [0.02520260200778282, 2.4249953995933105]], [[-0.3111947522679417, 2.7768570578525384], [-0.7165972539980483, 1.2048891649835918]], [[1.9752564527037175], [-2.705971638243812]]]], [[[[1.5724509610819606, 0.0013938301365362758]], [[2.9903653399606687, 1.5058807672803227]], [[-0.6765421936301004, 2.536869525101693]], [[-1.5711270498036383, -0.0012779441275089427]]], [[[2.5802753543588377], [-2.200867831291442]], [[0.1630483619884112, 3.215752774397222e-05], [-1.3543282390789064, 3.1398192819475663]], [[-3.1415575551547614, 3.134864412454371], [3.140798726730894, 3.11177644235349]], [[-0.006728239386363728, -0.27791666452975294], [-0.02980358311041948, -1.8497717592215297]], [[2.6689454563991486], [-2.1121977292522613]]]], [[[[4.51794454722081, 2.9697673338160913]], [[-3.0569748365148843, 1.1114512341604657]], [[1.5707963041012996, -2.530241945964122e-08]], [[1.5715073744269288, -0.00022699156280928272]]], [[[-1.4430009280291096], [3.2221923833774335]], [[-2.430708888621299, -3.138886659942915], [-0.5118418461006915, -3.1414904719927366]], [[0.005677580759011899, -2.0245529231188493], [-9.551933407888828e-05, 1.4456932698283966]], [[-2.0245532754810593, -3.5404831515683206], [1.4456932698283966, 1.1668228605954865]], [[-1.2106796324695288], [0.40731236332240994]]]], [[[[4.6034598117316285, -3.047894556872154]], [[2.321549434510717, -2.4143763859447653]], [[1.5707982625321826, -1.6724898488316857e-06]], [[1.5757299649197405, -3.140321379874793]]], [[[1.4941156231868031], [-3.1898900672637667]], [[-3.8396788426106143, -0.0299806179075896], [0.5779584504186693, -3.128233697591146]], [[3.1714570942358877, 1.9638037833269992], [3.128233697859568, -0.9444159547276366]], [[-1.1777877934062042, -1.1021844976030057], [-0.9444159547276366, -2.678220564917165]], [[-1.2370419236982666], [3.446963766734172]]]], [[[[1.3886212636886588, 0.40206826691306086]], [[-1.5707817194364613, 3.141589470567716]], [[-1.024898426273461, -0.2867856505052182]], [[-1.2512216584064988, -2.982553117205021]]], [[[1.0298492167386433], [-0.1815496274920355]], [[3.388316449930404, -1.192595825357217], [-0.829298732603879, -0.6335282648684781]], [[1.9489968282325063, 3.0659873229643066], [-0.6194275735018723, 2.931844089054959]], [[0.0756053306254867, -3.4413757670369387], [3.320758020107255, 0.9593598645289888]], [[2.149519736047889], [-2.9222667255518218]]]], [[[[-1.5412197372307515, 3.130556116784453]], [[0.3238000822566117, -1.1583164733313334]], [[-0.5981892579929708, -2.783483648363221]], [[-1.557030769108309, -0.01097369988712264]]], [[[0.21075373818453835], [-1.2630293405348831]], [[-0.3964218548075149, -3.1416264469889277], [-2.2332349333668327, -0.03324504328194429]], [[3.1415496355588886, 3.1344500875811327], [3.1084923528235593, -0.06695427372689926]], [[3.1344500877648653, 3.49880921073152], [-0.06804066349541663, 1.936493774968249]], [[2.0440469575366507], [3.5178300362053507]]]], [[[[1.5798857289415327, -0.4085023067525104]], [[-1.5000659721590774, -3.106315331468186]], [[1.5809744839088176, -3.1384783951194284]], [[1.6433153551581536, -3.0707592155692303]]], [[[0.06935781663721892], [1.8322286628831657]], [[3.7517102435552534, -1.8731088617467941], [2.77716048522398, 0.15276504572888824]], [[-1.8735402615258563, 2.326873558218831], [0.15276504572888827, 2.601188328682514]], [[0.809939027429841, 1.4687047214210773], [0.5404043249072791, -0.09332130953960519]], [[-3.734541178592796], [0.7857732824467876]]]], [[[[1.5632073724007514, 0.03403196255665106]], [[1.5760132425784907, -0.003770623420344974]], [[-1.4212783345492261, -0.16422914383659146]], [[1.5708999587607952, 2.337780132640583e-05]]], [[[-1.3895846054500967], [-3.022059054578315]], [[-2.394279705528585, -2.700382817004444], [2.6937930260424583, 2.5031556999486857]], [[0.4412098165499155, 0.2739687504990939], [2.5031556999486857, -2.8197427260892924]], [[-0.27396884417665396, 2.7237592982877095], [-0.3218499275005025, -1.9881666211929623]], [[-2.742928681847702], [1.9077821761679845]]]], [[[[-1.7075793770925443, -0.14888242818922992]], [[-1.5585598840624195, -0.003960653461718585]], [[1.4680485410422746, 0.7475269991577812]], [[-1.571134010595606, -1.4312589125971542e-05]]], [[[-1.6651681541273242], [-0.05274608413753508]], [[-2.5387718987353645, 0.2842230556272654], [-3.600805200801648, 0.6520338816642509]], [[2.8573695662774132, -3.1307903973698323], [2.4895587719255725, 3.071387254758442]], [[0.010798661673088124, 2.7394560753083788], [-0.07020539814639096, -1.973576331258396]], [[-1.932895906154012], [-3.5453179758237217]]]], [[[[-1.3545742722373773, 3.0641472507146172]], [[-2.8794381348214295, 1.6281722327804695]], [[-1.1108978794855775, -2.6959740188934633]], [[1.5706155699812185, 0.000145815967641511]]], 