{"noise_params": [0.0, 0.05, 0.1, 0.15000000000000002, 0.2, 0.25, 0.30000000000000004, 0.35000000000000003, 0.4, 0.45, 0.5, 0.55, 0.6000000000000001, 0.65, 0.7000000000000001, 0.75, 0.8, 0.8500000000000001, 0.9, 0.9500000000000001, 1.0], "max_scores": [1.4142135623730954, 1.405290632050526, 1.3961944237654142, 1.1892416692302148, 1.377436476989864, 1.3677763872417046, 1.3553406843945326, 1.3477259841496145, 1.337475686480602, 1.3218839804119313, 1.3099796609956105, 1.3049666288288986, 1.2935094331266237, 1.2774185368852025, 1.269823242760441, 1.257402050402614, 1.2446650904527097, 1.2314930310039731, 1.1920322154911205, 1.203799178574921, 1.1892071150027204], "opt_settings": [[[[[2.6562982616548525, -2.106318785492016]], [[-2.342133758778892, 1.4811527287030986]], [[1.6524138677055915, 1.615968026393555]], [[1.8827515555213536, 2.7219833267689464]]], [[[0.8033240815457483], [-3.1963435902887745]], [[-2.5721157336082805, -0.0297809430703037], [-3.1958160608274446, -6.708649580257117e-05]], [[-2.847678084811762, 2.957184530705353], [-2.286709263049796e-06, 3.1417725142235904]], [[2.8456344699061895, -1.4582379074326919], [3.1413927461150024, 3.1734095396852866]], [[0.3861267399320211], [2.6696712824262416]]]], [[[[-1.571404577309831, -3.1408585250323093]], [[1.6538622931671065, -0.923440242298323]], [[0.289159396826183, 0.8440019801617383]], [[1.549723593222574, -3.123976658633739]]], [[[-1.563452658967386], [3.1284580219149443]], [[0.7681102266382209, 3.0344396642973916], [-0.7745381617323098, 0.000944462013325073]], [[-0.10708600272052565, -0.01721488737504153], [0.0009444616189031407, 3.1415252306802377]], [[3.1269374159570473, 2.114263225595088], [-6.78150707646677e-05, 0.5192860445823839]], [[1.835557656659147], [0.2442830303612957]]]], [[[[3.051081053849547, 1.3126336600365616]], [[2.8904063484340927, 0.8732595516929859]], [[-0.8096136905518124, 1.078006502694888]], [[-1.5701181583566177, 0.00035718144129166373]]], [[[0.0004349091042479933], [-1.8298151835388108]], [[-3.1382503479574577, 0.0805081913013059], [-3.1258242761020316, 3.380022396851037e-06]], [[-3.0581746094847695, -0.1486955656784437], [6.777603718387528e-06, -3.1416074305897137]], [[-2.9905324525351746, 3.6357947791616825], [1.4948943887876538e-05, 2.110041375699022]], [[-2.7536286398836998], [1.699306543296914]]]], [[[[3.1470150055682793, 1.4525557629661985]], [[-2.6507432535152953, 1.5122211116540982]], [[-3.4529756405699064, -2.5913700550287944]], [[1.570823004627308, 3.1415525327147247]]], [[[2.257485765300002], [-3.141698529189356]], [[3.141182037527376, -3.141592270704024], [-0.21163764217489434, 0.26438871721218915]], [[3.141591803632008, 3.1413793266327357], [2.746859930846061, -0.14191874004674912]], [[-3.141379326644946, 1.999886708688984], [-0.2628792864737594, 3.3930619071304906]], [[1.5997264221801841], [0.7157253992095522]]]], [[[[1.5695420452919056, -3.141124759676124]], [[1.5996441037391265, -2.9809379173767736]], [[3.1542693042687073, -0.18499078024406135]], [[-1.5710945824107183, -3.1412327438875565]]], [[[-3.2016484237565606], [-1.6413718567024143]], [[2.4765443636901514, -0.10594083567182047], [0.7953179402488854, 2.650807041561462]], [[0.10594083567178822, 4.684577379752791e-05], [0.49078561163587375, 1.5065769449472415e-07]], [[3.141466930544956, 2.025588151114167], [-3.1412544624215366, 0.45378473523403257]], [[1.244957075556426], [-3.4779516645674167]]]], [[[[2.815540578494717, -0.2040642690909896]], [[1.5707964114942081, 3.1415926160626655]], [[1.2877535966823772, 2.9188392237757594]], [[1.6099143505241116, -3.0967117334849545]]], [[[1.413539924703812], [-3.1466182685117]], [[-0.17737509087768025, 2.068733030264514], [3.2725968290141743, 1.6197317925406214]], [[1.0727937332225432, 0.4672834848152208], [-1.6197317925406214, 3.038148520520632]], [[2.674198099170919, -2.194141632798787], [0.10344413306917227, -0.5650803902438]], [[1.2952853142932168], [-3.2648728778258107]]]], [[[[1.7017383268367703, -2.880385996865628]], [[-1.623314085635716, -0.6532271214327905]], [[-0.8284579161711265, 0.6179702151548907]], [[-0.9458284316917367, -2.9463593510756176]]], [[[3.4939856401464313], [2.740948442037243]], [[0.051778865860807766, -0.00021392408236186363], [1.2613654423976637, 1.4745501456180719]], [[0.00021392408236184276, 0.0006404692300733877], [1.562947683917969, -2.179577754191423]], [[-0.0006404692300733042, -3.1835113099168852], [2.4318249815601294, 1.1543146934053072]], [[0.2934626596354919], [-0.4595745392685635]]]], [[[[-1.40853973272305, -0.2808461604240442]], [[1.552532164898865, 0.07192406745072341]], [[1.0145140945725353, -2.5505196188547985]], [[-1.5773990460039422, -3.1270785738243276]]], [[[1.7588654869664797], [0.09841162916264659]], [[2.4348556720065204, 2.242626649068634], [-2.6978960892571835, -0.11120322701245873]], [[2.242628867098675, 0.14651549651488682], [-0.11120322701245873, 3.135212598989883]], [[-0.14670428666922475, -1.4733852129044274], [0.006380054606647284, -3.04636854842314]], [[-0.6444481120244696], [-2.3049019682128864]]]], [[[[-0.4712971057495092, -0.9151548427520597]], [[-1.5993296806995005, -3.110991327776035]], [[0.7965377664113158, -2.8013102744673497]], [[-1.5401964342640024, -0.01600537053737201]]], [[[0.006625254385773781], [-1.3643541342690766]], [[0.1252964004660692, 0.04961008433383104], [-3.3326591089133673, -1.5494600659775297]], [[3.191202737923624, 0.0022568430650124175], [-1.549837525942948, -2.9102853087203533]], [[-0.002256842856922692, 0.6242946628148929], [-0.2305460168325591, -0.8926190915943351]], [[-1.3267650246975033], [0.044214354741229825]]]], [[[[-1.3894020851040274, -3.0664255972495655]], [[-0.6870917011170482, -0.8444975041154684]], [[-0.6246423058399304, -2.2623528202869925]], [[-0.8747334984214475, 0.7006854376366853]]], [[[0.40896053673816335], [-0.6032934415059288]], [[-3.207005478336669, 3.1418016293394135], [-1.7616644082695803, -2.803078900409796]], [[3.1413836662677994, 0.0003695715048722019], [2.785708912957428, -0.1273382797261306]], [[0.00036957454847637034, -2.9690557206150907], [-0.21663913385247285, 2.5017256903493172]], [[-3.038000465112744], [2.2329306085897893]]]], [[[[-0.7552122441954688, 2.3787841391500373]], [[-0.569182429178617, -0.328374770436957]], [[-0.030905115828103086, -1.2109316307347835]], [[-0.442336965609305, 0.9270420702589417]]], [[[0.1816528838061999], [-0.12066578578551074]], [[-3.131453150577484, -0.00010407781180859825], [-1.181149947515955, 1.0735774231887456]], [[3.1416967314016, 3.1415925738893913], [1.930942983263924, -2.408690559602661]], [[2.420581464722328e-07, -3.164773663942133], [0.0016134352074030393, 0.5138199509841276]], [[-2.8883575847222485], [-3.1906752677045227]]]], [[[[1.8080515717160481, -0.158183193693694]], [[0.7979989701723098, -0.7361291359550093]], [[0.06848680768246665, -3.026208995771724]], [[-1.5700067937124944, 3.1415906994272498]]], [[[3.1280929407172318], [1.5481554260789843]], [[-0.5425728874495038, -3.14095308004646], [3.648465222210805, 0.02054910786900551]], [[0.0006372249834177455, 0.00031484171481902575], [0.02055179984226205, -0.0009768692003842448]], [[0.00017955897758434718, -1.8075146695942401], [0.0008208599496091457, -3.377761363116394]], [[0.5443891420795882], [2.124326656846511]]]], [[[[1.5635346395411869, 0.009638500897635457]], [[-1.5707922164577606, -7.0135482210326465e-06]], [[-1.0454439956164483, -1.2757035556888643]], [[1.5695253901819588, -3.1412061090989094]]], [[[3.395061765373511], [-1.1763025886098333]], [[-2.204929853816541, 1.118536323072827], [-0.29035360615519584, -2.397468814230152]], [[-1.1185364185160243, 3.142712651591608], [2.397468814230152, -3.1412961029251028]], [[3.140162331790104, -0.8856023936194078], [-0.0002961976381198253, 3.8249843668605834]], [[1.7426586059893445], [0.030837652798357693]]]], [[[[-1.571416849319519, 3.1412749178686927]], [[1.5508545328817391, 3.13808826443554]], [[1.3744299205162056, 1.3721289125665865]], [[-1.5701215989767376, -3.140846249888758]]], [[[2.4411827563279456], 