{"noise_params": [0.0, 0.05, 0.1, 0.15000000000000002, 0.2, 0.25, 0.30000000000000004, 0.35000000000000003, 0.4, 0.45, 0.5, 0.55, 0.6000000000000001, 0.65, 0.7000000000000001, 0.75, 0.8, 0.8500000000000001, 0.9, 0.9500000000000001, 1.0], "max_scores": [1.1890885668348015, 1.171440299650388, 1.1534525046347683, 1.1389904458084594, 1.0959301615613848, 1.0726558483396043, 1.0448088118175436, 1.0176634284068249, 1.0436495791035811, 1.0184637220203832, 0.9786836575235953, 0.9044170888325959, 0.9239161224889827, 0.9068504939206714, 0.876256193651652, 0.7604590453079174, 0.7934343972435118, 0.7353647601049197, 0.6686160874817454, 0.558087766732491, 2.678687423681979e-09], "opt_settings": [[[[[-1.6306914173674418, 2.663481308189459, 0.19812744573578767]], [[2.912545611011455, -2.747180520459178, -1.3522440787323424]]], [[[-0.035129770713137574, 0.8148873354115801, 2.7810931795033094], [-0.545428670897778, -1.2827391957428744, -1.9195624893632783]], [[-2.5142591063732973, 1.687408347979585, -2.5722132771056243], [-0.8587216993817841, -2.242925461332523, -0.4884900581061054]], [[0.3742045959583797, 5.1491163699721176e-05, 2.62160702009703], [0.46483579084647975, -1.9991747657265753, -0.4099855048261385]]]], [[[[1.4246395865193746, 1.9415536470662473, 0.23458724336448564]], [[-3.479798760548799, 0.26353617341245084, 0.9724989390701148]]], [[[-1.9930007728340855, -2.242363643284233, 2.081267386203126], [2.625485138774815, -1.7873960164358356, -1.2291530637562444]], [[-2.632576346570491, -1.304554395887651, -0.7287777884106605], [-2.069830146640721, -2.3357630513530205, 2.4722757043717545]], [[1.3319724387185363, -3.2488444947987607, 0.13574938327247832], [-2.190303825801294, 1.8162466832284898, -2.647095450565963]]]], [[[[-2.4760580435139317, -2.7242917473546897, 2.8589558346865322]], [[0.0031878430510388772, -0.3339240368655248, 1.3974309238844946]]], [[[-1.475607245998636, 0.8378613395534902, -2.846473605813769], [-2.540759771823326, 1.555588650386108, -1.6796893049518793]], [[3.0576238942984175, -2.195284459054928, 1.5228796524053436], [-1.542631327673044, 2.406603642419174, -2.0804595166504605]], [[0.12762244816974352, -1.922560077047574, -0.9556575851453615], [1.9847473906877282, 2.1953098285022214, -2.4307299883592757]]]], [[[[-0.8339218239652997, -0.9943709746346064, 1.1873893839260987]], [[1.4171737694062072, 2.33146269542569, -1.9708538412103147]]], [[[1.7284634332405546, -1.6944910045452821, 0.5824192950701854], [3.107317802513201, 2.057567409930498, 1.3020748471038548]], [[-2.818884757311413, 1.4034287006405486, -0.1296901473135481], [1.0806402158003736, -1.5752152124420746, -1.847017444094678]], [[-0.7416467883496161, 1.921652881530667, -1.6833581793102947], [-1.916805828967237, 0.8526270504699286, -0.32545119054144006]]]], [[[[-0.9780674847037832, -1.1804017907926991, -1.8893079933674997]], [[-1.622810793189238, 1.4969768451148433, -3.5141134846833784]]], [[[0.5096549200630586, -0.9595111462731543, 2.1949609299169746], [0.8392555732454251, 3.4175973469735634, -0.36131751874639884]], [[0.20956749148312576, 1.3432420726721983, -1.1785298777758493], [0.9658588468971142, -2.782658292436524, 1.1199791235333367]], [[1.4114473457886827, 1.5329683865302073, -1.8250751262631253], [-3.054185568464077, 1.1996517762074703, 1.5639299407041793]]]], [[[[-0.9929202214814772, -2.2100982169132757, 0.8403980135709148]], [[-0.9253324454927339, -1.0838059359370222, 1.9955776507565948]]], [[[0.10689703736800824, 1.891614217028389, 1.0211088044571222], [2.6614550429203994, -2.7242947636829555, -2.036573137356241]], [[1.7577187367242892, 1.0693063777352898, -0.1389717796967774], [-1.4748313120064303, -0.17802398874753397, 1.012743622009411]], [[2.614961646643623, 1.596328713639992, -2.258185647319726], [0.05494076680524716, -2.5006540003553877, 2.8949589271992133]]]], [[[[-0.5799904222829357, 3.246941747854261, -2.7753809621286316]], [[1.5751222743463869, 1.5540972501961066, 2.0411664134858007]]], [[[-1.7680611639780965, 0.04261437079548286, 1.035870447356885], [3.155029764133179, 1.8223223267194417, 1.0920719118460367]], [[-0.9175877681485919, -0.8167913612838716, 1.3777088222554879], [1.6093258853610548, 2.0071048554716624, -1.0410806771409649]], [[0.21919951894539258, 3.532042495158563, 2.7468469227832113], [-0.17234910924235972, -4.141472355838023, 3.034848628799569]]]], [[[[-0.885921562245524, 0.42023810711801285, 2.018191619856259]], [[-1.1346859230587303, -2.209180440319412, 1.2680032936414738]]], [[[2.5851031762349685, -1.646418030543065, -1.0920745767347624], [-0.8755566772005426, -3.198625048102755, -0.3362002542618545]], [[2.3882977585436205, -2.193613040920821, -1.1401228318222676], [-0.9152842857248233, 0.8651907462194137, -0.6282135327261015]], [[-2.416480851807997, 2.354546857639974, 0.9239553777637921], [0.6568494448313935, 2.4469252235484293, 3.1109270924970724]]]], [[[[-2.292721737031422, -1.433242800432158, -2.086253943073341]], [[1.9810049660006934, -2.172858883479293, -2.839004061992836]]], [[[0.7652345271023168, 0.9577587769489903, 3.0143826512839906], [-0.9450796195310196, 1.3095129449124778, 2.5220352670897057]], [[0.4331484032572892, 1.2448269227641822, -0.028431341365898918], [-2.1114009912103975, -1.29133766866434, 0.1233341511418121]], [[1.0218231996867886, 2.175380519682519, -1.160933451420975], [2.9365957501720583, -1.3359079175243274, -1.654145070748426]]]], [[[[3.118547646042916, -2.1052932171601477, 0.5127409505279398]], [[-2.2176818540139354, -0.11394178185924697, 2.6170552786709207]]], [[[0.6654243217370757, 1.2217345565416797, 1.1595003179290586], [-0.6511891235304351, 2.286550596572507, 1.3569995869318827]], [[2.3735057042973433, -2.0612401193511576, 0.03667077341275082], [-2.686270259078952, 1.089891641801284, -2.850313244109826]], [[-1.9689956713346493, -1.5668862163322728, -0.7966747795056062], [2.264118388006643, 2.9221577670094048, 0.995339143776862]]]], [[[[1.2797062093898857, 2.156651973966699, -1.5075578869702333]], [[1.5269355056183487, 0.11539124946940346, 1.2780642225331393]]], [[[-2.3739618944069605, 0.6167725870530085, -2.528649026092709], [-1.0270785444019748, -0.31740101527958486, 0.25147140075121227]], [[1.9190138889874688, 2.6242901306327067, 2.036216164403333], [2.0092130471774894, -1.4273040705508597, -2.354163403184461]], [[-1.1921583338469361, -2.4496632195912387, 2.3915011532654846], [1.911702611491173, 1.5106467278199767, 2.3719220162532215]]]], [[[[3.1375321240961758, 0.5651698063537933, -1.6384163918539243]], [[0.6452423935538592, -2.1190312579103527, 1.5325109121446818]]], [[[1.1819569112168347, 1.9530841007689863, -2.294997329760688], [-1.8174676936124963, 2.8613693811161207, 2.173365441068573]], [[1.1361115117535259, -2.145004247806181, -2.466553245129766], [-2.6092540845144954, -2.573984458031088, -1.3463867404948295]], [[-0.50575634841713, -0.49312420301228543, 0.048949284389928814], [2.1878853173049677, 2.261006493803344, -2.2858821297342855]]]], [[[[-0.7123881678549283, -2.2439523178207565, -1.4819193212619424]], [[1.1924549562085303, 1.4335300354873912, 1.3038443798675525]]], [[[-1.1776154961504655, 2.117145683353628, -1.0696130522997715], [2.4925490757011675, 1.9892916897612942, -2.7764166869607463]], [[-2.6674566359584184, -0.4551629855136133, -1.8959356156758054], [1.3780373598787488, -2.5425832592900495, 1.1933998369730427]], [[-0.8480393213207542, -3.3513718634482763, -0.6243534218876007], [-2.157424945582894, -0.6281377653753519, 1.2522144841556608]]]], [[[[-1.7889886416564529, 0.8954345059329901, -1.3106558554286272]], [[-1.1032089905653775, -1.9902820316329652, -2.9014473991582674]]], [[[-1.5782369980007978, -2.4827103053512167, -0.5884033977276037], [-2.311158338864928, 1.6211082967526773, -1.6655398206879364]], [[1.5344034182555542, 0.10482970807299066, -2.498612533782493], [-1.6545335744951821, 1.9930206697770763, -2.4202626051524083]], [[-0.4168916721834986, -1.2788524330650048, 2.2233500294764914], [0.7961072643783467, 0.6702672810170134, 0.5206335646261295]]]], [[[[2.5982418687661, 