{"noise_params": [0.0, 0.05, 0.1, 0.15000000000000002, 0.2, 0.25, 0.30000000000000004, 0.35000000000000003, 0.4, 0.45, 0.5, 0.55, 0.6000000000000001, 0.65, 0.7000000000000001, 0.75, 0.8, 0.8500000000000001, 0.9, 0.9500000000000001, 1.0], "max_scores": [1.189168356175391, 1.1666954517754227, 1.157853484487666, 1.1200317190036866, 1.0942961979238468, 1.102922148246034, 1.0640252560395644, 1.0378584197617102, 1.023550448449595, 1.0155105834880453, 0.9953485428972019, 0.8960528517553992, 0.932022447908927, 0.8941460487449173, 0.7865876050185849, 0.838262308102069, 0.7811535074659295, 0.6411592509691957, 0.5803723203428237, 0.546842287697946, 4.2359912474469504e-09], "opt_settings": [[[[[2.6377805516629236, 0.7562014105662603, 0.7959559587101324]], [[0.4322302858450843, 2.230301601976249, 0.551724188884114]], [[0.15134520479943503, -3.2973396512761286, -2.257832457129736]]], [[[0.7800647979655678, -1.5613310050665363, -2.689129002296698], [-0.8542763982740049, -2.2085220587249674, -0.5681126108239618]], [[2.313106525989186, -0.11828113083645793, -3.4817892834518935], [0.795699331864875, 3.1102745354103183, -2.242281729735547]], [[0.4258617441490295, -0.7017902695414857, -0.30633054680316263], [1.6555438783104472, -2.578396158067828, 1.823834758618389]], [[-0.8532355977262223, 1.3623070343964259, -2.6026722134122346], [-1.4163463251022856, 0.11797366231934785, -0.33978610432693923]]]], [[[[1.1703405945835283, 0.6895893108939909, -3.3406445596293737]], [[3.0853809683438636, -0.08549516744564623, -2.116614235106894]], [[0.11872323746721826, 0.7360517302348266, -0.7694003021179062]]], [[[0.406566715399059, 1.3234376348409616, 2.1216663743164705], [-1.3289333904412044, -0.7896447976599656, 0.24550568458398692]], [[-1.0868109143521152, 1.9431438273654353, -2.6564676942980108], [-1.097263137705958, -2.9919652258667937, -1.9621890247659795]], [[0.46341656369748435, -0.3248267551000379, 0.4726559552123958], [-2.5138399593252196, -0.09236434529622854, -2.6798770216596295]], [[2.0823386691854977, 1.01635126754985, -2.2027050562764208], [-2.473186419261489, -0.009288344329469506, -0.7439841304203791]]]], [[[[-1.4791333885839022, 2.2974405066953953, -2.0648019612854793]], [[2.280854873537874, -1.5909852678236014, 1.0780866236711264]], [[1.1055889121079343, -2.505123706896772, 0.7146019625393429]]], [[[1.9589790341758035, -1.314088558422925, 1.294483626235948], [-2.806756404025584, 1.4635488393554628, 0.07464425674194998]], [[2.4554881256006986, -2.3836193634377634, 0.40831789362378706], [2.6399003964837964, -1.7116519186541779, -0.6207386324432417]], [[1.615937782730794, -1.1056916278806415, -2.7008089145852066], [-1.692127456222546, 1.0347794646753419, 1.0309078302161914]], [[-2.065101455101335, 1.9645871001050448, -0.5933479827604318], [-0.19187417708239538, 2.1638771029654125, -2.30888747292354]]]], [[[[-1.3658782312485784, 1.328515701545537, 0.07768694270455952]], [[0.2768379259461463, -3.1200663201335033, -2.7596679661029]], [[-0.12720846736172012, -2.3819257035071075, -1.025223647368524]]], [[[-1.4627681147597151, -2.0671041144996645, 2.6158885628084674], [-0.38871832433868464, 0.33908789641052184, 0.14144201532639267]], [[0.012683067117401072, 1.9748305911613613, -1.7764593460435645], [0.23107772367919138, 0.48682038421364304, 2.5237267134300865]], [[2.0930674156459084, 3.0941357037456503, -1.2316501429229976], [-0.5235500046371689, 2.8820017403657263, -0.6017472868284998]], [[-0.6655459159295226, 0.264358651567382, -2.66653190407473], [0.8561798160914039, 2.2544833762340195, -0.378477820199711]]]], [[[[-1.6914031928806261, 1.008018533365619, -1.9873605572708122]], [[-0.7800905891705034, -0.016380825271270303, -1.3596384972792668]], [[-2.857255027308702, 1.0744093771239733, 0.9467605234689552]]], [[[-2.7147797354274767, 0.548004482616972, 2.4844244924213035], [-2.4877924739789017, -1.6460267918760132, -0.8610147270353297]], [[-1.6716886818301686, 0.2597382341133171, -2.2556746999346573], [2.09074052798487, 0.4594980640173273, -1.048010619421409]], [[-0.6007830467489841, 1.6480742360213603, 1.132853436951826], [-0.506388512296668, 0.48392470881909083, -1.7024121705584045]], [[0.802156100966842, 0.7519110015368872, -0.0322253950784534], [-1.1084866746479491, 2.311678271846927, -2.795900423967922]]]], [[[[-2.6583952771994492, -0.7385715974064065, 2.8487041716366632]], [[1.1543533191369677, 1.5381054089565231, 1.1841803690718873]], [[-0.5654468997527115, -2.044377732023803, 2.3979661056066934]]], [[[1.487936535517672, -1.0220156319275064, 2.04270714663987], [-0.25922676491998725, -1.8331701227917325, -3.1073878849470327]], [[-2.1652750139869816, 0.8038594536882849, -1.4588528234019904], [-0.08940412596456333, -2.0055825393433784, 1.0200282906001623]], [[-1.125677966120376, 1.514777412074915, 1.9587985912105639], [-1.1773601239392741, -1.554192477581804, -2.028123461080043]], [[3.2159538309521785, 2.681661303249054, -2.5583633445771565], [1.8511396568563026, -0.8350774799182731, 1.1438846360949686]]]], [[[[1.3955399944720062, -2.9057725513187895, 1.7678836520482815]], [[-1.7292237533254253, -0.2788002293645036, -1.0728029290829542]], [[-1.2260954940536561, -0.40755612160523924, -3.5644905508733093]]], [[[-1.134824116580925, -0.4463489427598742, 1.483282538527603], [-2.2558822883608154, 1.3981926271695602, -0.441981416653217]], [[1.8560417689163893, 0.5479556613524029, 1.7529719664934822], [1.9678111024106857, -2.5652505180535283, -1.0006594232661195]], [[3.0680202034966833, -2.084421908114117, 3.293832450100036], [0.5013512949596504, 1.121155912604752, 0.2629205472090615]], [[-1.3249489900662055, -1.7118693458610037, 1.7413936290112568], [-3.00369855954451, -1.409211004266176, 2.278839370048771]]]], [[[[-1.3661439685763603, 1.2373451952269752, -2.0874020647311844]], [[2.6122524315112483, 0.6465257143260996, -3.019417647416503]], [[0.74230016581451, -1.2136224403015279, 1.0790189278520887]]], [[[-0.9410129389947691, -0.671279645146021, 0.7075215635032395], [-1.6241292220181414, 0.9324070917076028, -1.185953646593501]], [[1.6836644352630241, -2.767890999771417, -0.8210506995713104], [-1.0562737400224316, 1.7790795756614806, -0.7609958424961984]], [[-0.09499094398417408, 2.783558784308569, -0.5668476540744876], [2.24376811067001, 2.7051895348757538, 1.8636589933555319]], [[0.8647664536429989, -1.192813178958362, 1.4186006983071087], [0.366964254013715, -2.513648724966788, 1.158840489608676]]]], [[[[-1.77834457596212, 0.4403925614883736, -2.9616877173160128]], [[-0.2557797694888709, -1.4329066787995948, 2.487013304442854]], [[1.708404739404005, -2.1978480516770227, 1.4789724463264817]]], [[[-1.4448838053083906, 3.387451855123074, 3.0256551188424323], [-2.8422720762382423, 1.8339641215620466, -1.1419441788140632]], [[-1.29491246680839, 1.8312980063117568, -2.1608073209672973], [-2.807836936885391, 2.922075556182291, -2.3707545229224674]], [[-2.705911639010362, 2.1355697434097185, 1.9503445744886918], [-0.4767462677216476, -2.416332337049356, -3.496855150054838]], [[-1.5815373586428148, -0.6525427186008655, -2.577288959123833], [-0.8454048469448009, 1.988226036007598, 1.7406550398579617]]]], [[[[0.1278937687645032, -0.6086992336207062, -2.34515323688282]], [[2.8474218983503308, -0.18543233147798166, 1.923127184584263]], [[1.0778299531587503, 2.295674408044435, 0.8934547780671572]]], [[[1.8677718015163014, 2.446271455839963, -0.4066907067898957], [0.07455021373060909, -1.5214340098158534, -2.262390668247989]], [[0.5931363965960625, 0.559054634162919, 1.6241057885281727], [-2.72330041202973, 0.948956334043726, 3.0775713695828943]], [[0.6036999851204, 2.9580789322428633, 2.253570059867057], [-2.871659533726362, -1.262549059715274, 1.5233022199846438]], [[0.09976401020699771, -2.192737718257952, 2.538337488379761], [-2.0121996746976603, -2.248558871299039, 2.2543409979443547]]]], [[[[0.1480539239527903, 0.029384742802612163, 1.8768169753120265]], [[-0.2790326369281121, -0.12942365063967184, -1.9339796743188056]], [[-2.412892459855257, -2.6434908748629242, 