{"noise_params": [0.0, 0.05, 0.1, 0.15000000000000002, 0.2, 0.25, 0.30000000000000004, 0.35000000000000003, 0.4, 0.45, 0.5, 0.55, 0.6000000000000001, 0.65, 0.7000000000000001, 0.75, 0.8, 0.8500000000000001, 0.9, 0.9500000000000001, 1.0], "max_scores": [1.18895233420561, 1.1696285768887025, 1.1437220766588958, 1.11946924462713, 1.1190286055625935, 1.0725506700548664, 1.0553715870099933, 1.0458970220383155, 1.044446503006205, 0.9788984322527747, 0.9935542206115127, 0.8985366821403602, 0.8638359980409145, 0.8341419806389141, 0.7925121298436025, 0.8035756346144196, 0.7724312506415851, 0.7229853227256311, 0.6655071831631718, 0.4998672134878612, 1.862645149230957e-09], "opt_settings": [[[[[-0.18908639130861415, -0.30246350726574556, -0.2914469198741643]], [[-0.7718148878589224, 0.949815604736065, 1.7650423361674055]], [[-3.11921326227177, 2.366278308521473, -3.417898503574414]]], [[[0.47625369965416636, 3.001173358881094, 1.9621640736841526], [2.8745210575722404, -1.7391370626162217, -0.3483015416235222]], [[3.08005300534217, 0.09565547721812041, -1.999930890633356], [-0.515174020328271, -0.8495568752687821, 0.8248867354367928]], [[0.9674080852237359, -2.3272227500584695, 2.090041552130689], [-1.3523731041072893, 1.962356879476499, -0.2913373789418388]], [[0.39031279203274155, -2.5681470046632873, -2.1527091081995295], [-1.8223552233505775, -1.725815283141066, -0.4897157245706732]]]], [[[[-0.32045836718374027, 1.9569933670862714, -1.9454827933817769]], [[-1.982411951800578, -0.5712758965156095, 0.5634289407432755]], [[2.6645055890270815, -0.11020865998437436, 3.275965473206904]]], [[[-1.415767286379097, 1.2194565424725117, -2.182227214008731], [0.7684535828777825, 0.9998123629606004, -1.8526522941333168]], [[0.9137765631238622, 0.23901455597828547, 2.8137761481572228], [-0.8053879455428524, -1.2871126642734663, -3.1018085454589093]], [[3.0552735448988133, -1.790782203635359, 1.819191496841223], [-1.8045889956343812, 2.6835486848136108, -0.2992969572120354]], [[-2.464701168697426, -0.053571653486513465, -1.6527556856686791], [-1.2227369171922866, -1.7161030851094936, 0.963514444523172]]]], [[[[0.6467677209989393, 1.8268652765529576, 2.8884012194725175]], [[-2.310978265055232, -2.7896550921176737, 1.969772951814162]], [[-0.7450412885936178, -1.707036854788393, -1.3363013784123783]]], [[[1.215001409232169, -1.9521939523157217, 0.41912093964399677], [-1.806721591568088, -2.3406077940865835, -2.478863078861503]], [[-2.963702257681534, 0.8307071006155994, 1.825092969865029], [0.6174228854000829, 0.9946942496531878, 0.3359469926254013]], [[2.293112727769922, -2.1082117580582103, 1.547673865031378], [1.1195191425711413, 0.17777022649680935, 0.8333517143321508]], [[-1.1861029469051894, 0.27250143902479734, -2.8151591586838522], [-1.6975852905621664, -1.640795796571588, -2.0456587486903537]]]], [[[[1.9774135436046971, -2.3342942230923045, -2.677332744867794]], [[-2.561924890227825, 2.6283984038398502, -3.856599009109036]], [[0.07976235957834814, 3.1771820922501655, -2.8565831073823933]]], [[[-2.457369389754383, -0.14437250989443498, -2.298580038803333], [2.925049968662459, -1.6689348716167423, 2.5410218354467107]], [[-1.696350155462345, 1.3047663420913116, -2.5462472690617637], [-0.44608071780776587, 0.10814938308889609, 0.8174586588951837]], [[-3.039270133273739, 3.5134909641458627, 3.9810793037659202], [2.806788362909437, -1.409264708651002, -1.5577523025511777]], [[1.896027439749785, -1.5995051410818324, 2.1241490027326986], [0.7435187246284582, 1.095945758227159, 0.46928169187137264]]]], [[[[2.00471956433904, -1.9678687443343175, -2.3185457996312637]], [[1.5796166708878132, -0.9465847975821274, -2.8711564853707827]], [[1.6657938825973002, 1.3628993973364754, -1.3441006557313602]]], [[[-1.1232853674865262, 1.447588104340325, 2.626578956377668], [2.82513983315742, 2.161926699239003, 1.4817182123810069]], [[2.267165866038042, -2.9393241297471455, -2.495755633028458], [1.686575137891519, -1.5659841732611806, -1.0048343114263698]], [[-1.6565142958603405, -2.6810672211755904, 2.985817467193387], [-0.8790692140875394, 2.510639321856268, -2.1496306513337697]], [[0.7994681882898608, 0.30830619291769956, 1.2459899446534397], [-2.33463975712149, 1.8686463000056182, -0.8869978624378416]]]], [[[[-1.5702283972903242, 1.7840048282207437, -1.059323028619432]], [[-0.035444102005030904, 2.3566138262112712, -2.1055543525631246]], [[0.6186772460330874, 0.2639601607557807, 0.7626821958884584]]], [[[-1.871831576063422, -0.4082579638484071, 2.3019319285441604], [-0.6809297459165156, 1.0666128936583774, 2.6841812250297528]], [[0.08286348813686498, -2.6014792046256487, -0.6869029055763093], [0.5421449123147009, 0.26189602525952516, -2.014887869791872]], [[-1.644122488160899, 0.6803046465241857, 0.8083699585827074], [-1.0314010382395322, 0.5819391089730622, -0.06477732498485644]], [[-1.5467365391648884, -2.590225177259613, 2.9083627340217806], [0.21752785280483633, 1.774598194777756, -0.7119448621488855]]]], [[[[-2.212130609517038, 1.6543946902807452, 0.2050426660654586]], [[-1.0265870436367917, -2.7238849754846868, 0.07628469021051579]], [[2.1242876833378714, 1.3592669414317233, 1.308473238130483]]], [[[-0.14724215581858377, 0.4446519327716559, 0.08742386959361916], [1.952650897667053, -2.384749680420687, -0.3716388000260498]], [[1.4817122385721806, 0.7373476824170293, -0.9789358102579295], [0.5951470264768648, -2.9310758968304795, -2.743317099873289]], [[1.739738588175325, 2.9797959627139323, 0.8492332106387681], [-0.47903838880382, -2.268945581559855, 1.545455840117935]], [[2.276761864884057, 2.2722219050712678, -2.040559719585101], [-1.4049246394399675, -0.30034901477505765, -0.05959729272395008]]]], [[[[1.139056169447598, -2.3144773339717326, -1.3558438685390062]], [[-0.8449537174495644, 2.646870353898986, -0.8544406595408309]], [[3.2332296624159937, -1.0996142049945254, -1.9422976701195045]]], [[[-2.0222911678534494, -0.4674743359776802, 2.697438605359073], [2.363905172823698, -2.7544522526352284, -0.6358268955261531]], [[-3.0822507413336004, -2.708678533344503, -2.816156714767454], [-1.056454670133805, -2.694919704983761, 1.615507266385278]], [[2.5145172554995177, 0.5560061476890938, -2.196300576954479], [0.3941910984669122, -2.2982472931122673, 3.3021661525663495]], [[-2.6212085938455294, -2.5801979863751656, -0.47529706331619215], [1.3479258942102748, 0.14968444865609634, 1.0277636411902655]]]], [[[[2.7202950703991187, 0.9769594624909642, 2.7305390715192055]], [[0.3921832101596341, 0.2051065181107761, 1.2165050974602296]], [[3.1625385371128356, 1.5583051366913665, 0.6051967431575954]]], [[[1.0936814925765028, -1.5273620823426275, -0.6841632298526248], [-0.19781653602195354, -1.1598267924370338, 0.6923150512577476]], [[2.1849772327641497, -0.9640262214280738, 1.9998116224919693], [-2.608526386605055, 0.6756949641913993, 2.435713359801608]], [[0.02255877023767465, -2.2994725378220506, -1.4456396720754265], [-1.9368430356773387, 0.4820475583807003, -2.8030723406732454]], [[-1.474438730523209, -2.8083959896634942, 2.5044574462377316], [-1.6075083859568255, 2.2154078132411996, 1.4718863685625214]]]], [[[[-1.7187614223615528, -1.1424815328544462, 0.8744687856849191]], [[1.7129177330049972, 0.3880793024689989, 0.6833591343908461]], [[1.6048271133355005, -0.9273408545795478, -2.8487723617871423]]], [[[0.2706234158689377, 0.894115558206602, -1.3771238523636988], [-0.9470688969258128, -0.19492578132485033, 0.16119117742538241]], [[-2.680189727595495, -2.9809375358328656, -0.03647471015049497], [-2.711039593161555, -2.8564132855348605, 1.0160439237750285]], [[0.2234306707751666, 1.8594842572685137, -0.576259139433226], [-2.299105738161666, -0.9992319555971416, 1.5663181943385809]], [[-1.2998118838507138, -3.4099542567802867, -1.8063248741874391], [2.920716941102028, -1.254050817063421, -3.0000746372429914]]]], [[[[0.05721301439456838, -1.8214520360461524, 1.646975490378555]], [[-1.9151852167478678, -0.5614152031349576, -1.404603693217881]], [[0.3557069618848805, -1.2859049071593895, 