{"noise_params": [0.0, 0.05, 0.1, 0.15000000000000002, 0.2, 0.25, 0.30000000000000004, 0.35000000000000003, 0.4, 0.45, 0.5, 0.55, 0.6000000000000001, 0.65, 0.7000000000000001, 0.75, 0.8, 0.8500000000000001, 0.9, 0.9500000000000001, 1.0], "max_scores": [1.4139914222040917, 1.3962205086071973, 1.3764551816032793, 1.3581145498210876, 1.3380373699976258, 1.3171192075044882, 1.2961931659466428, 1.2711720028310975, 1.2445005911496567, 1.2257122107205838, 1.2002750527466948, 1.1701313726345275, 1.14014443202465, 1.1119113418091309, 1.0700265203790238, 1.0359006145776792, 0.9909805787554244, 0.9369406011738295, 0.8636097344314958, 0.7503175258417463, 2.9459968976361348e-06], "opt_settings": [[[[[0.03593418978365578, -1.7194148049991471, 3.1330722754139178]], [[2.9798211487133712, 1.5584902622003027, 2.9532725885124047]], [[2.883268962940998, 0.6520294515461108, 0.2679085912626288]]], [[[-3.766088951160152], [0.9283282066973781]], [[0.6340263186913987], [-0.945349412949447]], [[0.18007145602934446], [-1.3945386855456492]], [[2.8352861750642218, -1.5986525106641047, -0.07265337374720018], [-1.8653904843654239, 2.855783714181623, -1.5649337254596156]]]], [[[[-2.201786535254787, 0.04503357336908528, 2.19902874457515]], [[-0.1958086248908752, -2.2497372412320646, -0.15109479786476812]], [[1.8910556430141998, 0.14454123755885126, -2.164652435319349]]], [[[2.6326601603091424], [-1.9573807566890289]], [[3.5934215263528784], [1.9317701313968847]], [[-2.998221809996591], [1.5918978582869907]], [[-2.8049410148920257, -2.708537826862855, 2.5781955184668597], [1.8502120294927946, 2.1352640876331064, 0.56953110560314]]]], [[[[1.9921660071893852, -0.030819324236207254, 1.1483244156097274]], [[-0.46331197680557235, 3.4374486288300847, -3.5726313857106864]], [[-0.5602925487794074, 0.4192497750580432, -2.5228084643890947]]], [[[-0.8984469033949586], [-2.359686401738088]], [[-2.65565201926135], [2.1975950017675903]], [[-0.5751014677872185], [0.8547510047940606]], [[-1.5660990980815934, -2.62738876333633, -2.795037218232827], [0.1755184425279002, -1.0633262828856604, 1.6740931863410593]]]], [[[[-3.00580823851168, 1.3197032022800865, 2.875107434670832]], [[-0.19882711947414658, 2.428925655012204, -0.16310637189010654]], [[0.029530242898321027, -3.410068995803644, -2.472097392661208]]], [[[-0.040374570721192264], [-1.5932445311055028]], [[1.8910466245099158], [-2.811110554662872]], [[3.036758960357481], [-1.6689016945513997]], [[-2.032971905773384, -1.180184253501583, -0.5560164322820316], [-0.6349271646221738, 0.41820286752717145, 0.2109860212272513]]]], [[[[-1.3996022822332255, -0.10847003687338364, 1.3732170234877563]], [[0.8461753531655225, -0.28354546240837797, 2.212885921956813]], [[-2.997009407760457, 1.9897341070986678, 0.06888985411396742]]], [[[1.0320141630859219], [-0.6799228097376339]], [[-3.612393895011677], [0.9321923926810536]], [[-2.6835485200369695], [1.889320520215254]], [[-2.847510778940905, -1.993725010168445, 1.6114361757615125], [-1.5174346289235419, 2.6639165999283256, -0.07422575532121213]]]], [[[[1.0851406759005866, 3.0201103273475325, 1.033216185375702]], [[2.330311524260764, -2.20813870699883, 1.8790006595357756]], [[2.8787344655036504, 2.833988866944776, -0.25569364213199025]]], [[[-1.6271095298369824], [-0.13061151267356436]], [[0.8633887883211421], [2.3719152308039333]], [[1.5439078458926214], [-3.1737461627233388]], [[-0.8894309362923275, 1.473202041354873, 1.1587888025904252], [0.5201455544520672, -0.9262361219799695, 2.6402086921624277]]]], [[[[0.1890651091121193, -1.0445926025641117, -0.04046142225782148]], [[-0.7207864308216166, -0.2719170979153569, 0.6514814281712518]], [[-2.981765626199518, -2.028387228998007, 3.1720091301749727]]], [[[-3.305774312298563], [1.3121887968904913]], [[-3.1408058003666213], [-1.5349331850353307]], [[2.2806160699185978], [-2.3635188067377633]], [[-2.1518092901846835, 3.5162284430563884, 1.9759462289373093], [-0.3841660793863729, -0.8536648877375392, 0.42720387119188113]]]], [[[[0.137647429498659, -0.5803496261476375, -0.1444685354108767]], [[-2.895737030293861, -2.4405406219638537, -1.4774138175114675]], [[-2.9190319805698506, 1.4875112565692323, 0.1339256629995453]]], [[[2.5838620389251665], [-1.786753384869587]], [[1.0589253250994253], [2.9921040617203234]], [[-1.5211834209715704], [2.8040905267654477]], [[2.6342985397869136, 2.4585841021307853, -2.094769592390053], [-1.537432494239745, -0.6871600070642621, 2.546523733659765]]]], [[[[0.33323125046583146, 2.9337252585762155, -2.8352392288458494]], [[-2.7288047254070165, -0.631249950131833, 2.770973933879564]], [[-0.7881506739699813, 1.6211829080911422, -1.8641754369090067]]], [[[0.3278218196495112], [1.9718825852992132]], [[1.4147917599203477], [-0.1619393965130544]], [[0.7293212637833314], [-3.91019108745698]], [[1.5386215756180088, 1.2166546777369796, 1.8805971850491565], [-2.7649883965529227, -0.3222236021778422, -1.3974914948379837]]]], [[[[2.290195449369173, -2.667271714536353, 2.3052722275274498]], [[-1.070013954305042, -2.899057981565533, 1.9202315259403848]], [[2.7545041974890503, -0.9369578029739851, 0.38108159776666417]]], [[[-0.08825166835098813], [1.594478675239098]], [[1.0266592812826836], [-0.6246842007744928]], [[0.163310946940546], [1.852749782599537]], [[-2.6792667090663738, 0.14728332318819687, -3.1737493840457462], [-1.259303288794417, 1.3100653796475097, 1.4059614227761297]]]], [[[[1.2111294753932402, 2.879225063667104, 1.1558190335409853]], [[2.535814024226786, 1.216317329471861, 0.5021369650340702]], [[-2.748224421822122, 1.6168799051004585, -2.991864106905292]]], [[[1.377886425312467], [3.044911333510592]], [[1.2087390816669774], [2.853438338405331]], [[1.2989423024283375], [-0.3535733940850163]], [[1.7018372017066936, 0.38598608844515414, -0.8713542579011553], [0.7966046569872982, -1.879741606507449, 3.270201110613181]]]], [[[[-0.5355533633570351, -2.385171348519209, 2.6476970045529584]], [[-2.578598143322724, 1.172006859694625, 2.263505087025856]], [[0.42432624163942156, -0.3661114228399643, -2.8627358790059163]]], [[[-1.2444896766988798], [-2.8561070440872314]], [[2.458520386242576], [-2.025392408465265]], [[1.7086702401223524], [0.12078532600567199]], [[-0.27753250019780906, 2.0455847719422526, -0.8635977600705574], [1.0431844596860351, 1.135210238181244, -0.18746582188505015]]]], [[[[-0.931271175956291, -2.318006406153218, 2.035996465692889]], [[-0.3860060573273207, -2.553588119205185, -0.4144619551140533]], [[0.42018815279531396, -0.2652773739101389, -0.4661063348470019]]], [[[-1.1084347932926375], [-2.6330932294485745]], [[-0.18998570718626234], [-1.7963522346809397]], [[2.3540104970745586], [0.7345372524773321]], [[-1.185151576442795, -0.5547552788291542, -1.9004783944467527], [1.1600315039018512, 1.2601156606612938, -0.22978724319191257]]]], [[[[-0.5590678187839829, 0.0666726271760549, 0.5595311231413287]], [[0.04503393896544585, -1.9270750977277324, -3.0591928686886996]], [[-1.314001189853939, 2.8105641963856627, -1.4980791678035388]]], [[[-1.6513993265990687], [-3.103002032311281]], [[0.05174091769816771], [1.4692110476376823]], [[0.5309489951228504], [-0.9075750954312248]], [[-2.0783706101556403, 0.3230685631908114, -0.4231261074489799], [2.0933692728026, -0.9514271178190614, -1.6809701923246276]]]], [[[[-5.42540631208415, -2.038263867606072, 4.026472035511861]], [[-1.018695295740978, -2.3617880756157255, -0.5425488402839888]], [[0.6044138627146985, -2.088681807214033, 0.7812186669893357]]], [[[-2.331115068074299], [-1.0446021570338462]], [[-1.113702161590663], [0.25058794197262824]], [[-1.4483090015674644], [-2.6274854163956958]], [[-0.9227228280196086, -3.125232221326171, -1.2183836707812685], [1.2850448606206741, -0.9892662114535221, 0.5191551250191929]]]], [[[[2.3632499158075624, 0.3419295547238618, 0.7688051063785748]], [[-0.6967556404317953, 1.9211593042155748, -2.267485663601927]], [[-0.48533551507388795, 1.522624883124789, 0.06291873167369547]]], [[[1.5968552951186448], [3.444338528885232]], [[-0.7005590001717888], 