{"noise_params": [0.0, 0.05, 0.1, 0.15000000000000002, 0.2, 0.25, 0.30000000000000004, 0.35000000000000003, 0.4, 0.45, 0.5, 0.55, 0.6000000000000001, 0.65, 0.7000000000000001, 0.75, 0.8, 0.8500000000000001, 0.9, 0.9500000000000001, 1.0], "max_scores": [1.4122421972696564, 1.396240513892594, 1.3764765919522093, 1.357639522965807, 1.3364530307983498, 1.3183058429635897, 1.295674759807723, 1.2705997279402363, 1.2464969374745047, 1.2251951499865563, 1.1938991691024046, 1.1714263486850602, 1.1365886492352764, 1.099820811827076, 1.0722881474869796, 1.0352350322996955, 0.9861739253473439, 0.9345978259469749, 0.8589680135552229, 0.7668774379100955, 2.525837984170248e-06], "opt_settings": [[[[[0.3765481155642647, 2.768527839153137, 0.3405241967243393]], [[-0.6317956788338936, 2.7740395371134476, -0.6621153972754378]], [[3.7278340935063126, 2.5971572640456895, 0.7183321712449067]]], [[[1.1228050118030357], [-3.4647045825614056]], [[-1.0903937249427582], [-2.7871920226628637]], [[-0.20727044863660973], [1.469719381190061]], [[1.5243080393516728, 0.8678492525087714, -0.02917811014742787], [-3.035326544073067, -0.6929042726604651, 1.3179523662607293]]]], [[[[1.3625750457541965, -0.2348706197119797, 1.997476063661201]], [[1.200405467876967, 3.0129291038262127, 1.1993458945626376]], [[-0.04654585801233751, 1.6514317849646674, 0.08937880716196131]]], [[[-0.5187956458958598], [1.1171630032709967]], [[-0.22092793045867257], [-1.8679335250969566]], [[-0.7986870771575368], [0.8291512736302584]], [[2.9447895980223553, 2.075638443232019, -1.3617252437107592], [0.973739312038701, -2.7298001101410394, -0.0070670137598354416]]]], [[[[-0.5034962348227615, 0.6799488380694918, -2.776477730317186]], [[-0.47283405036751747, -0.8397502626973655, -2.9964473235103073]], [[-2.2095271252282656, 0.5098213333776948, 2.4612568357879665]]], [[[0.2384760513434936], [-1.5238406925014163]], [[0.9408295205826519], [-0.7876823943394506]], [[0.7336558879597243], [-1.043317267129241]], [[-1.927973982355138, -3.7506186844919647, -0.34311000475212605], [-0.2298848588423897, 0.4416644206410132, 0.8305686656507711]]]], [[[[-0.23891315115085549, 1.3136406079211886, 2.802778922241865]], [[0.49596443515960065, 0.22480141029832335, 2.5904367126558405]], [[-2.0798855473966027, 0.9224216439188847, 2.1735376756420264]]], [[[-1.5512776973933984], [-2.8057973140972003]], [[2.1683525374655765], [-2.820709397631075]], [[-0.1387440053365358], [-1.4555523006909656]], [[0.5459837059406356, -2.4205650856559697, -1.6871998451223966], [-4.567706938780037, -1.3792015619348332, -2.392256764230987]]]], [[[[-2.520152315109041, -2.1612720346952417, 0.775330299285546]], [[-0.3050158076834159, -2.5411887930209685, -0.7120469562895595]], [[-0.08463086555748114, -2.11653533201518, -0.03359945333931421]]], [[[0.863327045786699], [-0.795383542985681]], [[0.22658164020548557], [-1.4576826883973029]], [[-2.4307935150927267], [2.232240149378387]], [[-1.1433650248109886, -2.8413373523191146, -2.134370212035219], [0.9958742903762076, 1.1967939406267902, -0.7137681766258911]]]], [[[[-0.8131573581233956, -3.412652039416013, -1.3914862443544813]], [[-1.2992321538981852, -2.842250539187919, 1.1846569997115293]], [[2.480316176897347, -3.2051014111587053, -1.735394790399858]]], [[[-0.13416772947638564], [2.035313476355345]], [[1.7643420437903867], [-0.22473165438904869]], [[3.12715773176851], [-0.9839487623133852]], [[0.25148459245895227, -3.3396904739421625, 2.8652197850949017], [-0.5875631324761351, 3.6933601898718464, 0.2025171192642618]]]], [[[[2.7008376062064903, -1.1093656421888483, 1.0445243605716945]], [[-2.225847957259844, 2.8082114110129366, 0.9452660673948083]], [[-1.337535200884792, -2.0833113699093633, -1.7110494497357698]]], [[[-2.170290626184299], [2.655729390214942]], [[-3.0413679593831207], [1.7513658269652979]], [[1.26202311986002], [2.628006648199392]], [[-2.102268118089098, -2.0880830630394085, -1.6491791814306316], [1.8093981586325598, 2.192245194048077, 1.0010427591033568]]]], [[[[1.4260532882440144, 0.22671578558728175, 1.843173881333221]], [[2.6053531381222985, -0.8977718757677599, -2.8543829346889362]], [[-1.1761745323522186, -0.5175265823279747, 0.09996774294071416]]], [[[-2.2434421971042466], [-0.31077473945572076]], [[-0.8479397629466913], [1.082356309880787]], [[-0.8014146287926374], [-2.645761074388792]], [[1.775027537945667, 0.7384659538290023, 0.19361546436696717], [-0.3683536194553063, -0.4537637634472009, 2.9400924506548884]]]], [[[[1.7940797241220474, -2.8560258513574457, 1.5824246707035154]], [[-1.1363010989560456, -0.8443449991597894, 3.430622615440933]], [[-1.4833079159892673, -2.2249443208437563, -1.9342378077044073]]], [[[-0.6524041014436018], [-1.8960926132525044]], [[0.30487857338136154], [-0.920342687532441]], [[-1.8666401311723744], [3.030134346784742]], [[2.0414573886076544, 3.0488006931053584, 0.852596645161799], [3.0676288432788996, -2.57479103353238, 1.4020961564526413]]]], [[[[2.117766388802505, 2.9773689424958594, -0.9776209387134958]], [[2.8969456091682284, 1.920174221194785, -0.344248572584699]], [[-2.578267912775609, 1.3421298427831116, 2.040738470322573]]], [[[1.606974827290927], [-0.3066352951001118]], [[-2.3557718906953253], [-0.48615242057898095]], [[1.2484976575377138], [-0.6815476237203095]], [[-0.25341542812994466, -0.4364046320757776, 1.6422771453353973], [-2.244060128327344, -2.1300216241248178, -1.7993278012903104]]]], [[[[3.0524393056799726, 3.2973652676525136, -3.2232566351105625]], [[-0.788904911160905, -0.4449207898164929, 1.0255167916560801]], [[2.5095107413651654, -0.33149259296708894, 0.6305008820824041]]], [[[1.088098425767363], [2.564040310846265]], [[0.9086206753981849], [-0.5756008840809275]], [[-0.6154021211166386], [0.9350411447519839]], [[-1.7142558668399597, -0.3583855787349139, -2.889102250091719], [-2.888913513501521, 1.6425065465495907, 1.5715263216651216]]]], [[[[4.819201600093816, 0.0565000556017771, 1.4126818524139941]], [[2.7734471200967565, -3.138698185381727, -0.29378264876714]], [[1.9225952829147839, -0.371833353865741, 0.8470812205671879]]], [[[-0.33815460854443197], [-1.9942125375079127]], [[-3.143434411588576], [1.4938200752803688]], [[-2.6149832527865544], [2.068455681460552]], [[2.033975618653428, -2.342072686259435, 3.3753800797553164], [0.4638276337500133, 2.413522822112465, 2.4024542581738766]]]], [[[[-2.1753096682185302, 0.019196254820808507, 2.0642401145526432]], [[1.564725513842438, -1.3341357212044316, -1.347557303627545]], [[0.021752015350652815, 2.0326124180610816, -3.1177652856747793]]], [[[2.1871527237197275], [0.5393374701447875]], [[3.1073540875510757], [-1.5838174052813225]], [[2.8392361659976304], [1.3513229242479183]], [[1.1480026148320002, -1.9824377947414735, 3.04795844078688], [-3.275158773812745, -1.6138949009070132, -1.6016154348470681]]]], [[[[-0.22410416212130074, -1.2976671578890866, 0.25086791098316596]], [[-2.5732822437485776, 2.4057896325041885, -2.3106139718326366]], [[0.2491114970012044, 1.5957458023887243, -0.5271334386521767]]], [[[2.1183825919203128], [0.19418473114321413]], [[2.656765372450523], [0.7585714927178623]], [[0.5965539569232481], [2.3854181348291386]], [[-0.17096924342854722, -1.3344044668199515, -0.5100028319122675], [1.5201810647303764, -2.130184164287921, -1.4701454608446942]]]], [[[[1.3830125124238937, -3.106528412421253, 1.3695483496231693]], [[-2.7042017826746023, 0.23022298197984012, 2.4791923177808735]], [[-0.9718215549817638, -2.7625444401733628, -1.9228047492312756]]], [[[2.4832092202049676], [1.1643707125766747]], [[3.3158227108438107], [-1.3824598430134085]], [[-1.0157581672158387], [0.3079889746532932]], [[-1.7920298721309809, 0.6115938169184667, 3.238585447197374], [-2.50155513636256, 2.487878474329404, 0.6599812423231362]]]], [[[[1.4416286529186455, -2.160018191316547, -1.6341571916810815]], [[-0.1915482710493266, 0.38497188427404944, 3.1695199121244815]], [[2.7169477394723702, 2.6661118369895807, -1.80136616491752]]], [[[1.6804855818216016], [0.23294201652531102]], 