{"noise_params": [0.0, 0.05, 0.1, 0.15000000000000002, 0.2, 0.25, 0.30000000000000004, 0.35000000000000003, 0.4, 0.45, 0.5, 0.55, 0.6000000000000001, 0.65, 0.7000000000000001, 0.75, 0.8, 0.8500000000000001, 0.9, 0.9500000000000001, 1.0], "max_scores": [1.414213562373095, 1.4097015839899218, 1.4051750195770039, 1.4004960153120614, 1.3949246320290838, 1.389996435095406, 1.3857590149807226, 1.378130001439124, 1.3750714331210379, 1.3697275479732294, 1.3642071559757958, 1.3583065416342035, 1.3525415369896563, 1.346411593627092, 1.3400415385680566, 1.3335192097388044, 1.326677135332638, 1.3196947178659275, 1.3123821839655152, 1.30477284857611, 1.2968395546509972], "opt_settings": [[[[[]], [[]], [[]], [[]]], [[[-1.792279102575305], [2.944528065824169]], [[-1.9358740311538556], [2.800995759648163]], [[-2.044561298493646], [2.6922874975937847]], [[1.5327161844901227], [3.079026995261942]], [[-2.543560621055469, 0.4288347348889734, 3.448315512241506, 2.3141547202948765], [-1.019606159044912, 2.0076981125238875, 1.9141965710773825, 3.867187867223228]]]], [[[[]], [[]], [[]], [[]]], [[[-3.9182999109667236], [-2.372471299823942]], [[2.11732340261394], [3.662932582614218]], [[-0.6354010795314011], [0.910456458769761]], [[-0.12161866112138121], [-1.6672935547643724]], [[0.025083970136604954, 2.86191360691421, 0.12474265840860194, -0.9189876881235293], [1.5359906641469512, 1.3511884618872378, 1.722759451895857, 0.704097942982853]]]], [[[[]], [[]], [[]], [[]]], [[[-1.5481841718600398], [3.143506683321802]], [[-2.3211496667031644], [-0.7295611125575902]], [[3.16350661069295], [1.572169782972613]], [[1.728048388755601], [0.13669922437835602]], [[3.8783132975888504, 1.6308417100337491, -0.7918238716855032, 0.9216181948914804], [-3.8581234821954915, 3.173747302542915, 0.8132204727062394, -0.6290244542820749]]]], [[[[]], [[]], [[]], [[]]], [[[-3.100529653836619], [-1.5278393354963866]], [[0.9491509600299853], [-0.6234293518153357]], [[1.1408580777732704], [-0.4315814561873339]], [[-1.1774830075377076], [-2.750113777797731]], [[0.8055771917326959, 0.15611439896235396, 3.4718933625719766, -1.958687572199229], [-0.7214918477717519, -1.4010255347063336, -1.1919900806496153, -0.39822121120079046]]]], [[[[]], [[]], [[]], [[]]], [[[-2.463744190306791], [2.30350355080016]], [[-2.6754131426008674], [2.0918168747154606]], [[-0.8068082070848593], [-2.3227448644314292]], [[-1.5537649696805358], [-3.069768286454151]], [[-3.2061099267916764, -0.2900890032364745, 1.575533680945718, 7.089478293266254], [-1.6667477551834395, 1.2766548866901304, 3.149163357938495, -3.852354242402436]]]], [[[[]], [[]], [[]], [[]]], [[[1.0857154365785389], [-0.49604192767287836]], [[2.700825394901785], [1.1190640391022224]], [[0.2012037999880693], [-1.3803718665144817]], [[2.0319391403652114], [0.4501768196714677]], [[-2.8585630455552056, -1.2006754787198055, -3.7094958854974096, 1.2324966837079143], [-1.261092938681092, 3.4525643856004495, -2.1799040682011426, -0.3221275976559285]]]], [[[[]], [[]], [[]], [[]]], [[[4.719582448140694], [0.0948020738839152]], [[0.5106017955249736], [-1.147822782347231]], [[-3.852793266206719], [0.7720003509460917]], [[1.4591744507593218], [-0.1989617019509295]], [[-6.838925321011408, -3.405995361874425, -1.5859529957296112, 0.5779846460869593], [0.7017590417221035, 1.2163617720331137, 0.06015372909431069, -0.9063923617982924]]]], [[[[]], [[]], [[]], [[]]], [[[2.222670103836929], [0.6365944468108784]], [[-2.8162581819460493], [-1.2303141707810326]], [[-2.2441899386556736], [2.4529884646388127]], [[-1.8113652197515875], [-0.22542100411838667]], [[1.399121240927791, 1.0912135876637903, 0.11608597070623318, -1.0335767502264452], [-0.10367447366138921, -3.5672407022167656, -1.4779231913992548, -2.573890423570403]]]], [[[[]], [[]], [[]], [[]]], [[[-1.7705768741271357], [2.9234283642926884]], [[-1.0069704615066064], [0.5820882154366989]], [[0.1603436344484065], [-1.4287872307182017]], [[-2.489404088015719], [2.2047882351749086]], [[0.4071576525772736, 2.9136436139812205, -0.6166875920889644, -3.2589184435195766], [-3.994938313250833, -1.7699011740277744, 0.9214537325654815, 1.4066567346368253]]]], [[[[]], [[]], [[]], [[]]], [[[-2.9744521757059297], [1.7393743877439862]], [[1.6754291542715865], [-3.038339578286297]], [[1.6764370380273332], [-3.0373132025908283]], [[0.16839660243334195], [-1.4009488803602372]], [[2.651241412584092, 2.4731383488490684, 5.567436211669441, -0.5992220846272186], [0.8356364988195495, 0.8768637931929003, -2.2166885330408492, -2.2035356773742203]]]], [[[[]], [[]], [[]], [[]]], [[[0.11767151783430459], [-1.4509405191904101]], [[0.7872491594316301], [-0.781094905877778]], [[-0.5264900414164952], [1.0421186489835494]], [[-0.13260912752488258], [-1.701109440636792]], [[-3.621304567731664, 3.134832237431259, 0.24263201687483352, -0.9384213723225717], [0.7328361286778687, 1.583324453712068, 1.843398023259301, 0.6751248490922379]]]], [[[[]], [[]], [[]], [[]]], [[[0.22829122004050637], [1.833557185399764]], [[2.4171062866143616], [-2.260795831925723]], [[-0.6545481697530514], [0.9505703596000459]], [[8.755773794926597], [7.150703902133285]], [[0.866534546403344, -3.0497584313142148, -2.9963420987151217, -1.4623393824205655], [-0.3530936017091969, 1.636880782237286, -1.4200294111430019, -15.616775211814732]]]], [[[[]], [[]], [[]], [[]]], [[[3.0876834136059044], [1.5130735580049737]], [[1.1883390061867056], [2.763049927252649]], [[-1.7225734276021112], [2.9860251695516116]], [[-0.2534881386438716], [-1.8280140902877813]], [[-0.6520497102494504, 1.982470624197142, 0.6340212885345854, 2.102333539860458], [-2.608152228994071, 0.3981449974083304, -0.941695257707052, -2.6128254440493013]]]], [[[[]], [[]], [[]], [[]]], [[[0.061541792486494294], [-1.5976589193600146]], [[-2.2678535673125766], [2.356076931316849]], [[0.2925926245465407], [-1.3667258927483823]], [[0.14509964017410906], [-1.514203284021038]], [[-3.5700730256299726, -0.019937704286554902, -0.599931912130944, -3.7695188730342823], [0.5361154125547465, 1.6572736030779878, 1.0752748554602305, 0.8489929267737693]]]], [[[[]], [[]], [[]], [[]]], [[[-2.9103197420638756], [-1.2580390345971133]], [[-2.401667600032123], [-0.7496076739729205]], [[0.705788378445485], [2.357719435328743]], [[3.3044189527817966], [-1.3265403110141825]], [[-2.280468391363227, -1.5794683249984869, -1.6242937826380406, -2.149597347203084], [2.851782749796161, -0.0023955713585251154, -0.028470799909364193, 2.557192228335219]]]], [[[[]], [[]], [[]], [[]]], [[[1.7263204633222393], [3.24865417371148]], [[0.11249390519897716], [1.6346962823301885]], [[0.21082598986707404], [-1.311370885084324]], [[-3.7277118679645818], [1.0328550370680345]], [[-3.4594220026134734, 3.9966969087007893, -0.5805425520860964, 1.798632240754167], [0.6099983603477992, 2.466802348378407, -2.084326680500179, 0.21805305264811184]]]], [[[[]], [[]], [[]], [[]]], [[[0.5224649072124583], [-0.8583612157797451]], [[0.7721426846331754], [2.1526720275932196]], [[-3.632457728923984], [-2.2518248519700093]], [[-2.603570135212957], [-1.2228117646141408]], [[-0.049051616501822645, -1.6750219589783082, 3.3312719300228966, 1.224408005599333], [1.3189445464935954, -0.11725669563505288, -1.3510112464909556, -0.3342449724009402]]]], [[[[]], [[]], [[]], [[]]], [[[-1.573428679710355], [0.0031168172873230126]], [[-0.4609325867797872], [-5.167723254274557]], [[-0.8169227834505719], [-2.394154361686353]], [[-0.6750122447516778], [0.9020659274295838]], [[-3.4824799371673287, 0.3565053258783784, 1.5347136484997488, 0.133177881411032], [3.490504725019726, -1.2717264046454206, -0.03330160099769947, 1.665626832143365]]]], [[[[]], [[]], [[]], [[]]], [[[0.13009060949970208], [-1.3343875280997741]], [[2.9761370300915777], [-1.8425681067816781]], [[1.7026945058600682], [-3.11673181398227]], [[-2.975794275722441], [1.8433888850056424]], [[-0.14801782729100404, -2.5784854268188533, -0.6934035592668712, -0.5570677932285331], [0.6012211681083418, -0.9987658152542571, 0.8435589783062599, 0.9901480228165549]]]], 