{"noise_params": [0.0, 0.05, 0.1, 0.15000000000000002, 0.2, 0.25, 0.30000000000000004, 0.35000000000000003, 0.4, 0.45, 0.5, 0.55, 0.6000000000000001, 0.65, 0.7000000000000001, 0.75, 0.8, 0.8500000000000001, 0.9, 0.9500000000000001, 1.0], "max_scores": [1.414213562373095, 1.408251332206181, 1.4021404545308316, 1.3959526070008579, 1.3887688074987836, 1.3816659781891572, 1.3740178783874333, 1.368828354923079, 1.3611433604550376, 1.3551767940721307, 1.3465073379717092, 1.3351891242864404, 1.3322924473956543, 1.3242904902310746, 1.3161851753826102, 1.3076276717130577, 1.2987937870819142, 1.2896132546309391, 1.280094739142383, 1.2702081109812005, 1.2599210498948723], "opt_settings": [[[[[]], [[]], [[]]], [[[2.809575005471479], [1.2395626999833742]], [[1.3466673477998519], [-0.22331092710471165]], [[-1.1311695109429913], [-5.844364193783738]], [[2.041039964072557, -2.5867451786090325, 2.7466811750281015], [-2.7043614360070753, 2.13940213349786, 4.415122489828461]]]], [[[[]], [[]], [[]]], [[[1.3749329921971702], [-0.1940108333343378]], [[3.17004616143294], [1.6011020879819462]], [[-3.2507349357275186], [-1.6817910133510956]], [[3.718300838974539, -3.891340634531329, 3.8101491703253783], [-0.9666784511871119, 3.9500595051353247, -0.8886498149477561]]]], [[[[]], [[]], [[]]], [[[-2.93224452411087], [1.7853064421489229]], [[0.9391567933755026], [-0.6264775376808686]], [[1.462883394093093], [-0.10275083647544152]], [[-0.5537144785228524, 0.1577711609776915, 0.6800459024043439], [-2.1638524315622853, 1.7256768796696362, -0.8907093746882113]]]], [[[[]], [[]], [[]]], [[[1.5210232950907145], [-0.046862233451577036]], [[0.7088422917115874], [-0.8590432352010561]], [[-0.7064405929331327], [4.008859125439948]], [[-2.4453636257641014, -0.07805406990755256, -1.4893536391283588], [2.3486451608045926, 1.4986847185948822, -3.0622217679185733]]]], [[[[]], [[]], [[]]], [[[0.9362587658416425], [-0.6038422613097384]], [[2.2951613506233945], [-2.4479229314928963]], [[0.8745519401594132], [-0.6655490344732744]], [[-2.9950830429080746, 3.0635993841498252, 3.24214923344455], [1.7558016469453845, 1.4962320965076832, 1.679742223913923]]]], [[[[]], [[]], [[]]], [[[2.2486585958912797], [-2.5095388629507895]], [[-3.164053237124308], [1.5941442156730226]], [[1.510466576542967], [-0.01452128694088739]], [[-3.252588007143377, -0.7845204313246875, -2.392709889885281], [1.421837244369741, 3.9269135530252672, -0.8239161006243096]]]], [[[[]], [[]], [[]]], [[[-2.4098394386339907], [-0.7721326013693147]], [[2.2531666046244223], [-2.3923118843414266]], [[1.2954630482754697], [-3.3500154383694314]], [[1.5493563618148871, 3.064253057962403, -1.0335575331734184], [3.122618219736871, 1.5071418283992781, -2.593286791335785]]]], [[[[]], [[]], [[]]], [[[-0.3340062602638762], [1.1897100507052378]], [[2.8885526766534824], [1.364836387628813]], [[-2.750837996887329], [2.0086310512111147]], [[0.3481714205149891, 2.126888995220936, 2.772335066865023], [-1.0668188811482118, -2.585929205913468, -1.944127336823858]]]], [[[[]], [[]], [[]]], [[[2.061249307039537], [-2.720323966261495]], [[-0.9132724548420434], [-2.4148845897317335]], [[2.1370601619209304], [3.638672180652437]], [[-0.25046496538530777, 1.4790844484742722, -3.3950088485172865], [1.167052192143358, 3.0462386941800768, -1.8249321259926612]]]], [[[[]], [[]], [[]]], [[[1.8114341578413458], [0.19510428001752167]], [[-0.22014200775975445], [1.396187825813997]], [[-1.8877819314870614], [-3.5041116182701737]], [[-2.2663339774068594, 0.5883324063763962, 0.44038266062396964], [-0.43503201900718463, 2.1585620415004954, 2.0208183687429147]]]], [[[[]], [[]], [[]]], [[[-0.446396383562273], [1.025207366040821]], [[-1.1794261054393675], [0.29217742795813334]], [[1.8279561938813922], [0.35635239872858343]], [[-2.942883789853118, 2.6999677228399075, 1.0946892963768216], [1.9433467105415547, -2.017390031018764, -0.48240650260608187]]]], [[[[]], [[]], [[]]], [[[5.672178871162966], [-2.30673031682739]], [[-0.8588617774309008], [0.8368626596223538]], [[0.5402293460869478], [-1.1554936727356575]], [[-1.4182994051087037, -3.149051506604985, 2.8352278886093787], [0.06500940987941231, 1.5576287364073613, 1.2623870195114688]]]], [[[[]], [[]], [[]]], [[[2.0410303934101885], [-2.7908509719379997]], [[-0.7417313956161242], [-2.193034945513644]], [[-3.737396197110383], [1.0944855778888705]], [[-3.3633698241337977, 1.6706613592697463, 1.826833935984925], [-2.084922742562521, 0.10913451223600178, 3.38013942060958]]]], [[[[]], [[]], [[]]], [[[-4.147572112560652], [-2.7390904296712013]], [[-1.673721217929954], [-0.2652395335045455]], [[-2.052933509993516], [-3.461415219923245]], [[-0.15982480612108682, -4.1196328832534705, -2.761320901601555], [-2.0004130467008934, -2.523961515030475, -1.1784692976226032]]]], [[[[]], [[]], [[]]], [[[1.0872561389431237], [2.7930142487407528]], [[-2.591263711919468], [1.9861584046907974]], [[3.470099351147588], [1.7643425745911274]], [[-1.0355942656872041, -0.3209205870932953, -0.537959951376267], [0.17186336342481146, 1.2791519362285655, -2.0870973161077275]]]], [[[[]], [[]], [[]]], [[[0.9479956154436023], [-0.40868058365457943]], [[2.1894627765804002], [0.8327905584895086]], [[-3.8393272072438616], [-2.4826549709424324]], [[3.254236671208269, 1.5025921276696588, 3.1310964584525514], [-1.1664354687350833, -3.1816072242564335, 1.53089845672757]]]], [[[[]], [[]], [[]]], [[[-3.163768438820739], [1.5200208034857503]], [[-0.8521576215659712], [0.7472377605913874]], [[0.4305278512347871], [2.0299240495347104]], [[-3.593408388047446, -0.055714652074405256, -1.9069709075556107], [3.5211563643032977, 1.5212122537043338, -0.3444553157438353]]]], [[[[]], [[]], [[]]], [[[0.9934524329516778], [-0.31778738131455936]], [[0.18000652586363067], [1.4912482857477585]], [[-2.3074218039301018], [2.664520083443978]], [[3.2457418399600453, -2.306058785010589, 0.1834507640962086], [-1.0394821438711555, -0.7349151132214788, -1.4055202557843565]]]], [[[[]], [[]], [[]]], [[[-0.0004870828148243883], [1.550534218983277]], [[-2.1265554159767888], [2.605612558933643]], [[0.45539350696088815], [-1.095625605596805]], [[0.2963957479655633, 3.3703496493030074, -0.3221328729075859], [-3.4456721126127654, -1.3194683518544612, 1.2528931319299341]]]], [[[[]], [[]], [[]]], [[[-3.248489556685412], [1.1267381991997645]], [[0.18234389660778194], [2.0903015410592287]], [[-1.011313580522061], [-2.919269706891501]], [[-0.6527348813782737, 1.0176645508889992, -2.0811572610124345], [0.09782432533807998, -0.4001525652936211, -3.502611488593499]]]], [[[[]], [[]], [[]]], [[[4.5496442660132246e-07], [1.5786344101600729]], [[0.3773269374746982], [-1.2013058950382889]], [[2.0288154233168694], [0.45018437103085457]], [[-0.011763196769003796, -3.5516757528284377, 1.2413221612001741], [0.009270435536651515, -1.9846216594381394, -0.33305979577697215]]]]]}