{"noise_params": [0.0, 0.05, 0.1, 0.15000000000000002, 0.2, 0.25, 0.30000000000000004, 0.35000000000000003, 0.4, 0.45, 0.5, 0.55, 0.6000000000000001, 0.65, 0.7000000000000001, 0.75, 0.8, 0.8500000000000001, 0.9, 0.9500000000000001, 1.0], "max_scores": [1.414213562373095, 1.40820767178043, 1.4020124085773924, 1.3957602323453702, 1.3894816550974531, 1.3815114379093916, 1.3763967675962938, 1.3694103801592843, 1.3594816431814178, 1.3498265838604298, 1.3477914156819666, 1.340056985664633, 1.3325761155830684, 1.3245383989567996, 1.3162362563800856, 1.3076600928393836, 1.2987937898314095, 1.2896137004279882, 1.2800947390921409, 1.2702081113037944, 1.2599210498948508], "opt_settings": [[[[[]], [[]], [[]]], [[[-3.4762552093215593], [-1.8461414733868498]], [[0.4372840061885139], [2.067465018712273]], [[-3.586462424788082], [-1.9562841754150946]], [[0.4623576544216522, 1.2865777837217434, 9.842922775602116], [-1.076600114295957, -0.3447195703696193, -1.2376373020336766]]]], [[[[]], [[]], [[]]], [[[-0.828134288145139], [0.7349158243856203]], [[-1.2525284494814293], [-2.8155785814449277]], [[3.3573233795234967], [1.794273318777234]], [[3.0966314311834697, 1.1079233051837858, -0.563198510445692], [1.522560174151827, -0.46365326260600265, -5.280859404957699]]]], [[[[]], [[]], [[]]], [[[2.1138638356082367], [0.5214564804141292]], [[-3.3003409221710007], [-1.707933591900302]], [[-1.6205422341684101], [3.0702357235868116]], [[-1.8396649596521064, 0.6378752909572766, -2.419866207559811], [-0.23736424336321485, 2.2078683232149343, 2.2984921785760397]]]], [[[[]], [[]], [[]]], [[[0.3444520701542326], [1.9309878959489855]], [[-1.4120652205785789], [3.2845841954589057]], [[-0.9163458459082382], [-2.502881876903795]], [[-2.0285363258785343, -2.205073833295166, -1.7060648274872932], [-0.4080229343018393, -0.6347807726008231, 2.999437939757866]]]], [[[[]], [[]], [[]]], [[[2.9474313640429313], [1.3639106543441828]], [[1.0389757012167904], [-0.5445450933776005]], [[-0.2306608488001438], [1.3528597816013936]], [[2.210274029247571, -2.889663382898859, 3.697718183795382], [0.5291958521186045, -1.3280673680145594, 2.136629549221562]]]], [[[[]], [[]], [[]]], [[[-3.8754668423988505], [0.7789132229007637]], [[-0.8759367903712729], [-2.5047420298540555]], [[-0.10690442287408357], [1.5219008213454905]], [[1.591642819225296, 1.456128639607138, 0.7113919109225454], [3.1659307869649886, 3.0182088068127655, -0.8663655034080854]]]], [[[[]], [[]], [[]]], [[[0.06566814898556836], [-1.4932140677277534]], [[-1.5922108902979153], [3.1320920873754936]], [[-0.2739878506706613], [-1.8328701709399775]], [[-0.6220285986903367, -2.372465010661706, -1.0565643518071097], [-2.376172303525343, -3.9415933527009384, -2.620927776688138]]]], [[[[]], [[]], [[]]], [[[-1.767374521673392], [-3.3111094297426464]], [[1.0975404542996128], [-3.641909857516862]], [[0.12127672722352026], [1.6650117439569538]], [[0.5030208100936064, 1.8702719175029754, -2.250280623461563], [-0.8713449981148728, 0.2976477312097961, 2.465984403471897]]]], [[[[]], [[]], [[]]], [[[-0.9311107703134613], [0.5700475699633369]], [[0.8792636165678195], [-0.6218949380208815]], [[-2.7194874065837307], [2.0625398793172764]], [[3.015312558768341, -3.0121029399668213, -0.33308590048511877], [-1.799693911131417, 1.698425962957738, 1.2483603908349967]]]], [[[[]], [[]], [[]]], [[[0.82160826734627], [-0.6527853979072915]], [[2.009644694468611], [0.5352503071984961]], [[-1.4503127568413718], [0.024081434350974547]], [[0.06538348723500853, 1.2705932101921829, 2.428980231474732], [-1.4685999853006246, -3.4372261321990796, 0.8569430170961014]]]], [[[[]], [[]], [[]]], [[[0.2208090444271238], [-1.2979958861930045]], [[-5.372626751527182], [2.4293641527453453]], [[-2.818945468492022], [-1.300139545623151]], [[-0.38001143428263645, -1.4767192900323851, 1.079326609244157], [0.8832753129570433, 0.1054104572034904, -0.4854037754080384]]]], [[[[]], [[]], [[]]], [[[-0.31099451170003567], [-1.9716863840290417]], [[-0.8820759590233568], [0.7786156777763907]], [[0.5611842623231678], [2.221876346098178]], [[2.137214089709829, -0.05195683309986493, 1.3972940813636499], [0.2811177459959381, -1.6223683310870516, -0.18329019165867896]]]], [[[[]], [[]], [[]]], [[[-1.4141947634591974], [0.10259865805541438]], [[2.8589543992677933], [1.3421616346000695]], [[-0.4051404733792897], [-1.9219332624938104]], [[-3.575321161135833, -1.044465756264575, -1.156183696562087], [3.8362895492294222, -2.6075221106321473, 3.539621525532164]]]], [[[[]], [[]], [[]]], [[[3.0702720833335477], [-1.6654181374454273]], [[-1.9685905935081418], [-0.4210961758203123]], [[1.5665493405805857], [-3.1691408799568332]], [[3.585503955300558, -1.19241163609098, 2.337395275538671], [-0.6206546222445021, -2.76829360829912, -2.36892460761587]]]], [[[[]], [[]], [[]]], [[[1.6070657123393959], [0.01855361022716804]], [[3.2175097877060748], [-1.477164002152227]], [[-0.30231337290971844], [1.286198512198504]], [[0.5279043767169381, -2.2629866192009755, -2.6467332458003017], [2.667419059948228, 2.4331621736984497, -1.0815525002728499]]]], [[[[]], [[]], [[]]], [[[-3.071763570604342], [-1.4544691714604647]], [[-1.2656705838773754], [3.4002174096232025]], [[1.8989479903384847], [-2.7669419065031606]], [[3.705107294594342, 1.0567561506130758, -0.43972833186262955], [-3.5074068623597543, -0.49481615075007807, -2.000049916313785]]]], [[[[]], [[]], [[]]], [[[3.1177414760225277], [-1.6100134995504412]], [[-1.3001852218092333], [0.25524595611653217]], [[0.17609300645239165], [1.7315239933136586]], [[0.39350576853324415, -0.5291538970619514, 4.088227699230107], [2.67758523772066, 1.0554206819015035, -3.750967048711006]]]], [[[[]], [[]], [[]]], [[[-1.6106270466139383], [-0.02039281213408841]], [[2.4713999034940457], [0.8811657065558958]], [[0.34767413043876905], [-1.2425593675921713]], [[-0.4100137615926599, 1.6766381523184775, -0.45188522478582377], [0.34218344392733074, 0.10515592712679557, 1.1274634119469864]]]], [[[[]], [[]], [[]]], [[[0.01354257239687096], [-1.530044073694738]], [[-0.3160443844168857], [1.2275408547172788]], [[-0.3564541955071169], [1.187131224628764]], [[2.8554725108219206, 0.45832713841755385, -2.7277559987695232], [-2.799808278669771, -1.117947436298939, 1.9878226469926643]]]], [[[[]], [[]], [[]]], [[[0.003916463498997786], [1.6041900283556643]], [[2.6765300287383322], [1.0762551443491915]], [[3.8835587310701265], [-0.7993513937316221]], [[3.3725130960442455, 1.8706520859664788, -1.5960721725801346], [2.935594047598886, -2.8309654314377375, -3.1732789674992827]]]], [[[[]], [[]], [[]]], [[[-3.141592666515371], [1.526806722415435]], [[-2.755399976879104], [-1.1406171933122218]], [[3.174377941201435], [1.55959607831359]], [[3.11843195701969, 1.1836991130252577, -0.7733540859732688], [0.0031084379510752823, -3.5106823257631343, 0.7951632468805955]]]]]}