{"noise_params": [0.0, 0.05, 0.1, 0.15000000000000002, 0.2, 0.25, 0.30000000000000004, 0.35000000000000003, 0.4, 0.45, 0.5, 0.55, 0.6000000000000001, 0.65, 0.7000000000000001, 0.75, 0.8, 0.8500000000000001, 0.9, 0.9500000000000001, 1.0], "max_scores": [1.4142135623730945, 1.409711212220964, 1.4051736881529238, 1.2968772378378164, 1.3956941941306504, 1.2968508930958662, 1.3857711334566272, 1.378856240426134, 1.3738934356858095, 1.3689333278447602, 1.3642599777648414, 1.3580892025998264, 1.3519363677114264, 1.346411341187324, 1.3274278247197464, 1.3335178865028383, 1.3267323701745344, 1.3125907853245522, 1.3122965489626024, 1.3044910189908627, 1.2968395546490394], "opt_settings": [[[[[-1.5915651426157431, -0.009810696329060505]], [[-1.6280579531330213, -0.20457496255745833]], [[-1.5670241141141505, 3.137891928898209]], [[-1.6324519843631211, -3.092333032010065]]], [[[-3.1269448803430446], [-1.6243184917423004]], [[1.5626209127161783], [0.059990067421892695]], [[-0.18141812708417468], [-1.6840719272772176]], [[-1.0507515629068582], [0.4524410486019916]], [[-3.8780600837526693, -0.7094042920585781, -0.9691757690839561, -3.4087728870416676], [0.7638755537009128, 3.770329833578923, -2.4531290378319475, 1.2289681621876272]]]], [[[[-1.5436553995268236, 3.1049060150149415]], [[1.3956927840230844, 2.8280605367855802]], [[0.4468873337538256, 1.4756573691081825]], [[-2.027307724968417, 0.669711732272916]]], [[[-1.090602004927649], [0.5649237651467562]], [[-4.8959072555455965], [-3.243893865951146]], [[-1.6574956843081008], [-0.0019552527116669786]], [[3.1005772763437376], [-1.5288777230703263]], [[-3.374918271331141, -2.3701023310525895, -0.13544446538993565, -3.5074794491399945], [1.2887831167594717, -0.5042171228572367, -0.02984954051655056, 0.4464242779576731]]]], [[[[1.2737760640191365, -0.5911527422227192]], [[-2.584280330385221, 3.101833371311972]], [[-1.5890999492688787, -0.008834082209780502]], [[1.5438443048406372, -0.08616336692837075]]], [[[0.004195786877231269], [1.6891870666835989]], [[-0.012380174780850602], [-1.6972636831114118]], [[-0.7824945606922487], [0.9024138707088619]], [[-0.7029756723690995], [-2.387948495221294]], [[0.4867955170442124, -3.451350518243738, -3.1743134501823835, 1.5753818703932738], [2.7044614627585606, 3.3876755107675294, 1.4947290979559997, -3.102550032888664]]]], [[[[3.1185652405339344, -1.9002220538214958]], [[0.7622380489023719, -2.349147000668254]], [[-0.23326598097774404, -1.2898634309119785]], [[1.8084722002969849, -3.0190479519326385]]], [[[-0.001462255357517593], [1.8815794692837922]], [[0.07676464239156126], [1.9573980610875523]], [[-1.887928854277147], [-0.0055360225489342624]], [[2.658940520773397], [0.7790876563727359]], [[-3.0379202597754937, -0.5349221487249783, 0.17561891879308109, -1.8061295320765673], [-0.004247930133301604, 3.3196201980926814, -0.04932408634534325, -3.252619571968826]]]], [[[[-4.063310666311759, 2.543581767490192]], [[-1.577072158924206, -2.9702202874341865]], [[2.472433105998845, -0.22546969931584335]], [[-2.8340653840630075, 2.518823653369258]]], [[[0.01936445277664474], [1.7438283293475028]], [[0.0130966954868536], [1.7394235109589342]], [[3.1818532783706672], [-1.3747591249714386]], [[1.3981243226371296], [3.122578441659883]], [[-0.4485711726593774, 0.7349346704992517, -2.7229049734364112, -0.22828505705387606], [0.34357492551340085, -0.610377342326538, -0.2565810665238248, 0.07774386941470582]]]], [[[[3.0757888536184352, -1.6747899380691764]], [[4.276372194396863, 0.3707104439656022]], [[1.6481079075803777, 0.03792841332981112]], [[1.1651931176515218, 0.45704417606881376]]], [[[1.4372887964149779], [3.1394767828397168]], [[1.3437844065751594], [3.0461787897133106]], [[0.6744170917885709], [2.3791063498357587]], [[-1.7933123699477944], [-0.08807690871281956]], [[-3.081763192700912, 0.6808689981365139, -1.632040049360487, 2.473699586844356], [0.030114254061913696, 2.7336346865225822, -0.034610118219224474, -2.7382959570987757]]]], [[[[0.7593933062333685, -1.5096482645305498]], [[1.6001789214810223, 0.05465486787845951]], [[1.564158909407028, 3.1407227105544044]], [[4.848062375510174, -3.562086976328569]]], [[[-4.490742010884941], [-3.1410666135973995]], [[1.1623009456635656], [-0.18766479491452917]], [[2.0814476572934257], [0.7323505504313081]], [[7.4038630895232105], [6.054761973772111]], [[3.125906636683364, -2.6293127964561354, 1.7045648467127248, 22.28267477824804], [12.625398358657549, -1.1467025353266065, 0.23775235355567678, 2.2546436464992774]]]], [[[[1.6699557387618478, -0.09566352796250283]], [[1.270145873007408, -0.3228740947177603]], [[1.495475333005263, 3.138759435157018]], [[-1.5474687780527328, 3.1378389505638893]]], [[[0.9880442351277942], [-0.4939273283899046]], [[2.943351215269819], [1.4626400756638704]], [[-1.385162721109431], [0.09558470562369237]], [[-2.0053278141350135], [2.7969411588882913]], [[0.16620762453768395, 2.385805215832657, -2.519395157988982, -2.7131138879594796], [-1.24651485238102, 0.3705135425081584, -0.8932331850905542, 1.9184329659211474]]]], [[[[1.5348363367243152, -0.068421455177421]], [[1.6638767862772212, -0.15773570957945632]], [[-4.326303891031102, -0.01334996722861588]], [[-1.5891763003799275, -3.089330752917863]]], [[[-3.609741585609706], [1.1267325993078205]], [[0.3013591330534115], [-1.2445676569023796]], [[1.656049305524833], [3.2012029899719665]], [[0.6604777937066063], [2.2056339922541928]], [[-1.144840703861128, -0.37537146501949514, -0.521787009401157, 1.3721350553495855], [0.19154339381707855, -2.143585211402445, 0.6589662588689915, -3.2075134462700974]]]], [[[[-1.4465554544749335, 0.18120381346891776]], [[-1.495538221289512, -3.0576678677160714]], [[1.5658130377950652, 2.8148837599021657]], [[-1.7325949491503865, 0.10867838177849373]]], [[[2.043431611698954], [0.31165528954870386]], [[-2.7441480588980425], [-1.0130343509292068]], [[1.308473650460765], [-3.2429019324791373]], [[0.3418453496587362], [2.073461650208149]], [[2.111182201441598, 1.2618717044307508, -2.36479792672007, 2.015492564836393], [0.25710757290191494, -0.3053455434257255, -0.4778822033417393, 3.4539607522571116]]]], [[[[0.5949413140197919, -3.0245017888091055]], [[-1.600650134540278, -3.1492720764974114]], [[-1.517525643148468, -3.0808688714837302]], [[-1.5627209368520727, -3.117048874399848]]], [[[-0.02001868275404902], [-1.6100795160220824]], [[-1.1462646874777356], [-2.73645439917905]], [[-1.6727698101957191], [-0.08252486328648061]], [[-0.5724059563026436], [-2.1630917184879728]], [[-2.841038981073467, 1.2097390977423126, -0.835120213512509, 1.7672849070544627], [-3.3611148044979364, -0.37947035056841744, 0.6536191635374473, 0.209354603353075]]]], [[[[-1.6454487509320839, -0.07135401559523585]], [[-1.5533197930506313, 3.116378654265295]], [[1.5841188323259516, 3.1383425189411436]], [[1.69089624923209, 2.9365254414687367]]], [[[0.30476808868933086], [1.937411758393566]], [[0.5636315426417041], [-1.0701630184634658]], [[3.9465021030517375], [-0.7040517437384889]], [[5.118355018367471], [-2.7986645852837264]], [[2.152090857493565, 2.851440296500693, -1.6291977130521593, 2.097337977570371], [0.3023269471506514, 1.3462527553752208, -0.0426411520557883, 3.44563324181188]]]], [[[[-1.4171005891244908, 2.9417180724483725]], [[4.069054102332349, -0.6196205771836849]], [[-1.7924156253544496, -0.12681303735857993]], [[3.800359525032959, 0.8006438615692069]]], [[[-0.22158000361391067], [-2.221137478563835]], [[-0.9867682352134698], [-2.988425705430642]], [[-3.0448306766400512], [-1.0442065956828246]], [[3.0589646927856267], [1.0579988261999125]], [[-0.9590709253523176, -0.7658183832058991, 2.259852270562099, 0.5555011490673833], [0.2046807034852073, 0.18458487452277358, -2.7263857715517936, -0.12259559082268875]]]], [[[[-0.7501056441940581, 2.8251263665042425]], [[-1.5179927271322637, 0.03448208853021496]], [[1.5380330959689004, -3.123058561330698]], [[1.6179588629267696, -3.0536187733476945]]], [[[1.6110697952519655], [0.028101369731592978]], [[-2.212671050251507], 