{"noise_params": [0.0, 0.05, 0.1, 0.15000000000000002, 0.2, 0.25, 0.30000000000000004, 0.35000000000000003, 0.4, 0.45, 0.5, 0.55, 0.6000000000000001, 0.65, 0.7000000000000001, 0.75, 0.8, 0.8500000000000001, 0.9, 0.9500000000000001, 1.0], "max_scores": [1.414213562373095, 1.4082499290995756, 1.402162331289495, 1.3959036034090473, 1.389594461041651, 1.3830071149525567, 1.374011207403135, 1.3686164869076236, 1.362399831427973, 1.3549535476022418, 1.3479472444673402, 1.3401263221827961, 1.331203563437181, 1.1708341646570997, 1.3162363701370468, 1.1649918835478865, 1.2987935785201041, 1.2896101027457334, 1.280080928031683, 1.2696227401519158, 1.2599210498915905], "opt_settings": [[[[[1.4880991700421016, 3.1098217997730133]], [[1.8630503095295994, -2.7639855531508535]], [[-1.578736060393773, -3.087758266249034]]], [[[1.8717541489886358], [0.2875057123163975]], [[1.6352134858405776], [3.21935253453988]], [[-2.540284827995464], [2.158806730147945]], [[2.1026512837322113, 0.48524196421041105, -0.14650150473539905], [-2.689586661126299, -0.6463375637714899, 1.339226019788954]]]], [[[[-1.5749876356947918, 0.009885955434410298]], [[-1.5715702162376355, -3.140758978949496]], [[-1.4400565996340309, 0.10661482423911094]]], [[[-1.7871257086233814], [2.930207144028027]], [[2.840440398022754], [-1.8768932603282054]], [[-1.5537289269957753], [0.012123582364756325]], [[-0.5526246839679552, -2.655834846724624, 0.6930761233792387], [0.9803587542038007, 2.048503492193231, -3.862734605401806]]]], [[[[1.546020603066403, 0.03971650200847868]], [[1.5827601497790105, 0.015127835049715224]], [[-1.5916375001552387, 3.1200842436043272]]], [[[0.11763817817645045], [1.707335688864979]], [[-0.5179832671275721], [4.175503227494878]], [[-1.135996719658896], [3.557489758187069]], [[0.8687702267425366, -1.3118349064964334, 1.2019066367827835], [-0.6160684109564482, 0.2570339199579931, -0.35185519597057574]]]], [[[[1.5752865987296918, -3.1257484294952307]], [[1.5701398671190383, -0.00955006574486518]], [[1.5689576953096394, 0.001140296254166707]]], [[[2.9728223994227467], [1.3881110999303756]], [[1.081292392647851], [2.666003716817817]], [[0.35451350064084763], [-1.230198006997578]], [[-2.22217888163408, -1.267888561210303, -0.4426315221062199], [2.573639115711568, 0.30279692143475156, 1.1374688481088575]]]], [[[[1.5699918928658254, 3.138602922880302]], [[1.567742915905924, 0.0033756774449855776]], [[-1.559666536469925, -0.012384404325212426]]], [[[1.538552573056943], [-0.022279112415778606]], [[1.0621654393871698], [-0.4986662400417634]], [[-2.428526243464329], [2.293827497017479]], [[2.439090603687738, 0.28420601392854195, 0.06372479271136687], [0.7562372797003997, 1.849974340963864, -1.499663193057088]]]], [[[[-1.7200862869511333, 3.0343481480938714]], [[-0.5162220066357864, 1.9514155976756893]], [[1.5600789756895679, 3.017583595018842e-05]]], [[[-0.10644703395066596], [1.3948261158292286]], [[1.4968818553453704], [-0.004394261416982692]], [[0.6394596771325879], [-0.8618151566640183]], [[0.5191694234476683, 3.255998389858329, 3.0313847029187864], [2.3553633363551443, 2.987737011417389, -1.683275707981829]]]], [[[[1.5280267554637488, 0.0248121781440894]], [[-1.5708370881549754, -0.002017434837684827]], [[-1.7605301399040882, 0.2209105885403042]]], [[[0.7217023133941548], [2.406036620565702]], [[2.60646942739825], [-1.9923739541232244]], [[-1.8372007260705971], [-0.15285885878193053]], [[-1.5823333218934055, -0.3200243834737579, 0.8529939386788119], [-0.002735650294844382, 1.2718700211227196, -0.4682456425155928]]]], [[[[1.5255525606618299, 3.130080393065766]], [[-0.9040323531348563, -1.1590837304796429]], [[1.5688525052703948, -3.1412431699405357]]], [[[1.1251462598588027], [-0.34184783567098237]], [[-1.4644509834215607], [0.002545465822309116]], [[2.274084533436159], [0.8070908849806553]], [[-3.452287031865245, 0.17272387230534708, 1.5977788095267818], [-2.0483203181549694, -3.340779264166463, 0.035145776487747665]]]], [[[[-3.6790437753620893, 2.535697513597246]], [[-0.7390661036561682, 2.565621076030208]], [[-3.342175612695805, -1.0844604468836383]]], [[[-1.9778244899913886], [-3.172228757181469]], [[3.095838763573998], [4.29009041404224]], [[-1.951676074068148], [3.136881436503355]], [[-0.1416166740728071, 0.23613652332115137, 0.041446078418722776], [-2.785347743749871, -0.4757180166615613, -0.13472914635648256]]]], [[[[1.6389378338327636, 0.1255568167487898]], [[1.5641248480347556, -3.1239158697653377]], [[-1.7113403248440255, 0.17912128416499928]]], [[[-0.24567071372629087], [-1.9244707264520506]], [[1.9033514761571813], [0.22455165255424897]], [[-1.2855691671941623], [-2.964373179576765]], [[2.2109985166375234, 2.0805364333102916, -0.9031460719536257], [0.33751727769727957, -2.6366630850753885, 3.6114808331290207]]]], [[[[-1.4329714732324703, 3.0627906381715047]], [[-1.5926337456522404, -3.1299916479773002]], [[-1.5526251961267585, 0.007735167942947929]]], [[[-3.013588703450255], [-1.4244238706114747]], [[1.5612680023592844], [-0.027896772050751834]], [[0.38250659448311636], [-1.2066588613120972]], [[-2.4145935984212965, 0.7537960169855825, -2.736789249519232], [-3.5788830613835265, -0.7919846616738622, 1.989703208269263]]]], [[[[-1.3877403365541767, 3.1270981579666013]], [[1.623562870488776, -3.1222406050076312]], [[1.5892148328926297, -0.0029523183225190633]]], [[[-1.9709576920329788], [-3.4071009471313918]], [[-0.7916303660211876], [0.6445129505150576]], [[0.0144237945770448], [1.450566855326769]], [[0.2701185704242381, 0.07705713546642884, 0.7184208883027003], [-0.9352292374105604, -1.5034024793747833, 2.3275648136525304]]]], [[[[-1.4909012052495236, 0.086606559896208]], [[-0.8799674491699463, -2.465215017670402]], [[1.5789934428389902, 2.94379603928343]]], [[[-2.3182691482706987], [-3.5350093036180787]], [[-1.11231675597839], [0.10453329081519887]], [[2.404656936462609], [3.6213969822704133]], [[2.995797036027607, 2.935576416077999, 0.10535047408931614], [-1.870352306462892, -2.519940357081451, -1.367836030773536]]]], [[[[-1.6272798871138943, -0.014562147052764809]], [[0.08416015285262189, -1.5443646539208684]], [[-0.4863684674514548, 2.034643067410844]]], [[[2.5562976517799645], [-2.6991142527285175]], [[1.1125026995666474e-05], [1.0275776326671346]], [[-3.14618037397219], [-2.1182235142362464]], [[0.023621874827117827, -3.140055130925664, 0.09753042426306333], [1.7592560949025702, 3.1558617586083693, -0.18072077856900068]]]], [[[[1.7423326600853803, 2.5607359760252106]], [[1.5850406175611167, -3.125108505920915]], [[-1.5769596046017753, 3.129332274003629]]], [[[-1.5526119120697635], [-0.0003369779628755276]], [[0.2963292869267734], [1.8486038678441796]], [[-1.410818308904409], [0.14145674280691622]], [[0.3566306048875115, -1.0612988752867392, -3.7737569712915087], [-0.3617365857461077, 0.48616629295849234, 0.9333915830985733]]]], [[[[-1.2898285334169115, 0.11473225718200464]], [[-1.5509632459365619, -3.183053851206428]], [[-0.006858130025425976, 1.3808911996498714]]], [[[3.063605333160434], [-1.6593502106751392]], [[0.7200343731680345], [-4.0029944464096765]], [[1.581364952938189], [-3.1415835277302318]], [[-0.32031599377727027, 1.4767728209661346, 0.027700306530393633], [0.5313085235478451, 3.0951637361872555, -3.1247307315953115]]]], [[[[1.482898519394995, -0.2582525997102171]], [[-1.5765056681233998, -3.139188027881475]], [[1.5119059304614488, -3.0288028798304327]]], [[[-3.2368043864047107], [-1.768051904145625]], [[2.275546513595065], [0.8067887910697271]], [[-0.023165276762675623], [-1.4919276431140216]], [[3.4068866386608776, 1.5311901600964704, 3.846324689600025], [-0.5718770194009849, -3.1560469372185107, -3.8791148168030225]]]], [[[[1.5993337927947147, -0.05010030499535707]], [[-1.49564337886762, -0.06392134315869898]], [[-1.4781027617037774, 3.135737040759263]]], [[[-2.655755148567855], [2.3839324473849715]], [[-0.6991421187438006], [0.5443557359809592]], [[-0.8928961468621532], [0.350606731380416]], [[3.1024174668382063, -3.0653178105048826, 