{"noise_params": [0.0, 0.05, 0.1, 0.15000000000000002, 0.2, 0.25, 0.30000000000000004, 0.35000000000000003, 0.4, 0.45, 0.5, 0.55, 0.6000000000000001, 0.65, 0.7000000000000001, 0.75, 0.8, 0.8500000000000001, 0.9, 0.9500000000000001, 1.0], "max_scores": [1.414213562373095, 1.4097450200570565, 1.2897301410149278, 1.4004942023281393, 1.3957085974054297, 1.3900869642669096, 1.3856610717449014, 1.380081161841145, 1.3743577749046911, 1.364343538126191, 1.3640128899275346, 1.3581237954107184, 1.3515814463066722, 1.3175435279119991, 1.3272033317976968, 1.3335205075122485, 1.326683065821788, 1.3196497664820754, 1.2999991281457193, 1.296844224736495, 1.2968395546482632], "opt_settings": [[[[[1.6375463372325059, -0.033017372078643525]], [[-1.5548896211979677, 3.102449279059069]], [[1.6566517212789615, -0.0452324452445438]], [[1.5568565044749754, -0.04150829296088202]]], [[[-3.036928437472194], [-1.4868278873373608]], [[-0.9572975775044319], [0.5930735033690132]], [[-0.16980573667962665], [-1.7199289988629334]], [[1.9342491794408365], [3.4842932038013736]], [[-2.293013211302522, -0.188551627645475, -0.8998112769931716, -0.4307495569489769], [-0.6566060144380528, 1.39576482017018, -2.5657365697805368, 1.1368149836272725]]]], [[[[0.8900560533878701, -0.9099833826385044]], [[-1.5312825451909733, 3.1180486536793826]], [[-0.43440137677462437, 1.882067080593491]], [[1.6560886533304093, 0.004851683860519997]]], [[[3.1015438616047044], [1.6160167250401483]], [[1.3461581372279574], [2.831032144594276]], [[-1.6577531747218746], [-3.1426276270150764]], [[-0.8000406855972421], [0.6857584242918378]], [[2.809628170722742, 2.083690353822758, 0.10124357182580705, 3.0698705348799376], [0.21304007103428335, 0.5277130547982872, -0.1266927728673797, 1.5340845033057044]]]], [[[[-2.6227377359137933, 0.7672414244252826]], [[-0.15260334263333553, 1.7549831844787]], [[2.9492854744265466, 1.4323243640570218]], [[-0.5397690815108862, 1.8202966397462377]]], [[[0.0012258865339139556], [1.7893706835501462]], [[1.3588463758654545], [3.1386825013929656]], [[-0.0031934911984190873], [-1.7915750226946419]], [[-1.3475129709872018], [-3.125847130062812]], [[-3.3638993486675997, -0.18773600094642978, 2.9543740724543253, -2.984940177274109], [3.3266732850538387, -3.1054368107709553, -0.0426887075983349, -0.028065785285864477]]]], [[[[0.961873936355678, 2.545397920539177]], [[1.6201366567098359, -0.023650515235425936]], [[-1.568864473593573, -0.02375269321541591]], [[2.044948831070919, 3.1299121363752693]]], [[[-1.6699840989710095], [3.1093925864481617]], [[1.3116160857062407], [-0.1927789087421939]], [[1.0724388347015295], [-0.43210123533351724]], [[-3.1723837085494475], [-1.668767329619599]], [[2.791013277174059, 0.5599645128848298, -0.3314506721606862, 2.6404272917592584], [-2.6822577201856665, 2.1287669991181093, 1.2665956809146077, 0.5968372458579922]]]], [[[[1.8050107431449354, 0.31475674893985894]], [[1.568795114346461, 0.02170711492201582]], [[-1.5393857517960705, 3.109857538581851]], [[-1.4808115857925332, -3.0040017644501162]]], [[[0.03532272216372217], [-1.558448800265239]], [[-3.1909743282168455], [1.4976557456789827]], [[-1.001579641391118], [0.5928022535619757]], [[-1.2805220443997112], [-2.8741808080091045]], [[-3.675544331917665, 2.273407594975939, 2.9124616003596913, 0.9957383456559257], [3.7414001764911857, -2.3986686353164726, -1.754319157740675, -0.43959579593886783]]]], [[[[1.359017067993429, -2.9769851676253984]], [[1.0444307209481545, -1.231224359854734]], [[-1.5617729025876503, -3.1375605202789068]], [[-1.2972163833974157, 0.08850635156481901]]], [[[2.1627946699178784], [0.3329734218418132]], [[-0.01587025270164777], [-1.8457021329546297]], [[1.927584511532403], [-2.527341248560729]], [[-0.3491572449268894], [-2.17805076071501]], [[-1.1323876132053252, -0.23546736467794102, 2.726317063384125, 1.1210519717277616], [0.24785682418830327, -3.034776704227613, 1.3132031008347123, -0.23694799775446915]]]], [[[[-2.8552572682594084, -1.8142091687458914]], [[-1.7154820590047395, 3.0098669654495427]], [[-1.5451045778216304, 3.1229427230774096]], [[-1.5644766156672658, -0.005137664537364202]]], [[[1.618449283382003], [-0.0004643524607080066]], [[-1.3510369180880315], [0.26718859112118865]], [[0.4369526068737209], [-1.1820209604387624]], [[0.5849746839615789], [-1.0337415117782598]], [[0.059640708903105445, -0.4285088307762449, 2.7507756957228366, 0.19650630079169748], [3.074110682091022, 0.9392104330566861, 1.2119272580896854, -1.324661170772383]]]], [[[[1.6538672624210957, 0.08016652568913803]], [[1.73180677808897, 0.04082018223090269]], [[1.5676810632056983, -6.282341752077449]], [[-1.563437921135094, -0.005540805195444412]]], [[[0.2801521639745111], [-1.2284525475684287]], [[1.1865477466009362], [-0.32227873489751474]], [[-0.10207700401101291], [-4.876816809771623]], [[-2.217268693481041], [-0.709165558831443]], [[-0.35295618679122714, 0.36456935044895605, -2.4735816701011397, -1.6987060116238704], [-2.16436162974617, 2.0809890814878442, -0.9394453071326129, -3.2221069584458863]]]], [[[[1.854243539332706, -0.2529787610777734]], [[-1.6207847670300797, -3.1112696282201853]], [[-2.1495783436118985, 2.7324112414912207]], [[-1.6381744642270315, 0.13510396465496877]]], [[[0.30079990802419443], [-1.073571579222402]], [[-0.20467606564987065], [-1.5790950457174309]], [[-1.4229485561518826], [-0.04766803105275835]], [[-0.7888207336715799], [0.5857445315086622]], [[-0.2205500195466207, -0.8954003133095988, -0.470334578739241, 0.12240440135381647], [-2.1408794260596493, 0.6904451853950001, 0.41733634220632876, 1.6277881308779762]]]], [[[[1.4093335296182634, 2.9610453740102596]], [[-1.682452719747437, -3.006089637139663]], [[-1.6171369925936665, 0.021033200559696857]], [[1.4089259908402694, -2.906981175026831]]], [[[-0.6400115095137731], [-2.4417938767755802]], [[-2.309205093351438], [-0.507492900659729]], [[1.1309467862573268], [-0.6706728616344299]], [[-3.0563098167453724], [-1.256128412367487]], [[1.5317787970475139, 1.7140774088470079, -3.2211849599761937, -3.922611162352973], [-0.021069653664482314, -2.9735833515465884, -1.8631761369422766, 0.48211943046265937]]]], [[[[1.6077948766069559, -3.126659207077606]], [[-1.5425004168872332, 0.02269969562927081]], [[1.540780283985682, 0.025018611746806637]], [[1.5727715225775414, -3.1305665432314727]]], [[[-3.365183651137729], [-4.972772492161495]], [[1.067929652322064], [-0.539340970536592]], [[1.8090460359547962], [0.20112840780081898]], [[2.9107410460013807], [1.3033617470911454]], [[0.8726023831564131, -0.2759020251787349, 0.9911077864429454, 1.0669453224924843], [-3.514002881411114, 1.3158459756089693, -0.5540166363640764, -0.564448912958105]]]], [[[[-1.3209553548098887, -3.0172739205871952]], [[1.5768939347677289, 3.137885016142914]], [[1.6733602424574567, 3.022185955405932]], [[1.5845568297633552, 3.1286232416198314]]], [[[-1.1596968918984094], [0.25036063189119545]], [[-1.0732084754447615], [-2.4829097902280273]], [[-0.6869974017830862], [0.7227004976463423]], [[2.9760347664818383], [1.566054153239556]], [[-0.26399292930162327, -1.3983802705905537, -3.161734894133625, 0.8772398932289791], [-2.221514943857015, -2.865843084146702, 1.5584229458502155, -0.7141860468425312]]]], [[[[-1.5771451517691317, 0.08973848724275414]], [[-1.651175326310428, 0.10769478291081194]], [[-1.6526064783667642, -3.097954455188702]], [[-1.4973227188023919, 3.0990437564421622]]], [[[-0.9960185486907833], [0.4344716183648877]], [[-2.985428812527778], [1.866869901026109]], [[-2.0266270171185568], [2.8249878631293055]], [[2.2055873078604384], [-2.6469226074929795]], [[0.17688864599488316, 0.5255320431985728, 0.3925582870776406, 2.9115528716353256], [1.9454147667565915, 2.1837390973972295, 1.9799158254471174, -1.7747753447585748]]]], [[[[-0.36616153220095565, 1.4047647068567115]], [[-1.548119717054866, 2.80543559469457]], [[2.28232820126364, 1.0228707870435845]], [[0.6151235557591018, 1.9662839459434243]]], [[[2.073535265797862], [0.0036686355487261985]], 