{
  "datetime": "2022-01-31T04:05:42Z",
  "opt_score": 0.21809125676096902,
  "opt_settings": [
    [
      [
        []
      ],
      [
        []
      ],
      [
        []
      ]
    ],
    [
      [
        [
          -1.03810313010036
        ],
        [
          -0.665636500387901
        ]
      ],
      [
        [
          2.10961855894288
        ],
        [
          3.4236091119000176
        ]
      ],
      [
        [
          2.7399034267743385
        ],
        [
          -1.5504372481802362
        ]
      ],
      [
        [
          6.932221899528594,
          2.404245335625492,
          -0.9351654402020084
        ],
        [
          -1.3007436768632297,
          2.6422979260630615,
          0.12379235542908942
        ]
      ]
    ]
  ],
  "scores": [
    0.37798059722685096,
    0.21809125676096902,
    0.6067844413421148,
    0.6487975243380198,
    0.7245140630655044,
    0.9663011162787196,
    1.0614858339514237,
    1.1161578510084835,
    1.162689620679068,
    1.1399634449982914,
    1.1789085041184322
  ],
  "samples": [
    0,
    1,
    2,
    3,
    4,
    5,
    6,
    7,
    8,
    9,
    10
  ],
  "settings_history": [
    [
      [
        [
          []
        ],
        [
          []
        ],
        [
          []
        ]
      ],
      [
        [
          [
            0.6545214044866459
          ],
          [
            1.333886461832119
          ]
        ],
        [
          [
            2.699265025499778
          ],
          [
            2.6298457904984227
          ]
        ],
        [
          [
            1.9424579248171625
          ],
          [
            -1.7763309932756175
          ]
        ],
        [
          [
            2.6309838019036507,
            2.4059400708885432,
            -0.8029760896839844
          ],
          [
            -1.100535608894483,
            3.006312595097147,
            0.27459843260035477
          ]
        ]
      ]
    ],
    [
      [
        [
          []
        ],
        [
          []
        ],
        [
          []
        ]
      ],
      [
        [
          [
            -1.03810313010036
          ],
          [
            -0.665636500387901
          ]
        ],
        [
          [
            2.10961855894288
          ],
          [
            3.4236091119000176
          ]
        ],
        [
          [
            2.7399034267743385
          ],
          [
            -1.5504372481802362
          ]
        ],
        [
          [
            6.932221899528594,
            2.404245335625492,
            -0.9351654402020084
          ],
          [
            -1.3007436768632297,
            2.6422979260630615,
            0.12379235542908942
          ]
        ]
      ]
    ],
    [
      [
        [
          []
        ],
        [
          []
        ],
        [
          []
        ]
      ],
      [
        [
          [
            -1.0543942270594449
          ],
          [
            -1.1914626261848122
          ]
        ],
        [
          [
            1.1884633953280368
          ],
          [
            2.53909098649115
          ]
        ],
        [
          [
            2.17658463252062
          ],
          [
            -1.580637389349987
          ]
        ],
        [
          [
            6.188374814391214,
            2.418705292524636,
            -0.850423367211674
          ],
          [
            -1.0251372849499656,
            4.071866040214788,
            0.504711758886446
          ]
        ]
      ]
    ],
    [
      [
        [
          []
        ],
        [
          []
        ],
        [
          []
        ]
      ],
      [
        [
          [
            -1.0868409722010048
          ],
          [
            -0.9628851258313421
          ]
        ],
        [
          [
            1.3138599446259018
          ],
          [
            2.602368838294604
          ]
        ],
        [
          [
            2.6517078400399905
          ],
          [
            -1.9566999233358962
          ]
        ],
        [
          [
            5.989042439401524,
            2.2709414921591446,
            -0.6328153160502212
          ],
          [
            -1.487273943476195,
            3.9631280029144986,
            0.20102195471206663
          ]
        ]
      ]
    ],
    [
      [
        [
          []
        ],
        [
          []
        ],
        [
          []
        ]
      ],
      [
        [
          [
            -1.0337535004012162
          ],
          [
            -0.8019440717118668
          ]
        ],
        [
          [
            1.5298275737020173
          ],
          [
            2.615856638868175
          ]
        ],
        [
          [
            2.507744016597434
          ],
          [
            -2.321978627439975
          ]
        ],
        [
          [
            5.700679998958477,
            2.108277574142043,
            -0.23840991363779607
          ],
          [
            -1.412705591901925,
            4.088538412380316,
            0.28745345312769727
          ]
        ]
      ]
    ],
    [
      [
        [
          []
        ],
        [
          []
        ],
        [
          []
        ]
      ],
      [
        [
          [
            -1.065016754820271
          ],
          [
            -0.5531039086785191
          ]
        ],
        [
          [
            1.7690929128661717
          ],
          [
            2.528324810547605
          ]
        ],
        [
          [
            2.916613242869902
          ],
          [
            -2.3835816748431835
          ]
        ],
        [
          [
            5.574927236467291,
            2.0714221989789414,
            -0.14966068862192516
          ],
          [
            -1.5399292085103133,
            4.066024120677146,
            -0.22465734069202342
          ]
        ]
      ]
    ],
    [
      [
        [
          []
        ],
        [
          []
        ],
        [
          []
        ]
      ],
      [
        [
          [
            -1.1755795768254527
          ],
          [
            -0.29028591833450174
          ]
        ],
        [
          [
            1.7310947370498833
          ],
          [
            2.6784112045468196
          ]
        ],
        [
          [
            3.0816001997327604
          ],
          [
            -2.2446811269975164
          ]
        ],
        [
          [
            5.499162191557583,
            2.07576555306353,
            0.0016999044527260532
          ],
          [
            -1.736294362035393,
            4.169317571298558,
            -0.5894123381988838
          ]
        ]
      ]
    ],
    [
      [
        [
          []
        ],
        [
          []
        ],
        [
          []
        ]
      ],
      [
        [
          [
            -1.227087922538909
          ],
          [
            -0.12604465273115412
          ]
        ],
        [
          [
            1.628025173368937
          ],
          [
            2.779543065407376
          ]
        ],
        [
          [
            2.977658794517907
          ],
          [
            -2.2079760701223856
          ]
        ],
        [
          [
            5.518181014660283,
            2.1087243090085495,
            0.1705351840871454
          ],
          [
            -1.9066071421452357,
            4.094561480547162,
            -0.6371906828781069
          ]
        ]
      ]
    ],
    [
      [
        [
          []
        ],
        [
          []
        ],
        [
          []
        ]
      ],
      [
        [
          [
            -1.2487025555911113
          ],
          [
            -0.02811757621462549
          ]
        ],
        [
          [
            1.5795400414012912
          ],
          [
            2.8474755998445698
