{
  "datetime": "2022-01-21T14:16:18Z",
  "opt_score": 0.8901790686778432,
  "opt_settings": [
    [
      [
        []
      ],
      [
        []
      ]
    ],
    [
      [
        [
          2.5447263028374234
        ],
        [
          1.04579543875846
        ]
      ],
      [
        [
          1.846287932337004,
          2.567320799627651
        ],
        [
          1.3554326693376444,
          0.7932705540928149
        ]
      ],
      [
        [
          2.4138853519634735
        ],
        [
          1.724519711672873
        ]
      ]
    ]
  ],
  "scores": [
    0.7165166959452773,
    0.8901790686778432,
    1.0519241707766378,
    1.0961470819735486,
    1.131024878052596,
    1.1539952622407792,
    1.1695235184513817,
    1.208554217998599,
    1.1828931287376168,
    1.1899421116450872,
    1.1970643276577002
  ],
  "samples": [
    0,
    1,
    2,
    3,
    4,
    5,
    6,
    7,
    8,
    9,
    10
  ],
  "settings_history": [
    [
      [
        [
          []
        ],
        [
          []
        ]
      ],
      [
        [
          [
            1.6836968059189203
          ],
          [
            1.022434094776985
          ]
        ],
        [
          [
            2.0181559325222835,
            2.5947906937041525
          ],
          [
            1.2883136261151504,
            0.8274900105904464
          ]
        ],
        [
          [
            2.231491980213022
          ],
          [
            1.5888898620156668
          ]
        ]
      ]
    ],
    [
      [
        [
          []
        ],
        [
          []
        ]
      ],
      [
        [
          [
            2.5447263028374234
          ],
          [
            1.04579543875846
          ]
        ],
        [
          [
            1.846287932337004,
            2.567320799627651
          ],
          [
            1.3554326693376444,
            0.7932705540928149
          ]
        ],
        [
          [
            2.4138853519634735
          ],
          [
            1.724519711672873
          ]
        ]
      ]
    ],
    [
      [
        [
          []
        ],
        [
          []
        ]
      ],
      [
        [
          [
            2.5290888033407
          ],
          [
            1.1359762900195072
          ]
        ],
        [
          [
            1.765648178746285,
            2.550067870660197
          ],
          [
            1.1326614629389204,
            0.7481208398867035
          ]
        ],
        [
          [
            2.6425980518580143
          ],
          [
            1.701622735972873
          ]
        ]
      ]
    ],
    [
      [
        [
          []
        ],
        [
          []
        ]
      ],
      [
        [
          [
            2.618786295882761
          ],
          [
            1.1563008727808335
          ]
        ],
        [
          [
            1.7730632141420968,
            2.5641706190295874
          ],
          [
            0.9758092979272951,
            0.6797962241037304
          ]
        ],
        [
          [
            2.810938800860601
          ],
          [
            1.6952814562677134
          ]
        ]
      ]
    ],
    [
      [
        [
          []
        ],
        [
          []
        ]
      ],
      [
        [
          [
            2.682414967072246
          ],
          [
            1.1877299448992744
          ]
        ],
        [
          [
            1.795055363915814,
            2.6031156421895334
          ],
          [
            0.8658629936253472,
            0.6288794404853968
          ]
        ],
        [
          [
            2.9150942788682674
          ],
          [
            1.6753839465622455
          ]
        ]
      ]
    ],
    [
      [
        [
          []
        ],
        [
          []
        ]
      ],
      [
        [
          [
            2.653848133209073
          ],
          [
            1.2046263015600398
          ]
        ],
        [
          [
            1.7867962342987818,
            2.6343963576101435
          ],
          [
            0.7306452254433429,
            0.5632863801039486
          ]
        ],
        [
          [
            2.993690323320417
          ],
          [
            1.6381946619363368
          ]
        ]
      ]
    ],
    [
      [
        [
          []
        ],
        [
          []
        ]
      ],
      [
        [
          [
            2.6158660210258295
          ],
          [
            1.1406108005751008
          ]
        ],
        [
          [
            1.7366575776211055,
            2.645871126285673
          ],
          [
            0.5936853232953824,
            0.6005379747964449
          ]
        ],
        [
          [
            3.081150702835153
          ],
          [
            1.6321681138867958
          ]
        ]
      ]
    ],
    [
      [
        [
          []
        ],
        [
          []
        ]
      ],
      [
        [
          [
            2.626377924475513
          ],
          [
            1.1272538876585505
          ]
        ],
        [
          [
            1.7521327076231077,
            2.6122356617092737
          ],
          [
            0.5089972114007448,
            0.6123898180737652
          ]
        ],
        [
          [
            3.1163895277255604
          ],
          [
            1.5828512290593382
          ]
        ]
      ]
    ],
    [
      [
        [
          []
        ],
        [
          []
        ]
      ],
      [
        [
          [
            2.614779017041411
          ],
          [
            1.1134304007403113
          ]
        ],
        [
          [
            1.7611022358361448,
            2.603745255670235
          ],
          [
            0.44512308787248195,
            0.6190394832796469
          ]
        ],
        [
          [
            3.107098068281057
          ],
          [
            1.6093952769051805
          ]
        ]
      ]
    ],
    [
      [
        [
          []
        ],
        [
          []
        ]
      ],
      [
        [
          [
            2.6416411419499215
          ],
          [
            1.1172431734027537
          ]
        ],
        [
          [
            1.7568196650842178,
            2.5824600737298136
          ],
          [
            0.44442578197014654,
            0.6624026606956372
          ]
        ],
        [
          [
            3.1243769888154507
          ],
          [
            1.5996534210425848
          ]
        ]
      ]
    ],
    [
      [
        [
          []
        ],
        [
          []
        ]
      ],
      [
        [
          [
            2.6795461703918697
          ],
          [
            1.1093752952904599
          ]
        ],
        [
          [
            1.7779726471930368,
            2.630260392733609
          ],
          [
            0.4388584670685927,
            0.6355950877559892
          ]
        ],
        [
          [
            3.1558218311659854
          ],
          [
            1.576788222307863
          ]
        ]
      ]
    ]
  ],
  "step_times": [
    1790.7528278827667,
    1790.7528278827667,
    2049.976797103882,
    899.9579739570618,
    780.1379041671753,
    789.8921599388123,
    790.3338308334351,
    1029.9182221889496,
    910.5262451171875,
    819.4690370559692,
    2451.130650997162
  ],
  "step_size": 0.3,
  "theoretical_score": 1.1822869056704772
}