{"noise_params": [0.0, 0.05, 0.1, 0.15000000000000002, 0.2, 0.25, 0.30000000000000004, 0.35000000000000003, 0.4, 0.45, 0.5, 0.55, 0.6000000000000001, 0.65, 0.7000000000000001, 0.75, 0.8, 0.8500000000000001, 0.9, 0.9500000000000001, 1.0], "max_scores": [2.8282211041103853, 2.6515413538623784, 2.4548143525370514, 2.3178706673610723, 2.0432086197157213, 2.038719282685451, 1.9558724235013478, 1.79186580188435, 1.7672956631243482, 1.9043432877004696, 1.8993321354369037, 1.86019489063729, 1.9903835887204266, 1.9412639138951997, 1.8066903422132388, 1.8035781699650966, 1.9899991444562382, 1.9010613156449438, 1.9072788834109344, 1.8742071096330668, 1.99998409359703], "opt_settings": [[[[[1.6303345552130641, -2.030008169364512, -3.2420609087814456, -0.357770389125796, 2.149628885708409, -1.0707143002980941]]], [[[2.1255943004541162, 0.5040022011839124, 3.0349084959181836], [-1.5510549997246468, 0.6218760137481801, 1.1906652165943497]], [[-0.4187556901070366, 1.6661769565992874, -1.0176047698585156], [-2.497265169298912, -0.02112110790887839, -1.262943591504984]]]], [[[[1.019148730945077, -0.3268282927598547, -0.7862915071240568, 0.2548782838753979, -1.5644078021032748, -2.8142238475173404]]], [[[-0.24920096712057538, -2.2477325773529615, -1.844187581291987], [-1.8952575367852211, -1.788147072559885, -2.436732573423218]], [[1.4129582482171157, 1.9488211301885174, 2.574497380957374], [-2.528869391818164, -0.7146637016258095, 2.932839190766045]]]], [[[[2.453640548039932, -1.1727519960960258, -2.5746893049629826, 1.2044675608036537, -0.4880192901446623, 0.9291953654154658]]], [[[2.7845412208904925, -1.0240672953440906, 2.8159078825515307], [0.29939125752105233, 0.825452340808528, 1.0610401279679014]], [[-2.6165394602653644, 1.8664020440475881, 1.2011574048275415], [-2.4061206508027166, -2.659365808724868, 2.393408324278121]]]], [[[[2.0713929092854912, 2.483227485167205, -2.7357295738500023, -1.986601003111903, 1.7867720564234522, 2.1148179197337305]]], [[[-2.6896626609825405, 1.6457738935396855, 1.7041421559524759], [-2.6172244876066673, -2.7189272354684477, -1.4290925051328858]], [[0.4326373729386048, -2.3780783411900703, -0.06066227689791015], [-1.0700543326102638, 2.131682094981564, 0.41955604626922627]]]], [[[[2.255830849824135, -1.384888994984939, -1.6665111629953027, -0.3587751019747821, 0.2892091316777593, -2.3619336792862544]]], [[[2.510043933821569, -2.331073570336894, -2.8434444600843167], [-0.6126179371406741, 2.3057199419601715, 2.3267934141048627]], [[1.3450699514024604, -1.6457656581020748, -0.6020067269760472], [2.0668204209292678, 2.5026075886888783, -2.4991984601632655]]]], [[[[-2.739606987927319, -0.8083833042769206, 2.662991163193804, -1.169438635125545, -1.6083974509376495, -1.4977918198623645]]], [[[-0.3944226014179375, -1.1176378054748197, 0.9856944419678291], [-2.6944125141334947, 2.3226641132902124, -2.96052840784491]], [[1.8202881758215241, -0.5511862945360091, 1.3836224250854405], [-2.7487611694816594, -1.0170364632744617, -1.752322618566554]]]], [[[[1.6858275026297247, 0.33157989741910826, -3.339965820541805, -2.8580746337270404, 0.30144686234113205, 1.6497588288757121]]], [[[1.3546944105679966, -1.1261828755345724, 2.8236723019689194], [-1.4492478775751425, 2.675551844726967, -0.8160070955358223]], [[-0.07705341760377861, -0.4371994112704367, 2.474659640991037], [-1.5201326133117112, 1.233276197411039, -2.4687152842540776]]]], [[[[0.9202163565382228, 2.405639658925911, 1.0220865980333096, 0.0352727033631359, -1.863909408544155, 1.5514208286482436]]], [[[-2.1298651333970855, -2.6821530474887565, -2.619277101320802], [-1.8707204748740403, -2.157834971629344, -2.0686174121863843]], [[2.673125343202455, -1.9829960063798684, -1.6895054699273984], [-0.9866614802395032, 0.6341924840647638, -2.6746911500173445]]]], [[[[-1.7466516997341366, -2.136855401634972, -1.020833021083507, 0.0025652562214810957, 1.639969727709432, 2.502624672196981]]], [[[-0.3791086410248741, -0.16044062183125177, -0.5675100285299135], [-1.2935205149713096, 0.9365047523524501, -1.4490835051920037]], [[2.9433926982276253, 1.4265711501501195, 1.3862718927781783], [1.4386147623725742, -1.089076739780922, -2.7593581312921076]]]], [[[[0.7449635571284794, 2.594131368887082, 0.5823060316919538, 2.438682974166656, 1.3978159061512958, 2.244586291353459]]], [[[-1.8310088164372513, 0.6186502569955652, 2.713278991394227], [-0.916118033577943, -0.4316296775071365, 0.9460304391051251]], [[0.25174518356155795, 1.0231787934885717, -2.550373217331918], [-0.7128621290062548, 1.9019950205227611, -0.1894194445424393]]]], [[[[-1.3350734245293192, -0.9231921396362497, -1.6384805396486228, -0.9040744277587646, 1.894895129273166, 0.43462859769202034]]], [[[2.632225889273945, 2.207007686330133, -2.9825729182694793], [-2.506029098503071, 1.3970931343505573, 0.19974887024997215]], [[-0.40851024742054187, 0.5663053639160724, -1.4884557545515622], [1.777739081236498, -3.3940834528154324, -0.34653483268909957]]]], [[[[-1.472039232491261, 0.52512044495372, 2.1811386749286785, 0.6325650575013599, 0.5046268073028374, -2.345528302024463]]], [[[1.4070569850681711, -0.5674033495941989, 2.755099845942137], [-2.384433971212148, -2.94426821955444, 1.913631924973343]], [[0.29402832816134095, -1.1740547304207922, 1.4543669500627043], [-2.318595607323547, 0.772584378352047, 1.0359999474578228]]]], [[[[-0.6899414939026681, 3.329988304375366, -2.5592912974904287, 0.5310690337250275, -2.902137961823081, -0.5682376511676384]]], [[[-1.772538758443023, -0.880804722164574, -2.7933108363802233], [-1.0334684495644975, 0.6523067313123235, -1.7982522467669313]], [[0.32140237522407056, 0.11410767082173566, 2.7095743850738376], [1.3892473332992554, 2.612177109591992, 1.5988471141784109]]]], [[[[-1.341131276015425, -3.2336893747626436, 2.845505343128805, -1.6756084185958147, 0.37785848676175077, -0.14300433726374723]]], [[[1.9184193913220482, 1.8102241285343779, -2.5095690939949846], [-1.2920311968266383, 2.3993191274732806, 2.7847303086662807]], [[-2.6702907787732673, -1.6964634129873835, -2.515859983856843], [-0.657407490140313, -0.3527743491515834, -0.2661971023840599]]]], [[[[-1.1614521027825355, -2.4432677660765254, -0.9604677117460395, 1.8195913971114381, -2.90981954076203, -3.781384173683085]]], [[[0.7958864332796513, 0.44023752470497574, 0.8940567973841747], [1.179176237821021, 0.8461728287443575, -3.0878087478358456]], [[-1.0415329238229685, 0.713620964169405, 0.9438899310578472], [0.6490221535844597, -1.6798833937660795, 3.0746624921356904]]]], [[[[1.0528651331741126, 2.1062705325273936, -2.0826641887084603, -0.6260870090718706, 2.417893808749001, -1.8062030947580536]]], [[[-2.7560118319874913, -1.1201295874698094, 2.8586056485532385], [1.2125219039648194, 2.8766858302070344, -0.1044937037195392]], [[-0.15119865124870963, -2.294857537941852, 2.770306438349442], [1.085287766807297, -0.0345150688701676, -0.03708106215406377]]]], [[[[0.4689625605030856, 1.2106943958402816, 2.8751189202953538, 3.1563729132132328, 2.75192615162944, -3.172519793577088]]], [[[0.7895012204592587, 1.3927750448507792, -2.2397037633295804], [3.3802296330646158, 0.44178871285101046, 0.6725632367614214]], [[-1.9041841337654661, 0.04919469673289163, 0.27700715784287017], [2.5955324553589856, 3.1082245027760473, 2.885429424510459]]]], [[[[-1.8004910084555077, -2.6892148949411525, -2.8489313565044285, -1.1909382892523401, 0.24466057962015214, -1.5584954544035128]]], [[[-2.8696948659289236, -1.3410779285958359, 3.086464885581421], [-0.4373857635494736, -0.21909164336298323, 2.1219360013419424]], [[-2.100019889559345, -0.45991268874090147, 2.72532944417705], [-1.9578509353019717, -3.003922735623498, 0.10608498458347398]]]], [[[[1.262386527451932, 2.348442091746342, -3.207790173226357, 2.5465263946138443, 1.2374562862574663, 0.5005498180865853]]], [[[0.4757982225648182, -0.37826135856206594, -2.7294978772864704], [-1.6441221588074952, -2.7786710004530137, -0.9278945090500352]], [[2.4021873084470107, 1.6434656267185177, -0.4270139947014888], 