{"noise_params": [0.0, 0.05, 0.1, 0.15000000000000002, 0.2, 0.25, 0.30000000000000004, 0.35000000000000003, 0.4, 0.45, 0.5, 0.55, 0.6000000000000001, 0.65, 0.7000000000000001, 0.75, 0.8, 0.8500000000000001, 0.9, 0.9500000000000001, 1.0], "max_scores": [2.8284267235244482, 2.648739226792434, 2.4817477162909016, 2.334302712239871, 2.2541007811438574, 1.963721548026015, 1.8661416640726811, 1.8780926713860366, 1.898859663910414, 1.8034869562626754, 1.9652329173767396, 1.9153246523685648, 1.8817342586603174, 1.9895768525260085, 1.8393773645652454, 1.8294956541993992, 1.8393743690806934, 1.8858875579745273, 1.9047909880798568, 1.9440229350221503, 1.9999768515009442], "opt_settings": [[[[[0.7309931234025129, -0.15589014554888653, -1.9232197016829238, -1.5625448278227876, -1.4804917678926106, -2.8043800559105616]]], [[[-2.0813122440465586, -2.0201975357250235, -0.12667431097966955], [2.2420175088370633, -2.079869018325185, -2.398195811770265]], [[0.6802561995982269, 2.4180333883356604, -3.0775862369101827], [2.4800980424936645, 1.421322390224562, 1.0266566862276614]]]], [[[[1.4008324228211195, 0.5079519912514299, -0.3346418835609534, 1.9068612988996962, 1.8059051621671527, -1.244929705008383]]], [[[-2.394824311641201, -1.5813718106008947, -3.1386317562526176], [-2.0422068055388922, 0.12331910885071387, 0.306306234956601]], [[-0.8495253607440365, 2.0860637600026606, 1.103742699880609], [0.7557516096461337, -1.8616843876800624, 2.986839489295205]]]], [[[[1.1361672918746284, -1.6489347272578636, -1.3659880609351986, 0.136926091119269, -0.7714913435626956, -2.7868076334489023]]], [[[0.7728023027121546, 1.2149385535868165, 1.2408491768898902], [1.3127229122130544, 0.9603479084974709, 0.6250744031726274]], [[-1.2493966188554786, -2.0333269368398383, -2.7028694631571346], [-0.09754247633604876, -2.930661985766776, -1.0136675122564474]]]], [[[[-0.40166348830691273, 2.7637269349766984, -0.5473339135665469, -2.1509115412488766, 2.6454715540332994, -1.8747674351066188]]], [[[3.5706896765730987, -0.9287353138155053, 2.2798088710961526], [3.125073681474899, 0.17764182609361898, 0.26863531876661106]], [[1.4735261838386964, 1.0124855135904698, 3.1240066778854967], [-0.21758256270458892, -1.2058143887991357, 0.2084096683961319]]]], [[[[2.367663062230487, -0.11027430026587012, -3.0291760144718363, -2.9326302688322947, 1.6618862443971514, 2.761464617235813]]], [[[1.5462192430298274, 1.8334136987874117, 3.0220043653191366], [-0.11366138113399771, 1.4329505014163881, -2.1583033749129514]], [[-1.0498497910929991, -1.819143208609509, -0.42210577742633637], [-2.3332650685183602, 2.0326372561641515, 2.4423801353727956]]]], [[[[-1.4224331786534936, 2.820095270490236, -0.007866075150517928, 0.6194334829050874, 2.7720579301130517, -2.9169633374510644]]], [[[1.7224941829619482, -1.4338177634748874, 2.00129802196017], [-1.4039467884339272, -1.7817297518224575, 1.9622527034078354]], [[-1.8867360761218206, 0.06888907023497083, -2.228713245935792], [0.034458151779465804, -2.650257600040095, 1.3456300168735815]]]], [[[[2.365343619021612, 3.201974302074121, 1.3755691061098716, -1.72227024496811, -1.8054897695092198, 2.7290526633612746]]], [[[-2.8582471646176293, 0.6170209549190651, 0.1391178299660631], [-1.0117834693419914, -0.5682138548485084, 2.9064008257630913]], [[-0.47691797899254484, -1.7552005796352848, 2.560291985498366], [0.3635774861077246, 1.7530816455261218, 1.5685527756025524]]]], [[[[0.24072409947556478, -1.4287075373752895, 1.4214860494814967, -2.5115175066161566, -3.322103167833422, -2.4649533521700353]]], [[[-1.054567651030244, -1.720204511654256, 0.09786276372084445], [3.0577116332324734, 1.4012743465584987, 0.5509564592163962]], [[1.6328573028426232, -1.4202636836493545, 2.33708254305996], [-3.3689005235215204, 2.4138010399381504, 2.7131681288804765]]]], [[[[-2.537053417008653, 2.19930663610751, 0.7694270567646131, 1.74784242623503, 1.372158273440633, 0.25175500409729346]]], [[[-2.3201570254860466, 2.430878736767784, -2.191099168752853], [-3.4925306851225097, 2.1643078937920506, 1.718612643238318]], [[-2.590057130523669, -2.4718215786938775, -0.24500830991075084], [-1.0092792292220831, -0.87295908247682, -3.1352139318467556]]]], [[[[2.047777513228629, -3.2166362255303085, -2.3343020320823595, 0.5363618700736746, 0.20853986396574642, -1.377428666061706]]], [[[-2.537639610453883, 2.671803404123584, 2.0869218948596453], [0.20545536614892856, -2.369755971498015, -0.06969052382658394]], [[-2.235826219991637, 2.072254807749967, 2.5766905522482757], [2.193838353068281, -2.4602329702825143, 0.7051873815265468]]]], [[[[0.1374247447014592, -3.059761990058238, 1.6155082790203914, 2.2293315409308074, -2.973864082087282, 0.12643893221643263]]], [[[-2.5937656944085368, -0.130952404694047, -2.9136853421251745], [1.4912292129911426, -0.38869058550284064, 1.9577858901301015]], [[-1.6848792714930818, -1.068730145583662, 2.644461108740395], [-2.7397824139953113, -1.2559936133845608, -0.716600777026545]]]], [[[[-1.4506863696273729, 1.7727521421365147, -2.4344812716341506, -0.8691296898137189, -3.063372069777832, -0.5387683741908468]]], [[[-1.9898429991124715, -2.106333183091022, 1.3224244782637493], [1.6293652198583208, 1.7016120414273945, 0.25170733129207434]], [[-2.1912626596365445, -2.6461512634859745, 1.7583477307091382], [-2.714162307887286, 2.3164546909925843, -2.3995148883173685]]]], [[[[0.17830155713308218, 2.823931513713235, 1.3490974791954196, 2.300896171978121, 3.1383858763138517, 1.3061433554840098]]], [[[1.7047295304897039, 2.599730765489929, 2.6155139033917187], [-3.0309357948961066, -0.23131035660939897, 2.6868904414831327]], [[-1.1734917152958706, 2.31658311720087, 1.3159518883646548], [1.774699527560278, -2.17209322657839, -0.877907688480219]]]], [[[[2.365436988198461, -0.32272120743562277, 0.3980731314127598, -2.763156501304405, -0.3553860327378784, -3.2519227110621323]]], [[[-1.2200833162967366, -0.37160905201581124, -1.789111828605121], [-0.15024578420532025, 1.1032153805751472, 0.8562642315429616]], [[0.1968228476054064, -0.4254746232537253, 1.351802133451657], [-0.6843117392480365, 0.513111775666159, -0.270884680519782]]]], [[[[1.841550298070741, 2.205607572481554, -0.4967486974243144, -2.4958888978714047, 2.2126315959537877, -0.6726571823673954]]], [[[2.2777139096501693, -0.635852541324041, -2.3124320401504965], [0.36674586613259236, -2.4556790674316202, 2.503359746003439]], [[0.2820875166378386, 2.3053877759854884, -3.132853764004944], [1.7211170527048283, -0.7128859723463108, -0.7491206630768481]]]], [[[[2.1724029387347707, 1.8735520946720603, -1.3804220572394716, -1.3958037270571946, 0.15294553546713635, -2.2296287744357595]]], [[[0.41066797891413775, -2.629115053193301, 0.8161938285709405], [1.8819262051549233, -2.6758968550022373, -1.1941384060375626]], [[1.5391154794559299, -2.492169645404765, -0.20718478083431122], [2.7227652539743716, -2.8608277351465463, 0.572676722275284]]]], [[[[0.065056929999092, -0.9624569243857305, 2.3180187233243332, -3.02306942766128, -1.7573796565332358, -1.3664447974001068]]], [[[2.4473637610816117, -0.830380126126912, -2.026917180785426], [2.3758590375846103, -1.700073930178151, -0.2009224915399468]], [[2.2159826003942547, -0.5381947659646711, 2.159851810408406], [-0.5422660739726567, -0.09613098021056246, 1.6394760875219987]]]], [[[[-0.11301510772902194, -3.368438032342289, -1.7686811209383184, -1.812701697990518, 2.4369624265803633, 0.5488945703258825]]], [[[-3.0957436673324974, 0.08927863318311129, 1.780208451090119], [-1.239725714602158, 0.19122620209525498, -0.6801530844059624]], [[1.2876344129057642, -0.32120569059340137, -2.760399833834493], [-2.0726776108997083, 0.7479257285614398, -0.5918631342629221]]]], [[[[-1.328298521714691, 2.897590353870577, 2.6491351178354448, 1.7423223895328608, 2.9043243776229386, -2.4772451723469033]]], [[[-0.33032976653241286, -3.2048425435153343, -1.0526932140196679], [2.500531060979659, -1.260604241944028, 0.2548148169485551]], [[-0.5798835355099695, 2.550741355924284, 2.678393875034784], 