{"noise_params": [0.0, 0.05, 0.1, 0.15000000000000002, 0.2, 0.25, 0.30000000000000004, 0.35000000000000003, 0.4, 0.45, 0.5, 0.55, 0.6000000000000001, 0.65, 0.7000000000000001, 0.75, 0.8, 0.8500000000000001, 0.9, 0.9500000000000001, 1.0], "max_scores": [2.8284210831847068, 2.6545180068078116, 2.436329463818706, 2.337159856798984, 2.088382728722717, 2.0689231562648405, 1.9904502796992234, 1.9835658531638625, 1.9399964387135695, 1.8493852277184608, 1.9362971776165454, 1.7706018415346854, 1.9491080677783783, 1.7761067598751787, 1.9750090666068103, 1.857524961543567, 1.8431027968697582, 1.9394127610474166, 1.962344455149682, 1.8745281950545893, 1.9998927540262144], "opt_settings": [[[[[-3.6992217550540345, -2.9176549761313098, 0.025259086508793598, 2.022242087681523, 2.634963859836518, -1.4873513062248642]]], [[[3.0957572269919424, -1.157279967242756, -1.1678479552201975], [-1.8237645514735563, -2.9813428540993274, -0.595702474044955]], [[-2.734744159141421, 2.3660495994891164, -0.3017356520442549], [-0.2722213563810814, 2.5608075459404045, -0.0091612891936612]]]], [[[[-3.0097487897983872, -2.631376535002086, -2.603650904273734, -1.2949038770241386, -1.150552574338561, -2.193119259160999]]], [[[0.21777116762812462, 1.5144264413754869, -1.377924780114589], [2.0233525263572507, -1.830419618431556, -1.6054359021408875]], [[-2.855167227110772, 3.5023684151539602, -1.7288249458792848], [3.0518958143731774, 2.240365587117406, 0.05354202303027523]]]], [[[[1.7634498833672447, -2.593038990205522, -0.010019386149265608, 1.8602938121368828, 3.0033911070708714, 1.6288679035341092]]], [[[0.5193323568734403, -1.6159662883066748, -0.025800652699353492], [3.0911112628389024, 3.1171281753707274, -1.3970633217019441]], [[-1.6396216027527293, 2.2883556607253785, -2.7622560815846913], [0.9443879232124331, 2.4814243888159577, 0.4621567421834909]]]], [[[[-0.9973813365801839, 2.0562830273347217, -0.29442370687725006, -2.418306242041463, 1.3018205970472392, 2.5719565735476495]]], [[[1.8126464664585225, -2.6170105880660968, 0.9350114275778632], [1.7656693402593413, -2.8069182286324033, 1.3330983687964029]], [[2.578841623325977, -1.5990588265887293, -0.696407550345961], [1.4586917046153813, 1.6347952149110196, -2.666103498689784]]]], [[[[-0.5344063921703215, -0.5829497582520843, 2.4690913392857503, -0.40260580028050935, 0.49058938171475974, -2.4180009112758514]]], [[[-0.8223722736570402, 1.8345496041023497, -2.119352794183253], [0.4044462279975426, 0.43766882056726913, 0.09223324621668856]], [[-1.3423544326760284, 1.6135306318892684, 0.8646143312495473], [-1.293948945938833, 0.8400869365041498, 1.3487262478405446]]]], [[[[-0.8613013309002379, 0.5015915966106024, -3.499844069076607, 2.4618303512390085, -3.1137835404376806, 3.5840941620568865]]], [[[2.2827628962702824, -2.417057209627243, 1.8488768360373866], [-2.268898045103941, 2.5855290841950613, -2.412575481967088]], [[2.3997885114305464, -2.5128051607462574, -0.8584125942821585], [2.6992027292457967, -1.0561594488822035, 0.36661970667379284]]]], [[[[2.1312101333003435, 1.0105628542108924, -0.9511251994250789, -2.021629488012976, -1.4629665392323226, 2.459861306293704]]], [[[0.9303247723712718, -2.412326909620655, 1.0242694827263206], [0.43888236831281785, 1.5560931238666065, -2.621015851354439]], [[2.8090155840194684, -2.1387222863908444, 2.2306072190676316], [-1.6404861541514772, 0.9930580197580808, 2.298480319536808]]]], [[[[0.2682085493388419, 0.4512169054439948, -2.5847433063787513, -2.2296051170129707, -0.23338991104434045, -0.5538710935054646]]], [[[3.0372488849649653, -1.867160703342883, -2.1058227489243855], [-0.2892075789870612, -0.40406295615493054, -1.0935391565188146]], [[-2.0883941570026243, -0.09544092508709719, 1.9841031866414829], [-0.443331759051044, 2.5497853690149115, 0.3758366569010785]]]], [[[[-0.49671650136290485, 2.32103850955139, 2.731982033881415, -1.0649751970830537, 3.200186549339404, -1.1048142421889]]], [[[0.15285549025448034, 2.3669969742121926, -0.5614309910760622], [0.6626539036444274, 1.310153443065009, -2.0398140655651593]], [[-0.38717879233788266, -3.2519827312830025, 1.232958276226717], [-1.517590236489166, -3.605228679766971, 2.1241779825154765]]]], [[[[3.3164105215418767, 1.4793846441015381, 1.4102603798005837, -2.564682307935391, -0.5291280855180532, 1.9202041768881601]]], [[[1.7436006351375333, -1.9249488697546138, 2.076470656970013], [2.965399358520687, -1.7897872913887085, 2.135357614545522]], [[-0.3860883580336973, -0.1611454854217578, -1.4410076086414465], [-0.6640735157096911, -2.7309127302816036, -1.5164837716704453]]]], [[[[3.2588240494780427, -2.085209869171717, -0.14592734706718088, 1.548570312913928, -2.8661428611950877, -2.267738289564126]]], [[[-1.801655025599648, 1.0228780092660013, -0.9708807118513243], [-0.3434147773191754, -0.7078083499594698, 2.0566625034608013]], [[3.019455692835883, -0.5855070803620431, 2.806982307489859], [2.628059359645135, 2.7187599102983606, 2.0083389950701553]]]], [[[[-1.7160233940271838, -1.3304663476305805, -0.8788699907460736, 0.0168968431986814, -2.960091495695809, -2.644857471334228]]], [[[-1.2969661250673488, -1.989699547850326, 0.26472509192389904], [1.7449146762977203, -1.5256792576824247, 1.6802550297701]], [[0.5302768764250494, -2.1890383632493133, 2.685310413928317], [-2.232988292408025, 0.6510699816975312, 2.6244933188090895]]]], [[[[-2.434592958948508, 0.6614554721093494, 0.25636889337999114, 2.259148881650358, 2.449264961798768, 0.7813487552776138]]], [[[1.2534384305244899, -0.8304551870451806, 1.580478925505994], [-0.125718665555997, -2.604758324372677, 0.6244955669260834]], [[-1.8399515985096806, -2.165880064567652, -2.295806512009322], [1.7176268181136922, 0.20506089389507098, -2.7221871803266455]]]], [[[[0.14694265758649566, 0.032662718865625266, -0.8543965562537587, -2.632040995972962, 1.5840679277187242, 2.315951419784794]]], [[[-0.532164893989938, 0.9816783333099587, 0.29677949664619296], [2.0701355698526203, 2.8238017028732587, -1.3348221114192944]], [[-1.1323967762113967, 1.52527052563621, 2.4668951868240354], [0.3247147580029105, -1.17364767182477, 0.5270206777881912]]]], [[[[0.6966510912375884, 3.0396258724327563, 2.0518216295699445, 3.0569738735198437, 0.24023123043536784, -2.8494567105330493]]], [[[-1.9365035630694476, -2.034148185700393, 0.36360872296809], [1.482309891426857, -2.6234797692028486, -0.9911075465403054]], [[-1.3071990111450382, -1.7713134101673682, 0.3688559932777995], [0.8645396005068039, -0.6245368024020266, -0.15433643411199283]]]], [[[[1.7529578592982635, 3.0896130190936075, -2.6671393964932424, -0.6820485106713854, -2.869413624061509, 1.6941301282884944]]], [[[-1.8099560134668229, -0.7322459568369397, 0.7678141607559286], [-0.6296228816193665, -2.3912612108456406, 0.6591776783954102]], [[3.110907441877155, 2.150267936761174, -2.094514780307497], [-0.27661026694677476, 0.6027572796519004, -1.4801072820352705]]]], [[[[0.6608199948510025, 1.7583069237532947, -0.02205163429648558, 1.223046558612294, -1.694431421490181, -1.7098207961759042]]], [[[-3.0046381463016747, 3.26293486525892, -1.700680783497624], [2.9288897482482623, -0.7548268969292866, -2.121074432272331]], [[1.3321334591240355, 2.546319756070345, 1.8596840928449065], [2.664632676462653, -2.9808936927821907, 1.018721940666686]]]], [[[[-1.4698045007830063, -0.7670737648777202, -2.455025629412924, -1.047321853145006, -2.724981610007723, -1.1166125915301284]]], [[[0.8914147394949439, -1.5615954594864514, -1.609552331391902], [1.0730120796766314, 2.7937194461611288, 1.6353798828773503]], [[-2.5556721951256614, -1.5173020965303752, -2.3272126311951915], [1.9410703360562467, 0.3069126824149291, -1.5401326470115488]]]], [[[[-2.400641681123992, 1.5896441718364258, 2.9633110703321512, -0.9955476131078366, -2.1629080480986635, -0.42933254070267446]]], [[[2.7278053139314093, -3.3852829207437827, -1.9295789029459463], [0.4175455664121873, 1.7901315533234052, 1.6182088805265504]], [[-0.322391754124641, 2.587011951938035, -0.41169268285476157], 