{"noise_params": [0.0, 0.05, 0.1, 0.15000000000000002, 0.2, 0.25, 0.30000000000000004, 0.35000000000000003, 0.4, 0.45, 0.5, 0.55, 0.6000000000000001, 0.65, 0.7000000000000001, 0.75, 0.8, 0.8500000000000001, 0.9, 0.9500000000000001, 1.0], "max_scores": [2.8282200378508446, 2.6622558080662406, 2.4653231499217103, 2.334538350510446, 2.0992394260885474, 2.090737601597659, 1.9152288320979896, 1.9554422829333078, 1.8393388892809788, 1.945432726057966, 1.9316836034197526, 1.7764404543549313, 1.799387174956407, 1.9143035295589779, 1.8759587365418766, 1.8914435172334763, 1.9324366852560608, 1.8458782061836279, 1.8935454800152989, 1.9475828632758354, 1.9969621234729051], "opt_settings": [[[[[-3.8821144109209915, -1.9712009346837767, -3.174323423474487, -0.9500776730782401, 1.4866468612993244, 3.1487502253663595]]], [[[0.5879993656130788, 2.3578732904372104, -0.850196765830233], [2.5996773539932643, 1.071113498798694, 0.4287946308776589]], [[2.9579987131439514, -0.5721617973100815, 0.2982358896235655], [0.35725312582768404, -1.4600328861411773, 0.28866775458091887]]]], [[[[2.457283648565572, 0.016004884301061933, -0.3660837601323127, -2.6455908814440217, 3.423569728118454, 1.7313174675013805]]], [[[1.1814816767671399, 2.537657996458021, 1.7862897543205527], [-3.0207115024247493, 2.6821183384381824, -1.9352413511590243]], [[-1.552209326085623, 2.000593210411575, -2.2743024781149175], [-0.5479369986123799, 1.7524866817461893, -1.3653184656074695]]]], [[[[-1.7444455684787845, -2.588577922752205, -2.9306143343538578, 1.668889039645741, -2.2327802680045203, 1.4114190775669744]]], [[[-2.0269795804220823, -2.4774246807110782, 0.9436101913251225], [-0.5998058857335102, 0.9582266499340321, -1.680689906804302]], [[0.7558821333705943, -2.9662129056651487, -0.0851183790089985], [-3.3691649226581974, 1.377194929931625, -2.3893186186079096]]]], [[[[-1.4568782804768792, -3.025060691689913, -0.8386335032060608, -2.0529232539292113, -0.4029819518030001, 2.0045887597665413]]], [[[-2.084353443203497, 3.111876670119168, -2.9640875131854942], [2.4261948138843636, -0.49272464957423295, 1.7253032894964448]], [[0.12531135020144724, -1.8430148527912524, 2.678145487659309], [1.0221132744940298, -2.1189413941241786, -0.7437805763687861]]]], [[[[-2.8128157429951894, 1.9935200458221427, -2.896940591768365, 0.7828041088142206, -1.7871301034635068, -1.6526000834144798]]], [[[-1.1966150672672302, -0.47794257590861866, 2.2857128304938463], [3.270344803122629, -1.459512418205663, -0.884301872258769]], [[2.054959072776495, 1.1221796664609303, -0.5135868613286463], [2.408289074034745, -2.507233364052214, -0.9911449705144579]]]], [[[[-2.712050653026826, -0.14352915170020872, 2.8443452973410457, -0.6099681409714027, -2.593153677057645, -1.1085907024551638]]], [[[-2.2075190467342916, 0.48321387381742376, -2.633781123936955], [-1.3120899680251703, 2.173028980254237, -0.11098421182106573]], [[0.5038360090380816, -0.8237347766499905, -3.0665124447135232], [-1.7767715790102485, -0.6199540894119048, 1.1838472301935639]]]], [[[[0.3632785771145237, -0.9129787496885196, -0.8159142218674984, 1.8774678800911024, 1.4012705020865086, 1.0465355678947668]]], [[[2.1034126395262476, 0.7216921883320168, 0.9869477756507257], [-0.6774359507536392, -1.4881581932829615, 1.9867840665935592]], [[0.10105244422697181, 1.706748122586572, -2.0747783591782225], [-0.7153614422227045, -0.5283727433196289, -0.5188697278796552]]]], [[[[-2.515020965264732, -2.323209363834397, 2.54951143842409, -2.1757951263711597, 2.112117728401054, -2.347089773915075]]], [[[-3.379417367939003, -1.9339452954651402, -1.9036553274821317], [0.8826258903403587, -0.5861825818672778, -3.0343198436232557]], [[1.638325331596086, 2.8222261021440085, -1.620758475455174], [1.5540336299199955, 3.139197665945098, 1.2146280762487986]]]], [[[[1.4567572581482837, -1.4291515622682793, -2.7120324503479734, 2.3945862277218497, 1.5916354074328294, -1.3292828657146878]]], [[[-3.133710161650696, -2.93055814373813, -0.9596536496465196], [-2.5923602690615586, -0.8753882951441458, -0.006211322759519966]], [[-1.1653334850229533, -1.442956268610825, 0.014054148312260503], [-2.849046824680788, 1.787722834960178, 0.1348783000314029]]]], [[[[-2.345678724178736, 2.0281139168262112, 0.5259799348117262, -0.4059654307164987, 0.3440383377949191, -0.7110079366384134]]], [[[1.470234122253741, -1.8145454853123038, 0.9220124641166105], [-2.6305672989555253, 2.3017365995556585, -0.9454798261498936]], [[-2.2226209798070613, 3.348140174183043, -1.2999779985675621], [-2.8902606026993256, 0.858691782129456, -3.0630982160340183]]]], [[[[-2.6731151489771334, -0.7007867561028998, 0.46272643251731943, 2.868338621858321, 2.806264657496701, -1.4022197351259345]]], [[[-0.4493703060325359, 2.3227436021942394, 0.38099493983560206], [0.037771892153449504, -1.7529848150169665, 0.5518971669615516]], [[1.570603738492968, -2.233549555864574, -2.507773733716164], [-2.2597757739349116, 2.148219824575878, 1.6484526390626382]]]], [[[[0.5108566087498396, 0.9996077955254815, 0.05531795564144489, 2.7968870063864304, 1.4376703463248892, -0.405083965684869]]], [[[-1.8717903951450885, -0.3554259878418681, -0.7381375069312162], [2.397828762257939, 3.2850529867031617, -0.22267992376364903]], [[-0.22520906395974286, 0.13182314441887044, -2.466461707937428], [1.5151454914272176, 1.5283113657220027, -1.4312918299774153]]]], [[[[-2.280527482750051, -0.8469444190202648, -2.6302631036364406, 2.1649238372048867, 0.968060968872771, 1.206240757584747]]], [[[-0.13853418843845905, 2.413092916288498, -1.0620005343560863], [-2.720229131443155, 0.4990857568855041, -2.177525961443026]], [[0.012408491736816525, -2.730653035292441, -0.708027689169819], [0.8194133507003517, -3.353260889878293, -2.5581036908588493]]]], [[[[-2.308361390286595, 1.6927481570762188, -3.5224090075317998, 2.5235049875581037, 2.3095614475548047, -2.2965084986686777]]], [[[0.5055360199920887, -2.8273108686928357, 2.3467105918198694], [-2.6458750537757543, 2.5120343647871657, 1.3296360810112713]], [[-0.828824371711293, 2.6887471938476892, 1.6836994987346054], [1.687951519828398, 1.210509976636486, 2.5855399927573073]]]], [[[[0.39235176053923754, -1.003516535945378, -0.3937240828073648, 1.1962116649472476, 0.3985235009110918, 2.8355176527348047]]], [[[0.4764338232569442, 1.0128562272690005, 0.8650657599700766], [2.0606306202806457, 2.983915258323563, -0.5918590366057361]], [[1.0700609214081829, 0.03401962483136283, 1.3399517763693192], [-0.9567784949529515, 0.27175718365273155, 2.1505909042413567]]]], [[[[2.6345927280947765, -0.7759958960900081, 3.5824327977202195, -1.427325734539952, 0.070490858893715, -0.10043970562594193]]], [[[1.6563722886823466, -0.6122744371513437, -1.7184631346292678], [-0.5066147312285573, 2.8859118428939947, 2.2676702279494894]], [[-0.544752167697629, 1.6420833637728791, 2.811205250771219], [2.5198764945750303, 0.8705356213527606, 2.251458157870582]]]], [[[[-1.5986392024565386, 0.24954867915249432, -2.61404058194752, -1.9082253381665375, 0.6965057760747573, 0.7013473303002874]]], [[[1.3832458215478094, -2.9467617615425143, 1.3817376551169982], [2.0248484816056953, 0.9492624473630908, 0.5069282733393985]], [[1.1951155232224409, -2.0088109991777108, 0.1841233504883735], [1.0595028882423854, -3.192371394748919, -2.1203381369928618]]]], [[[[-1.4921278703476832, 1.290274556767363, -2.01706732914263, 1.4998512722489887, 1.1042403091859867, -1.7527242142132506]]], [[[-1.4797106449567952, 2.0374177435002077, 1.8076550440417787], [-2.708537801848972, 1.1748133448765132, -0.7063179773117478]], [[-1.3500106961749072, -0.7308862383243508, -0.6522161904174864], [-0.15928050797748008, -1.9012873016400724, -0.6734691017042076]]]], [[[[-2.287172769923081, -0.3466795111027211, -1.495576501950243, -0.6688614363709756, 2.296374762404775, 0.6350019355398505]]], [[[2.0513708256924925, 0.6024803826288307, 1.4082402341672946], [3.1123834329023174, -0.630583496747241, 0.08866545676428177]], [[-0.6415677764776471, 0.565470867690097, 3.0756431191932228], 