{"noise_params": [0.0, 0.05, 0.1, 0.15000000000000002, 0.2, 0.25, 0.30000000000000004, 0.35000000000000003, 0.4, 0.45, 0.5, 0.55, 0.6000000000000001, 0.65, 0.7000000000000001, 0.75, 0.8, 0.8500000000000001, 0.9, 0.9500000000000001, 1.0], "max_scores": [2.825911301132137, 2.6281904423119187, 2.4922914423653584, 2.350651788273049, 2.180459551414962, 2.0651132589640087, 1.9736384980857724, 1.9228958295537861, 1.8858365247048448, 1.9772395804771112, 1.9778499977846329, 1.7306442626235483, 1.8894799952200307, 1.8301176890422344, 1.9273609143331913, 1.7895250303426695, 1.96915339379103, 1.872400979092657, 1.6630632056187473, 1.9807203700510927, 1.9999999908892605], "opt_settings": [[[[[1.718223590315168, 2.416531048123598, -1.0717148943537296, 1.8124098489094704, -0.39434864709304235, 1.6809717191520854]]], [[[0.9142659186866369, 0.07649768054782492, -2.0390910690982467], [3.132120271675241, -3.0353578568568085, 0.10333871769719405]], [[-0.7842379382588527, 1.47834411953778, -0.9597675799418082], [1.139540807921614, -1.6165387563693983, -0.9566981174373619]]]], [[[[0.636409177760624, 0.5748806806775727, -0.8112345264711469, 1.1215125006398747, -1.5145778588228476, -2.4634647594215187]]], [[[-2.45099843339893, 1.0040743159544236, 0.24885620737668823], [0.37580936192917597, 1.351111689914918, 0.4451507911903949]], [[-1.8608507189723678, 0.8197434641315561, -0.5945329796666199], [1.7721271331955992, -0.2646409279168636, -2.335407720583275]]]], [[[[0.0488210311176114, 0.05445752946489946, -0.628853045777721, 2.215343033555034, 1.8711995035661069, -0.9161603643537924]]], [[[-2.753581175781735, -2.420497654105291, 2.9256684615647446], [-0.7448324854917118, -2.0093406258744855, -2.28297637892922]], [[-1.1367755676916074, 1.0839437870127588, 1.9648754598542126], [-2.3341064264644666, 2.3954541629033863, -1.4442195216095548]]]], [[[[-1.3132855961523981, -1.2155602099580467, 2.4158479430504385, 2.2489542122488455, -2.1075366814126366, -2.2311493146159176]]], [[[1.1351292289867878, 0.9775412927784668, 2.5105372975569846], [-0.8337842053083384, 1.09139476444416, 3.0277204505161217]], [[0.6552489252471532, 0.6521467233726655, -1.4021565445356707], [1.8080327240127292, 1.1067363706675946, 3.0450683537766796]]]], [[[[1.285249724101248, 0.07452459494343686, -2.5850334267195203, -2.0154245655739613, -1.979193018688408, 0.7027090407215284]]], [[[0.8002303113365904, -2.227329700017103, -1.519390033880363], [-2.6829126525113614, -1.0958820554241422, 2.635206831245906]], [[-2.453992024572072, -0.2639227872754797, -0.6031784007308012], [0.36267294687839285, 2.096734128860964, -0.797270802368172]]]], [[[[-0.6443771244020449, 0.20168449061691468, 2.995968842226516, 2.776172853129634, 2.1987444596544847, 2.0967618450537095]]], [[[-2.13113963301363, -0.07963996446515212, 0.3104103459975711], [2.3180911530862227, 1.1588342000117933, -0.07011745013964174]], [[1.4464050533681725, -0.03963766875381485, -1.055642446491441], [-3.281289079862053, 1.9163946838698689, 2.02189890433411]]]], [[[[2.7192636731824025, -0.30803624668424384, 0.8374476903113003, -1.5287787295103572, -3.425643618749332, 0.33012971667508434]]], [[[2.6903695064759776, -2.8687404602022535, -1.8389611901431533], [-1.9819491071244892, 0.3648074802123642, 2.7586142986059468]], [[-1.3116689675819189, 2.673967725922767, 1.7067947098378768], [0.7670330117936391, -1.7737144942595005, -0.8904536409388508]]]], [[[[-0.9482095222761485, -0.7375414006087174, 2.2701952704524855, 1.0478224022258693, -1.5728898691476507, -1.6352969659149195]]], [[[2.257657892627809, 2.501918202814926, 3.002401130481485], [0.2973202572595947, 1.5990589642462616, 2.807616867791853]], [[2.8970725437295326, 1.741934041846807, 0.9126433186051388], [-2.8535061573915472, -3.902475238767779, -1.8601281822765423]]]], [[[[-0.5217858000426588, -1.4755646387095325, -2.242974049843772, -0.5268752107697896, -0.21813560346204722, 1.7069978829641335]]], [[[1.4265401313415937, -2.134634211657789, -0.7735840887804195], [-0.15996373713873085, 0.884634197578409, -1.4597950282137462]], [[-1.453720787780583, -0.9214727794212723, 0.2864828975795679], [-1.24566951030774, 2.1031694376925847, -1.8038989654677373]]]], [[[[2.3546969729380463, -0.7953980112231415, -2.297163745089532, -0.3184549194695255, -0.03998971692303639, -2.589306334491796]]], [[[-1.4851399395294456, 2.317994745115994, -1.8886650687428475], [2.446372752863918, -2.592868370725833, -2.946583722730301]], [[-1.5238743612859438, 2.5225697068824204, 1.9161388135236024], [1.6466456608799531, 0.6311134243197088, 1.8215983386121506]]]], [[[[-0.4876630311761289, -3.2111069263256966, 2.5072344816589305, -1.7716332212798274, -0.668332841554514, 2.8463364608911195]]], [[[-1.2654372367714377, 2.521073720367588, 2.254075549586548], [1.3913562816888956, -0.710295665162475, 2.7269289330621076]], [[-1.6247428323553605, 2.205340526147971, 3.129876609357633], [2.3710982598615016, 1.9243998044259374, 2.5448260876184836]]]], [[[[-0.39648742321236474, 2.1568131532822483, -0.8646837864079222, 1.1154363134230652, -2.2064299186193277, 2.549956894862536]]], [[[1.2907921276194383, -2.2847255392448425, -2.526422145087392], [0.962666506721789, 3.167798294304845, 0.5934543443944404]], [[2.8506318230727814, 1.8088992534190234, -0.3646442971642072], [0.4546726456069992, 0.9024379384626154, -1.9954875359903985]]]], [[[[-1.8810908747440682, 2.7565793972488017, 1.9444566618425319, -1.5770950594986208, -2.2610914237281867, -2.77853652089438]]], [[[1.9879497181649224, 2.0272652776631888, 0.4131580748413062], [-2.057860493550148, -0.4798879918972186, 0.5332467399592069]], [[-1.7573982364042469, -1.1531800864490502, 1.8583132706928165], [-2.7548861746385382, 2.1862933553997506, 0.6075716551570873]]]], [[[[0.17862434037519326, -1.6866359653311107, -1.07702245144979, -2.7483607472445613, -2.1231033753048387, -1.4413905564654894]]], [[[-2.8696986084063902, -2.916735043747029, 2.8809426653127908], [-3.200074378221587, -0.803859726407783, -0.9531584507729773]], [[3.0874684881455607, 1.164323900654425, -2.183276760712489], [0.17165325413597066, 2.373613156259392, -1.998494704447064]]]], [[[[1.8509428870537175, -1.5708667365793747, -2.1710742213104663, 1.3489428619853394, -2.948194549527317, 0.5545882655053279]]], [[[1.9056700826356368, 1.686437579669266, 2.1350321460260515], [2.8500808797166455, 2.188176446820972, -2.3364109917858276]], [[-2.6155040761184227, -1.0587184430407497, 1.1443117248690733], [-2.713784039330361, 0.5644152474353454, -2.456126708565932]]]], [[[[2.6092569718915515, -0.7220036977608941, -1.3480541949887095, -0.40995026622343894, 3.18206442881604, 1.6434955593239258]]], [[[-0.5301854782327046, 1.9972869690413058, 0.02393125641945917], [3.174790235203572, 2.5715856107846062, 2.4863751924089597]], [[-1.4052660039223923, -2.1814769058085037, -3.080499161231883], [-2.3378491203750316, 2.34445961958135, -0.22898134592803124]]]], [[[[-0.5168878242693465, -1.6969035326818602, -1.799426103261568, -3.136846293620091, -0.11471366578247649, -0.18147849183483483]]], [[[-1.2632318881469233, 2.8605828776010855, -1.0877457815092035], [0.621743635638923, 1.2810907269809069, 1.414693652449876]], [[2.795376949768724, 1.342298338691086, -0.7204980179997169], [2.229125933105755, 3.286454481310828, -1.3149008830475593]]]], [[[[0.9977013939326639, 2.0103696857994855, 2.5088655679043064, -2.6821359833920697, -2.5597039371057435, 1.526210460878324]]], [[[0.45143651305911137, -2.28621875611598, 0.9232343093297857], [-0.2324761440558064, -0.4254738694039396, -1.7637415028641195]], [[1.4308086366791786, 0.625371176767665, -0.3309901506018509], [-1.4123813921505872, 2.812897930121008, -0.6349728158396983]]]], [[[[-1.485942161478924, -1.825254107143612, 1.2669179105924946, 1.9251899074381071, 1.7073752207549018, 2.09131642367514]]], [[[-0.8993017551549082, -2.497849997074343, -2.0526955812225314], [-2.8145999739003833, -0.0527678231502256, 0.9553309194946698]], [[2.063967659158369, 0.8077976862086134, 1.6273079749455972], [-3.0808912763658998, 