{"noise_params": [0.0, 0.05, 0.1, 0.15000000000000002, 0.2, 0.25, 0.30000000000000004, 0.35000000000000003, 0.4, 0.45, 0.5, 0.55, 0.6000000000000001, 0.65, 0.7000000000000001, 0.75, 0.8, 0.8500000000000001, 0.9, 0.9500000000000001, 1.0], "max_scores": [2.8284271247461894, 2.659468287741393, 2.4231104343168286, 2.3937904265322114, 2.2453269027453815, 1.8408271009510566, 1.9779941599250745, 1.7411762463151697, 1.6937834181867228, 1.5550042741202157, 1.412559216658995, 1.329073785807531, 1.2157620925615895, 1.276480550612404, 1.0380960519794866, 1.3308559833859568, 1.3955726214620414, 1.5012470588726332, 1.6163080771699994, 1.809968311685476, 1.999988821085531], "opt_settings": [[[[[0.40880924296916993, 2.0906353871829326, -2.2850285932950065]]], [[[-0.4795870465937843, -0.7224049139830896, -2.9456876593412726], [-0.12975678203316565, 0.8248225835374708, -2.4342682110255494]], [[-0.20875240289866517, 2.121004112729839, -0.08105278104836693], [-2.6006180285513816, 2.427433597036163, 1.6977518595307606]]]], [[[[-0.4510126549903799, 0.6496859659826303, 2.1797421214658312]]], [[[0.3991130282933726, 2.8039657431796337, 2.633588993771917], [-1.279445202102547, -1.5402302510036334, -3.0579460753702614]], [[0.00614340256955987, -1.6991101116358005, -3.1208240823755484], [1.699461120324949, 3.939848610887518, 0.4916419189339653]]]], [[[[1.1454401221878359, 2.66465979351017, 2.988510686384086]]], [[[3.29051955378244, -1.9172172174476514, -2.6839731812395553], [1.5115814569328485, 0.21564863699429787, -0.437051539674719]], [[-1.0114730233098588, 1.5277601206336147, -0.18369376229173318], [1.6294919060253479, -0.1865006956284265, 1.8600424962657458]]]], [[[[-1.3734756383895517, 2.365327974288834, -1.5287817621282664]]], [[[-2.8120209046417104, -1.8179068742001545, -0.4369684140477004], [2.1035454619910143, -1.8612905933465234, 2.7305676464245403]], [[2.8857068672038158, 1.0554664968166787, -2.792310893723105], [1.1158742449324055, 3.843355445276484, 1.5752154693891063]]]], [[[[0.8589105511929511, -0.7536711995858112, 2.6764974104553687]]], [[[-0.5869144731130542, -2.5650117140833486, 2.3440707363433244], [-1.5294944688662864, -1.261940281348777, -0.05103421356152536]], [[0.525287698348251, 1.9017287571502033, -1.010068626908379], [1.9679352526215768, -1.85100003470027, 2.786185331879328]]]], [[[[-0.4876808660060544, -2.1698243857472628, -1.8907926962802344]]], [[[2.909848250294879, -0.00122608670356994, 1.350158217296162], [1.8873011776797473, 1.4796889493363006, 1.531105781908951]], [[0.475348875105043, -1.2572158725560854, -2.177717587176883], [-0.8930367123455255, -3.1257305084915634, -0.11258250830490941]]]], [[[[0.7696875306185845, -0.40215454110562265, -2.4088628252472697]]], [[[0.02763309344555754, 1.8177128625024759, 0.8823788692710473], [1.5084521732879317, 1.3213633605983794, -0.311808079373333]], [[0.8155513475731287, 1.545945727603391, -2.269956493475391], [2.567637830304535, 2.3154279756611658, 2.641381830050144]]]], [[[[0.2194093223523681, -1.238141357930788, -0.013990162874025831]]], [[[0.9572325935790699, 2.002334101592669, 2.5856173166969905], [-0.37577111574200767, 1.1018351873242935, 2.7820697793506293]], [[2.2651600490162416, -0.4571026853089553, 0.4675571074739415], [-1.2540606948059916, 2.013415551854118, -2.258410322899424]]]], [[[[0.7976265299374374, 0.07291869975358527, 2.402904677566186]]], [[[-1.7682220252003555, -1.0186456185446944, -2.182825396703765], [-0.3752576029603354, -1.6105747294894361, -0.9716532272803322]], [[0.9582003604296702, 1.216619474497657, -0.11737412415972237], [-0.4944186155641358, -1.0494071721371614, 2.901472135738814]]]], [[[[1.9017584977587576, -3.351174264341799, -2.4030183500112945]]], [[[0.7397196228754702, 1.6528812307051046, 0.8274317909766884], [-1.0917146209492934, -1.4933181353626925, -0.2707562697847976]], [[0.1184905697726176, 1.6852872507472634, -0.8823286889351887], [1.99131248606564, -1.2325761909586124, 2.8403991545811103]]]], [[[[-1.6453497063569889, -1.0330968882032927, 1.0566638823475656]]], [[[2.1926166549085044, 2.434099398426123, 0.08129671252718476], [0.7572587695177032, 1.2404896331002622, -2.9838667439048394]], [[2.8305161482902217, -2.4225529670776877, 2.6401846319558375], [-0.35525260700082145, -2.354543213099956, -0.031131136032566776]]]], [[[[2.4363611203035, -2.032372469521549, 0.7153696756626686]]], [[[0.6742563054488464, -1.782814134915236, -0.179260908318534], [1.7392229844710714, -1.6512833635168287, 0.6203341764428818]], [[-0.9277231028008875, 1.40810735496522, 2.839038279649789], [-1.077184072758116, 2.3990212499427064, 2.349958112252967]]]], [[[[1.0496692007635833, -2.614403660954577, 2.062455041029674]]], [[[-0.5398102430684719, -1.185413995371924, -1.4909696963610408], [0.43548873554333517, 2.0820349538294836, -1.6843033619602183]], [[2.2664252873170803, -1.4533167944606156, -2.9870952311430283], [1.085863352725316, 1.0521733689093196, -1.5726558754604616]]]], [[[[0.5798372600313411, -1.3185169475439273, 1.1137602016448507]]], [[[2.9253096243200876, -1.150054071713995, -3.086069537397407], [-1.765736986604038, -2.3374762895681873, 0.6642965434266652]], [[1.0862041650643555, -1.9087664270641285, -2.858926852751395], [-3.136180340203828, 0.05064489742245393, 2.0238919662848023]]]], [[[[1.7140767393620997, -2.5037584300536877, 0.3854084659050369]]], [[[-1.310860073892932, 2.42324775459348, 3.0761600121544994], [0.4358221448200339, 1.0291295061357788, 2.743844542886211]], [[1.928277714412716, 1.5595390561358968, 2.0326015822175583], [-0.6712170847400811, 2.373679674353221, 2.8472367707195207]]]], [[[[-1.1402000442237552, 1.51996256991853, 3.094776592759116]]], [[[-1.7264687522043245, -0.6107959807038326, -2.3559610582610304], [-0.8895624780939926, -2.706418955291162, -2.1222073440590172]], [[-3.325918387453527, 1.8569505074803836, -1.1998253806104677], [-0.7603396013251124, -0.0715063317384316, -1.4268403394471285]]]], [[[[-0.37121066002217484, -1.5566205789316947, 2.7614113613450395]]], [[[2.2562525124597337, -1.8389557392463218, 1.11341699729162], [2.6788166287358663, -2.9533437720949562, -3.084688492940177]], [[2.2555830153711542, -2.6760403162659463, 1.3020659327718578], [-2.239146014511715, 0.7836181526547931, -1.3095908284588351]]]], [[[[-3.251747833682441, 1.3250287987266909, 0.09466053486944187]]], [[[2.5091752362037907, 1.8968205732568248, 0.8448811617582321], [1.0372787919306836, -0.18153073973133152, -2.161619911760083]], [[-1.0089547907952225, 0.24600569486479917, 0.9636096519904003], [1.7375290006022532, 2.776907502811396, -0.18367925329918935]]]], [[[[1.6212709576110373, -2.3449627990679605, -3.026268095158171]]], [[[0.015743419592582866, -0.0268200701812461, 1.3052069844886196], [1.3868629621190778, -0.4402606262765588, 1.1578039018946846]], [[1.1937759644144612, 0.017413197413416046, 1.995435292794621], [-2.800611399137649, 0.23412106796139956, 2.604833133543652]]]], [[[[2.106498084917629, 0.0142052788343256, -2.4022485146957626]]], [[[-0.6649399844125118, -2.78854182847452, -2.0998217128438057], [-0.29270750343693963, -3.1395355106696434, 2.3601492948431257]], [[2.412650715314477, -3.140242845870572, -1.8534771166487602], [2.7940131891648274, -0.08374659618519324, -1.6453039746209368]]]], [[[[0.08221940853811256, -2.6103691089934817, -1.339453900354852]]], [[[-2.62243139720998, -0.20234888634482126, -1.114185137800372], [1.6687689065001363, -3.140699903518955, 2.388038285118845]], [[-3.045945357125426, 2.4037212343051038, 0.8806399320456899], [1.3727460941230216, -0.0005285930314357104, -0.9368692992082619]]]]]}