{"noise_params": [0.0, 0.05, 0.1, 0.15000000000000002, 0.2, 0.25, 0.30000000000000004, 0.35000000000000003, 0.4, 0.45, 0.5, 0.55, 0.6000000000000001, 0.65, 0.7000000000000001, 0.75, 0.8, 0.8500000000000001, 0.9, 0.9500000000000001, 1.0], "max_scores": [2.82842712474619, 2.6186161434774258, 2.413314887517594, 2.254586686102053, 2.1234326535625305, 2.0419495909947183, 1.8455904647345642, 1.7942206886982146, 1.6393297528110704, 1.5541487034072823, 1.411427673839829, 1.3513999561052517, 1.304251234584723, 1.2912527459135024, 1.2980433179459967, 1.1551570235785016, 1.3877154965681577, 1.445063449684076, 1.6117310441801167, 1.801246982677129, 1.9999999999994382], "opt_settings": [[[[[0.637168572477774, 3.605107563558607, 0.2741028054732035]]], [[[2.237446021084788, 0.6719183707807612, 1.2052194472360274], [2.6407724990328023, 2.1898802834044573, -0.29544850916814175]], [[-1.122181966459166, -4.139814957968951, -1.9766082761233639], [-0.3926361122233487, -2.470194931382915, -2.261036810307153]]]], [[[[-0.11193428663361972, 2.231188642094789, -1.9351833408447863]]], [[[-1.2421521467449468, 2.1370348035051117, -1.2840101643376547], [1.6033808269945748, 2.533443869880569, 0.1226234831807656]], [[3.0787371319557155, 0.7140569822334648, 1.4725131613167148], [-0.08769523730842364, 0.8866863149956069, 0.9497126570905055]]]], [[[[1.0131223051254603, -2.8546781495528655, 0.12195885350598785]]], [[[-0.06751706698321666, -0.2603393568901365, -2.417756737340951], [0.6673780521862932, 1.4388064932579052, -1.9193897513940539]], [[2.9147372792840374, 2.248674700839015, 2.201376565816169], [2.9126865755613798, -2.354785976237516, -1.3129320684755266]]]], [[[[-2.506095165049501, 0.6518529639641437, 0.006086916517027355]]], [[[0.574411498088719, 0.19385631897824523, -1.2793768404020143], [-2.966476317333675, 1.5013949535573772, 1.056956567913205]], [[-1.6357188174739248, 0.06617476422519647, -0.06333122411504412], [-0.8331009294546202, -1.565869147031415, 2.8535081471008192]]]], [[[[-0.7794125010571267, -2.4852298224954965, -1.4092919447916128]]], [[[-1.0583229823970648, 0.6796255258903425, -2.7347589733361364], [-0.2269126492178289, -1.3809744269833903, -0.8333544224791987]], [[1.9014257310122138, 3.6637397196381984, 2.685509927060407], [2.2825372139864517, 2.1133398615465095, -2.4267239105343146]]]], [[[[1.9573500680968146, 1.4815879540821808, -1.8030094045573295]]], [[[0.12125592025148188, -3.9830480471119367, -3.140820078769289], [-0.26834701370555675, 0.7649858413827186, -2.6990225116793676]], [[2.805386566940334, -1.2773705189421747, -3.123758218240073], [1.0251417928325994, 1.8691505238091708, 0.29109974200584343]]]], [[[[-0.5508115421052893, -2.4725164396137815, -2.330272309956306]]], [[[1.6609702486273579, 2.5043797648440043, -0.7919609971213464], [-2.767436745374083, -1.0034108024778354, -2.874381639168076]], [[2.013805056697849, 1.1120262480306644, -2.830630245805758], [-3.0667195313356523, -0.2104612304943683, 2.347674105865627]]]], [[[[-1.508788908303241, 1.757535217263321, 0.20417452412440695]]], [[[2.3180288444145973, 0.3434288052262825, -2.3219784833481336], [0.023303782498333418, 1.9806164450601353, 3.0828539303061424]], [[0.7359910422240887, 2.54609567880773, -2.338262101905702], [1.4930459231399504, 0.8891810298123528, 1.5590208735051192]]]], [[[[2.483851588443941, -1.5787340786588202, -1.2218736924302287]]], [[[-0.5564173642394182, -2.3767571857103387, -0.8927925617882551], [-0.8687481491662711, -0.9648393700439986, 0.6728916978175419]], [[-0.6754549429609725, -1.2182889310179748, 1.355648640542583], [3.6724900812620804, 1.873870448530959, 3.0243270505268667]]]], [[[[-2.3612522470637987, -2.815850241723788, -0.7215872571370155]]], [[[-1.4068824770640211, 1.8198005637588273, 1.3950484632546107], [0.44708431371545426, -2.070775474500126, 0.8295604163763937]], [[-0.3990053418136456, -1.5947670133897498, -2.3159846987210453], [1.1831812721406294, 4.263207350083077, -1.9008547110466214]]]], [[[[-0.396829650785832, 0.7574509120773525, 1.0706060017838013]]], [[[-0.505840617138456, -1.952580255122767, -1.2980516027193671], [1.7982735144100293, 3.2647121902048846, 0.375160553597472]], [[0.026697722812595304, -2.1046326447286257, -0.9318961677718391], [2.577000279489275, 0.4247872387687262, 2.069118136302608]]]], [[[[0.452291196886315, -0.7370044731729114, 1.3341378962995878]]], [[[1.9941590416433526, -1.4268855306922268, -0.3420910926203531], [-1.5714160670714916, -2.667295011636659, -0.15106095544668494]], [[-0.8912919775993827, 1.9613885108667042, 0.6843582212373405], [-0.3463484315355547, 0.32913538525166547, -2.9212028982409977]]]], [[[[0.2173410055205526, 0.0863195565290907, -0.6061928271763607]]], [[[-1.245947726908216, -1.2326500273154588, 1.1809048172914043], [-0.46066969501272215, -2.4711811827146613, 2.6263274164703594]], [[1.2561332665766796, -1.9005523243542295, -1.2665666753385787], [-0.5579792137672134, 0.6163157141199253, 0.6246665397185986]]]], [[[[-0.9431021013035652, -0.4093648442985822, 0.9083871075136691]]], [[[0.13105956641420044, -0.30472743131328056, -2.324844328738037], [-2.497830493333465, -0.8406843040414276, -2.9314925119857156]], [[-1.6541481043740323, 0.29814924511284463, -2.6722411295064328], [-0.38883535726673785, -1.2151475859117136, -2.0008363771941307]]]], [[[[0.5682588045344723, 0.11053133658665239, 2.561998600305312]]], [[[1.4449315073062825, -3.0187126324498466, -1.4006040865239493], [2.5753574145376987, 0.5564861886159281, 0.5394045008061439]], [[0.4239237689737996, 1.361762469021028, 2.2002234999744372], [0.42200170465208514, -2.8867782717734802, 2.4902881184260695]]]], [[[[-1.0244170433236337, -2.6632554595038367, 2.635341349893617]]], [[[0.8638324340313085, 0.036124434899909255, 1.4610562909193696], [-1.822417658439709, -2.602922807507174, -1.990024773484037]], [[-1.0175091663236335, -1.116017119702198, -1.8266003607324512], [-0.44402374804528694, 0.09255923695704756, 0.6339730134944057]]]], [[[[3.203665338372483, -1.6385082799120283, -0.4689863982876438]]], [[[1.3974034793437355, -0.8309836258786434, -1.092191716766059], [0.8468399167303334, -2.898911945252856, -3.0573299445364572]], [[0.26574832204871895, -2.466386952025305, 1.6384132106635496], [2.0503195041579123, -0.026013200567781683, 2.7640137921822667]]]], [[[[0.8374974819474871, -2.4921547781014244, -0.4390123531397142]]], [[[1.9604925514987548, 0.013944839293855857, 1.1003112655334055], [-1.4203365762956668, -2.0242584276545252, 0.4485561976013206]], [[-0.7252830245867827, 0.041877795310807334, -0.7190920721602914], [1.4316380863830336, 0.07918354304534686, 2.4263013095930557]]]], [[[[-1.3260392267898622, 2.9069503584522502, 0.30105021181022523]]], [[[2.795626601842559, -3.033862564114469, 1.403279637765933], [-3.020162326971292, 2.7903269739618786, 1.5108938850517255]], [[1.604673578916966, 3.1185937837466255, -1.6660889696048582], [1.0590685576065184, -2.1842923224528583, -2.115454143527282]]]], [[[[0.31615114672431044, -2.8209691195704742, 2.753233282454214]]], [[[0.32431515343424855, 3.0701755406538673, -2.5550092936673625], [-0.2902297867430071, -0.0020835975635326263, -2.816567912616659]], [[0.37195255526809695, -1.1980961863201411, 1.244402410372338], [-2.8210984216021404, -3.1355117236676167, 2.0716289680674738]]]], [[[[-1.7797293744279925, 0.07705894742581121, 2.280662486683605]]], [[[0.2618874398835476, 0.0005176432883999182, 3.011342837062349], [2.2255310213527295, -1.3168510606292163, 2.9940461494775636]], [[0.019009480326957286, 0.0029362396275782934, 0.974940260370512], [0.9111163515673901, -0.03203086396256557, 1.807846444501454]]]]]}