{"noise_params": [0.0, 0.05, 0.1, 0.15000000000000002, 0.2, 0.25, 0.30000000000000004, 0.35000000000000003, 0.4, 0.45, 0.5, 0.55, 0.6000000000000001, 0.65, 0.7000000000000001, 0.75, 0.8, 0.8500000000000001, 0.9, 0.9500000000000001, 1.0], "max_scores": [2.8284271247461894, 2.633150083059852, 2.472786366180855, 2.2079975931940368, 2.1739841745105313, 1.956648424708003, 1.8171007797039027, 1.8146635510632003, 1.6513651668004874, 1.514483537870333, 1.4140795373666148, 1.341697917173768, 1.3086102577533685, 1.289806948745019, 1.2996046222838094, 1.26029529232308, 1.4076017833622823, 1.4745178522572817, 1.6464372444149136, 1.8063920372259719, 1.999999999999978], "opt_settings": [[[[[2.785442346762563, -0.6009190954442709, -2.564744438581365]]], [[[-0.6508880141655177, -0.9033469248199507, -2.479328637897172], [0.7482462599877611, 1.4364346155866383, 1.229789709240892]], [[-1.2611148112233317, 0.8061329652282715, -1.1357267349507496], [2.5151531719660585, 0.7987171397742178, 2.324563504905778]]]], [[[[1.9182216665610416, 1.816471363561339, 3.142792234963638]]], [[[2.6071822259875894, -4.745306634369152, -0.5234533739215075], [2.7551341611821956, 3.006291502659652, -3.015884200004244]], [[-2.3341780917129062, -2.054027842752748, -2.2342248098034814], [1.6804122735891727, -2.3414947282067833, 0.06562106017437842]]]], [[[[-2.4160133528384637, 0.6755647862399782, -2.8465240740871387]]], [[[2.1586113060556618, -1.530243520123202, -1.37100602943853], [-2.3509814399735074, 2.4883199585311675, -0.8225035276539603]], [[3.3487308721689786, -1.724029823899234, -2.7793799952453857], [-3.3862476205905008, -0.28583556796556453, -1.7931232400962225]]]], [[[[0.25693923001630053, 2.6547343202105, -2.118710358386687]]], [[[-0.11360519529735538, -2.985974933194762, 1.697811531576436], [-0.44583159189420796, -1.6200851711448927, 1.1297640048044952]], [[-2.8769433658532706, 1.3351475116706095, -2.549518215880816], [-2.574347823510876, -0.4417369955502394, 1.2099272372777126]]]], [[[[-1.8822803902985534, 1.3574490156016585, -1.7314754832683048]]], [[[0.2857020863328435, 2.6699558543575694, -1.6460280525526225], [2.6182924502826723, -1.5328901013861285, -2.488743036426953]], [[0.9107645393288087, -1.2972351232932802, 1.683828363325663], [-0.6473535804649927, 2.48816389513939, 2.2213789838052502]]]], [[[[1.5609771119551699, 0.3475777159737831, 2.527560442313796]]], [[[2.768267352069583, 1.393788743459832, -2.27553889489789], [0.30028565408227037, 0.11382177779507109, 1.4162583577887897]], [[2.3494931554587715, -0.9316911148487989, 1.060785647677811], [-0.38478237558576966, 2.257994359587349, -2.9139576308311885]]]], [[[[-3.0468456911425172, -0.44214595200561535, -1.043621486398671]]], [[[-2.0360659969572517, -1.3037572480583182, -0.4166066086564308], [-1.7961291878229144, 0.5094516987410662, -2.9621975007319166]], [[-0.022541217804933917, -0.03584874508764066, -0.8911921314705271], [-3.357608321689712, 1.501752115592284, 0.7326662174511371]]]], [[[[-0.8655549293309606, -2.5687106330597036, 2.2837345733117593]]], [[[-0.42024492356520726, 1.1310755791777385, -2.3387276678506828], [1.8967551110150205, 0.9868449218226993, -1.37474221249983]], [[-1.867649536747607, 3.1283293215612042, 1.3488689107033887], [2.392022157477118, -1.3919293561079178, -0.2827867989884405]]]], [[[[-0.951970172015432, 1.6825136408618473, -2.1817921558364333]]], [[[-0.9448639175352099, 0.20303298372045425, -0.4447753891400859], [-2.2700225405597108, -1.8250054673417058, 3.1246024261351852]], [[-1.0551557825509268, -1.6500547060205337, 2.4963691961608614], [3.316454294527639, -1.2160675843699407, -0.2348426750774739]]]], [[[[0.6865176585196251, 1.0146278313737935, -3.074112079413246]]], [[[0.19692512772610402, 0.9063284170036271, 1.52938019388679], [-2.3258016544556237, -0.9156609793852929, -1.2641408586208285]], [[-1.8873968911765961, -0.3324915698213218, 2.2867221074460566], [-0.18919837396262568, -0.07504049835122881, 2.258432185417921]]]], [[[[-2.1419030215077806, 1.1247687354058524, 1.538534311320346]]], [[[-2.625023075760933, 2.5253285395426546, 2.996874454991886], [3.0901222972989055, -2.074587748289033, -0.46714814044522956]], [[-0.42479241271743473, 2.50806097312573, 2.0001172313947526], [0.6287561721076572, -1.8212960280775037, 2.0748342721277915]]]], [[[[0.4893696895470503, -0.32623256742601525, 1.2389996000204835]]], [[[0.7948694694222167, 1.563548682179841, 0.8422370799396033], [-0.6426154215102724, -0.611563513200746, -2.6742155843160127]], [[3.0873246219091275, 1.1102688612773686, -2.3750245473096663], [1.313631112939751, -2.161234077489527, -2.9257364756975233]]]], [[[[-0.04836769433943419, -0.6916177846739294, -2.6824105491405867]]], [[[2.6519095909163375, -0.823556075421682, -0.8456523642216415], [1.956719605171612, 0.10132380678784174, -0.12303158194725174]], [[-2.9290779573148034, 0.5521551842460786, -3.106179554194755], [-2.0782315144524475, -3.2404176134628275, 1.0507268479122347]]]], [[[[-2.3128164820773303, -0.5055129600323995, 3.023198090783497]]], [[[-0.8343386872774378, -2.4817676390900534, 2.0725839537964363], [0.22757110181506937, -1.6202078337444232, 1.4464643533721517]], [[-0.7161968715926065, -1.778242830911203, 0.5970463018578855], [-1.3003645820207383, 2.43404065741976, 1.8398249678294851]]]], [[[[0.1141430109129641, -0.7979299381241982, -2.5014796422459815]]], [[[2.130559401219188, -3.018019856518378, 2.0609155229874396], [2.969077487086001, 1.138818905036833, 1.2105790983624756]], [[2.541185855352087, -2.2487947147189815, -0.1515356506222081], [-0.1841132209762653, 3.1401381772083523, 1.6396109511869108]]]], [[[[0.8469502280853584, -2.37455108691366, -0.31996545113012553]]], [[[-2.956702584404537, -0.07645616986234009, 1.1942033885291625], [0.47733552739925966, -1.9663218616632496, -1.314024731610511]], [[-3.1691313819287097, -0.48442256854953325, 0.6438803401018189], [-2.522009649114585, 0.03389301963751756, -2.058433844655888]]]], [[[[0.861340681276574, -1.095065761150505, 3.2727739161905594]]], [[[1.0549544540384288, -0.9431547407948657, 0.8015641875230428], [0.7572456976188872, 0.11440126030819846, -3.133318288236032]], [[-2.9916866567318645, 0.2570850828012092, 0.735398223226535], [1.0829349198507034, -2.0858177347265756, -0.03831711614575757]]]], [[[[2.7267596766462145, 1.5839555634724376, 1.8338194037187483]]], [[[2.787704555232744, -2.6193887735106522, -0.9921187056423166], [-1.2632203145256327, -3.212788738092086, 1.240913745176445]], [[-0.6338235371263773, -3.1175828940915546, -1.088370847728653], [0.020037212864773838, 0.18211801344615494, -0.07781910506151136]]]], [[[[-0.8629800583940237, -0.8218212305913527, -1.663957113286081]]], [[[-2.513941310413013, 1.5499709012608158, -2.322922325814045], [2.185954122190971, 0.01800245254699814, -1.4264916351155166]], [[2.714517546695592, -0.053289295183717215, -1.9658146600757378], [2.411858309476974, -2.992137908217606, -2.9717662942545497]]]], [[[[-1.2644401344777065, -1.3354138909201587, -2.0228331622836975]]], [[[2.003362470752729, 2.694509209017731, -2.8562051579302072], [0.284003654974076, 0.012150507631676806, 0.7224370563408428]], [[-2.5784773105443177, 0.7930528484438697, -0.4747563220590205], [-1.729419224546195, 3.1513997485375347, 1.754036742169398]]]], [[[[-1.4814780183417493, -0.34401970977118296, -2.222609520083271]]], [[[0.16066581886437387, 0.1870844458263606, -0.8238030725747252], [1.5886549495400235, -0.14777742728683602, -0.3312089881757919]], [[-0.2672317891941691, 0.017126421202291357, -0.6694917499293518], [1.7682073254304456, 1.5987540435377656, -0.5343661257991306]]]]]}