{"noise_params": [0.0, 0.05, 0.1, 0.15000000000000002, 0.2, 0.25, 0.30000000000000004, 0.35000000000000003, 0.4, 0.45, 0.5, 0.55, 0.6000000000000001, 0.65, 0.7000000000000001, 0.75, 0.8, 0.8500000000000001, 0.9, 0.9500000000000001, 1.0], "max_scores": [2.828427124746191, 2.682442823039828, 2.4590239292056983, 2.2208660783726337, 1.9995183700036172, 2.08134351591114, 2.0147721117319493, 1.9988297176845462, 1.999793463240921, 1.999406074367221, 1.9997462187253445, 1.9999684683576358, 1.9997453047504423, 1.9999999981106962, 1.9985940817109935, 1.9999999847899759, 1.9998885657448193, 1.9999891668718033, 1.999589144171765, 1.8703620029804178, 1.9999999989419877], "opt_settings": [[[[[-1.577326378504126, -0.8766812678078493]]], [[[-1.346081801422887, -1.2248268280063486, -0.36853588229843653], [3.5119442929432796, -2.1790344259861163, 2.49981458212711]], [[2.8741916436024764, 1.7415036782188944, -3.0629278499878048], [-1.7005736475396593, -0.8987608102731501, 2.619849481097261]]]], [[[[1.5556383759989276, -2.519658749709461]]], [[[2.56590162130481, 2.100523873204848, 1.3593079474685066], [0.9572770814520262, 1.6197382866203984, 2.6329733003504057]], [[-2.296092524503391, -1.9712427025182722, 0.7804859223453144], [-0.8933263361347866, 1.89368251407401, 1.5934617943315308]]]], [[[[0.8131769519037029, -2.749632110452241]]], [[[2.3110046940596813, -2.9544856383867013, 0.4175573921352828], [0.7461365780319978, -0.21022539990178088, -2.1322481372775393]], [[-1.3449016157519638, 0.6183181612854719, 0.24235109629050336], [1.3511438986693662, -3.1602045025627374, 0.8333439222246892]]]], [[[[-0.2733596548191803, 0.5399495428207591]]], [[[-0.14702633145991723, -1.268201011021368, -0.2162916291908883], [2.3669144205686394, 0.015199769126005055, 2.168587718333635]], [[-3.066799804307959, -0.15913783510393154, 0.7503883963867399], [1.066911919504764, 3.0945097939596273, 2.23022883090305]]]], [[[[-0.33939896531642944, 1.9623279730407575]]], [[[-0.6314854855664278, -3.0363390124791376, -0.9743667814985132], [-1.788203980204164, -2.8288922836572854, 1.76940209411198]], [[1.5249248027296198, -3.1052764036100062, 2.42364151770004], [-2.019286446557535, 2.496690825767246, -0.16475773006718283]]]], [[[[0.8423806261555556, 3.1560387769244977]]], [[[1.9190522663666956, 2.5993708091017407, 1.0049368445480864], [-0.5093986468536296, 2.598859017825946, 2.232886481718791]], [[-3.221998533656259, 3.0221759120611686, 1.5484154085562816], [-2.3216420765974157, -1.5010161942162545, 2.7331533790758202]]]], [[[[1.199961549084183, 2.1460454854625457]]], [[[-1.3458202754701678, -2.154849470947139, -1.6549771114971537], [2.065405549754194, 0.7439746850118819, -1.8302555683569202]], [[2.208819648472733, 1.4132953934271875, 1.3598787182447953], [0.6171732492736662, -2.975120666198404, -2.135859977369697]]]], [[[[-0.19785487295196627, -0.2526099341107936]]], [[[1.151475815579856, -3.1726374326603746, 2.790526273121154], [2.1868571100627463, -2.7093170883274125, -0.8009157476418127]], [[2.7517296841369703, -3.139986032348758, -2.406694652489635], [-1.6306272310078145, -2.432712015382577, -0.19110172191193467]]]], [[[[0.031583854915257815, 1.696953155596551]]], [[[-0.16641670761568575, -0.18567513604512242, 0.6773231099221483], [-2.212255547053175, -3.1269846981687097, -2.5073024393983188]], [[0.8340166249055976, -2.681142575197812, 0.9221035321542148], [0.6262773644678041, 0.0055718041387492695, 0.9370931786073724]]]], [[[[-0.7412472546770165, -3.2476695133370703]]], [[[0.3513383407608655, -2.7185567299259956, 1.6277389816899506], [1.2188421731004875, -0.6842308519046703, -0.6802206065973748]], [[2.4167098827543647, 1.826289459878498, -0.5105747162893519], [-2.268573314337962, -3.3184303188531863, -0.32006945362259376]]]], [[[[0.7863747608590642, 2.728857062389182]]], [[[-0.7451918838436221, 0.06729871513071216, 0.8857606460387775], [1.9973723974869082, 1.3564762908346224, -1.1510549841667153]], [[-1.46760031140821, -0.44512199739539854, 0.5339338501865276], [1.4859636383383108, -0.6820801966118939, -1.1740170977741737]]]], [[[[-0.6962608873866192, -1.0197449405528576]]], [[[2.0200915778701756, -1.3284649710941208, 0.576803037452605], [0.3705536143983052, -2.9713940393168325, -2.51293981942557]], [[2.5918733303866808, -2.505795397848914, -2.453781408288299], [-1.5106846964827305, 0.3991980112487461, -1.548006700327328]]]], [[[[-0.1042345071629167, -0.5980463443601075]]], [[[-2.555852196794991, 2.464279713262902, -2.789199347589968], [3.2185386824247177, -3.1412175749413587, -2.038653826577203]], [[-2.2160507043312423, -3.1243748028456806, 0.8542974401578669], [1.8750808750859465, -0.4026822773605574, -1.1837074414476954]]]], [[[[-0.2673574133640983, 2.613031077251536]]], [[[-1.0983721036779268, 3.111642256085406, 1.307002655182055], [0.8142907213151694, 1.637342561268084, -2.161166856185281]], [[0.3312525541971848, 2.977017185771647, 1.8112778231631932], [1.736251705239708, 2.95548603063847, 0.6178952859135909]]]], [[[[-0.27577834226646997, -0.1538764215839154]]], [[[-0.7137717696882995, 0.015684338313596762, 0.1531947096386168], [-2.3845244841343485, -2.3572115538223004, 1.906548220288797]], [[-0.7952357384317924, -0.6946473827116272, 2.7135023924048003], [-3.207333859655311, -0.0622524928862422, 1.0432938632393949]]]], [[[[0.09181566355929294, 0.3744650211558098]]], [[[1.8212154880969909, -0.001478627869344661, -0.8493011841794208], [0.366638752702447, 1.1488737144764425, 0.45724293358042223]], [[-0.8262175164916088, 0.040281067524922505, -2.0264697389798143], [-0.9270611093971343, 0.009519842356445013, -2.8309742528224446]]]], [[[[-3.6628128662193866, 2.470435714908475]]], [[[-2.445125079387335, -0.19715131449287937, -0.24889896168857853], [3.0834563660152017, 0.9257128501330895, 1.2290126087674675]], [[2.004832643141397, 0.17957808643854895, -2.045664073562537], [0.8695602480801877, -1.457102035920212, 2.671057273909395]]]], [[[[1.3592302712929456, 3.150247414911367]]], [[[0.09153067257952943, 0.2926235719723701, -1.5022841423394975], [2.7972885529310894, 0.3585506210452068, 2.3004738002656895]], [[-0.18501516411831076, -0.07399235271286736, -2.444753768190137], [3.109235958193717, 1.3227802653548815, -1.7856824909962654]]]], [[[[-1.4476014464421896, 0.9944310075437007]]], [[[-2.2338451127506684, -0.01838824608523585, 0.6177379557834067], [-1.6600458326678398, 0.6265805927857111, 1.7269209034957411]], [[-1.9997412610890057, 0.01582592354472741, 2.79607910988185], [2.1215352490085957, 0.34249265394594913, 1.0574923934640985]]]], [[[[-2.8650420136363657, 1.5739353064038395]]], [[[-1.102513687850171, -3.1197682357825327, 1.1434160873306594], [-0.07922076172081914, 2.954407413513556, 2.086848505360372]], [[1.3503618961131043, -3.1305183531293297, -3.083998237383213], [2.4258086500994223, -1.7522673987088104, 1.6565220400932938]]]], [[[[3.0064931515541238, 2.9865901597323337]]], [[[-2.9851510397358525, 3.1414009201818276, 2.5147717614621055], [0.44729825375972604, 2.236571410904712, 1.1369477468230684]], [[-0.5661356656712848, -3.139565947169956, -0.5504327815977432], [1.6034669361224827, 3.1318714646168453, -0.30298581457940277]]]]]}