{"noise_params": [0.0, 0.05, 0.1, 0.15000000000000002, 0.2, 0.25, 0.30000000000000004, 0.35000000000000003, 0.4, 0.45, 0.5, 0.55, 0.6000000000000001, 0.65, 0.7000000000000001, 0.75, 0.8, 0.8500000000000001, 0.9, 0.9500000000000001, 1.0], "max_scores": [1.1886415928225027, 1.1732724338475977, 1.140722450539541, 1.119817843860305, 1.1067846793111102, 1.1031669501951549, 1.0453373405545805, 1.0641032454057695, 1.0408184805225627, 1.0190948085021465, 0.9308020134138548, 0.9724318058390664, 0.9368103211778813, 0.9133632740878197, 0.8775826576213138, 0.8339957668609732, 0.7827636601899486, 0.6988133175101234, 0.6682404629635093, 0.5578549007227014, 9.401824239895668e-09], "opt_settings": [[[[[0.29953190124557233, 2.6847131921974228, -1.8186135959461998]], [[-1.4954105896363918, 0.9330815432370098, 1.2716348799628063]], [[2.5483417897094807, -1.4196155817193694, -2.3793977034888822]]], [[[-0.3648975990234319, 1.0817487370226244, 1.211723999358811], [-1.8693156840861376, -1.8528520687159253, 2.4012278282172215]], [[0.2049777237115552, -2.3011135056381655, -2.999175172146532], [0.9403950903176981, -3.079347348640287, -0.43458164760272977]], [[-3.1868074695085697, -2.7088530042341192, 2.8002077062103514], [1.803918599730192, -1.346691597813144, -2.82895469345083]], [[-1.2263497856507912, 0.7958624136509459, -2.575902529434098], [-0.43363408985228324, -1.1686083715738818, 1.7770233418965535]]]], [[[[0.7444665795727032, -2.610921756409119, 0.4104878306149057]], [[1.3931026606506764, 1.871883550708756, -1.2460487895266563]], [[0.6029456095857774, -1.0598617456551664, -1.386703360136844]]], [[[-2.9248017252987664, -1.4197588179107348, -0.1579397044477209], [1.8822768074505027, -1.2154019656519093, -2.6169087649983633]], [[-0.2204624812374154, 1.1975430931903648, 2.446557490216972], [0.5740489662484911, 0.41033525506286583, -2.850782834540969]], [[-1.031868202331532, -1.773366390928522, 2.2290650847918054], [-1.9530736231831487, 1.8275681920254379, 1.9695066193088921]], [[-0.961396729011907, -2.5998689055429502, -2.076436524123782], [2.2269726380729047, 1.1310285867825565, -1.4203128875043383]]]], [[[[-2.0598583948642704, 1.0974275662438189, 3.125303066775521]], [[-2.0037473879074823, 0.2800323544777809, 2.345622906948043]], [[1.197737756260167, 2.5818098551773114, 1.6378821339874634]]], [[[-0.045240110575655385, 2.6904805610216926, 0.7497986452696446], [-0.5625920761383392, -2.938788837930563, 0.02611607853072823]], [[-2.657124249850017, 2.241371859416166, -0.11421486024178926], [-1.7965232613169715, 1.4858348307504146, 0.09357696544125062]], [[-1.8865646172709083, 0.1434594026629228, 2.2270007319455245], [-1.422481652410837, 0.9643278395827359, 2.09442723805243]], [[-1.1816084830874285, 0.9787468872091711, 2.8311657667311927], [1.3088936778815112, -0.6885632330104807, 0.6963204853818046]]]], [[[[-0.0335470987761877, -3.3317411387277636, -0.5195550938394508]], [[-1.9849326736482507, -1.7052894966100123, 0.15123442817659866]], [[2.2639245634997516, -2.7774233033453184, 0.21279460547667448]]], [[[2.8667983617434896, 1.528571750893137, -1.9901068706415905], [1.4293743957293348, -0.013405819253281662, 1.6135897524470364]], [[-2.5460237572218656, -1.063469729203664, 1.9306831191642755], [-0.7501841204047188, -1.6370059535690538, 2.393678062162601]], [[0.24015892244572942, 2.247712068619595, -1.8795430877279395], [1.1336351711485926, -3.213437495128409, -0.8625242092072632]], [[2.629927054450513, -1.5293515873433765, -1.576421753828774], [1.1620188637163524, 1.063597396704182, 1.012940488134392]]]], [[[[2.066899320673707, -1.608675425328973, 2.329874541665426]], [[-3.1450780312028304, 1.822627970663667, -2.932047725308463]], [[1.3322467459469265, 1.2398177359147022, -1.5660085434928677]]], [[[-1.7725561284796032, -1.927877246433248, 1.0342566879793589], [-0.10664976865530944, -0.4122926719893479, -1.8177899267279438]], [[2.4382069801237902, -2.1787107132762285, -2.228250543525516], [-0.6731040648399905, -1.3359257233461999, 0.5831212621379739]], [[-0.4597920762020965, 1.0584929255438484, 3.262132577163808], [-1.5731524856202594, -3.2640304516520113, 1.5351380757056752]], [[1.7346897375238488, -2.771646307115339, 2.2057639148275037], [-1.7904505753157898, -1.5401324856778016, -1.6347476652398885]]]], [[[[-1.895182948156527, 3.0652061415244716, -0.7336379781970956]], [[0.9686593734965656, 0.0978548568038877, 0.6690190400988686]], [[0.21773728997158298, 1.5212914365654915, 1.357084778440301]]], [[[0.1314274195750104, -1.481527215421317, -1.9947078394745719], [-1.4273917670899599, 1.9618795536025324, 0.5226365913411835]], [[2.821584066027585, 1.032008638809711, 2.7208339693911707], [0.6642440533591395, 2.3207421479204067, -1.5608157560805853]], [[0.5422220130791089, 0.3756742134810403, -2.0355052667511373], [1.4624720368587523, 3.080299347027256, 3.108936206579976]], [[1.5795339384853, -3.341774041990588, -0.28850229810371625], [-0.1704898436055546, 1.3872781153864315, 2.9842373587961744]]]], [[[[-3.4687211522757537, -1.8533234731136679, -0.2024303980247234]], [[-0.76427945071226, -1.2287869912950493, 0.5171338591532105]], [[0.920626680080506, -0.8478300075143534, -0.5766454102468084]]], [[[-1.1388330945810452, 1.0294835115636858, 1.668632597696531], [1.9098219533876453, 0.5420683097722961, -2.7358767875151497]], [[-2.6187595992184827, -0.04271993987044366, 1.0065534686645323], [2.9530340451415764, -2.8306152392720048, 2.7585378773951597]], [[-2.083018755708805, -2.4935453473367257, -2.741589310050913], [-2.760829710028853, 1.6135558485593513, -0.5601880684412588]], [[-2.1446116470929653, 2.709383675926294, -1.513866720516945], [-2.0841898240641035, -2.0094565672736047, -2.4162144593382875]]]], [[[[-1.9920856241418459, -0.7230648285047571, -2.9078605939924334]], [[-1.5197646375548228, -1.2508323103805414, -0.8339062222892297]], [[-2.042235336390069, -2.797186574169339, 2.8021422748001767]]], [[[-1.6546060460752878, -2.2809171314528593, -1.9105662560879184], [-3.291582817803809, -1.4893639754945756, 0.771517674257031]], [[1.1081589464999735, 0.9153243417728162, -0.4284930639480007], [-1.3842232362759268, -2.7993240387777205, -2.1897892247205117]], [[-1.5830917843637184, 2.3611134567249747, 2.695142663388493], [1.8310775015112228, -2.353806908528118, 0.16930549853252994]], [[-1.7366244094883967, -2.4128102143689625, 1.8060204857639226], [-2.9729866321079848, 1.6754575854181029, 2.7697474453574094]]]], [[[[-0.4283920667843202, -0.5222285912459181, -2.4200318481680787]], [[0.7172623862059784, 0.01549323138098975, -2.1305435239818853]], [[-2.0507473667799183, 3.2490693198063005, 0.9902361607936503]]], [[[0.3749412489234684, -2.227598268864526, 2.9045567760590707], [-1.3075515046553439, -1.3526147437671847, -1.2290312590938852]], [[-0.3107704041106614, -2.535113782287258, 1.0614748144725443], [2.387302217574595, -1.8976203002709535, -0.7908113381035122]], [[0.8796779230264221, 0.0711980441700654, 0.7899595212437376], [2.9729736244429974, -0.8072401784819574, -1.2391542017916202]], [[1.4373694943732325, -1.483054479821452, 1.8130459248054862], [-3.02141301048039, -1.179186902510633, 2.57482650508347]]]], [[[[0.3341872986514332, 2.193460203208866, -0.1138066025315223]], [[2.9389819847981826, -1.0285918344466802, -1.0002663173892603]], [[-2.694670277921508, -0.9483009405078928, -1.725972888657771]]], [[[2.7075180720191416, -1.7011082129414998, 2.2180365882276405], [-2.9309644117434948, 1.203125213837137, -1.632196304755419]], [[2.983224978728834, -0.11797091502047913, -2.3995270567668068], [2.3682965052348783, -1.9433710571519123, 1.8717802669502575]], [[1.6717485500962077, -3.075248270861577, 0.7333895269732764], [2.234735216255976, 1.4279143015301576, 2.449367775007251]], [[1.8441809887651957, -2.673380545630354, 0.29026079679912936], [2.8125487948117245, 0.5995959633595278, 2.2237698395317205]]]], [[[[2.5143016441884827, -2.1084462333979794, -0.868627754269662]], [[0.6968224059246948, 0.23666206129108303, 1.4032764057875389]], [[-3.2556603048025403, 0.661922548669382, 