{"noise_params": [0.0, 0.05, 0.1, 0.15000000000000002, 0.2, 0.25, 0.30000000000000004, 0.35000000000000003, 0.4, 0.45, 0.5, 0.55, 0.6000000000000001, 0.65, 0.7000000000000001, 0.75, 0.8, 0.8500000000000001, 0.9, 0.9500000000000001, 1.0], "max_scores": [1.1892039181254863, 1.166169974969136, 1.14380757454433, 1.127050500997893, 1.1139937872784609, 1.0789923842717193, 1.0444374503047775, 1.0668046443684887, 1.0214899869655036, 0.9600437671352523, 0.9875216492370846, 0.9663410300684883, 0.865857000041492, 0.8272851886407335, 0.8793350785249243, 0.748160588397307, 0.7932207313658843, 0.6676684774271752, 0.5763415639138891, 0.5594501449031586, 1.3719201794328387e-08], "opt_settings": [[[[[-2.246836509198354, 1.0199180564928758, 0.09538155139612145]], [[1.0763969708339383, 2.572584225361257, 2.964845573035524]]], [[[2.659915845809475, -2.6062374042920755, 2.521424606930913], [-2.709129623868307, -1.2280566772374013, -0.704093070070607]], [[-1.3779444319904162, 1.6035342732627411, 0.195305199086436], [0.3485969381328111, -2.0299513661512147, 3.1380844826487206]], [[0.346370719773885, -1.6695490838908704, 2.730129045553279], [2.342927816614654, -2.8599001931994104, -1.5712685073622399]]]], [[[[-0.8831542828013647, -0.34885272054371486, 2.849252691583164]], [[2.262658403666016, -2.347569451501548, 2.6329653147779006]]], [[[-2.3644585231423743, 1.2776555259744444, -2.197805939738392], [-1.9763298843463646, -3.067933595372323, 0.2743705550566559]], [[-2.949372859313062, -2.681828500178921, -1.8129316997800906], [-2.0120812965549684, -1.225337763769496, -2.3628067629860583]], [[2.072403602792711, -1.9155442901649606, -1.009931896401889], [1.2592145819217417, -0.12906883252097257, -2.1975422649180425]]]], [[[[-0.10527085023122332, 2.2384473202593225, 1.4996029259472465]], [[-1.853734522612737, -1.4777357266449762, 1.6903886436901925]]], [[[-0.8877117251945509, 0.8965465842254702, -0.46087585964334427], [2.51456594939262, 0.5567136970181081, 2.166910327877857]], [[-2.2556711125337103, -1.546564524998794, 1.527150347980885], [-1.1483915495342845, -0.5887995847309974, 1.6948608796633953]], [[0.7126754233157775, 0.1448246768613406, 2.7236372375750095], [1.9855193714351629, 1.6136424231056916, -1.095070125041694]]]], [[[[2.1928240289015206, 1.125344432729915, 1.2166631701954562]], [[-0.4247427293977584, 2.113552259005656, -0.47486112941281133]]], [[[0.07170449192358515, -2.5981903592436066, 0.20843524157941928], [2.145434473693687, 0.9294893659360794, 0.06833724634285826]], [[0.489817908095076, -1.9020646661481853, -1.6068857614337866], [-2.350544190178497, -1.2405873632357942, 0.6484573596313444]], [[-1.388015346083457, 1.9581140791968044, -0.9079957668400604], [2.169545564179846, 2.441392974984248, 0.6399592537092111]]]], [[[[-1.756550784183767, -2.2343627725181388, 1.0773246297619041]], [[-1.1159379321609, -1.9379696588612791, -2.7515602241380854]]], [[[-2.5112233673603397, 1.6662939773166887, 1.8068482329582674], [-1.4956413779270066, -2.4436422151827193, 1.332292163270652]], [[-1.7513745094987925, -0.03741901654996134, 0.8715077865336458], [3.0162450039278488, 2.132002571082546, 0.6645369787116323]], [[1.6917573647442639, 1.8182003558267732, 2.1170914982038003], [2.7801341584210495, -1.9120022388203481, -1.0012322270815215]]]], [[[[2.4451790811423852, 0.7530602105830186, 1.9966350021875177]], [[1.0041310082986772, 2.5623845429427523, 2.247976299568988]]], [[[2.942648112979009, -1.4951160976028433, 1.2709080659151617], [1.7687009676487342, 0.21160928415517288, -0.5414859519293893]], [[-1.1179896674684566, -1.9181673626390208, -2.208776501021243], [-1.9902666649548089, -0.4527337395631072, -1.265463294816608]], [[-0.34889920651455086, -2.0260902080295096, 2.333977489546962], [-1.6137147187848386, 1.26298452843518, -0.08961861885584639]]]], [[[[-1.835869673591265, -0.5100060918332989, 0.36856034990651]], [[3.076757673090629, 1.2605677098640495, -1.8808958670277474]]], [[[2.774866118668562, -2.9707196374864306, -0.6522213270465271], [-0.2814329108377806, 1.3816674518164282, -0.5301978058955462]], [[-2.1726581073655296, -3.0013412473282686, 0.8344272131656798], [1.5957697387218208, 1.4045528731157286, -3.0438902158150944]], [[-2.0388403593267377, -0.434660137942664, 1.5684184564731591], [-0.8442610962944976, -1.464440469832486, 0.9986765948613803]]]], [[[[-0.7394578527382998, 0.6572145203389815, -2.3153060826079224]], [[1.4582025591220338, -0.5879650572882745, -1.983207505479854]]], [[[1.494872345636203, 1.4852529741234692, 2.757874861983602], [3.2230919633483857, 1.978019572078821, 2.652563999487705]], [[0.9816710173223655, -1.0355345170667134, 0.06414311240026806], [0.07576287472938437, -1.7122774608351616, 2.658079634200819]], [[-0.9938953908898311, -2.1477941536599388, 1.4650887288899908], [-0.2163911144264691, -0.3956902129886213, -2.69555587885809]]]], [[[[2.243787531257745, -0.4791671541071663, 2.955749870436311]], [[-2.461626633430801, 2.7747012310340797, -0.3005626597030749]]], [[[2.7086481672290432, -1.00006138665657, 0.03475168040334169], [2.1750110182058324, -2.1859769445736372, 1.1173715142768046]], [[1.8709664835459234, -0.4115572986902492, -2.2172060619651255], [-1.4261079351817543, 2.33171415536718, 2.8949694532520125]], [[-0.6070855691528689, 0.7442273349628211, 1.1137250916003536], [0.6368581434402177, 1.7106107376932111, -1.3669445810987444]]]], [[[[-0.20762273672338866, 1.6104533538576091, 1.3815275752069671]], [[-1.0530030120528122, 2.6005668932786556, 0.2354862000409273]]], [[[3.1015672070393854, -0.270180612088872, 0.36114640861194536], [-0.0010766206239606127, 2.5204225283854442, 0.24839457786058233]], [[2.532394429734889, -2.8993875449501227, 1.808082623050176], [0.090830388184473, 2.5208951317735457, -1.816316449096312]], [[2.1881300044263043, 0.8541612552143973, -2.498445062739446], [2.758363902584473, -1.3844934727549814, -3.047094651224394]]]], [[[[0.21758489457476876, 1.158103876359904, -3.5228556941504046]], [[-2.6899039067828143, 1.0374002105093165, 1.9169595787727463]]], [[[2.0183384645510056, 1.9935542141766822, -1.489089397925032], [2.6952906071967937, -2.351036747755516, -0.2584384483401246]], [[-0.11878367469199319, 2.280975554173245, 1.9881638435235234], [-0.21822009613843904, -2.4715603026840296, -2.703691167668728]], [[1.2404165982762425, -2.384449424939299, 3.069555943744385], [-1.0000883819955766, 0.5907501688417259, -0.4736915855416655]]]], [[[[0.12226726415143564, 1.0654008205312813, 1.112052077021265]], [[0.25843669321227886, -0.2539241222225242, -2.622263410755378]]], [[[-0.33649338116184935, 0.643543578329379, 2.325970927303098], [-2.2497001682732343, 0.9085733162117852, 0.9690723207335994]], [[0.7390679777524721, -3.2036551208133224, -0.9712925868595392], [-0.364364938588446, 0.11831244096997758, -2.7041417583346887]], [[0.8854510630711714, 1.4295651142548658, 1.563870802445166], [-1.1047188877564353, -0.90162194146172, 1.577950178637872]]]], [[[[-2.2797240531972043, -1.913460771091682, -0.006908910462798614]], [[0.9606078193500582, -1.8252261511169043, -1.8535507511221132]]], [[[-1.6166540685294069, 2.6534689866236185, 2.4924233457612344], [1.5152406652055215, 2.28790325462834, 3.0398484172126556]], [[0.4348375966998305, -2.596666779957617, -3.2684782933515404], [-0.043491881653426934, -1.39970505330355, -2.022927670403327]], [[-2.110303166851018, -2.163585931818467, -2.7197463511000612], [-1.3559649331775752, -3.4022146530516917, -3.0267003520150944]]]], [[[[0.07956298948564708, 0.938694645702131, -1.3740456739526836]], [[-0.43256359305604913, -2.573066441548793, 2.2669463339501505]]], [[[0.15567354492554553, 2.5827989601497268, -1.7561897580388888], [-2.983719030757999, 2.560450416256239, -2.006262263153201]], [[1.6185876885003228, 0.6756847976875215, 0.03606770097097976], [-1.2236511144872122, 0.23530915403120367, 1.3875743721436458]], [[1.1799100195817294, 2.061421416598223, 2.1977703906760757], [-0.631440265424757, 2.7926942811778077, 0.627187377168188]]]], [[[[2.794066630096844, -1.9794400164611758, 