{"noise_params": [0.0, 0.05, 0.1, 0.15000000000000002, 0.2, 0.25, 0.30000000000000004, 0.35000000000000003, 0.4, 0.45, 0.5, 0.55, 0.6000000000000001, 0.65, 0.7000000000000001, 0.75, 0.8, 0.8500000000000001, 0.9, 0.9500000000000001, 1.0], "max_scores": [1.4141745747427321, 1.390046122256156, 1.3737523694490963, 1.346761178328844, 1.303356857727756, 1.272839610967193, 1.247321502260304, 1.2382262863353977, 1.1781262464087359, 1.192928867883905, 1.178105837223622, 1.062504020731074, 1.0308074746514624, 1.086339042918815, 1.0286977825612789, 0.9964390143677606, 0.9446737408870689, 0.8736233887723915, 0.7841416131720811, 0.661211560111578, 1.4250774472507978e-08], "opt_settings": [[[[[2.5890018101835577, -0.4942260873309693, 1.9482436441960498]], [[-0.3214874819337647, 2.779604373207527, -1.0580265704280218]]], [[[-1.4931178844408244, -0.5684380125399681, -2.8711768534474005], [-2.0446145804904576, 1.2370528377350773, 1.2080128680553495]], [[1.6416809827079126, -0.25842329235527095, -2.6173647280179315, 2.408562139418781, 1.4111170195267304, -1.528356240253146], [0.4871739711372066, 1.8398920263706242, 1.6811104583863825, -1.7904950324136348, -0.9012044308472447, -0.5814200765502404]], [[2.5795955293656734, 2.3392084009996212, -0.9086279473454799], [1.2416536495596417, 0.8072462089429087, -0.48441442498501436]]]], [[[[3.254500034542539, 0.7573526347177776, -1.9366036052767452]], [[2.9806544630642526, 1.7247524817931388, -1.5836154351401475]]], [[[2.606018103272548, 1.6957433263245085, 1.1041810035775264], [-2.345536365882252, 0.4353101692995625, -0.25521107636738494]], [[2.231463555718971, -1.7871319978926252, 0.768528819588111, 1.9643218402842868, 2.278965864111619, 0.49059581236285726], [-0.05139884222261459, -0.07947822119021361, -0.8005961052219548, -1.847298477481783, 2.5998905777136723, 1.679968894605656]], [[-0.9872011933851539, -3.0171111548381977, 1.4601699311242893], [-2.7280670346119527, -1.5363547166757405, 1.8437849968194433]]]], [[[[0.9006846958672178, 2.4579805109898913, -0.7197440727564092]], [[2.600585134282804, -1.7290201128515337, 1.4013182021186115]]], [[[1.340609598159985, -2.078864930924017, -1.2867851781265678], [-0.2799149318191598, 1.1721269587909313, 0.17109123494539474]], [[0.59325935195515, -1.662197632580683, 0.7405758477506841, 2.062805207284918, -3.2190427747103327, -1.7268622796267035], [-1.6213874208902634, 0.33593653571509063, 1.9229349749311062, 0.24696044156941713, -0.9925817544199693, -2.166552051655568]], [[1.787734779062385, 1.6381115326189246, -1.67255734985075], [3.187170160335827, -1.6516297888283689, 1.4060214468532628]]]], [[[[1.8533194266703357, 1.5738293026681123, 2.0126322353959205]], [[-2.7822151599146707, -0.30492052498774525, -1.068562424756396]]], [[[2.326496378193252, -2.297021716687857, 1.8405889649889824], [1.465753747710467, 1.8088578904381036, 0.10197964762280466]], [[1.7157132451985908, 0.9596530471610567, -2.2055501894188905, -1.45200413981453, -0.2164430231278183, -0.9871186713868747], [-3.8053185884047047, -0.7623914982947665, -0.14172040380179082, -0.1153619037613451, 0.6953273398518366, 1.665170365146193]], [[-2.161733665586791, 1.4814124111504883, -1.6115630992242764], [3.015466067422228, 3.055154540353832, 2.634534035494343]]]], [[[[0.18882862264802486, 1.9954126687620997, 2.2999296180374373]], [[1.6454676404557755, 2.590343595962927, 0.5889037758138169]]], [[[-2.4186861381262874, 1.9108562519085799, 0.7569138254061105], [-2.1341149078191513, 0.5135189446285257, -2.3397541149216208]], [[-0.45760427902528933, -0.01700080817599938, 1.605514335321713, -1.0134912483272762, -2.773943510787736, 1.6161930268184221], [2.7837271064338998, -1.7525754865314136, -2.517146125677489, -3.469219633443502, 1.5091426926907232, -0.39484121976296865]], [[-1.0597251098052085, 2.056199110106644, 2.592999436879448], [0.8923750007743309, 2.8044910974377895, 1.8007876368695683]]]], [[[[-0.1899192315943671, 0.9810554742830686, -2.025771814116231]], [[-1.655018693276218, 0.09941042064548417, 2.3618030200689546]]], [[[2.4477956427841527, 2.9631807775133563, 1.816765521642675], [-1.0313872904870476, 2.024516841913021, -3.103170657781589]], [[3.228923514196433, -1.4868447016095192, -0.03100452443907467, -0.32101568819264736, 3.3288256869710207, 1.738993874612543], [0.6993164621246021, -0.18087023092011878, -0.8566295100651908, -2.272947841055388, 0.7884965178558556, -0.2825121012645795]], [[1.7835494915321315, -2.786770897330392, 0.343899878632759], [1.7629270966113513, 2.119061248945431, -1.572971980867409]]]], [[[[3.046233489963929, -1.1506255508081282, -2.8578545622349467]], [[-1.7387398972000923, -0.16062305107211353, -2.092007845481224]]], [[[3.135001775882156, -1.2369471704573043, -2.3249463414962093], [-1.5049672094498765, -0.020033341882498498, 1.8065291466805231]], [[2.9721209658802756, 1.1794633696831993, 2.876289787082868, 2.697750317479614, -0.2608894287447811, 1.244135509585977], [2.512329138086902, 0.27815116544705043, -0.4591737957258327, -1.7562957024474033, 1.9004640200618999, 0.731371846777412]], [[2.1976473394246367, 1.961397440182495, 1.2128880414251126], [-0.3099893947058668, 2.65806011762688, 2.800261756897102]]]], [[[[-1.954972146142512, 2.416312124907711, 2.347926667688065]], [[-3.07237111249826, -0.15006386711695938, -2.377902465207005]]], [[[-0.42545115517521975, 1.470079622510214, 2.4861860390127575], [0.9695403923452197, 2.867416227769816, 1.3710623560373012]], [[-2.737768534362797, -0.8603316796396571, 2.781244937448262, -0.03922395875353905, -3.1351589903797907, 0.2083694667974556], [-2.18120010896723, -1.9712806495936572, -2.9212175563345455, -0.5916394475876232, 1.3252187434203764, 1.6622962237577044]], [[-0.1398095009369716, -2.315744191414811, 1.9762404763644295], [-0.3703864956376494, 2.3554506562437427, 1.9890824306609733]]]], [[[[0.8058742902958457, -0.9933243106073875, -3.177042028110794]], [[-3.416364803779277, 1.6479161247468992, -1.3790798421262829]]], [[[-3.1619501247846586, 1.4310438932388627, 2.7952149787654674], [2.505239648553421, -3.284210175102268, -2.4403319420748044]], [[2.462564930927596, 2.1807060158468423, -3.0061043789773247, -3.066027161240201, -0.6145098630361644, -1.1724329049596238], [-2.671840827836136, -3.11209826304043, -1.560092641627419, -2.128520909236655, -1.4819118067030241, 0.157596417653417]], [[0.6121230859822007, 2.350490963274704, 0.4915788712920177], [1.1471045401526916, 0.8448294425904861, -0.7237450795278852]]]], [[[[-1.285141212119428, 2.4720392763701344, -2.4861647963087496]], [[-0.1334754892252708, -1.6829952711464162, 2.7708879914517635]]], [[[1.1753919604207312, 0.7509233127150329, 0.6360432239585236], [-1.493523193860132, 1.077256933181459, 2.5197515743000363]], [[1.3674896297284627, -1.0219931456782152, 0.4463535967436942, -2.800478847699069, -2.227565482386728, 2.1671692183810745], [3.143201086002336, 2.0143734677966116, 0.21586281518299713, -0.04780832080200877, -2.473180100772785, -0.0026377751347635065]], [[-2.8241915802384705, 1.627172193902038, -0.5891653249391631], [0.971566047188574, 0.22351101986056712, -2.753868661171128]]]], [[[[-1.2499833967778518, 0.3359436022272665, -0.5663982296690859]], [[-2.541488958593823, -0.888732476448579, 0.37782017013970404]]], [[[0.44770196299853454, 2.568831296046063, 2.2407468107842563], [1.2916307652749983, -1.95589562331465, -0.2214865226589201]], [[3.23424882150355, 2.29248163137802, 1.5198765540632344, 2.3026799486590352, -1.523544636819131, -0.8007057941014817], [0.9266213951581553, -0.938874202283537, -2.870726324979147, -0.24059875934953118, 0.07549494229932953, 2.126596576045622]], [[1.1419900245840082, -0.20713138067461362, 2.6395744623213586], [-3.300473788902244, 1.4698270703488532, -0.9554259156385418]]]], [[[[1.202526290471539, 2.8843921894052817, -0.9371270700460819]], [[3.5587860600081926, -0.47053779196927936, -2.1296015471566]]], [[[-1.7733420364865662, 2.5154990619531508, 1.492578924065417], [-1.5153151332766361, 1.595160808811437, 2.7594675432345097]], [[2.6492552000179463, 