{"noise_params": [0.0, 0.05, 0.1, 0.15000000000000002, 0.2, 0.25, 0.30000000000000004, 0.35000000000000003, 0.4, 0.45, 0.5, 0.55, 0.6000000000000001, 0.65, 0.7000000000000001, 0.75, 0.8, 0.8500000000000001, 0.9, 0.9500000000000001, 1.0], "max_scores": [1.4142135547132255, 1.3876034978955594, 1.364525401228109, 1.3547121099965351, 1.3369445137173495, 1.2726539204239566, 1.288527555191025, 1.2531540007684914, 1.1933852322770586, 1.1602887784063851, 1.1785202777647252, 1.1212612181505388, 1.1239527129112377, 0.9932484530847938, 1.0460887185872374, 0.9955810038993536, 0.9431064369368021, 0.8795761736000584, 0.7876208859868354, 0.5687771086201583, 1.019994866655253e-08], "opt_settings": [[[[[2.8814032292728755, 0.9497279801446116, 1.5080838505119056]], [[-0.06434031013929939, -3.3142781992824357, -2.5905286686497027]]], [[[2.4417319803674546, 1.2112873724484219, -1.1398899435451555], [-2.096195124513267, 1.2223511929910842, 0.439827942468963]], [[1.3347974471937998, 1.7734891198192428, 0.602237958224355, 2.6333116829371264, 2.0216965090156442, 1.932556944096099], [0.09119426434499202, -2.51535825238596, -3.04885164786597, -1.4453249682209266, -0.7252815185584425, -2.562911219548343]], [[0.7151227835619258, -0.6827151096357041, -0.9612311003045542], [-3.4346115630572047, 1.9449437018714555, 2.678489362307695]]]], [[[[0.4401570980048087, -0.5294122111081335, 0.3156451069104499]], [[2.4224379101142124, 2.330658128609612, 0.5497030813550156]]], [[[2.6303932706477426, 0.366572362550917, -2.3757509280552345], [-3.0292758678421383, 1.910552386339325, -0.4645964812511979]], [[-0.6618218201701096, -1.5608347468061137, 2.157542614420965, 1.6342002587840854, -1.5308444958499217, -2.5047766972063252], [-2.8802108101142325, 0.3331241884266505, 1.0749211185791028, -2.5576984708511756, -2.4967484978206715, 0.6733533152887912]], [[-2.6642179581359806, 1.4764254498674498, -1.7929437258391103], [-1.1383449192982777, -1.0611132546610198, -2.3759157796662542]]]], [[[[1.7715335618444852, -0.9834569840585089, 1.9119491128387864]], [[-0.19907047712632175, 2.6025897756762024, -0.30142289011613965]]], [[[-2.3847340010736113, 1.482356046472067, -0.1631649910953113], [-1.0880039452051506, 0.37842858448006184, -2.6024793630693095]], [[-1.8209359105009086, 2.940162480196272, -0.25112111029252215, 2.4204379630420485, 1.9776718946992775, -2.9021944491500666], [1.972544089820763, -1.6285225427489902, 2.924682300252897, 0.5068076135080104, 0.24745560121671337, 0.555887371382755]], [[1.7862438213545908, 2.7306379140140957, -0.2006493024083068], [2.1947011272442296, 1.4336890964715119, -1.2729114774940955]]]], [[[[-0.6588564325451977, -2.8448562757574094, -1.4305173911127231]], [[-2.5231393654971734, 0.7035379027325843, -2.4446095505475065]]], [[[2.661046743321565, 1.8959614126267106, 3.0030295937052367], [-1.9028396203858717, -1.1405117843370687, 2.7645229532384725]], [[-1.7426656372838056, 1.309203269325313, 2.8866513126948066, -1.010149419145979, 1.5301571907743707, 0.38178925101334826], [2.6417844227554976, 1.9824206260352506, -2.3622966936994447, 2.803942992908845, -2.5719076546738964, -2.7182060964917882]], [[2.5447551716711487, 1.745977079164162, -0.9142499415653682], [-1.80374944485494, 2.492124582239636, -1.0765959185802565]]]], [[[[-0.6615920069511905, -1.5348786091594708, -1.3872671428247236]], [[-0.8755231694965483, -0.9425982758304111, -1.983879410389662]]], [[[-1.3843547415923927, -1.4140888395915054, -1.5000503824516978], [-2.712632560617163, -1.3266592157812258, 2.547670114747328]], [[2.5873455073887053, 0.5105005430130657, -0.38092118568683153, 1.357497097268085, 1.3399252229883314, 0.8335714541887649], [-0.745356424161095, 1.5278072884067997, 1.947683820418022, 2.1350699720088326, 0.33783196060931925, -3.100661736702752]], [[0.2510351283864093, 2.9096844575837353, -2.10715286022568], [-1.4561196256977575, 1.6290127670782613, 0.6873829636844052]]]], [[[[2.519936906552383, 0.579881112326776, -2.736859243879776]], [[0.6574185183517082, 1.9296978215126286, 1.3410417061545712]]], [[[-0.7709114528588583, -1.9502943483704618, -0.1022896049592496], [-0.6682863122668694, 2.5755784706496345, 2.438052287439082]], [[2.9167367379027875, 0.3933727957326961, 3.1081957127304216, -0.6804548578209014, 2.9032682809633723, 0.334500537547048], [-2.2093852851812295, 1.840763729746398, 2.8891860125070714, 0.6815324366736749, 0.6246085721099816, -0.5318877685067549]], [[-0.8796894220427057, 1.7259959065630672, 0.9863178059101338], [-2.1537097668068292, -1.7775216858659373, -0.829692996664988]]]], [[[[1.777732065233943, 0.10323846384864178, 2.617659418601563]], [[2.627637921576383, -0.13341422631167224, 0.2623792074127787]]], [[[2.0217158830467974, -2.114878161505095, 0.8479795315297165], [3.3044409020039613, 1.971598070855167, -1.8331873558901757]], [[1.1883930145442123, 0.8075670855137884, -1.049693942330121, -1.2111985970470935, 0.43067559566596486, 0.3013741350745094], [2.1363823999784555, -1.6754234366301277, -2.205454405854217, 1.9752783354627426, 0.9193314926278817, -0.581842825541773]], [[1.4987460102703243, 1.9231749907317512, -2.8270165734661514], [-2.56615216141439, -3.4285417987176223, 2.1569401334436837]]]], [[[[-1.3589361119568761, 2.1412907204907703, 0.947214580385995]], [[-0.19575722609913207, -1.4779375813809523, -1.842580889381066]]], [[[2.506881566683412, -0.8748627149101398, 1.0571593947746258], [0.16267280374226337, 2.0658808018243375, -1.7683456094120305]], [[-3.7042678688924178, -2.4032013383189894, -0.33210831322334233, -1.570748385693921, -0.05204116353590099, 2.8849252455428416], [-1.3416213624588325, -2.4743687051204897, 2.5163166346585193, 1.4152943582404025, -1.1678080645476436, 1.5753449789488334]], [[2.6205742528964047, 0.7099823424127415, -1.0131856290724501], [-2.7163356232445013, 1.9754909270581629, 2.7956084906599727]]]], [[[[0.38104971177663227, -2.3078513815859063, 2.35392047042736]], [[-1.327953837689765, 2.6950091955134625, -0.981776179150366]]], [[[0.2869595607603491, 2.3890311049447503, 0.6793501995158095], [0.49838682103021126, 1.162564327854627, -2.9163388411836153]], [[-0.9528382409446479, -0.8017040725030506, 2.1302908325180407, 1.0682329773175165, -0.0484223761039257, 1.7984238451120982], [2.0826695160657094, -0.22440245187541125, 1.6632467445719794, -1.1242026148177775, -2.1159608184987686, -2.6261228452143297]], [[-0.298809702996426, 2.5240159141420637, 0.8395888767477779], [-1.2712281805494412, -2.3297125812473, 2.9064080986695044]]]], [[[[-3.097775853872254, 2.8000951693131535, 0.2444154926701756]], [[-1.2822048612645478, -1.8447250840085316, 3.5844391091030325]]], [[[-2.8784230551308885, -2.301232732765813, 2.328702529271596], [2.618421748936206, 2.557157209894354, 0.8238622059631568]], [[-2.792088176989918, -0.5260614647059243, -0.8665197901721968, -1.8647329709374518, -2.399158354749151, -0.8982816409488379], [0.23735578890970604, -1.1932530280837832, 1.1044794383575889, 0.5644755615088162, 0.42762188891398806, -2.6429281063377177]], [[-1.6527127702664364, -1.1480314921321622, -0.6357537165224585], [2.9478528560569153, 1.5200632499875084, -2.138032259897434]]]], [[[[0.9900233447555533, 0.39147734486548347, -0.5717160348959757]], [[-1.7620940113681127, 1.193769414792603, 0.5317170388450387]]], [[[0.42632680352211716, -1.2124699657019042, 1.5982904545523429], [-1.585805289921378, 2.558232129966507, -1.8188393822681235]], [[1.9623458196876589, 1.2884077777805123, 1.6373496793565083, 2.071659571387319, 0.4190657430751223, -0.296152044206517], [3.0401453380207126, -2.5521326890054494, 2.8729696253734502, -0.33940549198314957, -1.4578181515658182, -1.600711441646454]], [[-1.682061633521921, 2.862230181643475, 1.1693813119647531], [-1.8561702992279152, 1.2629568144571086, 3.124587583359469]]]], [[[[-0.4483658711629455, 2.726272109835305, 2.7306479081078603]], [[0.32761500563869006, 2.892157981954056, 2.126603408642308]]], [[[1.7817726269548928, -2.17364673366904, -2.1839030953246916], [-2.0654012932637613, -0.25066930174011937, 0.8043969954621917]],