{"noise_params": [0.0, 0.05, 0.1, 0.15000000000000002, 0.2, 0.25, 0.30000000000000004, 0.35000000000000003, 0.4, 0.45, 0.5, 0.55, 0.6000000000000001, 0.65, 0.7000000000000001, 0.75, 0.8, 0.8500000000000001, 0.9, 0.9500000000000001, 1.0], "max_scores": [1.1869572415985798, 1.171788957963829, 1.1443342211740264, 1.1321607499494304, 1.0961838951673064, 1.0841700970464812, 1.0816582439690334, 1.021642484681075, 0.9893495943818942, 0.9679476124669546, 0.9899819574383474, 0.9737437861953271, 0.865489807327972, 0.9121319561494208, 0.7855775609064815, 0.8095591061397127, 0.7706034092221293, 0.7393570380281649, 0.5753248510988531, 0.560967372632703, 5.953608932122505e-09], "opt_settings": [[[[[3.0859528773675073, 1.6860692521329503, 0.952560732467286]], [[-1.5737975796890227, -0.04056483582328351, -2.185950077840138]], [[-1.3278422092540811, -1.4559438138168166, -1.5425251928616959]]], [[[-2.4302924442663847, -1.2194625409960647, 2.2416901656800166], [-0.1637848584976882, -2.2014694144266267, -0.5030590782815835]], [[0.6958981042054554, 1.6934333920902074, 0.13295842615580356], [2.8663265412706647, -1.5141918647486192, 2.596251555794069]], [[2.3469041807719746, -2.2396151602073924, -0.6860966689074162], [3.0070410961430847, 2.139843699213191, -0.7945065319306938]], [[0.4035127017089208, 0.12058868178418837, 2.009526870870735], [2.7897400169102733, 2.342365112704185, -0.3266355855882033]]]], [[[[-2.9977603327996145, 0.3177397915280031, -2.9010356486283353]], [[1.9803116959243032, -2.115412143604672, -2.0189223882661795]], [[-1.505481285320753, -0.5350889924406945, 3.151068426789845]]], [[[-0.03052786237666136, 1.5588368010260547, -2.424395427703065], [0.93578366419987, -1.0861928167778592, -0.43277439328891737]], [[-2.403974466479052, 1.7764202258903943, 1.0733539583886902], [1.5775065070368097, -3.10082426215194, 0.7745685003246207]], [[-2.2842311751885322, 3.3025799803170695, -1.1627688463172277], [-1.85008680057199, 1.8114578297515271, 1.901443259745027]], [[3.0101264076850995, 1.4889717442109311, 2.924148419857172], [-1.9302312930106242, -1.3801187133921795, 0.8491035623543719]]]], [[[[-1.135123403033932, -0.24192133856901957, -2.851237250630929]], [[-0.9526003553667592, 2.5412426465527314, -1.5638537191965816]], [[-3.027453393562876, -1.5391272792603758, 1.3590726472752521]]], [[[2.8710035554714093, -0.26623051501799644, -1.2441606759722077], [-2.659083513697525, 1.1497710266044334, -2.474682781929844]], [[1.1641801237984717, 1.7256146566279236, 2.065324495194652], [-0.18696549239557703, 0.34278316056470504, 1.2234529541990316]], [[2.3899319198170503, -1.8378753139598845, 0.24465289717660735], [-0.4244973635780039, 2.1335900580711487, -2.6150411635265223]], [[-2.8949474221733, 1.8096157801072716, -1.8784993882180805], [-1.9310880279080223, -2.928484237373057, 0.4074560813474273]]]], [[[[-2.225921215374828, -2.2565975935005933, 0.7432046823621665]], [[1.2649159222597168, 0.029469736300818956, 1.602803061989063]], [[-1.9812192642909752, 3.228383407847264, -0.9590212045453356]]], [[[-0.10367620419665569, 0.8412648976977913, 2.3040601092388675], [-1.279374237459162, 2.049550993385694, 2.8584291433137548]], [[-2.3532062801984837, -2.042486861357211, -0.26976311822071797], [-1.9786884236273232, -0.6058586506053384, 0.5323890071243855]], [[-2.8554240614084576, -2.5576248237364543, -3.1230617646081886], [-0.4716392397442507, 3.004919175748228, -0.7783124909004453]], [[-0.5518344688291333, -1.65681900157059, 1.1258734594684316], [-2.125544849927477, 0.2525676175740701, -2.919556908012738]]]], [[[[0.09150473464718917, -0.627325442196545, 0.3352012528982412]], [[-2.0546889798237116, -0.26158200770707707, 0.8575924713791391]], [[-2.0012284340208524, 1.4759360336745728, -1.6512862339575205]]], [[[-0.4530310862308074, 2.938618525833961, 1.9182749285915515], [0.2384186953279409, 1.5139421643465176, -2.843707652376877]], [[2.2661251463375103, -0.06903067799400331, -0.2456981905738254], [-2.0255109135778677, 1.8427266522584984, -2.5237134385189384]], [[0.42938241618828393, 0.5491332693218659, -1.5469210741533685], [-0.7913758398120183, 0.2227672272665037, 2.654815653908388]], [[-1.3776043952883714, 1.5258019533650178, 2.3110073133394406], [2.358450838482268, -0.13125795577210655, 1.811838211926962]]]], [[[[-0.9801973933631631, -2.148104461554654, 2.1096561058556147]], [[-0.07086994991139695, 2.835700850976501, 2.932188979203767]], [[-2.519572050942347, -1.4770887634623375, -1.1075197883180947]]], [[[-2.289323468211389, -3.6814643822869244, 1.7543813036836626], [-1.328905700969131, -2.2123785920605368, 0.35820869978077363]], [[-0.721858497207714, 2.299356484760234, 2.7189322865817402], [-1.5905524662326884, -1.0532892335896527, -1.8649641450346155]], [[0.9957873275538988, 2.9247366608917593, 1.082856706220184], [-2.2683218180713474, -2.4299522350106364, -2.287061234737537]], [[0.49976797540701867, 2.0019792585682943, -1.8566999432860887], [-2.154638822858305, 2.6230738636392013, 2.337669150312779]]]], [[[[-0.17935056730449817, -0.5426747239199751, -0.403219558848991]], [[2.063241309626148, -2.2293119422033536, -0.9651434185458745]], [[-1.7073782349733873, 0.18868825117337032, 1.3402118075258038]]], [[[2.025454519614477, -1.8346104538984545, 0.649235831339626], [-0.050622182633197864, 2.2214838191662185, -1.1754754300985084]], [[0.40373049898069324, 0.6497378860468774, 3.2188277706014197], [2.796216449689715, 0.7068931268011254, -0.48671040806748633]], [[-0.7977579032457207, -1.7804866986121703, -0.42104220311037005], [-1.0462074171760394, 2.7481353582505275, 1.548553701433303]], [[-2.3399154816327, -1.2977645870086496, -0.1993021605480605], [-1.1848117809570562, -1.7669937166248206, -0.8003411229195749]]]], [[[[3.0537123311691396, 0.26125974795832285, -0.6106051209499908]], [[2.2710336135037545, -2.1996669220445026, 1.5331744483875942]], [[2.081955388775637, -0.7070710504373686, 1.9617012473277058]]], [[[0.5630960925336088, -2.0453786441927457, 3.0544907065230884], [0.5720014669338673, 2.196620098111634, -2.3587988631909242]], [[-1.318071491857677, 1.0704115157147027, -3.0134227077940277], [0.31614595208057805, -1.4180991155630172, -1.7833976158414633]], [[-2.416349477528672, 2.273360647168007, 1.6630537746312009], [2.00859139623357, -1.9506850011806618, -0.06330365061184529]], [[0.5746663765074999, 2.2367586651203504, 0.4278496519994736], [-0.7813627277474995, 0.20375238577123975, 2.2830478191507027]]]], [[[[0.5237567375570716, 2.78595461768257, -1.1991089466732163]], [[1.8823247641708014, 3.125989845646906, -2.1828478013128967]], [[0.44699350218479617, 1.551997619050636, -1.9725184932115578]]], [[[-2.6582000643634407, -1.2898433927839668, -0.7472564148496263], [-2.7700971322410157, 3.2907961530980274, -0.8337382251168735]], [[0.20609415248718083, 0.38871778959644815, -0.6175757218047316], [1.5635288842809467, 2.199332395742706, -1.4256671644643517]], [[-1.0334234970805802, 2.891087347758257, -0.21903511349256663], [0.5837594487722335, -2.585175338186496, -1.5572412731014493]], [[-2.490680587659833, -1.2640018926400889, 1.5321414752440896], [0.8043513942865891, 2.72723581200313, -1.9983673248322353]]]], [[[[0.8938325927155499, -0.384753648915101, -2.742650322461992]], [[2.7675696656851647, -1.2218460603967014, -2.4488174097472744]], [[-1.592925494815942, 2.349508127365749, -2.041655392428468]]], [[[2.766378631737509, 2.384913462281027, -1.4607334502387355], [0.05055208734794632, -0.47050113131101656, 0.8006564011498063]], [[-1.8959860496924454, 2.7274865980765397, -2.469356734006365], [1.916959856538377, 2.0923990982312834, 1.4714497738323644]], [[-2.5027206895303133, 1.1306467711109442, -3.169614297903155], [-0.7007166723639247, -0.8794083002359288, -2.9127956243797186]], [[1.0355312064811937, 0.8800838951460189, 1.0213301836565751], [2.609461885888338, -2.0428835155808023, 1.3413110667957326]]]], [[[[1.3667195516572805, -0.6921278608529835, 1.97952224292893]], [[0.6251640354100815, 2.9763171562442508, 2.2368931508600007]], [[-1.9782308298831426, 2.755844394602506, 