{"noise_params": [0.0, 0.05, 0.1, 0.15000000000000002, 0.2, 0.25, 0.30000000000000004, 0.35000000000000003, 0.4, 0.45, 0.5, 0.55, 0.6000000000000001, 0.65, 0.7000000000000001, 0.75, 0.8, 0.8500000000000001, 0.9, 0.9500000000000001, 1.0], "max_scores": [1.4141913554836578, 1.3895173601333521, 1.3610594245074659, 1.3400376827812843, 1.3100793825963533, 1.2890414330823425, 1.2568098060074346, 1.207714092215409, 1.1765409171863928, 1.1414016764336021, 1.1807993463771744, 1.157621646671526, 1.1197127276783763, 1.062512686917891, 1.0303637600737743, 0.8890773589679044, 0.9176833724039936, 0.8788009665793182, 0.6807089378250188, 0.5908750457096148, 1.194387791456192e-08], "opt_settings": [[[[[-0.7874802151045565, -1.883149769908208, -2.7579356240989528]], [[-1.110068084956731, 1.6761862563569128, -1.2162953746792624]]], [[[-0.4779949922024485, -1.790556609097427, -0.8442860182327707], [-2.273103661510805, -0.07362321940085344, 0.16289734695593297]], [[0.6214471877124218, -1.0238749600957575, 2.016132848776939, -1.4733215150435992, -0.6048051329937991, 0.049679050637329226], [0.7193459854489888, -2.502144951659374, 2.974735209468628, 0.809499381186052, -0.9951083458585166, -1.6178188632053003]], [[-2.444928117084273, -1.4753268749104809, 1.758170140353502], [0.7630526538395771, 3.0869700420158366, -0.662847074697738]]]], [[[[-0.8181551492512116, 0.7928224767728175, 1.8307870133157294]], [[-1.5119413331401244, -0.20399012858637922, 0.6118378334202325]]], [[[1.7817307359864485, -1.7861581842503054, 2.575703831081455], [-0.586169526696491, -2.479512221518783, 3.017681305363566]], [[-0.37058206054723203, 0.157511691749623, -1.0559200632402272, 2.7834825094860305, 0.989592425894725, -2.733918207136392], [0.06796934700979286, -1.2997697251837148, -1.0284929475624396, 2.898454724187336, -0.8197343904630167, -2.9830388703457467]], [[-1.9729073475778378, -1.1927316318804164, -3.017750711126183], [-0.719735404553222, -2.9448672835193697, -2.8269736562713144]]]], [[[[-1.3728044965185195, -2.9215940786548384, -1.448351373742465]], [[-1.2468787545502837, -0.5209067912023461, -0.19202609074925608]]], [[[2.421930474419425, -3.065378111435453, -2.1139736118218186], [0.9381721175140656, -1.7225738439510434, -3.078819874278667]], [[1.2801896374293509, -2.5424892293717463, -2.9776199086827315, 1.0428668652269508, -3.071541995424974, -1.8822325481509432], [-0.26870570399266086, -0.25870435981217443, -3.0100233928209272, -0.1550529315350506, -1.5646592928819631, -0.4022030802372276]], [[-0.7928332173422831, -0.2781546467840759, 1.573543925895283], [-1.6580910993454476, 1.1417667459118364, 2.0602139657362715]]]], [[[[2.1080788216341113, -2.4466965130600484, 2.8599163290084872]], [[0.8662489201301063, 1.0887880605916294, -2.837141647137259]]], [[[-0.9926644247512983, 1.7922387509257895, -2.1811044976612566], [-2.8765040848920536, -0.6149638809956363, 2.591710981466897]], [[1.9681661085726359, -0.19525911988413558, -2.746740740447771, -1.3294626753997596, -0.7344691074370184, -1.3396368746177703], [-2.7482234162258328, 0.2901334144578197, -2.865033310622854, -1.9311328032156474, 0.90796140869042, -1.0053682489984364]], [[-1.0308815467903307, -1.7552958845568014, -2.148623783589032], [0.5316946884000445, -1.3853718600742457, -2.489426456733494]]]], [[[[-1.2632625632545686, 1.6860146842070285, 1.6969057452498828]], [[0.5872651314553397, 1.7004791176314205, -1.2574949578328074]]], [[[-1.8255161633799235, 1.1407446950695235, 1.8731399941173796], [-1.0117063862463997, -0.470628802570852, -2.431440555122101]], [[1.6119452467820505, 2.1611872012181093, 2.01402104105979, -2.671956787861763, -1.1835432150988656, 0.8109558330878661], [-1.512823291077863, 2.758886008228562, -2.6936230823890095, 1.8431162948020736, -0.2320585837111697, -0.4416590202309667]], [[-3.1912732788779423, 1.1644886906540786, -2.5171946960342346], [1.816605869310847, -0.8414872058582193, 1.7777082127813415]]]], [[[[1.3953439424223881, 2.3909081087244357, -0.04619471051322306]], [[-1.378509929853964, 0.623445227307257, 2.2943256482757977]]], [[[-2.5557642340910265, -2.582040306243063, -2.1414804127097264], [-1.446674379874608, 2.6034445143747758, 2.232828780276483]], [[-1.6796838491879376, -0.9289483490358206, -0.16419276039342678, -1.2330617071964778, 1.4356161441203397, 1.1916177200232596], [-2.878243666473203, 2.1469872776458216, 0.9107905800214207, 2.8946776402129863, 2.087652339995246, -0.9207138072110483]], [[0.6383255780848324, -0.7622125458357162, 1.5113044054654434], [0.16749607758484003, -1.7869545548729138, -0.7879982343170684]]]], [[[[1.2104349868256545, -1.0405204207495715, -3.0610832869032047]], [[1.8919266880705299, -0.7141768726586658, 1.690538778505473]]], [[[-1.9454569382841351, 2.40087835345815, -1.9564016748438402], [0.5372214185776906, 1.9060938917909565, 1.6080874320378618]], [[2.395190857556912, 0.38733575873038323, -3.109483018319778, 0.11436667677178804, -1.5905442053671146, -0.4013214780483895], [0.8929339639033825, -1.027767330861841, 1.8986112357673237, -1.1544540203839442, 2.1833709752899497, 2.2109759141285217]], [[0.2408686080036861, -1.617323833067636, 0.25773477989858495], [1.5866347201609192, 1.6840293964551367, -0.46434623072111375]]]], [[[[1.4914870924531647, -3.5495378497226904, -1.6404603517825687]], [[2.014286948755656, 3.4377130441094708, 1.610251625324529]]], [[[-1.874618955634751, -0.8065304379726422, -2.9042098693703515], [-2.2344504184554164, -2.0013603497583543, -0.09977118054110841]], [[0.9825160358223323, -0.9651524660220545, 0.9550071513253098, 1.430392633957245, -2.242821527318298, -2.005771902970846], [1.6548704781142778, -2.8992017361138505, 2.9290842998293822, -2.1875988861929616, 0.6158130968311989, -0.3182889259200588]], [[-2.271599881020507, -1.2853806490358357, -0.10673954329794585], [2.554100380075506, 0.06318752465440393, -2.2070758405583444]]]], [[[[2.9732674024353978, 0.4320688891957032, 2.0447678847921873]], [[1.3083906382921204, 1.5414578059345605, -1.8933818500040753]]], [[[0.8483566690128844, -0.41316357368897483, 1.495160619874616], [0.6796849764778056, -1.4252282725033185, 1.9510775858954235]], [[0.518503271808739, -1.376054494353762, -0.8932001085719912, 1.9818771827553745, -1.683377708409774, -1.230478634092055], [-2.3568400279714083, -0.21389825136900673, -2.4640154911013714, 1.485748225268089, -0.46423336367952783, 1.7214902983582316]], [[1.7984492065483697, -2.4276191343364344, -1.988805486047473], [2.430895968658124, 2.8897095768044507, 2.4294972449313637]]]], [[[[1.8638752999140036, 1.7166312069774605, 0.5050834217775527]], [[-0.14798748654423283, 2.1382060056568712, 2.6582541837943054]]], [[[-2.8795146182849467, 2.975141066874133, 2.362384886021128], [3.252330701024886, 1.2571852942139743, -0.43593793109486645]], [[-2.739107319698507, 2.4655846790118523, 1.467996254738794, 2.3382012012714966, -0.06200473072605513, 3.026194125891867], [-1.5083081920634422, 1.2436242367258286, 0.32653972410078236, 0.5798004648780701, 1.0594214054053883, -1.6426254625260406]], [[0.15687577020847723, -1.4746094913250756, -2.725391903188157], [1.3534200956835345, 0.12201241218359929, 2.5501137140652714]]]], [[[[0.6439029124478228, 3.210695521901421, -1.503223468512368]], [[-2.528579624630003, -2.723788728067256, -0.19424923708532257]]], [[[-1.9510987791180248, 1.1525287185367346, 0.2137045634327155], [2.394299251430527, -2.3867675187944877, -1.8803865583916446]], [[-0.5147441679904905, 1.6681300707552316, 2.5237467011596415, -1.6442751250878063, 3.1335251767516588, 1.3468076600091274], [-1.6130015357959309, -0.8805467254523118, -0.3617661758463542, 1.597724963606146, -1.9789844864091193, -0.830692585698674]], [[-2.726990794991352, 0.8235253262568181, -2.8222311583312916], [0.9238252101064881, 1.075340593392971, -0.8066269189415105]]]], [[[[2.005754924515938, -1.494349414788813, 1.194838410716537]], [[2.0882329290047488, 0.2984611018685184, 2.7859642415061705]]], [[[2.707921152546424, 1.3101949570270115, 0.020345737516052526], [-1.603771557305828, 1.4804010893196182, 