{"noise_params": [0.0, 0.05, 0.1, 0.15000000000000002, 0.2, 0.25, 0.30000000000000004, 0.35000000000000003, 0.4, 0.45, 0.5, 0.55, 0.6000000000000001, 0.65, 0.7000000000000001, 0.75, 0.8, 0.8500000000000001, 0.9, 0.9500000000000001, 1.0], "max_scores": [1.4141962389531197, 1.3943848051223555, 1.3702182733555093, 1.3378176108965951, 1.3040554974944318, 1.2877070556022625, 1.2415804544764897, 1.226657837854426, 1.2088273961869755, 1.1420148881133558, 1.1366364049901265, 1.0688789048373206, 1.1181715532769747, 0.9899429716121735, 0.9396436631138625, 0.8886369076547007, 0.9028432267811387, 0.8790419799266804, 0.7705462269771572, 0.6576239037881959, 5.350040874013704e-09], "opt_settings": [[[[[1.9259831003524637, 2.458850473710906, -1.282380624125439]], [[-0.9522476864491529, -1.6575173192723498, 0.7285944059077525]]], [[[-3.2803312067866237, -1.2682855646376303, -1.9384084418271323], [0.0016458178800828373, 0.06543365636871512, -1.4923346796416253]], [[1.9577624611696394, 0.7817831020864259, -0.5781258283675461, 2.0868181156599115, 0.7023755457062681, 0.9485060237984282], [-2.578694944678836, -0.8622247592120389, 0.5902748198039403, -1.7040660393857363, -1.788425611946595, -0.6384395131083265]], [[1.7778584892111933, 0.706919397112125, 1.0393993476114112], [-2.550467365566931, -1.216743481698546, 1.2282545994787784]]]], [[[[-0.4603473524978018, 0.5777145326779103, 1.7726619419219298]], [[0.15961312463397828, -2.703276782472, 3.060439436011254]]], [[[0.639283046847038, -1.131716401495861, 2.8436502234413403], [-0.9942293148329332, 1.8874936654884493, -0.10171561998841483]], [[0.49017330820623933, -1.1238095320295658, -0.7402244520741079, 1.3551466562281007, -2.6574213999545555, 2.8034916053960277], [-1.4785541098963093, 1.9440677813032747, -0.31709287568146266, 0.10315280187785786, -1.2512652332377336, -0.7950748450792919]], [[0.39901621116049857, 2.3761646988171568, -0.8986335607417115], [-0.49714091967749763, -2.0668689218087386, 1.1680735695083913]]]], [[[[-2.597099439593388, -3.201840205098919, -1.7336921981646924]], [[0.24421379528688952, 2.3358233788513005, -2.644131464806549]]], [[[1.9181965181802516, -0.7342653841058039, 2.9596141307779424], [0.25186396084807283, 1.848671375301266, -0.9239778063802166]], [[-2.631773924374285, 1.975467126350126, -2.00333927902473, -2.1854234997137945, -1.4782582316065345, -1.976165596745409], [1.7946767083720163, -0.9179323818861722, -3.071099584672406, 2.614413554784182, -1.4879477142207587, -3.075759960538197]], [[3.5648810281956673, -1.0349645565039012, -1.992449560278202], [-1.114259992152034, -2.1496334284290524, -3.087861713724804]]]], [[[[3.2691695381973025, -0.7664104071227205, 2.230502386823807]], [[1.2017633448758265, 1.071749684959985, -1.5219582842660733]]], [[[0.28991790200267387, -0.5034398633274766, -1.4597128464897795], [1.2647362053609432, -1.746380357191035, 1.3231901469692984]], [[-1.885809701772179, 3.2428989273117668, 1.213246073666859, -1.008869396653914, -2.612555262611991, 1.6441575814865566], [2.4064123661399033, 2.0826166215760313, -0.8712210273218726, -0.5088419672006922, -1.2062395132457582, 0.5496460867613919]], [[-2.838886343013938, -0.8181420521215281, -1.3010893547077922], [1.4464861772962627, -1.0806012905908804, 0.3481995345121254]]]], [[[[-2.5941125999247827, -3.126462826262428, -2.694455269986809]], [[1.9360043089274834, -0.19740564967845226, 2.1060747485495552]]], [[[-2.870690629996278, -1.7184026478479184, -0.38029600118656326], [-3.238723461423052, 2.911848238619699, -3.127365892865701]], [[-2.2069247304317257, 0.589954178119283, 0.8832414996711702, 1.1459010894452897, 0.9225543030877448, -2.9173495440208956], [-0.5336607636067779, -2.488540796297268, -2.33821024927063, 2.1742734835024504, 0.8569424311324271, 2.8033310266951883]], [[2.0118418344636373, -1.462568654066202, -0.8146563414101422], [-2.3587791258513535, 2.159868368887986, -1.533339484347887]]]], [[[[-2.527315966481309, -2.160848755218423, 2.3478329984928368]], [[-2.037736397299738, -2.526374568695552, -2.9242964081566534]]], [[[2.0185895841204475, 1.1029792625519157, -2.362630601398225], [0.12097883939650278, -2.8144668078977686, 1.1806531223393808]], [[0.587978298596589, -1.474751794419362, -2.5340374222233626, 2.1545575237141845, -0.19096109279199833, -2.013746649942021], [1.9744192196141392, -2.414577095362027, -1.2611677977769693, -0.6356169403650478, 2.4142678251340763, 0.36204072626805045]], [[-1.3664682074606616, 0.7088520087225074, 2.3584485754102538], [-1.331587972274162, -0.8129735590912637, -1.4886045940463823]]]], [[[[-1.2956133229784754, 1.163082318583475, -2.077628033257295]], [[0.3502679244602127, 2.996664771568949, 2.6057869447044646]]], [[[1.5241458601746944, -2.8441139998773544, 1.5513576154411286], [-1.320895613771407, -1.4457102848476784, -0.8110703686906695]], [[2.508633708112358, 3.100678094123931, -1.460762255441777, -0.070865529209487, 0.9832580513631333, 1.1196855567902464], [1.6875137615952307, 2.177389194852009, -1.1146006788000689, -1.8353063278784891, -0.5571753132867592, -0.7734385559851731]], [[1.325625206068664, 2.189737879342248, -1.0539425670902896], [2.8626458202000884, 0.7316213693932654, 1.5491447919335641]]]], [[[[3.0200641197410807, 3.696075682055334, 0.02572678655033183]], [[-2.915635566221851, -2.25920126252575, -2.355059596186223]]], [[[-2.791195758251678, 2.1262607981237958, -1.461649268824364], [-1.5945364580978143, -0.31432351181413, -2.0292945676106617]], [[-1.4094667240601695, -3.0270581903082965, 2.987947185740594, -1.7615815374620125, 1.7593818728496302, -2.793608872668472], [-2.5228265496741002, 0.9585792517720715, 0.9989566740275553, -2.9301070125272086, 0.6199430425774436, -1.2223259158565007]], [[-0.1546600492623187, 1.6613600536335091, -1.6458927723396584], [-2.375154498587159, 1.1975824948210314, -2.4019069844471637]]]], [[[[2.0571650416209977, 2.474937029045408, 2.1090514856900144]], [[-2.4486804647661558, 2.915451423797737, 0.8332315283698288]]], [[[-1.9009572309003826, 3.4726336400752857, -1.9577029877152345], [-0.7857746580148856, -1.815747254428941, 2.6284855952131565]], [[-0.22136864528246253, 0.6248940238138634, 1.119693638509868, -1.1215089881890004, -2.3540089613614277, -0.10117278431034914], [2.3486634221683036, 1.0361719351037462, -0.22726187564325961, -0.5237157252370154, -0.8887801143214519, -0.08617242005265213]], [[-2.38915732840961, 2.7578683924874285, -2.5206568666070854], [2.396388509283208, -1.9894335460828603, 1.870474059069898]]]], [[[[-2.0299536343678852, 2.567195382125184, 2.269263450663344]], [[2.0196895486278486, 1.5120557583822347, -2.461719723085895]]], [[[0.879648370900033, -0.2148080242818472, -1.6302860501015966], [0.833364935362849, 1.3264986538484433, -0.2445876275916001]], [[2.1175966430781985, -1.276201294027398, -1.7598878236358027, 1.2010471590944785, 1.7531355002783144, -3.0324754099757887], [-1.4493547829371975, -0.6141926403832595, 1.0024495302975787, -2.004031944108415, -0.3504421437572106, 1.0852212887224173]], [[0.5216850543442032, -1.398436455372127, -1.5939032382910387], [2.2143803268372917, 1.3213080947781153, -2.6876841692301845]]]], [[[[2.601050300579916, 0.19157117571336107, 1.9782371684124012]], [[-0.9449407300251036, 1.752732558138261, -3.442044397947794]]], [[[1.8101638024509892, -0.9651212485539891, -0.226463666415239], [-1.8165587485534493, 2.3184213207417272, -0.7001227351911157]], [[3.2009004714017513, -1.5593207860962555, -0.15129059555540422, -3.0267005988136515, -2.1690126814577453, 1.3184495750573566], [2.8155550850677886, -2.417402544299674, -0.46616252616382775, 2.267682507816393, -0.8796814111636481, 1.7875959936217614]], [[-0.8396701425573788, 0.5209077590541382, -1.8498438241064847], [-2.6057520798255194, 0.8676819775664546, 1.3103912489307312]]]], [[[[-2.693498285495997, -3.2827414871973053, 1.2769093304137573]], [[-2.453991238351605, 1.0568847442449532, -2.995064442086779]]], [[[2.8638641714237245, -0.11729052124087637, -2.28428385783093], [1.308952827162612, 1.0039002307416311, 