{"noise_params": [0.0, 0.05, 0.1, 0.15000000000000002, 0.2, 0.25, 0.30000000000000004, 0.35000000000000003, 0.4, 0.45, 0.5, 0.55, 0.6000000000000001, 0.65, 0.7000000000000001, 0.75, 0.8, 0.8500000000000001, 0.9, 0.9500000000000001, 1.0], "max_scores": [1.1890493409802128, 1.1673376840720149, 1.1467016809002484, 1.1210458845386286, 1.1160344026192979, 1.0769284593794437, 1.08639207237833, 1.0653908697739916, 1.0241732468626905, 1.0201738763363521, 0.9983271032599539, 0.9390589533473419, 0.9387932694835539, 0.9144770976390738, 0.8772539799585177, 0.8378863306992566, 0.7900150444044702, 0.7065919378676413, 0.6370812128080932, 0.5436186798644486, 1.0720261167082045e-08], "opt_settings": [[[[[-2.8455940809554088, 2.520463983100774, 2.681322089502865]], [[-2.956099586220661, -2.1985916118593436, 2.470091489298917]], [[0.5683239570215501, 0.9223712574492889, -2.6532368091256076]]], [[[1.7167245105253417, 1.5540843675887912, 1.2909579103960853], [0.5827633766130863, 3.738111245243973, 0.6842936193479949]], [[-0.5483219735821118, -0.04043958745724309, -2.7430160012156826], [-3.178092762108155, 2.2779175854527853, -2.0486555180274593]], [[1.038130040229917, -1.037410196801033, 2.7977728702867277], [-0.8246316590647778, -2.583994071711938, -0.04305508545206811]], [[-0.48033840982276815, 0.4618972556204832, -0.1515889730602229], [0.6737105580680622, 1.91904695670228, 0.2424815682326087]]]], [[[[1.90149249923387, 1.9919400643925798, -3.070679842086544]], [[2.9712999294246085, 0.9045140365432625, -2.40850854969702]], [[-0.49814028742024374, 1.6028245218260746, 0.3903421208323522]]], [[[1.591694839756484, -1.5378993415024973, -2.6369358953542017], [-0.3708662065257571, 0.3449674093072169, -0.7619248968546293]], [[-0.6491958064034323, -3.116037138838106, 0.47744110978789295], [0.24305233537782395, -0.6845283207345142, 2.546786918125798]], [[0.586623518271622, 1.5928578245533627, 0.36063651742775743], [-1.691548324299509, -2.594191446885045, -1.397672648972049]], [[2.1280766854106608, 1.9961894325589558, 2.300044572233526], [0.5546331376662936, -2.368692662751246, 1.0814796824768012]]]], [[[[-1.0872735070647896, -2.293056599708416, -2.8337154727541343]], [[-0.11950016131394657, -2.764131990662298, -3.046411523863175]], [[-0.9655048802151096, -2.2733230581482, 2.598353759186245]]], [[[0.30814239208420585, 1.7416479430849812, 0.8994063448949429], [2.0727865212398835, 0.40624324714583687, -0.27029409804515697]], [[-0.9373712694414097, -2.051654071996169, 1.2156538140136628], [-2.8394403806284783, -0.09214047425166144, 0.01636393115980018]], [[-0.029777903561799865, 1.9998083703754883, -0.20169965323945477], [1.4643451577492146, -0.17453493211646126, -1.7226367108896739]], [[-2.7762398009589764, 1.2596047093662788, -0.36063285826203373], [2.147488038233163, -1.1628625083347193, 0.1417587196055163]]]], [[[[3.0105017503016156, -3.1124902380413246, 2.3773060988519976]], [[2.416872845116295, -0.6050250364363965, -2.408873729025259]], [[0.8889751418649174, -1.6407845570656472, 1.2978835695413742]]], [[[-0.028116040907733914, 0.28135024528062746, -1.6983043455433382], [1.9527299648613996, -1.3742740898636385, -1.6567311261546782]], [[1.6628804793983405, -1.9472382093711083, 1.5252706883196212], [-1.538822261279682, 0.9336448235827064, -0.9314147347676683]], [[2.7786109142261486, -1.2609174499506746, 2.962177007109464], [3.4174926684931504, -1.5487489492187438, 0.11860888134465221]], [[1.826631656055223, -1.2695046084723105, -2.053897793839231], [0.2926632358308287, -2.9235200728165918, -1.4694965635011603]]]], [[[[-1.1214667604782436, -2.718470164886349, 0.047050287231604086]], [[2.2724258799938752, -2.3918981188033914, 2.2352597565357883]], [[0.3010738765294178, 2.8097948574495373, -0.7820289018876954]]], [[[-2.378812769279364, 1.0917507814699892, 0.8311744683305404], [2.3339174672110343, -2.5620574750022764, 2.092512780424597]], [[0.43306008062764934, -0.6497456629406555, -1.1951804424335957], [1.9189991944656037, -1.3904926630049421, -2.896067545944006]], [[-1.583172272561007, -2.8017519137809757, -1.500473766908355], [-1.888051932596313, -0.7182348303068558, 1.7674764274905053]], [[-2.4521000790431304, 2.9914797199344645, 1.4604390597256023], [-2.626560147512122, -1.3178168816387121, 2.472301848978698]]]], [[[[-2.0429343754174187, 2.976425382869553, 0.5142935373755825]], [[0.06266772946252457, 0.3975972582148667, 3.1772695016869448]], [[-2.7966786354608186, 1.694805979540891, 2.8676828749677763]]], [[[3.239955773368144, -2.7218771648600235, 0.9469109416885599], [-0.31444024541258603, -1.3919002441967434, 2.291505555322961]], [[-1.115770458063361, 2.610578199817109, 1.9371299427600088], [-0.28951785351824383, 1.2671236814527265, -0.8177886180265117]], [[-2.8700927839322454, -2.474790812818786, 0.03838247258066432], [-1.1256400466370784, 0.02374645350332326, -1.8416192562966744]], [[1.2145672382299677, -1.29546247319354, -1.1719233529596855], [0.15794636794578337, 1.2421077688484667, 1.4932013043784007]]]], [[[[-1.9705112794723274, 1.808850707371929, -1.2134910665371577]], [[1.6323347389759817, 3.2658589924549166, 1.7925710919658524]], [[2.1799244462007197, -2.3537148523805245, -0.5437427040292091]]], [[[0.8359449954225903, 1.4884907051112488, -1.6557833306209984], [-0.4785386930485223, -1.1484492302310791, 2.629729479217473]], [[1.507205975959736, -2.3834794921914044, 2.325565835135759], [-3.4076144252349834, -1.044365712890322, 0.8803834388803751]], [[-2.5531776582659553, 2.4677377370467433, 0.37613730891748537], [-1.4276991169086246, -0.027836328546083103, 1.2424402338491873]], [[1.9517085607649654, 2.9968947193582327, 1.4712322260968165], [2.1370732047028147, 1.1479961974202142, 1.2618263913160508]]]], [[[[-1.1444958400287946, 1.1691902711013953, -2.1779336390498885]], [[-0.7852294327134365, 3.894707625973989, -1.7297490441957266]], [[-1.3932983875006733, 2.3637768105231705, -0.8138397405442285]]], [[[-2.6103198510737107, 1.1853529654978492, -2.3415279812216867], [-0.24342854880463882, -1.568027463535898, 1.4605816900469577]], [[-2.426018720505551, 2.5512832690853813, -0.9038454476838095], [1.6042897080631773, -1.4817876814205018, 3.0786524190382965]], [[-4.032118023018527, 2.029777500235535, 0.6435089116610118], [2.1846887938952726, -0.4956143102728033, -1.7828348363874014]], [[-0.8767498797843211, -1.021784979606207, -1.0733462365535482], [1.2424460646117368, 1.0213867487502148, 2.9217219190753267]]]], [[[[-1.6298512888812922, -1.3365542576554654, -0.716912140479646]], [[1.2605439582168974, 3.0267594734790246, 2.297923705461394]], [[-2.203800786070405, -4.248445726829286, -1.8774213083468365]]], [[[-2.332613702398364, -0.35545570672339116, -3.091655081145455], [2.0261327012940047, -1.5009965592364949, 0.21362084660183672]], [[2.407853197392054, -2.770569163933392, -3.0501350422187183], [-0.5792626187323701, 1.5433394708472765, -1.067103515017146]], [[0.1125016929893807, 2.886311383181081, 2.193324131828775], [-2.880738340654515, 0.09414718245725753, -1.2898730193054049]], [[-1.4601830607936876, 2.5687677380336003, -0.22019223690447798], [2.5574404672514714, 1.7421083200661056, 0.26187337867420407]]]], [[[[2.7746513130014887, 2.387438316334756, -2.5224624090750067]], [[1.0377005051257158, 3.271232448548253, 2.3954752862209956]], [[-1.1567394652429572, -2.085744715609807, 2.573614748140105]]], [[[-2.7966261606197005, 2.0916738184140984, -1.8803157803625148], [2.0169984890119577, 1.1695068126667707, -2.437820871849569]], [[-3.038771715468335, -2.934854212332265, -2.242091355377613], [3.4456788196062043, 0.9846754939187892, -0.1093583387696078]], [[-2.1766871213177126, -0.6032208024420187, 0.6766555411944427], [3.361830619968292, -3.0275256863667512, -1.0261412772360188]], [[0.04928183150722402, -0.3510534977835913, -1.4698648599423465], [-0.6931730582349901, -2.079366297208148, 0.10942989548434762]]]], [[[[-1.7581479166809155, -3.194550411751101, -1.0237477548728708]], [[2.693289934991714, -1.3768924251603554, 0.041444732186216915]], [[0.5158855839690076, 