{"noise_params": [0.0, 0.05, 0.1, 0.15000000000000002, 0.2, 0.25, 0.30000000000000004, 0.35000000000000003, 0.4, 0.45, 0.5, 0.55, 0.6000000000000001, 0.65, 0.7000000000000001, 0.75, 0.8, 0.8500000000000001, 0.9, 0.9500000000000001, 1.0], "max_scores": [1.188353622599194, 1.1715223186402473, 1.144858438557244, 1.1231086189449244, 1.101573323892721, 1.0702926357900844, 1.0521487450260665, 1.0153975238923223, 1.0214008292100625, 0.960832891158654, 0.9340971161749739, 0.926449109881071, 0.9313989167596808, 0.9086889858588576, 0.7948405595485791, 0.8365606494596652, 0.7891917221624005, 0.7011029849047177, 0.652026055640312, 0.5339231789978466, 7.147094485298657e-09], "opt_settings": [[[[[0.999197341260284, -0.7073406510332273, 0.032981713945530525]], [[-1.9558942981244198, 0.7324721769708518, 3.0808875550640327]], [[0.20042449230323145, 3.1913034606358175, 2.477477104423114]]], [[[2.5095786843457266, -2.509695414435436, 2.800563901579351], [2.435709132588712, -0.6070355386849217, 0.7049052538979184]], [[2.19807764736604, -1.277615712455308, 2.04958603282727], [1.0539069378685337, 1.8565410612949145, -0.023187606996437984]], [[-0.4871013852745493, -2.942417392599913, 0.7849390977972002], [-2.9353431697910737, 0.9247210670476355, -2.1976073575719823]], [[-2.422355393726673, 1.5227624056751767, 1.7957185242536484], [-1.4541835180522857, -0.5830344593191935, 0.009613838432035662]]]], [[[[-1.4323865653707886, -0.5837470243441143, 1.7668069337516643]], [[0.010148989229782863, -1.0098000778615674, 1.668616201606027]], [[-0.9823556227098403, -2.3427540195970114, 1.8669597230243637]]], [[[-2.947282390538196, 1.361864984623433, -0.03274374156645225], [2.051259295510863, 2.1827955471291327, 1.4315349859940278]], [[2.8371676619923365, -2.8894873404488495, 1.434618784980584], [2.1155934378698693, -1.329860072074117, -0.4610017864595815]], [[1.8524542603360188, -1.8174971628649317, 1.3027461056099823], [-0.8804559207241373, -1.9805895394909585, 1.186094633431897]], [[2.6703624974772113, 1.2588666554954575, -0.584106009922781], [-1.712583396375886, 0.8267546965178275, -0.9459893101837409]]]], [[[[0.40052851453693084, -0.4671161205403509, 2.6054985248482154]], [[-2.5394518935430455, 1.9709912406887793, 1.3577368358018693]], [[1.7669357217658639, -0.622344035964829, -0.7453183370432104]]], [[[-2.48367997346569, -0.9985600729753403, -0.3368340660161115], [2.229480138473698, -2.874136872370576, -1.3034607868774082]], [[-1.9815608430972185, 0.7167249673527907, 0.8381255499779029], [0.628728728883817, -1.0464787038407208, 1.8349221648606893]], [[-1.094955522074843, 1.05861657689689, 2.7830999648542387], [1.3879822093383871, 1.9987811401000426, 1.0105529076328792]], [[-2.686042465405839, 1.2125150643953764, 1.7441279979088258], [-2.073048061181037, 3.0300273080495064, 0.16658520834802512]]]], [[[[-0.9091799317684897, 2.7734130398750056, -2.4573237008986464]], [[2.8971425963595925, -2.3335221117020897, 2.396238110546464]], [[-1.4024682450236456, -1.678915821476985, -3.3523356568334206]]], [[[-0.42515677138033003, 2.320570504343646, -0.7716269572510748], [-2.943589099544177, 2.4635285449403987, -2.168989922809709]], [[-1.734051047373044, -1.2063689822197232, -1.4413176360319255], [3.2315128690312447, -0.9409238707377174, -3.069717537016667]], [[-2.4116114529923434, 1.0106258266742392, -0.2802844398609706], [0.5186861726899608, -1.7565793574652235, -2.530601958420643]], [[1.371691461377508, -0.9638968866174388, -0.49172173028443567], [-0.20535002034341718, 1.3525784905102674, -0.35219228357107685]]]], [[[[-2.5257130461853308, 1.2880550591930586, 0.1961981022078709]], [[-0.9488847800748691, 3.1061691788961183, 2.8772975162793775]], [[-1.379077239583918, -3.299251834807275, -0.41625178958522446]]], [[[-2.0934798312479326, -0.7259414255094238, 1.7476663866465731], [2.0326470190917423, -0.6280395367786155, 1.0936878611560257]], [[-0.2722151366510113, -2.826344875297331, -1.1623724313872867], [-0.147437603228771, 2.6686843429018965, -2.5185622478441356]], [[1.0717025546786834, 0.04450664369163803, -1.6689280321611422], [-0.08194310817052425, -2.8091698065655715, -0.9113559255916451]], [[-1.8252415021402186, 0.6608407915798651, -0.6332891592649386], [2.5460794604322134, -1.6966242081446203, 1.645778098179484]]]], [[[[1.9984890747243778, 2.241067346187717, 0.6119601663144141]], [[1.281492291837228, -2.5331898714263104, 2.26546965052902]], [[-2.6645838679673766, -2.9072824246904836, 0.476104602729294]]], [[[3.172291358566926, 2.7196003698808107, -2.2039560771961377], [0.13664912521591588, -0.8702220934429594, -0.44275216699424336]], [[-0.4968600972565868, 1.2355748769614694, -0.5422721537427126], [1.7828129826631374, 0.36697364646742464, -1.5326040323863357]], [[-0.39309931987453833, -1.1974143024540438, -1.2658657525841277], [-0.5287063768514352, 0.8428267520466449, 2.6273166852467478]], [[-0.17893586337017175, 1.8143121975020582, 3.0851887572329], [-1.5910867353035556, -1.6773326452499713, 2.1832559154115243]]]], [[[[3.0171414194283295, 0.14063249685462104, 3.034125953114459]], [[2.964323979939806, -0.23956376084701092, -2.0952905880494295]], [[-2.887322470953637, 0.4496919267861248, -1.179360808431929]]], [[[1.1084467833638827, 1.1429105285134373, 1.2286559500408032], [0.4803614001880693, 2.7641895678404604, 1.4840411854122397]], [[-0.8015505215630381, -3.067213048932522, -1.6593712544692814], [-0.7935643777524636, 1.0905628722332834, 0.10543110238397174]], [[-0.5804861961926921, 2.1958827512421055, 0.5171594467694244], [0.043533710766779754, -1.2056581939418756, 0.7772443350235727]], [[-2.614359015077516, -1.9179444020773428, -1.6462304882615668], [2.529607071169354, -1.1828744363049233, 1.982666730595258]]]], [[[[-1.7377704185082248, 2.3797482827878804, 1.4104121153325981]], [[0.5691972657737512, -2.7108734530116614, 0.9428234685959044]], [[-1.7359014939799673, 0.13228731484287773, -2.698588185882581]]], [[[-0.9137690104033395, -3.0100291897023643, 2.513154542696685], [1.7490149655991942, 1.3984697206760945, 2.726549956431546]], [[1.1883071399943788, 1.4735628388803284, 0.1113032295551394], [0.14321711657834396, -0.5736691999659543, 2.5048259338236964]], [[-1.9358604692458405, -2.5970428435605615, -2.200537253381078], [3.2693487534807626, -0.27830828762456206, -0.6814310855523547]], [[-0.3710080323252591, -1.6206007596996528, -1.6018755011061945], [-1.303158300132911, -0.9913349575536626, -0.7294402658949015]]]], [[[[1.9437549043055542, -1.5326145473883523, 0.37649639776306526]], [[-2.933994870338899, -2.1579820090894435, -0.8502239458426317]], [[-2.108144167951407, 1.5926614584811825, 2.6311007529776598]]], [[[-0.19392236684172132, -2.763382870675347, -1.998342717775905], [1.4882198301213105, 1.2597195091461666, 2.880242361126725]], [[-0.9206211339491899, 0.7850612490464267, -1.1278119208906257], [-0.5643603919757503, -0.12653772423575904, 0.18267313582724778]], [[0.7117622959164438, 0.5260672328828198, -0.2140557827187437], [-2.305992884005865, -2.0792944578452963, -1.634632081142758]], [[0.521637696626846, -0.9816922050953865, -2.13731936423366], [1.4364233429556799, -3.0186107940522033, -0.6652916414713932]]]], [[[[-0.06354916192262096, -1.1824257955557085, 1.6566642798697595]], [[-1.0282638754219293, -0.10217353308352874, 1.5413515487960385]], [[-2.66946134960853, -0.8041459178141186, -1.494680273854282]]], [[[1.0826537372747123, -3.120317419603382, 1.40456206667357], [-0.36248719042788136, 2.0455787393631595, -2.1895286823361184]], [[2.7123089471714397, -0.4258154606998138, -0.5881332411317567], [-0.7216558489077439, 2.560791461354424, -0.5346514053496937]], [[-0.18615241988677345, 2.77521078853354, 3.4072603284397953], [2.733370057447508, 3.208709987944733, 0.21592659021001004]], [[0.2164130312655997, 0.9117607249212717, -2.5737682260777714], [2.63664026162755, 0.8190942420069602, -0.29471035681178864]]]], [[[[2.8092791745419166, 1.076759448396531, 1.9378035848941808]], [[0.18110867889747384, 1.840935068090765, 2.1249200903752676]], [[-0.3047386626885955, 