{
  "datetime": "2022-01-29T23:05:56Z",
  "opt_score": 0.9869365845673428,
  "opt_settings": [
    [
      [
        []
      ],
      [
        []
      ],
      [
        []
      ]
    ],
    [
      [
        [
          -2.398959230827446
        ],
        [
          -0.7262807774240239
        ]
      ],
      [
        [
          -1.2651642057515635,
          0.2777193665931539
        ],
        [
          2.800056097468655,
          0.9678059442829048
        ]
      ],
      [
        [
          0.07531329426960481,
          2.4214776058403737
        ],
        [
          1.278762765635222,
          -1.4211949327749482
        ]
      ],
      [
        [
          0.44531029672715033
        ],
        [
          -1.2690131575694816
        ]
      ]
    ]
  ],
  "scores": [
    0.6009593438768324,
    0.9869365845673428,
    1.080735066824946,
    1.0887619170493377,
    1.1175907805598038,
    1.1008260149843492,
    1.1077484498708476,
    1.1223279394026582,
    1.1012613681642707,
    1.0926496884743364,
    1.1067362500477638
  ],
  "samples": [
    0,
    1,
    2,
    3,
    4,
    5,
    6,
    7,
    8,
    9,
    10
  ],
  "settings_history": [
    [
      [
        [
          []
        ],
        [
          []
        ],
        [
          []
        ]
      ],
      [
        [
          [
            -2.3047813030694115
          ],
          [
            -0.2998414641977316
          ]
        ],
        [
          [
            -1.2531626078132103,
            0.45753091800582757
          ],
          [
            2.2730656274854217,
            0.6363918998955187
          ]
        ],
        [
          [
            -0.06074021864217016,
            2.105718750347238
          ],
          [
            1.6083177185245487,
            -1.2509021515527088
          ]
        ],
        [
          [
            0.6444142777315136
          ],
          [
            -1.356211481977509
          ]
        ]
      ]
    ],
    [
      [
        [
          []
        ],
        [
          []
        ],
        [
          []
        ]
      ],
      [
        [
          [
            -2.398959230827446
          ],
          [
            -0.7262807774240239
          ]
        ],
        [
          [
            -1.2651642057515635,
            0.2777193665931539
          ],
          [
            2.800056097468655,
            0.9678059442829048
          ]
        ],
        [
          [
            0.07531329426960481,
            2.4214776058403737
          ],
          [
            1.278762765635222,
            -1.4211949327749482
          ]
        ],
        [
          [
            0.44531029672715033
          ],
          [
            -1.2690131575694816
          ]
        ]
      ]
    ],
    [
      [
        [
          []
        ],
        [
          []
        ],
        [
          []
        ]
      ],
      [
        [
          [
            -2.398912619632556
          ],
          [
            -0.7635371533038355
          ]
        ],
        [
          [
            -1.3673451354006496,
            0.19807834789607207
          ],
          [
            2.9659476782168865,
            1.096825579426506
          ]
        ],
        [
          [
            0.1533150467156318,
            2.576866385888282
          ],
          [
            1.1445308659297098,
            -1.6571625148555398
          ]
        ],
        [
          [
            0.43991433627214865
          ],
          [
            -1.192626493385122
          ]
        ]
      ]
    ],
    [
      [
        [
          []
        ],
        [
          []
        ],
        [
          []
        ]
      ],
      [
        [
          [
            -2.3836177419509235
          ],
          [
            -0.7691886979531016
          ]
        ],
        [
          [
            -1.4615520224426146,
            0.17960130651491318
          ],
          [
            3.0367178505488086,
            1.1188814861752217
          ]
        ],
        [
          [
            0.17517520834967892,
            2.7002201551089766
          ],
          [
            1.1072330724034265,
            -1.7599705354728592
          ]
        ],
        [
          [
            0.4231269495385824
          ],
          [
            -1.172348912561244
          ]
        ]
      ]
    ],
    [
      [
        [
          []
        ],
        [
          []
        ],
        [
          []
        ]
      ],
      [
        [
          [
            -2.37595396174637
          ],
          [
            -0.7660487947806044
          ]
        ],
        [
          [
            -1.5003510795253783,
            0.17785142680200472
          ],
          [
            3.0670833932313486,
            1.1182825602840474
          ]
        ],
        [
          [
            0.17577861514723356,
            2.7668362655590095
          ],
          [
            1.1061550057993126,
            -1.808423640068865
          ]
        ],
        [
          [
            0.43779623873738105
          ],
          [
            -1.1834307812825449
          ]
        ]
      ]
    ],
    [
      [
        [
          []
        ],
        [
          []
        ],
        [
          []
        ]
      ],
      [
        [
          [
            -2.3745328138865616
          ],
          [
            -0.7616153656918246
          ]
        ],
        [
          [
            -1.535174687629094,
            0.1593824775041412
          ],
          [
            3.0905801472243666,
            1.1108280063522522
          ]
        ],
        [
          [
            0.1690626335843741,
            2.8101792206452414
          ],
          [
            1.1057971872105865,
            -1.836572035715323
          ]
        ],
        [
          [
            0.42731799904555956
          ],
          [
            -1.1650305861674872
          ]
        ]
      ]
    ],
    [
      [
        [
          []
        ],
        [
          []
        ],
        [
          []
        ]
      ],
      [
        [
          [
            -2.3721722186539136
          ],
          [
            -0.7798793095496828
          ]
        ],
        [
          [
            -1.5529616877245926,
            0.16545312600089845
          ],
          [
            3.1233145411075522,
            1.1141959855062984
          ]
        ],
        [
          [
            0.1530968280379025,
            2.8266306780714534
          ],
          [
            1.1014247230456844,
            -1.8428352951947773
          ]
        ],
        [
          [
            0.4236688159538716
          ],
          [
            -1.1762261899197943
          ]
        ]
      ]
    ],
    [
      [
        [
          []
        ],
        [
          []
        ],
        [
          []
        ]
      ],
      [
        [
          [
            -2.36273730188204
          ],
          [
            -0.7986730135862774
          ]
        ],
        [
          [
            -1.5768083260009578,
            0.151292268823931
          ],
          [
            3.1291963852606863,
            1.1059025852503794
          ]
        ],
        [
          [
            0.15413896904226806,
            2.8289601697282705
          ],
          [
            1.0948370575941742,
            -1.8753030749200774
          ]
        ],
        [
          [
            0.4259541894605312
          ],
          [
            -1.138587525428319
          ]
        ]
      ]
    ],
    [
      [
        [
          []
        ],
        [
          []
        ],
        [
          []
        ]
      ],
      [
        [
          [
            -2.363015800664828
          ],
          [
            -0.7822833235730869
          ]
        ],
        [
          [
            -1.5736795688695335,
