{"noise_params": [0.0, 0.05, 0.1, 0.15000000000000002, 0.2, 0.25, 0.30000000000000004, 0.35000000000000003, 0.4, 0.45, 0.5, 0.55, 0.6000000000000001, 0.65, 0.7000000000000001, 0.75, 0.8, 0.8500000000000001, 0.9, 0.9500000000000001, 1.0], "max_scores": [1.4142135623725962, 1.378852062064901, 1.3404108717824585, 1.3008690778386556, 1.259901395833164, 1.2171190042364426, 1.2556855452522855, 1.225047090736944, 1.1927939142181456, 1.0378907663274533, 1.122462048304644, 1.0837249494622974, 1.0420013624268856, 0.995914578959749, 0.9999834236545704, 1.037889819853516, 1.0814781676617957, 1.1230846329298019, 1.1711379644613222, 1.2167046692613486, 1.2599210498925535], "opt_settings": [[[[[]], [[]], [[]]], [[[1.3350646034192837, -2.1417808838840346, 1.072925815279505], [-1.628067908662679, 0.5883050910123453, 0.20249777927262386]], [[0.35243555612548, 0.31450108923280845, -2.1045356546859137], [0.1058662061860696, -1.2273249459287197, -1.2757962579958317]], [[2.212936200328476, 1.1947750961883334, -2.2960318249332867], [1.2550035434559457, 2.5218595465313354, 2.6997483016428117]], [[1.738978495996422, -1.7752306410492154, 2.1192972267593433, 2.814212428710531, -2.725016393891065, 0.7379290691447355, -1.854040946334304, 1.8883610449849233, -2.376526032134345], [2.0543337716893215, -0.2222605978812108, -0.41310057672186934, -0.0930318429483368, 1.0974260815159604, 2.486341019337427, -2.878286751644861, 0.5750248577044716, 2.9660746510049423]]]], [[[[]], [[]], [[]]], [[[2.3698292263492107, 2.0795566496286595, -0.24655666059149273], [2.6951892792294516, 0.5401461196102512, -1.0756886035333066]], [[-1.5625023986525532, -1.6689566273616407, 1.4407748848065867], [3.062141336144293, -2.2813453853152756, 1.6240646548589588]], [[2.3914446018187836, -1.2911739575623848, 1.7057858890064912], [-0.13109585996394574, -3.4626172483019473, 2.2419604387398104]], [[0.6346966931517501, -1.2865636337663597, -2.9831053720959804, -0.9048359931977623, -1.0141747041040148, -2.672387930341039, -2.5163631163538556, -2.0610028254890462, 1.0661024099024612], [1.4087778717887967, 0.29517993021786054, 2.6808844132651606, -2.194762687752826, 1.1704274032142994, 2.4122622993585763, 0.9422351165667776, 0.5272435444431515, -2.2356975811854385]]]], [[[[]], [[]], [[]]], [[[0.6459043188571769, 3.179441639788266, -1.654837588114169], [0.9977029345137866, -1.5388762419375028, -1.5608989499725183]], [[-1.9635372876690602, 0.7443559821051274, 2.282826961466153], [1.2251277433246945, -2.312904584679553, 0.6649842540461087]], [[0.31846309800511635, -1.782971688929288, 2.7866464444459105], [2.35356107752947, 0.44843803794350806, -0.6816933710497783]], [[-0.9811104926955411, 0.8776878346141694, 2.510174320199993, -1.2030337786785996, 1.6099433472141442, -0.6101165576330018, 3.1388520784667167, 1.0647363805470458, -0.9598665523280454], [2.1260986691181163, -2.3298578071802374, 1.9255972513727029, 1.6665264854524284, -0.048979431082914825, -3.1413698871861686, -0.7699914174031184, -2.4733512863418246, -2.0190572898738353]]]], [[[[]], [[]], [[]]], [[[-0.3318352441187646, 1.3847374693708396, -1.9813515857738713], [2.994397764606275, 0.2436618231748769, -1.436203830400126]], [[-0.07264967769965613, 1.3705121611060493, 2.6012279098446465], [2.686612575253594, 0.26453517655369285, 2.6742577145856705]], [[2.7787317212510656, 3.3361380822093314, -0.4840262184674934], [-1.706186430135857, 1.4188880046131738, 2.81064662176488]], [[-2.7568751652471657, -0.6502948756919957, 0.6350459614895424, -0.014365250047985879, 3.6995821352697082, 2.596171760641825, 1.5495187194232862, 2.21879899269498, 2.0218623510425866], [0.296135531924103, -4.214649439881596, -2.1983837501277015, -3.0055942846379256, -2.130970785368996, -2.2954901313653404, -1.234807430755822, -3.816760950491657, 2.2602995600848574]]]], [[[[]], [[]], [[]]], [[[2.225541899597214, 3.2156228692195614, -2.4149860728373325], [-0.8722810458312897, 1.4934764714156634, -3.008627075752591]], [[0.11147335570541653, -0.13634099149473397, 0.26559573496130184], [-0.5634010848573198, -1.678602024916623, -0.8806030945876167]], [[-1.8163130246507018, -2.8314465873394905, -0.6013458136649894], [2.6172543550541802, -1.6165261854815098, 0.8951358313264707]], [[0.9253986971707258, -0.9959079622181303, -1.7752058565940398, -2.664838757740788, 0.8866082937563023, -2.992608226279764, 0.2088764584654222, -0.7797438930711375, -0.9462440832584519], [3.949484731569869, -0.8397485270203798, -1.0667809059518927, 0.6715797101192287, 0.677264895531997, 1.5989284730990354, 0.8189436036842135, -2.269519211930904, 2.70335505222194]]]], [[[[]], [[]], [[]]], [[[-1.0994227420218212, 2.9280855750077572, -1.7405209186964312], [2.3913045623436093, 1.7158848719896616, 1.591204184228325]], [[-2.309847656017127, -1.0709895544395684, -1.9787156676791355], [-0.8192444668858831, -1.8209709862288985, 0.6881491335140585]], [[-0.14264007041276353, -2.5418007793398782, -2.8003772639160895], [1.8841646961969876, 1.2169753474526728, 1.0276537869064644]], [[0.6805469311093517, 0.7968934317312226, 1.8283729103799011, -1.62515452889295, -1.7383135465461086, 0.20737385516264015, 0.8497533723935722, 1.2064187748771615, -1.5373645387695842], [-2.334652118258049, 1.142646546275234, -0.1565908935296761, 3.191881593123038, 2.095731140955084, -2.7577417702919296, -1.2225556553147516, -2.518126936441305, -0.5542122023942078]]]], [[[[]], [[]], [[]]], [[[3.105552809617884, -2.350179099678536, -1.0455731877876717], [2.711070022198971, -1.0000253100540597, 1.4394462789618936]], [[-3.240696353379335, 0.595900365969835, -1.5319433825191062], [-1.3800020172367444, -1.581035849327347, 0.6829404046449188]], [[1.8962091686901368, 0.9182505306371577, -1.6786859787876725], [2.693804307548969, 2.1068535146652274, -2.3925722644759118]], [[0.2539633672568152, 1.6062976898411556, -2.9942491759565804, 0.9419500844065561, -0.9954735489245649, 0.20215003361380243, -2.3115927016100866, -1.6339502510097184, 2.0420971553801888], [1.0385805959104262, -2.8487732608717877, 0.17474351144547198, -1.1486288988435511, 2.295028049831197, -0.2596439909399522, 2.5108427771615838, -0.5236305227107365, -2.1112272929544216]]]], [[[[]], [[]], [[]]], [[[-0.7249419688792325, -1.670427797415744, 1.3796027258004413], [-2.031880456625067, -0.8725855432385912, -0.8580716256779977]], [[-0.6993793345724266, 1.9374096002900996, 0.6102492903927225], [2.7056985262138835, -0.45640234669602614, 0.3693814707454904]], [[-2.256169960349706, -1.4448213483164107, 2.21165289820701], [2.6702191976365706, -0.22825679705137392, -2.167004902940067]], [[-1.953307837645483, -1.784881604210545, 2.3039444555723785, 0.6529347266520575, -1.9553421310254777, -2.7829683450544027, 2.5730874562676984, -0.7057001243049756, 3.0758281151136897], [0.19542899867410327, 1.103644709492954, 1.4430517732903094, -2.528170858420666, 0.34989106614714127, -2.6213556377945806, 2.0054864794270126, 3.990608046084772, 0.5386441945557604]]]], [[[[]], [[]], [[]]], [[[1.092357082168368, 1.6643932892804125, 1.7620205961266278], [2.648322098768734, -1.5629322878507932, 1.113662034311212]], [[0.8371076152087898, 1.8878208173885742, -1.485609029679597], [-0.9022700894621702, -1.046079278260851, 2.263036443051191]], [[2.9165420870263947, -2.3124600542063445, 1.4724202355973872], [0.8831303380229205, -2.0076106950039856, 0.08534260897382752]], [[-3.409146586782593, 1.5236865082964792, -0.4556244452829203, 1.6450793177797927, -1.4365270160371668, 2.3626107570089894, -1.8813786271064723, -2.4848109147221256, 0.6608984723302208], [-1.900308119517066, 1.6286795198673003, 1.10937158790441, -0.023943412259330197, -0.9641536923549215, -2.191828708484293, 2.773543780009341, -1.785390215541745, -2.968915297405509]]]], [[[[]], [[]], [[]]], [[[-3.1818701527927575, -0.15694150645165073, -1.9218889854629002], [0.23243707936381874, 1.5873511311764195, 1.6178904186929823]], [[-1.948010448752064, 0.8665092329988101, -1.1843015473998595], [3.5591909634527914, -0.6789728233567257, -0.3453730986253775]], [[-0.783403004707522, 