{"noise_params": [0.0, 0.05, 0.1, 0.15000000000000002, 0.2, 0.25, 0.30000000000000004, 0.35000000000000003, 0.4, 0.45, 0.5, 0.55, 0.6000000000000001, 0.65, 0.7000000000000001, 0.75, 0.8, 0.8500000000000001, 0.9, 0.9500000000000001, 1.0], "max_scores": [1.414213562373095, 1.4024464046140928, 1.3907697367784837, 1.3793662734798036, 1.367286715915914, 1.3563154524507994, 1.3424742913353012, 1.3361381192260915, 1.3261547313938453, 1.3135552918595264, 1.3075556361958427, 1.2992369474529433, 1.2914759564194336, 1.2844160263227171, 1.2781478092819272, 1.272715953272839, 1.2681838602051385, 1.2646020592334932, 1.2620122219525989, 1.260445470989949, 1.259921049890878], "opt_settings": [[[[[]], [[]], [[]]], [[[1.5326265397671004], [-0.036798450358626174]], [[-0.7603836324411306], [-2.329808669679518]], [[-0.20456076049274063], [1.3648642274036518]], [[2.390153333605589, -1.5876390357167514, 2.562930644988615], [-2.315164509557965, 3.1069834455131846, 0.9891462131996549]]]], [[[[]], [[]], [[]]], [[[-1.8030574519767002], [-0.2107528653120986]], [[2.954760156316481], [-1.7361205648670126]], [[2.044002008069199], [0.4516974205640987]], [[0.9858221976672602, 2.5205070625288037, -4.379983481454435], [-0.543191348615742, 0.9722341758937466, 0.3142989038127197]]]], [[[[]], [[]], [[]]], [[[-0.1940360512019751], [1.3588855729878082]], [[2.7711471081836776], [1.2182254953704494]], [[3.2928502773887707], [1.7399286645996757]], [[-3.6785947672730868, -1.9919991805559816, 0.6177143608890804], [-2.1983930538841814, 2.7148128964527047, -0.9375399720214291]]]], [[[[]], [[]], [[]]], [[[-0.1173107391329796], [1.4389797213633841]], [[-3.0834566278750257], [-1.5271661671862824]], [[1.4093986726227994], [-3.3174961713484463]], [[-0.5799880678872243, -0.8371892783393623, -2.1880002987692375], [0.8300265427055348, -2.4061149413594967, -0.6162637280932316]]]], [[[[]], [[]], [[]]], [[[0.3415892996983224], [1.969763553328074]], [[0.49689738598924127], [-1.1312768674211833]], [[1.2106583869940735], [-0.41751586544607644]], [[-1.0787666652065981, 0.3174833148006311, -0.39934274173115003], [0.3355162506126979, 1.8877531351824335, -1.9651684910117841]]]], [[[[]], [[]], [[]]], [[[-2.806827423954941], [1.9624635401612749]], [[0.9339319022180681], [-0.5799624481900902]], [[-0.6054451240426302], [4.163845937448484]], [[0.32271637990511015, -0.17393416522022698, 1.3583730506646157], [2.0857325702426763, -1.7515985149334101, -3.344967095817942]]]], [[[[]], [[]], [[]]], [[[0.5581011220235312], [-0.909505621087171]], [[1.2634039407033615], [-3.552174416147013]], [[-5.270828766332891], [2.4799613622465477]], [[0.12264005420199331, 1.1377776618184687, -1.7570699872054358], [1.7942426662963094, -3.5580860456599948, -3.300581715787573]]]], [[[[]], [[]], [[]]], [[[-1.6097081839422134], [-0.024841966835641032]], [[1.1520817154292453], [-0.4327845007987405]], [[1.9027931274624788], [-2.795526014417699]], [[0.6026092255399335, 2.779785952270527, 0.44479832929415347], [-3.680713515617658, 1.2131829042865925, 2.018641684962489]]]], [[[[]], [[]], [[]]], [[[1.4185950419604874], [-0.11089219596633573]], [[-0.9067659508631214], [-2.436253221500744]], [[-1.7445951720964494], [-0.21510740362818606]], [[2.72877114077665, 1.6625310585935926, 0.9891039473338595], [0.6879771134791978, 0.1112852717676447, 2.5397530621248396]]]], [[[[]], [[]], [[]]], [[[0.7704007250679017], [-3.7490092251503557]], [[0.41738919457959317], [4.93679863811847]], [[-0.011466495762607262], [-1.7752411495623808]], [[-1.6857264408810797, -2.6802367349837746, -2.249073627363312], [3.099366729740385, 2.0367784813283483, 2.464544100067519]]]], [[[[]], [[]], [[]]], [[[0.9188510735253835], [2.6976579165015266]], [[-2.4814143210241535], [-0.7026056506797597]], [[-2.6674776483565363], [1.8368987650264097]], [[1.2182639261775983, 1.5954577968292407, 3.549483715344837], [-0.09971037753537494, 0.019675789917063917, 1.989386337852064]]]], [[[[]], [[]], [[]]], [[[1.0699616324967383], [-3.4438523672819126]], [[-0.05028595647951738], [-1.8196596218113736]], [[1.9446874749165808], [0.17531338640539174]], [[-5.292902403895997, -2.2100606571648393, -1.0711974116072922], [2.9873100845704443, 2.507356402771312, 0.5159642600930486]]]], [[[[]], [[]], [[]]], [[[-0.03013024400230665], [-1.6409456745444841]], [[0.025533242640510254], [-1.585281938425222]], [[3.3232121354532804], [-1.3491576232149072]], [[-2.6968719983384597, 0.7823266910547032, 2.157138488036294], [-0.3415578956159222, 2.3485934789193545, 0.5815880184349783]]]], [[[[]], [[]], [[]]], [[[2.6321067238906757], [0.7261641360554885]], [[-2.4622167100724206], [1.9150229716030183]], [[0.1996141884765048], [2.1055713329263397]], [[1.4015365342482213, -2.8865465873786147, -1.1836643411876824], [3.112594814975239, -1.291905364028058, -2.714514050455765]]]], [[[[]], [[]], [[]]], [[[3.072891030841871], [-1.782504332819599]], [[1.2995029953528838], [-0.12829317748611674]], [[1.5852322531082612], [3.0130222561729036]], [[-0.19460761850091626, 2.54465657487038, 0.8257855119836731], [-2.657781898965054, -2.1362507380154696, -0.6987124339562495]]]], [[[[]], [[]], [[]]], [[[1.8097093483981017], [-3.0699566595540424]], [[0.2485997545118265], [-1.1549233408165411]], [[-0.7969090102380507], [0.6066114463993354]], [[3.2894017303545358, 0.4476654156877353, -3.0416452780860608], [-0.48458338850533944, 2.0346632393479855, -1.484994612354217]]]], [[[[]], [[]], [[]]], [[[0.027650903706671275], [1.698278255383153]], [[1.3757038464678337], [-3.236852779555112]], [[1.0318517725306853], [-0.6387732442689701]], [[-0.3158051566161847, -5.328906089608716, 2.929813489357721], [-2.9885256645017737, -0.655968773436471, -1.7572220147208133]]]], [[[[]], [[]], [[]]], [[[-0.02290264558416221], [1.6269177976872458]], [[3.3885615775606825], [-1.244808519982905]], [[2.206361053805255], [-5.72661735572095]], [[-3.183240760339157, -1.1426075958238813, -4.452795778399346], [0.187938907152917, -2.591508829845641, 0.13851938444481837]]]], [[[[]], [[]], [[]]], [[[0.0008469131560016838], [1.5836277197965398]], [[-2.1175213865057545], [-0.5347393901881254]], [[1.5181317011219753], [-0.06464719535771814]], [[3.0410830177555597, 1.3335834417127088, 2.4241571975509473], [0.09079394427756972, -0.251744957380421, 0.8352142294538034]]]], [[[[]], [[]], [[]]], [[[-1.4419102458007076], [0.002801025688932755]], [[2.4771057757051795], [-2.361368692315501]], [[1.6375488053903486], [0.19283792389620702]], [[-3.100469909400523, -3.175508500705979, 2.24250163110492], [3.0353361484818686, -1.6687919221297536, 0.62854546894682]]]], [[[[]], [[]], [[]]], [[[-1.3793920015735675], [-3.14158962683171]], [[1.9385933113234195], [-2.582388349714418]], [[3.2130504137008113], [-1.3079312218739116]], [[-0.1250151039677434, 0.2598723434549273, -0.9415479465198983], [3.139823491426926, 1.9218686832880392, 3.754700483836361]]]]]}