{"noise_params": [0.0, 0.05, 0.1, 0.15000000000000002, 0.2, 0.25, 0.30000000000000004, 0.35000000000000003, 0.4, 0.45, 0.5, 0.55, 0.6000000000000001, 0.65, 0.7000000000000001, 0.75, 0.8, 0.8500000000000001, 0.9, 0.9500000000000001, 1.0], "max_scores": [2.828426291363477, 2.6907247817165847, 2.5612477049997655, 2.4413109557366135, 2.3323807403409624, 2.2360327418233625, 2.15392477154827, 2.0870734089531946, 2.03765525439163, 1.9972039996819033, 1.9968829666823846, 1.9972560300278188, 1.998181789305876, 1.9922630304025377, 1.9943711727445685, 1.9990963151504713, 1.9988655467687126, 1.9685607415773336, 1.9998230582023373, 1.9784315566860948, 1.999999826147103], "opt_settings": [[[[[-1.7952481656555639, -2.152533870048141, -0.3034026251183413, -2.4522965665112917, -1.258831715026147, 2.4044284396749385]]], [[[-1.4216321024895757, 3.239541547110674, 1.30431949045391], [0.6638415427035773, 4.174890264170876, 2.7972402302924033]], [[-2.8798146303752103, 1.020542442877709, 0.6955902202860065], [-0.4526454300582685, -2.809067148141305, -0.18591297570001913]]]], [[[[-1.2391853526356074, -2.2600377115489825, -1.041986116672444, -2.690823362745854, 0.11153693947190041, 2.0987136731045557]]], [[[-0.4501514162607724, 0.33589075303851035, 2.56895611568451], [2.053508361642403, 2.523671882627923, -0.4771721445808153]], [[-0.2165834510330177, 3.1792648983913963, 2.039522044278468], [1.8886924879363787, 1.3893015363840473, -1.4060248156143713]]]], [[[[-1.5343915048480299, 2.571062998982047, 2.243644082263289, 1.4744562769087022, -1.6876618616268761, 0.5322483281530928]]], [[[-2.658544434755095, 1.0780236750560972, -2.1898509980621608], [-0.9480783833815375, 0.679760998645051, 2.260499432554475]], [[-2.579053398556076, -1.235530741430854, 1.59722839469078], [-1.5983675351846813, 0.0478966440679018, -1.01477456955219]]]], [[[[1.4791414682526953, -0.8243344317491614, 1.5734476863872078, -2.397257876000173, -4.819055157153109, 0.17555365250662502]]], [[[-0.07900876752185848, 0.3938840830535, 1.9899880004074664], [4.210522199745574, 1.4029829697718474, 0.090089130763884]], [[2.3576829398500765, -1.6248782280630747, -0.5018319053929314], [-2.397410674756706, -0.9278936583847025, 1.4693286487265853]]]], [[[[-2.2481713886027475, -0.48259881513091935, 0.15231279704774148, -3.327153310011392, -0.2847394903961557, 2.139293969653816]]], [[[-1.8345728018532879, 1.2498576791554645, 2.4339102212518053], [2.9571023173171374, 1.2155565420961045, -2.3466271976324977]], [[-0.44125098819334796, 0.8346929531737763, 2.077163555955628], [-2.38659770212001, 0.6245375817897492, -1.4261082457476422]]]], [[[[-0.5729727223706939, 0.1576556436799159, 3.451221082959477, -0.03928555663686087, 2.6867640635792656, 2.8652511770893074]]], [[[1.8914622833786414, 0.5519577716822217, 3.0272445167187234], [-0.9962319408104461, 0.9524435520254791, -2.5504600175097947]], [[1.2400067890602549, 3.5812939101918535, -2.0093927088920336], [-0.20369814817974927, 2.980141911585052, -1.6063261578152566]]]], [[[[-1.4769364522915778, 1.50830414111663, 0.20943118331069172, -3.103184779430572, 0.3673254913157714, -2.1478417858608396]]], [[[1.5394338456842138, -1.049116779337198, 1.1577939561594661], [3.259411472811787, 2.591808036413532, 2.297253894758466]], [[2.9105329165154346, 0.3350981263948192, 3.0667818721412434], [-1.7081773568405816, 1.058321099977121, 1.7411733012363113]]]], [[[[2.325174768430285, 1.0608311800738746, 0.7559415985982472, -1.0971128108084225, -1.5986567990559077, -2.0199816304783074]]], [[[-2.649613682826045, -2.0866306162548285, 2.22368927727155], [0.3505572594368606, 0.43768733326717363, 2.571132680059824]], [[2.039365799653177, -0.6956476765108804, 1.4725229028716411], [0.10705099043275133, 1.2798063355306406, 0.16177350753120034]]]], [[[[-0.7466661795416341, 3.420022943224952, -0.352023881199507, 1.1447586416443016, -2.7942588800443353, -2.7151558710584776]]], [[[-1.7092646718697329, -1.4056831291387195, -0.22984640214888727], [1.153932076712578, 2.369932603469051, -1.7397900249249714]], [[2.7909892061522483, -1.3040855844598038, -1.133573509863413], [1.8554174948976585, 1.6793127214264392, -2.10669616590847]]]], [[[[0.23863430757757512, 0.9396387333899332, 0.9795363868415882, -1.4369387053665532, 1.9500182080628117, 0.4085854651081483]]], [[[2.540744761623863, 1.5564465366919873, 0.6918879283635487], [3.1925637587346594, -2.0670453995416476, 2.339254736998634]], [[0.3989765509153303, 1.9385957919775292, -2.2287197215392025], [-2.9767441990290364, 4.105347458251336, -0.7238920772251641]]]], [[[[-2.8598859384904904, 2.594818698379585, 1.2780589258127164, 0.7563359098514053, 0.9450757876465727, -1.091278753532546]]], [[[2.2539251356562886, -1.0388791270251612, 0.7166079181750176], [-2.2656580613208197, 1.8588354985696134, 1.3801576674251033]], [[0.5316977346737759, -1.493932242149036, 0.14158660689491542], [0.45853881907803007, -1.0911364995908432, -0.7176178433753595]]]], [[[[2.9642471044229133, 1.9644134167516618, 2.773765148023603, -1.5554937030090596, -1.9873860413554936, -1.1587184654334208]]], [[[-0.30645606136068726, 2.1180820078390483, 1.0048422275411513], [-0.7409798948438637, 1.1185725827483262, -1.3321512235783077]], [[2.374777917369788, -3.230171692276909, -2.749528573711189], [-1.2209768513042867, -1.5243323115921847, -2.5284127530626352]]]], [[[[-0.22806978878248543, -2.702910356315971, 2.4020740695386844, 3.166666339789001, 0.21169650732707324, -0.29626046477443535]]], [[[-1.9288588914363012, -2.5575410887508734, -0.19110891856363432], [0.6816441139989752, -3.7852942537347274, -0.21077281351131924]], [[-1.8622410992609526, 0.6822207588860566, 0.787786705317656], [2.262952249999203, -2.562907708909984, 0.018490878579904262]]]], [[[[3.441255217534581, -0.3579225859416454, 0.725943421021687, -0.6992758652819665, -2.596112877282652, -0.7027291988589013]]], [[[3.0541484130735594, -0.004450023287007603, -0.4830931344838243], [-1.6780458068658475, -0.8608364840861689, 2.3533597056712665]], [[0.8740122719690621, 2.0618506310969216, 1.5690603726401129], [-1.2546872193533134, 2.8499225395249406, 1.792393645275566]]]], [[[[2.358883877877623, -1.44687168350283, -1.70819523209103, -3.0406422477824098, 0.6631571410626612, -2.219795605481334]]], [[[-0.16336401357946279, -0.4450800673534462, -1.305998326775694], [-0.6544816224682917, -1.2717050662532694, 0.09017803812580065]], [[-2.2239048314508327, -1.9087303617806282, -0.6099703946751762], [-0.22639573567857546, 0.4844294059352196, 2.1352562520099623]]]], [[[[1.3306185082457092, 2.2142005937899483, -3.2857529887396897, 2.8001341762614245, -0.07330966158819485, -3.207789065103836]]], [[[-2.367476521779347, -0.6102965398602161, 0.3287568210094669], [-1.5725219732598523, 1.9297140626885123, -0.9925365961559107]], [[0.32702950230257843, -2.7463331295545674, 2.294265093456758], [-2.201529373853324, 2.862916629302354, -2.9844277988915566]]]], [[[[-2.230564938567024, -2.0061559511277727, -1.121704751935416, 2.4773543440041483, -3.1128602537319168, -0.06960246991790663]]], [[[0.8710878416192678, -1.8456930353381271, 1.5805882155787891], [3.134512566868115, 1.935679590287044, 3.0451960060836596]], [[-1.8522583316989638, 1.2191782138831702, -1.455248502442677], [-1.2722091046461348, 1.4692518922787818, 2.2381334130188364]]]], [[[[2.8478506736535936, 1.7610436788450246, -1.4082021202873818, 0.22479652452401083, -0.24362803784740578, -0.24115268798904133]]], [[[-2.4269939243396617, 0.25697060479656203, -2.4085880769953483], [2.046598475770677, 3.419617312225437, -0.1324745218288698]], [[1.712453260632457, 1.2080613803463784, -2.164528169131309], [0.12715521136755314, -2.7043880646803458, 0.4249899162391553]]]], [[[[-1.5302491086399344, -0.6348795473977097, -1.4482994344767095, 1.5356222001243247, -1.7119987000710508, 1.698036591937137]]], [[[0.10320661935033362, 0.1009496970101891, -2.216649403632852], [-2.887416658394904, -2.929548877523286, -1.171288776286773]], [[-0.13671558569539358, 1.5708303876485143, -0.18615268050836248], [2.926379690788228, 