{"noise_params": [0.0, 0.05, 0.1, 0.15000000000000002, 0.2, 0.25, 0.30000000000000004, 0.35000000000000003, 0.4, 0.45, 0.5, 0.55, 0.6000000000000001, 0.65, 0.7000000000000001, 0.75, 0.8, 0.8500000000000001, 0.9, 0.9500000000000001, 1.0], "max_scores": [2.8281194533997382, 2.6907247982651112, 2.5612038527563175, 2.4412519882992596, 2.3323634772107313, 2.2360402067028895, 2.154039217588039, 2.0874300293266947, 2.039493142734222, 1.9984098386004288, 1.9991165008228076, 1.9998604078630264, 1.9934549937448065, 1.999658665734303, 1.9999253058643514, 1.9992699534844434, 1.9984812149175795, 1.9997802047113948, 1.986784974795881, 1.99032180064902, 1.9999999999999973], "opt_settings": [[[[[3.0234639527610017, 0.015971684407857477, 0.1736361019151311, -2.4296944461386443, -1.7771493807803673, -1.8250815423177025]]], [[[2.2187982502197743, -0.015213585456319699, -0.16728150849415702], [-2.9106547723533103, 1.6194939243133382, 0.6103710445139794]], [[-1.6211278982024453, 1.499146698296989, 1.3418758035798817], [2.1744308844304943, -0.04023614505983435, 2.487262259521251]]]], [[[[-0.20233588893481147, 0.0745561584233177, 0.3485797238022844, -1.9407470625929457, -0.6205097103728009, -1.948328824689468]]], [[[-1.783545448908235, 3.4854258295381455, -0.4934391437443686], [-1.986360568820558, 2.069131711494213, -1.7110839055569436]], [[0.8543151939999534, -1.41470660930057, -1.2412659271073918], [-0.9466302367951263, -1.1803234590046765, 3.1339222648384935]]]], [[[[1.3058972565260918, 0.6749565352571222, 3.1735866689496444, 0.48500167078514184, 1.849343553039074, -1.5414929331106104]]], [[[3.3943118845004254, 1.2867036497420983, 1.3324392628652406], [-3.8461428180093167, -0.6161932188135824, -0.8175097156085815]], [[2.922123368164599, -2.3945522248473923, -2.567281955999961], [-1.4970044532245788, -1.8431706143325748, 2.394604767677321]]]], [[[[3.4639859390692833, -0.007022444780012623, 3.1412195306586077, -2.66197615570738, 1.7511706543129366, 1.6844151363878956]]], [[[0.4366789257296951, 1.7673728327833949, 1.384788661856688], [-2.638421411807941, 2.7963132343670924, 1.630035654225062]], [[2.582476367105733, -0.16712335562181777, 2.8344252848191465], [2.294026234540203, 1.5922342641820533, -1.8467475808717642]]]], [[[[1.2997911518120542, 1.2984874941585849, -2.748242613444819, -0.6822433441410644, -1.5167076662460444, -1.9798802592155242]]], [[[-3.022340111440383, -3.445473818715148, -3.1260754079629125], [2.503914910129164, 0.8925015339539234, -0.6696678952475761]], [[-2.089074987061748, 0.24580318673986654, -1.2466285931631276], [3.1936301976579924, -1.8716953021295157, 1.4811920312033484]]]], [[[[1.3814276800620051, 1.6352704985308473, 1.837747323411582, -2.868400201780379, -2.542137828095111, -0.4667988486112018]]], [[[-1.6450336330147306, -1.8609474843148381, -1.028123572192742], [-0.7919615473117682, 4.069685698930849, -1.8909859541756402]], [[-1.7548200927557347, -1.6297112166806218, 2.0335874701445906], [2.181176703568243, 2.9892158735470944, 0.5288098757815449]]]], [[[[-0.08894036413615325, -3.502102300483715, 0.5562795155074483, -0.1150602356556268, 1.1095330506617733, -0.699886925332968]]], [[[-0.47049347712630996, -1.2335399198831987, 2.489933051549799], [-0.9870109935961061, -2.670329075100174, -0.2942792011515833]], [[1.2843154266720633, -1.430905397977721, -1.4646395224168194], [0.02308523862244227, 3.2114946260573314, -2.4389628798838796]]]], [[[[1.4100141620573328, 1.505709088329806, -1.5410307048619445, 1.6807982986529622, -0.8406491673772495, 0.19805724775413883]]], [[[-0.7552248520055282, 2.013787967997855, -2.045197559312019], [0.9854089713401367, -1.6615202443975992, 2.5426864684001496]], [[1.3577077871048842, 1.6062020251099278, -1.8428080488927094], [2.0583541173011386, -0.42449720536919877, -0.5344036065872446]]]], [[[[0.801557865652339, -0.07136820066599944, 1.3769801169111224, -0.2304207977178526, -2.403407564295525, -0.2293072210143346]]], [[[1.3689538717637466, -4.0647609855566555, -2.9548429704290937], [0.7653434175158799, -2.9285560626133726, 0.9357858796861489]], [[1.2640817341121806, 1.7707757158487172, -0.5259746101351879], [2.762659886888776, 1.9119244751519662, 0.15858506502655617]]]], [[[[0.20314643322078277, 0.68782794406097, -3.338861372346078, -2.379161368717365, -0.5464470087274936, -0.18675884617150706]]], [[[-3.445251101054316, -1.74201041970374, -0.0826691310283669], [-0.17790272300610604, -0.7417437734862276, -2.6099992524321776]], [[0.2578479669286985, -0.6452590308060376, 0.1450895886658072], [2.6852951904928113, -2.438105788249052, 2.7891463558609413]]]], [[[[3.517815499933703, -0.32183121116912544, -0.7920906346353624, -1.3698411970807234, 0.7407446413300219, 2.1078314338947743]]], [[[2.070508133638726, 0.8602800893065397, 1.8704570691160516], [1.561237043322956, -0.8250521068871437, 1.006817095678172]], [[-0.3969107020156697, -1.537707579093391, -1.0026534684851596], [2.204433791581522, 1.3151913338082588, -0.1682320982721022]]]], [[[[-2.061046091317854, 1.6682403409189184, -3.1086149889816577, 1.1079581999736166, 1.848848367816558, 0.2777788093235937]]], [[[1.8531297593756404, -1.086329741883961, 0.6790045874378143], [2.1440971605391344, -2.6817955000968645, -2.3437740740429636]], [[2.674370256373192, -1.4917090799478516, -1.6473042648413465], [0.017889142289520196, -1.5644066151828533, -0.10337640307880268]]]], [[[[2.591759469034097, 0.2452164765593436, 3.5047887526096444, -1.3878813486726396, 2.850155097282923, 2.8426882842736605]]], [[[-1.7661954701255864, 2.008177250372038, 0.5427563351924976], [2.912945251044474, -2.5244018914005872, 2.217735759339342]], [[2.747622854098821, -1.6560798432122035, 1.8550822959608553], [-1.8783949168706586, -2.4699038878988078, 2.0050646540529824]]]], [[[[-2.9670233585255796, -1.7135727150580047, -2.1258701268598164, -1.2346375921667032, 3.4670560467621345, 2.8988656420518524]]], [[[-0.037729644127867536, -1.329126369117791, 1.2694632705763258], [0.17052980277238958, -2.5243660300591144, 0.5227017145367787]], [[-1.0580075253902717, 1.6000245801038409, 1.3714279569571461], [2.480579066337698, -1.355548708901517, 0.15861326015774993]]]], [[[[0.19182075355105588, -1.6021119600223535, 0.5284340291219704, 0.5901615883109621, 0.18784925537699856, 1.5295937372849258]]], [[[0.12415111087665918, 1.2882330355940068, 0.33107925284171713], [0.6081008855353746, 2.9360342364058, 2.224917176026457]], [[-3.534840263767909, -1.000385241328806, -2.419280581544759], [-0.7556588101048942, 1.422256091203109, -1.3134788406233775]]]], [[[[-1.9231177149129588, 0.744514248240654, -0.20223546901707848, 0.19288414169204635, 2.8848866150958914, 0.03238545729507378]]], [[[-1.906897531386741, 0.653009135582941, 1.4637477263168464], [0.6817299519447572, 3.251238365374446, 1.0224801519809867]], [[0.9351449353522139, -2.948854274125609, 1.2331769521785603], [0.2950851703685005, -1.9651852324777945, 3.104771112580842]]]], [[[[1.2530370865816214, -1.9933784979100502, 0.8756386117917033, 1.6064069227519755, -2.0447387352363187, -2.293436441935883]]], [[[0.5613648969105001, -2.8891821516312066, -3.1305714340804998], [2.6064871689867024, -2.8477232730990387, -1.2528005871425367]], [[-2.7786075877126355, -1.5847979972507669, 1.0707468435984513], [-2.3530200858895154, 1.0883911660734684, 2.6589474567735234]]]], [[[[-1.4137132511514066, 1.874166232489609, 1.510158895532694, -0.5339167077844291, 2.306650154783777, -1.7067173322063822]]], [[[2.892237051423924, 0.19875435140939604, 2.466002670578119], [-2.919346019998197, -0.10846978744357218, 1.7333114937536234]], [[-0.7261361656723446, -1.5474656905863826, -2.754722658102037], [0.4486142156710712, 0.2816241675801382, -0.6857658607292527]]]], [[[[-2.907955189681301, -1.6225294254799114, 0.7149725901026949, -0.2333887206689471, -0.6304067342556143, 0.29166512378633763]]], [[[2.7410358685678062, -2.747097509731696, -2.471890492058491], [1.7482064571273945, 1.5633268040864836, -1.9047666735773172]], [[-2.6262636958440826, 0.15699025545258036, 2.9389896738377628], 