{"noise_params": [0.0, 0.05, 0.1, 0.15000000000000002, 0.2, 0.25, 0.30000000000000004, 0.35000000000000003, 0.4, 0.45, 0.5, 0.55, 0.6000000000000001, 0.65, 0.7000000000000001, 0.75, 0.8, 0.8500000000000001, 0.9, 0.9500000000000001, 1.0], "max_scores": [2.828427124746158, 2.6870057685088806, 2.545584412271249, 2.4041630560164813, 2.262741699795865, 2.1213203344509592, 1.9798989873095998, 1.8384776310849231, 1.6970562748476978, 1.5556349176570843, 1.4142135620015956, 1.2727921998057958, 1.1313686659248527, 0.9899458466814239, 0.8485277663475129, 0.7070637359446101, 0.5655502591312869, 0.42252004890112704, 0.28265866853563204, 0.1308416889504547, 0.0], "opt_settings": [[[[[]]], [[[-0.6937814462932467, 1.1324972584212374, 2.6086613072127083], [-0.7199579931982732, -0.4385475107539197, 1.626477189707594]], [[-2.480488301882594, -0.36302434547263346, 0.4592487158243065], [-2.43856245393725, -1.9338019007983802, -1.5500506187276737]]]], [[[[]]], [[[1.0584710736711274, 0.8061791816668372, -3.052155588777591], [-1.0164682401148852, -2.0339770147028253, 2.0305936081330627]], [[-1.6545483923220314, 1.4023429936834886, -0.7125132438128291], [-2.9732943087628003, -0.6312170439939224, -2.169215124379166]]]], [[[[]]], [[[1.1317459715275602, 1.6428843326003004, -2.7666966347812405], [-0.024556795272496837, 0.14497839746870714, -2.8256340076907467]], [[2.1308196465204876, -0.8618496801869954, 0.5900925887294187], [1.8725206908298093, -2.415247029611404, 1.788678514295838]]]], [[[[]]], [[[0.8258013449032451, -1.8033656613424782, -2.2365472596328173], [-1.3101946932180841, 3.2612293709933184, -1.8422142653676414]], [[-0.7898272438324089, -2.527754712903747, 1.8764092430693928], [-0.8687972222163718, -0.9792839094452306, -2.7598962996994314]]]], [[[[]]], [[[0.595492351095759, -1.500484579544807, 0.1635445518119433], [3.0654369175550826, -0.1841083991712476, 0.6464921285815376]], [[2.349339985278412, 0.6922213532322965, -1.31178559961352], [-0.4462496232758425, -2.263764969395481, 2.4581366673092635]]]], [[[[]]], [[[-0.2005404998770259, -3.0246280719836816, -1.1559601724316495], [0.7439194690666463, -1.8350391367518082, 2.4122113537453904]], [[-0.2824572563645996, -2.567095566067619, 0.8458353396929377], [2.156494217730735, -2.2263316914191655, -2.7526990935917643]]]], [[[[]]], [[[2.3602137233445957, -0.8677740720213912, 3.082863580392649], [1.4980326524198997, 0.8997065922293852, 0.912332923926738]], [[-3.3567002906322743, -0.46480603959783034, 0.5933744440600037], [1.2075696277201866, 1.5213060419831403, 0.8806227237020732]]]], [[[[]]], [[[-2.9081936215497084, -1.0286605705136431, -2.756428173896032], [3.1346528824909474, 3.692227373383866, 0.7559906017873956]], [[-3.280385508433303, -1.8130814999859362, 2.227074086090197], [2.5111543328933137, -0.2650354312471627, 1.6959827761660513]]]], [[[[]]], [[[0.3112999758774776, 1.9504283230394215, -2.786373341499715], [2.4364509206079155, 2.43720366752926, 0.6623093107157194]], [[2.1225169263635912, -2.5109720809012375, 1.874390937829994], [0.0956057146574644, 1.3056724122698447, 2.565112608164841]]]], [[[[]]], [[[0.6424669980686271, -0.029245682420820915, 0.7242585747432744], [1.572960612237296, -1.603375931800091, -0.2708820316378251]], [[-1.5594406057802093, -0.8289651441560555, 1.8246541224545823], [1.555359795850329, -0.7709264712063789, 2.8281612343993574]]]], [[[[]]], [[[0.46734286012751697, -1.2698710189782696, -2.201785624332107], [-1.7004393156073627, -0.31730775582576193, 0.052200895667159575]], [[3.0582890740531146, 0.5317288060663581, 1.2636268771912649], [-0.6801009807570357, 4.162908737065108, -2.001788284992343]]]], [[[[]]], [[[-1.0899121415090396, -1.7577685077614635, 1.1502257072786195], [2.072234738276066, 3.2778625580196517, 1.3418381456542106]], [[-1.8823797606623753, 2.507033301879321, -0.18689092158023252], [-2.1520006006859442, 0.961425052422419, 0.11277409080314173]]]], [[[[]]], [[[1.8811683558785945, -2.94389090788566, 0.32620062411399786], [-2.6470208405389792, -2.6162166890956944, -1.780799819467825]], [[-2.2556148124382225, -2.9897330498854973, 2.630729563878906], [-0.3698123522416331, -1.2698922178424925, -1.8002381506151288]]]], [[[[]]], [[[-1.3599376893599882, -3.212346582489003, 0.3850693489358629], [-1.9273663059090362, -2.2411006198028223, -0.1133410949092588]], [[1.6774282696456078, 3.520713042040112, 0.6886037665741811], [-0.9500107583655354, -1.8357846968802993, 0.8551785831779757]]]], [[[[]]], [[[-2.491159542720475, 0.8448750163329597, -1.9663380431465118], [-2.8111197257759577, 2.541526026038788, -0.1621647841353977]], [[-0.593266939137684, -1.6626540105932346, 3.0462714307308003], [1.950742555484886, 0.17718890319728153, 1.244837885237196]]]], [[[[]]], [[[0.6998434790639768, 2.1558868899723005, -0.9520559745773429], [-2.6460127655412684, -0.7251355750569464, 0.3508595721289853]], [[-0.3922024351418635, 1.3744551797591837, 2.80780850702695], [-2.064814793135753, 2.927950158175428, 1.0624582958663291]]]], [[[[]]], [[[1.1661433545322077, 0.8610273471825689, 1.3046317591737768], [-1.0522725154651174, 0.9334934674729322, -1.1200220932984775]], [[2.2263730136802646, -0.5070868031671123, 1.4238732568703707], [1.7659195456115466, -1.3935348989891114, 2.714371645478315]]]], [[[[]]], [[[1.187399086812849, 3.644499042160163, 1.0709004270924973], [1.8494974777223165, -0.32195253488801484, 2.5129256740099493]], [[-1.0174512618260307, -1.0473967295459665, -2.662582933176371], [-2.337610088893206, -3.1176945929313535, 2.798856211275112]]]], [[[[]]], [[[-2.4282452644079826, -1.7912715002099837, -1.035005380530504], [0.7672993623182891, 0.2818828465905026, 1.2276753176882345]], [[-0.9458652421584227, 2.107974357277926, 2.845077727959363], [-0.18002860341803437, 2.4106833113944113, 1.9053048974092919]]]], [[[[]]], [[[1.6238675935491027, 2.1123538869806424, -1.4125574263469245], [2.442122917601788, 0.29764866763177794, 1.8742665220395516]], [[-2.442921563331019, -0.443857810981508, -0.10970193267352363], [1.425033179880718, -0.866257101494563, 2.358662909014332]]]], [[[[]]], [[[0.32447215285556297, 2.577444039757478, 0.029004888068182133], [-0.02079915381642161, 2.366845108820274, 1.6709096615554015]], [[-2.567488806924151, -0.7208481627666545, 0.5023328071939637], [-0.5679291327754905, 3.008858754189176, -2.4079290804146933]]]]]}