{"noise_params": [0.0, 0.05, 0.1, 0.15000000000000002, 0.2, 0.25, 0.30000000000000004, 0.35000000000000003, 0.4, 0.45, 0.5, 0.55, 0.6000000000000001, 0.65, 0.7000000000000001, 0.75, 0.8, 0.8500000000000001, 0.9, 0.9500000000000001, 1.0], "max_scores": [2.8284271247461894, 2.687005768498898, 2.5455843818951895, 2.4041630560342613, 2.2627416997966705, 2.1213202531325805, 1.979898180086012, 1.8384776306441237, 1.697056273948411, 1.555634850679386, 1.4141634748753698, 1.2727921967494635, 1.131370753760159, 0.9899493047899833, 0.8483758487883447, 0.7060461936740768, 0.5652659048451666, 0.4105685103530561, 0.28135936644945386, 0.13564564384698863, 0.0], "opt_settings": [[[[[2.963346702402109, -1.6527876180850736, 0.6547954032717467]]], [[[2.222302483223041, -1.8953052531593793, 1.0704529967678953], [-1.4370511027452544, -2.7726120423557297, -2.5155093935061443]], [[-2.9395149642587466, 0.9442854475074165, 1.3553581936221413], [2.621196051977768, -0.6099659175299802, -0.8572946799536121]]]], [[[[1.9680228399183815, -0.16914787455005914, 2.880793319825045]]], [[[3.3756886211202803, -0.27293390119755834, -1.2396536930864852], [-2.1346851974343615, -1.7249048643741822, 1.2893826188800332]], [[0.6528642776064659, 1.1040443188494513, 1.4159035406262088], [-0.06402581420121986, -0.5542482524009243, -2.5618635344630225]]]], [[[[0.1333748944821783, 3.1994893430398195, 0.021203590574887025]]], [[[1.4978543489756557, 2.413535597622765, 0.6348136765780743], [-1.1368577939595728, 2.250045648568335, -2.6684221156338244]], [[0.0044143716483320515, -0.20218195902146063, 2.6629937320013264], [1.6558661653314302, -1.474808752810096, -3.1147328907157203]]]], [[[[2.492832430855322, 2.223249704398687, -3.0444985602779697]]], [[[-0.054193833301359594, 2.5633617803062707, -0.2833159343915459], [-2.6453888390072513, -1.086948239195353, -3.1056253595885126]], [[-1.671267689023441, 0.5105951052334556, -2.1820863210191757], [-2.100191581182646, -1.0890179889814828, 1.3964746893615416]]]], [[[[1.2596121897467258, 1.7689915490246657, -2.840494818134159]]], [[[-2.091563963569636, -1.5995632033221348, 2.1663647048942245], [2.572023720122393, -0.7595933147449561, 0.37128106740741584]], [[-0.5398928007148605, 1.0085534361149184, 2.5122996590995292], [0.9520874746389164, 1.784013388485125, 0.011504052362755474]]]], [[[[-1.8250018179024186, 2.953506469838259, -1.0425549266445198]]], [[[0.27059694066568424, -1.4986500882729004, 0.28812108784264906], [-1.3437256528966837, -3.1057986683682928, 2.438014748960472]], [[0.8170981814089603, 0.6501918371910776, -0.9777370377279628], [-1.9093781375507766, 3.970858863999004, 1.9583645158054015]]]], [[[[1.2076778515533482, 2.1799601273061264, -0.44842133536903983]]], [[[0.8242160096344794, -2.991604019647317, 1.2420913229389114], [0.6788376865468996, -1.6929023162831465, -1.45354344392804]], [[0.025166879308239742, 0.15198080373073358, -1.087538042853697], [2.169756232114935, 1.9733439544022016, 1.3864022443106636]]]], [[[[-2.3638911447198754, -2.4007392728931816, -2.6654971709136803]]], [[[-2.2926730189427533, -1.0688453015518375, -0.5290552907434267], [2.222702508381802, -0.6862621960607898, -1.9299483898599272]], [[-1.8257493458814633, -3.5438489974371086, -2.4391547902189528], [0.8531379320698149, -1.2125726816617866, 0.2837389823758376]]]], [[[[-2.63876473431482, -2.237318889037057, 1.7388799560214958]]], [[[0.06401894942381608, -1.369289864371991, 1.4317968325635029], [1.2625215424075205, 0.4401926853987476, -1.5617258741758244]], [[-1.3913387682338192, 2.17708440329715, -1.1222194477070366], [-2.2008111560492862, 0.8474854922127962, 0.9373335650853862]]]], [[[[-1.9714107594011827, 2.2915993239392556, -0.24958644341827568]]], [[[3.560916686438271, -1.468823681199576, 1.4457881474754721], [0.17699441218020262, 0.3460544759762688, 0.3557338077819358]], [[-1.0391238078660647, 2.8913686746737777, -2.683902123904238], [2.2790948224435974, -1.9321014710197484, 2.1989287729622546]]]], [[[[-0.025666507088744298, -0.2843181942609301, 3.258615290409735]]], [[[0.3680662148997263, -2.2006463276021484, -2.6927212185358598], [3.0431639168959217, 0.9036150185635832, 0.5845662676410841]], [[2.9475829223804912, -1.1133233399064344, -1.3687694527940917], [0.8604281359392222, -3.02849958913473, -1.8995416756171244]]]], [[[[3.2069322498372834, 1.4417280693644037, 0.1462543413593735]]], [[[1.781673469639402, 0.9891854295237502, 2.659575668298638], [1.7123825729070148, -0.1495668317372374, 2.785195843164203]], [[-0.6096361959800138, -1.2832217921803497, 2.3040831815411433], [1.3304805994679056, 1.2183797695842347, -0.8480542932703443]]]], [[[[0.5783089658217353, 2.432919159920078, 1.1057774596150918]]], [[[0.43627364573995725, 1.5969504355939224, -1.2103068679882967], [1.451900510245251, -1.22229096703148, -2.7680421689957817]], [[0.2552662880747061, -2.4422089541851375, -2.118754523111699], [1.0411182363852391, -0.7577919127134113, 0.9283040403777001]]]], [[[[2.72641018472793, -2.425002336278277, 3.0560645139132694]]], [[[-2.9523555734562, 0.9251920132579399, -0.9530763417675754], [-2.0110533665390795, -1.0857554106491902, 0.58877535703312]], [[2.864726972376379, -2.09730787843865, -2.6148124906412846], [1.1880100954741164, 1.0801180425766315, 2.4884829059423774]]]], [[[[-0.7744387123943203, -2.0859718146893385, -1.442848276528535]]], [[[-2.801706981290545, 1.072276095837343, 2.794108000114009], [1.9014026570886677, -0.3056705857292333, -1.5923237660092773]], [[1.2545456407403786, -2.4360058407733964, -2.7792114861413935], [2.7973467695901655, -1.5028910058900957, 2.449407174211731]]]], [[[[-2.6715587956606988, -2.5544614222548394, 0.3232352246745881]]], [[[0.29792908280066355, -1.6243086146581946, 0.26590802670939073], [-3.2685184776251357, -1.7794028540466875, 2.207237576932955]], [[2.7313123660083174, -0.31905290000433284, -2.5756130651291786], [-0.11772316630434614, -2.252852606662886, -1.3533261107034276]]]], [[[[0.17577658204225907, -2.647410835253115, 0.7310734298122568]]], [[[-2.014506758369614, 2.936812394373826, -1.1404182297728025], [2.0219905067100608, -1.8665590064417559, 1.4280806922073976]], [[1.5692005063592327, 0.5302486090310408, -1.3120857427063317], [2.8589793198284905, -1.4750572501576438, -1.7378175721091356]]]], [[[[0.07197389700388433, 0.10215744372460359, -0.963401208601207]]], [[[0.8039132838104764, -0.6397222306075774, -1.979710945150965], [1.854712392013494, 0.1015045785754995, 0.6068989364452166]], [[-3.104508415848187, -0.04983791383618609, -0.30454473769846446], [0.8403009501765852, -1.6562857561731992, -0.28256932765249987]]]], [[[[-1.106210144916728, 1.2636677348502323, 0.14311002416815033]]], [[[2.3456841352356284, -1.783637743560579, -0.9492989896269264], [2.0664082513238338, -0.1980721104459725, 2.358314143898392]], [[2.0819323019167624, 1.9965931115777835, -0.004195343730761322], [3.1603316851535848, 2.3733357912746436, -2.440045300771964]]]], [[[[2.185697659375555, -1.9893479088415136, 0.7340305726555778]]], [[[-0.375265311746215, -0.25707033277302116, 0.508962771607949], [2.6915193321974153, 1.377108548814474, -3.1284548537578565]], [[-1.6778095526137846, -1.8008977493523823, -1.1155637796836002], [2.887176918151742, 0.12436996887418146, 2.654465055206342]]]], [[[[2.796692681277065, 2.085158387196606, 2.8454495306586196]]], [[[2.9623443080176246, -2.7190333725542755, -1.9600193045654903], [-0.21068923005744633, 0.5562995066335299, -1.2080456503577532]], [[2.126086632635629, -2.682903781855119, 0.19408995249789962], [0.2580381035521846, 0.4125323963896652, -2.406253454453962]]]]]}