{"noise_params": [0.0, 0.05, 0.1, 0.15000000000000002, 0.2, 0.25, 0.30000000000000004, 0.35000000000000003, 0.4, 0.45, 0.5, 0.55, 0.6000000000000001, 0.65, 0.7000000000000001, 0.75, 0.8, 0.8500000000000001, 0.9, 0.9500000000000001, 1.0], "max_scores": [2.82842712474619, 2.000030008259106, 2.5457554407449, 2.4346967941235222, 2.3287345213283017, 2.2283869923991664, 2.1419335025373663, 2.0603852497605164, 2.0294759035377954, 2.0011143379438394, 1.998904406781222, 2.0, 1.9999560303488237, 1.9986197103617227, 1.9999999995922293, 1.9999999999998466, 1.9999999984915868, 1.9999929099824945, 1.999555630654748, 1.9934935724160348, 2.0], "opt_settings": [[[[[-1.6123168263930252, 3.1329828813950815]]], [[[-3.363038253268822], [1.323970386083812]], [[2.1410098542651967], [3.672973407507451]]]], [[[[3.193158813015029, -1.8125140177676198]]], [[[3.141768854327397], [-1.1091809470610685]], [[-3.112065805147718], [3.1345002231816483]]]], [[[[0.24296510986854133, -1.0879516121271668]]], [[[-3.168078830329683], [0.42413404930847515]], [[2.2638955610470823], [3.157470188012694]]]], [[[[1.7805082725393584, -3.121916714376558]]], [[[1.757066465338286], [3.3129708596003793]], [[-2.5683252323313717], [-0.944155504676491]]]], [[[[-3.388815592504968, 0.6080342765011885]]], [[[-2.7077801957809267], [3.1022832647728924]], [[-3.1133769583476023], [-0.4778927471475762]]]], [[[[-1.1566943277919115, 0.03266311369656536]]], [[[-0.0963886499896765], [1.4577345584282575]], [[-0.5579413765571568], [0.8186929248724952]]]], [[[[2.0041817383431724, -0.003364644759634885]]], [[[-2.983461199279192], [-1.3687898590731746]], [[-2.3576417841767565], [2.6179943630659093]]]], [[[[-1.4376978672214735, -3.106205490636458]]], [[[0.5665727727242588], [2.1829876258328977]], [[1.3313108015008994], [-0.19210335636792303]]]], [[[[-0.5938197265039566, 3.0649832986034014]]], [[[0.13346888681461155], [-1.4656489776860806]], [[-0.21884283116002834], [0.6247604680751893]]]], [[[[-0.4036864324784549, 2.72015052992275]]], [[[0.08402967835580308], [-1.3265350309166386]], [[-0.12832208441960824], [0.5510865679415007]]]], [[[[2.853406796287937, -3.0168223551115023]]], [[[-1.9269544742779803], [-3.192927696993042]], [[-3.220355233987219], [0.5332495464525554]]]], [[[[-2.8759040340518642, -0.42107615399248954]]], [[[-2.8720521843844127], [-0.26883760215925556]], [[2.8734831427110814], [3.0408656676027688]]]], [[[[-3.092493716393394, 2.106024353461824]]], [[[-2.172604111762177], [-3.1044528836933254]], [[-3.136684179876092], [-0.3518709207342503]]]], [[[[-0.3173268707939623, 3.111423764058776]]], [[[0.3996589730859981], [-0.8870335968261316]], [[-0.024821420002007034], [1.1665075568615433]]]], [[[[0.020903067829815297, -0.734588523494336]]], [[[2.269610992347008], [0.7559825025058868]], [[0.011580949552436636], [-2.4250815449536174]]]], [[[[0.0017818503669615818, 2.836598626161245]]], [[[-2.6174055530928944], [-0.03866680068892202]], [[0.00020191345691493776], [3.124109465826728]]]], [[[[-3.1514685974485688, 2.1093570962710393]]], [[[-0.1208517904600402], [-2.6870232549068866]], [[-3.1421792015798053], [-0.28270373192335246]]]], [[[[3.1169631390328227, -0.7343636312373879]]], [[[1.298389019682504], [-3.0918345658203297]], [[3.1400706591698215], [0.3365331816464811]]]], [[[[3.162351422431827, 2.9517761391528086]]], [[[-2.626510521136534], [2.2596518827693326]], [[3.141337077021178], [-2.8500601552797455]]]], [[[[3.141840049698241, -1.79014631083093]]], [[[1.5763661360359504], [1.957021965824967]], [[3.14159050809249], [0.8204784876292593]]]], [[[[0.0025426816579585936, -2.516617896288952]]], [[[-0.32095048231854545], [-1.451046743291101]], [[-6.163517083898954e-05], [0.9002257680360507]]]]]}