{"noise_params": [0.0, 0.05, 0.1, 0.15000000000000002, 0.2, 0.25, 0.30000000000000004, 0.35000000000000003, 0.4, 0.45, 0.5, 0.55, 0.6000000000000001, 0.65, 0.7000000000000001, 0.75, 0.8, 0.8500000000000001, 0.9, 0.9500000000000001, 1.0], "max_scores": [2.8284271247461903, 2.6871522442310836, 2.5553468715098915, 2.4301745674052917, 2.3292288356883692, 2.224531643257327, 2.145575711236008, 2.0783579863936987, 2.019844963946275, 1.9999999989278898, 1.9985127008766002, 1.9999976930063577, 1.9999999999999998, 1.9993824032486445, 1.9999999898334773, 1.99999999999244, 1.9999999944149989, 1.9999998345217875, 1.9997070458333073, 1.977779529900816, 2.0], "opt_settings": [[[[[1.5707962605165073, -3.1415927178802496]]], [[[-2.998890530351386], [-1.428859072049806]], [[2.2136590539988945], [-2.4979651606090862]]]], [[[[1.5620650359615917, 0.008153829876550247]]], [[[-3.7221969105164536], [0.9667236303450699]], [[1.764594161102311], [-2.9497224739870114]]]], [[[[0.6319515325608047, 0.6869588515869681]]], [[[0.007075784778504965], [-1.5327909246405416]], [[-0.26584468074436896], [0.31530002349682146]]]], [[[[1.885088558924933, -0.0524050127173519]]], [[[-3.1481997178197862], [-1.561971606095241]], [[-2.4776970925962285], [-3.8354427136670606]]]], [[[[1.888689931261154, 3.1373670198438397]]], [[[3.4519205774275195], [2.003586407771961]], [[-2.7399970249775563], [1.9658926789399473]]]], [[[[0.5599204603840628, 2.875227239144235]]], [[[1.7210500918279705], [-0.03579309654027625]], [[-0.26183550489906626], [3.506565236657842]]]], [[[[0.4822478934348003, -2.6126073470788476]]], [[[1.3639086789168189], [-0.03646962992733674]], [[-0.18172808336861704], [3.5481517855726206]]]], [[[[1.980066630023101, -0.0014789379196069052]]], [[[3.1955576357690867], [-1.4648245389489902]], [[-2.3867729347357938], [2.4524736367932425]]]], [[[[2.6368858785870457, 2.9625654787570297]]], [[[3.166849106500546], [1.4665011868549562]], [[3.3918339928850805], [2.7285183871245504]]]], [[[[-0.09123603247481836, -0.6370962702718789]]], [[[-2.0131259817138814], [0.0064753185875996815]], [[0.04012271430013365], [-3.2288055597718386]]]], [[[[-0.4347436471695654, -2.924233518506421]]], [[[0.2142705134071453], [-1.0024408087101748]], [[-0.0819457554425021], [0.8829428959549867]]]], [[[[0.584005701116128, 0.024268706271825306]]], [[[1.8174407134830621], [0.245815262243551]], [[0.4408681246196635], [2.8066755323693835]]]], [[[[-3.1470432754674382, -2.141296921211044]]], [[[3.1431321558400978], [-0.8825351187157027]], [[-3.1425091697594105], [-3.121137374527967]]]], [[[[3.1849483746088594, 0.05205941128792915]]], [[[2.671763228702376], [3.102470781481529]], [[-3.1379676336561535], [-0.43473881188959035]]]], [[[[-0.01615509522305565, 0.8669912091229552]]], [[[1.6352906550584194], [0.0779742252315191]], [[-0.0023043223569783585], [-3.036489400319394]]]], [[[[0.010248356094901427, 1.050933366831584]]], [[[-3.087221520595712], [0.4616043154803512]], [[0.0008036850090121824], [-3.010656832811294]]]], [[[[-0.013841948610185985, -0.8799881514279829]]], [[[-2.3457826329079774], [-0.07027465987187806]], [[0.0010015990398631698], [2.9166088320141452]]]], [[[[-3.1289764841351904, 2.917823991590609]]], [[[2.6343058086454465], [0.09897494466696742]], [[3.140493538627141], [2.8767197604304595]]]], [[[[-3.134497800075723, 2.7640886921232353]]], [[[2.626758695199227], [2.8675748670970425]], [[3.141275480670069], [2.599185772688275]]]], [[[[3.1411297469735096, 1.5244777400680525]]], [[[-0.2772436812664288], [0.8304890143991766]], [[3.1415938365653], [-0.39298337281581425]]]], [[[[3.1353855201183434, 0.24057040107144542]]], [[[2.8354772983232968], [1.1340712635949126]], [[3.132564693192747], [1.0996262311256584]]]]]}