{"noise_params": [0.0, 0.05, 0.1, 0.15000000000000002, 0.2, 0.25, 0.30000000000000004, 0.35000000000000003, 0.4, 0.45, 0.5, 0.55, 0.6000000000000001, 0.65, 0.7000000000000001, 0.75, 0.8, 0.8500000000000001, 0.9, 0.9500000000000001, 1.0], "max_scores": [2.828427124746015, 2.6890529728964374, 2.545598431388768, 1.999999999796275, 1.9999999971346838, 2.2349918464115923, 2.1437902107425466, 2.087918869188015, 2.0283307875607033, 1.9999999999962912, 1.999232574398868, 1.9993936121297256, 1.9994469362755884, 1.9999999999997389, 1.9999999999999727, 1.9999999999986442, 1.9999443089175148, 1.9931201608508262, 1.999988479343279, 1.9987444820853764, 2.0000000000000004], "opt_settings": [[[[[1.570796334572825, -3.1415926627661372]]], [[[-2.8512132052123116], [1.861174578670455]], [[-2.6831660001236366], [2.0292217484722865]]]], [[[[1.6249259688135003, 5.414074792129226e-07]]], [[[-1.6007797112036917], [3.1114965791502764]], [[-2.390027034589091], [-0.8153430646213251]]]], [[[[1.5749773992159868, 0.00043738466300196027]]], [[[-2.3830095798239475], [-0.8112050601192475]], [[-1.595842047875341], [-3.1657818677276097]]]], [[[[3.1215652205940914, -1.6192713420642064]]], [[[0.09023461689892588], [3.1415897994420754]], [[-3.1375004488707403], [-5.318049540199949e-05]]]], [[[[-2.415428348882871, -1.5636440259286772]]], [[[-3.141862703106568], [1.5458137031288792]], [[-3.1190987119986513], [3.164912033410058]]]], [[[[-1.0901094324470377, -3.1300572411092222]]], [[[-0.976069990462591], [0.47385651313740346]], [[-0.18699025982108408], [-1.872355783074426]]]], [[[[-2.2701994281804674, 0.1097177179222715]]], [[[-1.433124252026275], [3.231324982978113]], [[2.59624075705206], [0.44467269125645353]]]], [[[[-2.251167881049412, 3.1399773207639514]]], [[[2.5414679465796457], [-2.357580619633067]], [[-3.0890368315882877], [1.69269937013162]]]], [[[[-2.389431526718079, -0.012352217742565449]]], [[[-3.1789429519354675], [-1.564909017419819]], [[2.748530948190269], [-2.5310425655780873]]]], [[[[-0.1380931593848269, 2.9944470822966704]]], [[[-2.49222279244431], [-0.02542680348075245]], [[-0.10889698176915044], [3.20228991818974]]]], [[[[-3.179576005714346, -1.3125507234853253]]], [[[-3.1398720731882714], [2.600653796041975]], [[-3.1429549893408786], [-2.581017266322847]]]], [[[[-0.30108190473051144, 0.07954888087149252]]], [[[-0.1166137612068336], [1.3120385724241104]], [[-0.07683386823259962], [0.5810948481258049]]]], [[[[2.7823813810704094, 3.0445869891483825]]], [[[2.907023199309363], [-1.7324367878877582]], [[3.0580802233768782], [-2.3726302742140377]]]], [[[[-2.287558263612798, 0.7953255038309899]]], [[[0.9401865829216354], [-0.03698887034481643]], [[-1.8982675967266964], [-2.0744754969427275]]]], [[[[3.1463971668323896, -1.9850026390094255]]], [[[0.746799212731029], [-3.01165378556742]], [[-3.1418962506923642], [0.03935046108142154]]]], [[[[-3.1493975909548504, 2.901760176315866]]], [[[-0.030377296184824158], [2.965277269671782]], [[-3.1409441798796562], [0.11093281303266264]]]], [[[[-0.0326589907342772, 2.635668541388992]]], [[[-0.3062603991086774], [1.1460506141766038]], [[0.0018083034802275104], [-0.2212086998827363]]]], [[[[0.02208659901464215, 1.9210905833679905]]], [[[-2.6589485727589004], [2.7596743598108975]], [[7.772216108280406e-05], [1.904759494516095]]]], [[[[3.140260453226699, 1.6935618389550755]]], [[[2.6342122746721275], [0.007901475010182573]], [[-3.1415866426776224], [-2.798939508876355]]]], [[[[-3.1414528029568354, -0.5538861369039196]]], [[[-2.1638082593903816], [-0.9764103436393892]], [[-3.141602875703502], [2.8981933959655715]]]], [[[[-3.1290349141662213, -0.5579968106742551]]], [[[-3.10577638501456], [0.1618075185308494]], [[-3.1402146576906245], [1.7220983811873278]]]]]}