{"noise_params": [0.0, 0.05, 0.1, 0.15000000000000002, 0.2, 0.25, 0.30000000000000004, 0.35000000000000003, 0.4, 0.45, 0.5, 0.55, 0.6000000000000001, 0.65, 0.7000000000000001, 0.75, 0.8, 0.8500000000000001, 0.9, 0.9500000000000001, 1.0], "max_scores": [2.827773694498127, 2.735291844877416, 2.6890423486222286, 2.5488355016511663, 2.515025739985714, 2.4529587290863764, 2.4331153966892085, 2.370226168455365, 2.3013922577098533, 2.0337445385742074, 1.996221787215139, 2.17517033138497, 2.1365083295553533, 2.1021462483428377, 2.0511748273985075, 2.017891301108383, 2.021955759958584, 2.0199952161623966, 1.9996595406108684, 2.000709847329245, 1.999998944823693], "opt_settings": [[[[[1.5134232526288096, 0.8971217988508232, -2.757254603735391, -2.5146024468196857, -1.8157904609899171, 1.042115769957142]]], [[[2.3049582841374154, -2.164476054788519, 2.8724361181743268], [1.9229158300740494, -3.627952896028189, 0.4647307532255277]], [[-0.3791801311182369, 1.3005988715534267, 1.2662202732887522], [-1.010752924693491, -0.2213838486007838, 2.0733919126051017]]]], [[[[2.165774756362913, 2.270316309057068, 1.720222827437176, -1.8542985036587132, 1.6598804305876542, 0.15452742474454953]]], [[[-0.729181800770475, -1.2198797395691499, 0.15963946004661367], [3.596431260489488, -1.5381551764664292, -1.0105283161930494]], [[0.8266781828725841, 1.3311552695813824, -0.9434294729624821], [-1.0351492064860965, -3.31222781885978, 1.3708915427807646]]]], [[[[2.9217538292681366, 0.2597938707733122, 3.1092926930101177, -0.3770382504004447, 1.3638748091423292, -1.4861189212067705]]], [[[2.7990207709047006, 0.1280343908560183, 2.691345415550656], [-0.5404133127423851, 2.6832115826898884, 0.6200386046348041]], [[-2.2173788297560995, 2.0653881463059056, -1.4520695460386126], [3.0881672595480536, -0.07908237631963413, 3.1311235898914918]]]], [[[[-1.6963654855680756, -0.13237505628528393, 0.24869398741586404, 1.1193172600621015, -0.5547984351973074, 1.984637454355304]]], [[[1.5554982194784304, 1.8151051469934165, 0.3597110220235264], [2.6729924486052843, 0.532657988033427, -0.9506904616397089]], [[-1.016839532835044, -1.467871653302182, 2.7769057736531852], [0.23259498109472446, -0.9505131163468455, -2.1097201035972573]]]], [[[[1.6214876143090993, -1.4851086850248494, 2.2218808011587416, 2.7884850013388918, -1.6080156729573043, 0.08301314132369582]]], [[[1.6845157982716121, 2.874296418940995, 1.4449829350963936], [-0.04696405442976294, 1.4371580097414371, -2.848188798865353]], [[2.4108955570460076, -2.4092107482488747, 1.1163453055908308], [0.6948663526227463, 1.1107025781580404, -0.6062062278360507]]]], [[[[2.325149648520226, -2.9899273875749337, -2.4096565021172673, 2.2060525759502885, -1.6414862771293728, 2.4117361798250694]]], [[[-0.015709133602534557, 1.1537830006337804, 2.4485955641478965], [1.122001683572578, -0.44748281358502995, -2.5871389367218245]], [[0.9946727516615272, -1.6281393796869674, -0.2910942140892927], [1.7429217373574328, -3.1570998638264585, -0.2117469110026473]]]], [[[[-2.966529027261877, 3.145454185916499, -0.4147022110344522, -0.3711175589130884, 1.173734183783201, -2.2955465367936836]]], [[[1.0536134597091982, -0.7939213072301495, -2.214619482275452], [-1.0807526568750767, 0.23378505223421495, -0.36628811457134086]], [[1.0831657073732817, -0.7608314008921658, 2.472341095098037], [-1.461143171226652, 2.899700404236569, 1.2440694930381682]]]], [[[[-2.8007739740066513, -0.030498959815702827, 0.22582905623737046, -3.12547624808078, 1.871248613992131, -2.941449833753911]]], [[[-2.2628957073279317, -2.387965200184755, -1.433885131542238], [-0.8420280348265134, 0.6414180719788164, 0.003901445160993785]], [[-1.6333385522729278, 1.5834161533912539, -0.19760237663194727], [2.090848775778176, 2.8455267998515223, -1.8765722274777903]]]], [[[[-2.742204657898007, -0.140479952445069, 2.393978007768378, -2.6069908451289914, 1.8924973774470968, -0.17359923808986938]]], [[[-2.5116202885905827, 1.4316597242529145, -2.6539024640057374], [-0.9474302424367068, 2.5817814239624095, 0.5545028662751474]], [[-0.5102813855967688, 1.5841765678000461, 0.034314535732852036], [-2.8590150508976553, 2.700461645100828, -2.8142562525848516]]]], [[[[1.3302305179416627, -0.6611383155382121, -1.556195085174278, -1.9012676508110375, 1.5851386244510774, -0.06475129441989487]]], [[[-2.228347114716042, 1.9712937074606618, -1.393851492214447], [-2.9385761424669754, 2.3803995147990973, 1.972155598068352]], [[-3.2394408079021595, 0.7797237917893107, 0.47166156616561183], [0.4166521967035468, 2.2208125122459763, -0.38647398178798564]]]], [[[[-1.2494919203938604, -1.8787060230571468, -2.552861642196136, 2.2992511143913013, 2.229034476799625, -1.7654527750349505]]], [[[-2.9372334369544255, 0.7216806462072747, 0.4896778872717147], [0.13956579382407935, 0.03288609297156671, 0.2368576919733148]], [[-0.5240223333979768, -1.937630982427321, -0.4628103702831732], [-0.35135230400314643, -2.619904226636793, -0.4164231100893865]]]], [[[[-0.16605758615059085, 0.43175427935417166, 2.221802441492212, -2.649314163933453, -1.3576387661808678, -0.28783355391181953]]], [[[-3.156548776738909, 1.300472942773474, 3.1034703951233986], [0.22617979940336674, -0.21681727781343338, -1.5909469633242117]], [[-2.2071238745119914, 0.10156238702659294, -0.7907446837614387], [-1.4260345378497217, -0.9701566562562406, 1.3896649645797758]]]], [[[[2.735632715785232, -0.049879475718030614, -3.2115817505097053, -0.6986640924364268, -2.0730468213461966, 1.7526471009884386]]], [[[1.4843874178179646, -2.0305376162723165, -1.2155863238957942], [2.8156148493194926, -0.30518422376213733, -0.23387485039252542]], [[2.512031903047694, 1.199237549569383, -1.5549895684140125], [-2.0356979285932835, -2.5820341171010415, 2.414604909695729]]]], [[[[-1.1009516076360337, 0.3158830972108877, 2.8972963028804104, 2.3102738857531135, -3.634750029636934, -2.1645889025086924]]], [[[1.588387081779125, -2.689808490822974, -2.405993761367303], [-0.2343580502364278, -1.9576874188609796, 1.2343071034344817]], [[-0.8833481315836931, 2.178273935604477, 0.5320231129836084], [-0.10019039959894367, 1.9815314119203924, -1.3350011881269948]]]], [[[[2.1827676574467314, 0.2866015979858082, -3.060506286424982, -0.10724885507754517, 3.5487056404469284, 2.42432693110987]]], [[[-3.0001835054232764, -0.2270063124421861, -2.525590252737916], [-1.6694112598412905, 2.1360127743234885, -2.8570028898926023]], [[-3.2332967060380793, 2.255883881497242, 2.429367651192666], [-3.4293801756844786, 0.36477575526182004, 1.6786212969968632]]]], [[[[0.11749190549313479, 3.0490562155189886, -0.10486034025430721, 2.651046582692858, -2.687913005405542, -1.1465752100709836]]], [[[-0.520221788028284, -0.3350872787885543, 0.8533094509294843], [-1.8801804110365947, 0.13468572346630883, -0.7566048753233225]], [[3.1318516521888626, 0.45394379860268763, -2.8279142743453884], [-1.6781322555696945, -2.8814955221676617, 3.1380791542479782]]]], [[[[-2.610428674591569, 1.477591486063, 1.1397867002518867, 2.697488377577077, 2.2393484835781483, -2.1959536514854574]]], [[[-2.2720350844228556, 1.2116565910590242, 0.06816051366510485], [0.5019939156133056, 2.047296156491552, -0.38224081970679036]], [[2.6179538973814926, -2.685300092868591, -1.4369024684617948], [0.9636429012534837, 0.2207597542234589, 1.138805997185889]]]], [[[[1.0784642907114925, 2.311410292463017, 0.8043388142818391, -0.7964262777081164, 2.1323564545440217, -1.4244437898296678]]], [[[1.7814510597566422, 0.8644093638611562, -2.791863482086613], [2.9099649822762306, 1.0560503633073282, -1.5186798394301546]], [[1.0117234691928914, -2.6877683603022544, 1.7570152876677403], [-2.293346674463531, 1.481766982042831, -2.273595709034451]]]], [[[[3.085815701047769, -3.0818390989385014, -3.246454386097793, -0.0027614008229969234, -2.1878939563895905, 0.01890179893559669]]], [[[-0.1054763569920548, -3.0100407071717648, -1.6386657242245757], [-3.1294824307868776, -0.20938272824653784, -0.17930320384211254]], [[0.08808349500389699, -0.5428038474572251, 