{"noise_params": [0.0, 0.05, 0.1, 0.15000000000000002, 0.2, 0.25, 0.30000000000000004, 0.35000000000000003, 0.4, 0.45, 0.5, 0.55, 0.6000000000000001, 0.65, 0.7000000000000001, 0.75, 0.8, 0.8500000000000001, 0.9, 0.9500000000000001, 1.0], "max_scores": [7.992809377999489, 7.352653654737646, 6.41565987036152, 5.863727282118306, 5.619270041225496, 4.669041664758481, 3.999563268325856, 3.5315153848907372, 3.9703751842341575, 3.618011577887982, 3.9712646654454096, 3.653433107354636, 3.6461970774291563, 3.928962229216335, 3.657049148081864, 3.870690395851038, 3.724400697516642, 3.723388277239358, 3.8120404297214954, 3.8153633395053053, 3.9998515543542323], "opt_settings": [[[[[-1.5305017194117378, -2.2169800670097444, 0.8948036775820932, -0.4035013566282881, -2.0159007139001277, -1.5192497352652996, 0.37604307807963544, 1.33214145913523, -0.31717494548775954, 1.180376417878456, -2.0350305690658392, -3.018019990855382, -0.8244003742875659, 0.9458361459109577]]], [[[-1.2566291835387597, -0.15086945057236512, 1.6487053185402427], [-2.3731056650854603, 1.6759697096249375, 1.312635994559331]], [[0.8907740176913479, -1.346867148944341, -1.4628778005387053], [-1.354880865811596, -0.08974373853884014, 2.0048879640103694]], [[0.2224494832553326, -0.6255968820685238, -2.5989437580297157], [-2.0471953379241485, -1.1761703388904818, 2.324741491769993]]]], [[[[1.7351047330186808, -2.2979854380488627, -2.2339422258629873, 2.5916854615525997, 0.4600838924555038, 2.4449305295106627, 0.7518627343416262, 1.5174264686994943, -2.8229820230863476, -1.563633393102326, -1.9508743033868108, -0.09721125098818999, -0.11622698132982817, 0.2541648395328257]]], [[[-1.0094135780376836, 1.6414374500776918, -0.4438295726337471], [0.5889659184144742, -0.991717804630468, 1.1324252893416151]], [[-2.3340141335475435, -1.754699838148958, -1.8212821573738394], [-0.9160288250103614, 0.9888539284572181, 1.390524000603972]], [[-1.4860165586886251, -2.2952790255399225, -2.9834690608304966], [0.1348703655999835, -1.2867485455870542, -1.8249313569562153]]]], [[[[1.1027500599669477, 0.365515972164596, 0.37190385959998384, -3.0470320675669833, 1.3673192090469626, 0.32655511524102443, 0.10575622531615614, -0.4993093641299451, -3.2466503935197903, 1.2455180709993514, -1.3504693061817066, 1.8901789069126165, -2.1191479384062784, -1.1413111243086345]]], [[[-1.8046038458264373, -3.0452357716659892, -2.1399830222529737], [1.1926931993377925, -0.7046716092323712, 2.4155769525673243]], [[-3.0866963487636436, 3.1151449460377565, 2.458515298995372], [1.4332696630876114, -2.344859498503469, -2.908296521056528]], [[-1.6122730008637283, 2.9621532514444677, 1.0273650636453624], [-0.22299923467158234, -3.4170785386506637, 2.4223833778259944]]]], [[[[2.048287846483812, -2.8876816392772913, 1.8206735684955366, -0.012576332969523422, -1.30682020014782, -1.8838570321530776, -3.004129171721481, -3.1837143206154845, -3.0928499400658174, -2.127895427341698, 2.0836417994043397, -1.9674864725340129, 2.211749369274093, 2.01310432047124]]], [[[-0.6861191354100915, -1.4683286609784134, -3.0785559889474197], [0.978394535505727, 0.9015901012107753, 2.653772387431487]], [[-2.6492137799036026, -0.02269226486602724, 1.4682419094596444], [-2.4288506380418915, -1.2187451593315985, -1.0527582393740795]], [[0.9672795487223074, 0.2327684921428484, -2.2468366726510136], [0.8929825375597408, -0.8265169641455428, -1.5387412748770495]]]], [[[[1.7871977277228714, -3.0483967865725345, -1.1022636564060817, 2.3116871763263394, -1.8212130438626972, -0.8680193295025677, -1.7403431089775558, -3.1325000175017252, -1.502018349565735, -3.2183262533735415, 2.696299356122723, 2.7151479485453405, 2.836687219398533, -0.4207107431642916]]], [[[0.5042193175370114, 1.4739936709525812, -2.7222193053186436], [2.3627002548457945, -0.5991047650494986, 1.935879611753963]], [[-2.3632199299919368, 2.0602551909417395, 0.018617749962946257], [0.24467715207293422, 0.6807063406618719, -1.9249213609394613]], [[-1.4405793823973516, 1.1993179903839775, 1.7876908795264752], [-2.141056882878718, -1.5437573629365549, 0.2580745863090943]]]], [[[[-2.260690748067517, 0.36813006271363014, -1.4058393639758715, 0.25686157518030606, 0.8902110107419064, 3.1952778219545537, 2.6714453687787625, 3.0264395372122914, 1.823332324228925, -0.9173702783691433, 0.5050286199692131, -0.17088309271542373, -1.462970975423828, 0.2943020294774016]]], [[[3.1324232421076883, -1.5285515399221028, -1.458122564552142], [1.301523996195839, -2.8951553965605386, 1.4214474491559157]], [[0.10441877475943435, 1.4235964601592819, 0.08508825946916819], [2.620093352959896, 2.4538796963954956, 1.0334192733361185]], [[1.9774229769665423, 1.7419701638041327, 1.24783778144168], [0.3886213117724035, -2.6820884809261987, 0.7227765120595895]]]], [[[[-1.4618486020251051, -1.0895489484615506, -0.4073006207175044, 1.8086772945228218, 1.297818294740494, -0.18705159254220502, -2.577820960788099, -3.065377701395926, 1.1256499293562023, 2.5314603597147878, -1.8087950311215422, -1.2064294067456651, 1.2645989364720023, -0.025972183162100006]]], [[[-2.752484328956307, 2.679246653725158, -0.8763630819523289], [-1.6478589170633224, 2.997235554164856, -0.06302922026142843]], [[-2.7482579352095713, 1.9097966899914254, 1.7181578256845027], [0.9769557519553891, -2.0723556617679777, 2.8975564973903385]], [[-2.907795716231893, 1.001396962672467, -1.7150781616313908], [2.444706489915911, -2.3834870747028862, 0.7262502419656869]]]], [[[[1.4755573832970703, -2.473829967051849, -1.098604150610124, -0.07021731366372422, -1.638447336041009, -1.032204084101961, 0.49096713273282316, -2.214813860612619, -3.125233134152427, 1.1259151125657836, 1.2741793203374885, 0.3837852871326453, -1.1624789841789533, 1.7551541124940482]]], [[[2.936596517389202, -0.5202029280428043, -0.9767671306788288], [-1.728065615940208, 2.208657587961576, 0.1714258211857227]], [[-1.4888539460700758, 0.21685242816199363, -0.9996565916835025], [1.295626259049857, -2.1015181836396413, 1.428228222659313]], [[-2.876308920356531, 1.3178912366335442, 0.4802892738191833], [-2.428662313627911, 2.575346739892819, 0.6995073975190591]]]], [[[[2.0726251603931276, 2.222529296715394, -0.6583417614580599, -3.0289982358445657, -1.829636502516073, -3.15173927552192, -1.7012065834705954, 2.6531043529716007, 1.5827622499077156, 3.306712362922472, 0.1366130795725133, -1.5769191095343025, 1.8156170472580093, -1.3094485226418713]]], [[[3.1378622075164255, 2.7964731718745086, 3.1301522796901455], [-2.8917186073766703, 2.645271967169403, 1.7398432009635938]], [[1.8464341000524385, 1.2716004183464378, 0.025908222336684477], [-2.062799824369735, -0.40746977897797915, 0.07487288352383112]], [[-1.7623242042482679, 3.2058940313901334, 1.8735883717026063], [-0.5411681494930788, 0.8741773172048427, -1.4781953533106498]]]], [[[[-2.4059649553108513, -2.4130427713661606, -1.6148586515133387, -1.4225785427028974, -1.4513477762016085, -2.188502572431636, 2.3678340506946727, 1.822481667636214, 2.6130125473705226, 1.8016802782190366, -2.0322590282578807, 0.9075533783942681, 1.0934057290950556, -2.7079510600785124]]], [[[-0.6903265371724825, -1.4773761143392106, -1.4521828802074894], [1.3625608719805768, -2.1674125261552826, 1.7396069207312062]], [[0.18372156368351467, 2.3664799343932845, 2.9344972622758583], [-0.0637951150581023, -2.3375943441979197, -1.7204118743124173]], [[-3.0690093852326417, 1.242343684710204, 1.336002167568079], [0.10533176800026525, 2.7617388461452723, -2.955753246846129]]]], [[[[2.19643754068175, -0.03507407819916182, -2.412872918217298, -1.9021797492131183, -2.499546502622549, -2.0413092826424295, 1.3812456241014512, -1.2524811559197095, -1.5506290539485916, -0.976561004747765, -1.7392658267156726, 1.0991632413760364, -1.636364582557147, 2.100371851819696]]], [[[-0.7086264760916189, 2.0546195881506795, 2.813718272354884], [-3.029411266279359, 0.1299389520223443, -0.8537817601454618]], [[-2.0508747514991943, -2.169643661079724, 2.8470980203433474], [-2.176918970544492, 