{"noise_params": [0.0, 0.05, 0.1, 0.15000000000000002, 0.2, 0.25, 0.30000000000000004, 0.35000000000000003, 0.4, 0.45, 0.5, 0.55, 0.6000000000000001, 0.65, 0.7000000000000001, 0.75, 0.8, 0.8500000000000001, 0.9, 0.9500000000000001, 1.0], "max_scores": [7.9989791964214065, 7.31794048280015, 6.528149929611024, 5.929159366237915, 5.25825022324014, 4.6312650066086265, 3.8535804382125343, 3.97704181739364, 3.6743733650724515, 3.415274746971701, 3.644819612514141, 3.5174633650727336, 3.2631929633007264, 3.616675932758061, 3.7332731215445962, 3.593871195257643, 3.8355971479534583, 3.7388035931629187, 3.8757866646610744, 3.776501339510804, 3.995221696254776], "opt_settings": [[[[[-1.801955069017698, 2.658852074570301, 2.5536167549234356, 0.04652476107992111, -2.019784826542696, 2.9683941990582383, -1.4954842386026768, -0.023402294099428927, 1.1106814151775022, -2.577545237851227, -0.7192508398724431, -0.17655965164927387, -3.170365492237996, -0.014429185721716873]]], [[[3.5470374120281627, -1.407774891476632, -1.2302949142506425], [-1.1279222576184502, 1.7311642440518034, -1.4710035771839443]], [[0.6958153827495639, 1.525568465986952, 2.0568512126146707], [-0.4211396931313161, -2.899662508084219, 1.8018241154296888]], [[3.3328083891758213, -2.1733281169997976, 1.5683654551455986], [-1.4342196001524028, 1.7453101100317598, 0.12830463592830735]]]], [[[[-0.5337853868830378, -1.764072079354736, -1.5272183041872354, 2.542571306953012, -2.669306790230216, -2.203946161523676, 0.4202260061960699, 1.838951088237058, 2.1161534052894777, -0.089634397244748, -1.8277942366137672, -0.1809259773822289, 0.33684503612458616, -3.2516661971398793]]], [[[2.482500631064714, 1.5849614394416587, -0.7267019658850674], [-3.2270684755375347, -1.6839913550670536, 2.6814253725345445]], [[-2.2295279348644, 1.1367077415896993, 1.0553855373487409], [-0.0681495396708843, 0.24071443388000277, -0.5367271579156143]], [[1.1854282473020683, 2.3292320899705174, -2.348431952904333], [2.9534155644879045, 1.1957147249974918, 2.45248287224278]]]], [[[[1.4777182599778036, -2.484501383717605, -1.2221931709176364, 2.041886995559314, 3.292705389054052, 1.6859219967092576, 1.1087955091578883, -2.3264952206438787, 2.5908471393830688, -1.9750706078138596, -2.8056581803644396, 1.4235488081160463, -2.257678556208816, -2.476902578559608]]], [[[1.6737982149357804, 1.50321505576033, -2.9891599992315125], [0.4019925746997556, 0.2817113343690408, 3.0663482379210363]], [[2.455681054170898, -1.7979354339184161, -1.0326492869606647], [0.5533945316740064, -2.6178117624072605, 2.4969709195928624]], [[0.35325350570800035, -2.0900801508484426, -0.9058246882238428], [1.40335050770032, -0.8828211032264576, -1.739173567113072]]]], [[[[-0.4860073052412055, 2.9296019704172913, 2.2447824827673593, -1.0211099108101989, 0.6856965861524928, -2.400488884459946, -1.2836641853917117, 1.7767654760783131, 1.7476892167472486, 2.4491251091520296, 0.8489091516248468, 2.3759239970871464, -2.114464129844419, -2.25976443905477]]], [[[1.8403879539737487, 3.1164462117077614, -2.1359787081170243], [-2.3146430024916453, 1.0696735569000342, 0.16393921446189982]], [[-0.832798544875681, 1.6301248012269942, 0.5321311589720708], [-2.7589202516041884, 1.902725817448328, -2.9393315634352746]], [[2.09010519911034, 1.6720466837787278, 2.327820571550859], [1.0642070216745814, -0.3197261527060098, 0.8820680780624457]]]], [[[[-1.1334806099551509, -0.04566327077388876, -0.1126536633678128, 2.568512005427582, -0.5014278815352206, 2.9213853404328423, -0.07206496068706666, -3.0367151315202676, 0.8182753966273493, -1.8583576449758201, -0.963121300044296, 1.8737087716121854, 1.8826791512330088, -0.5365383812423286]]], [[[-0.45207171796348833, -0.051361295803716886, -0.6602988241971975], [-1.9505039457394238, 0.3098750085623349, 0.1837633860566186]], [[1.3285906413223194, -1.7909719261840538, -1.0472332734154852], [-1.188700755390173, -0.02768504359313778, -3.090951113051009]], [[-1.8416760666202294, -1.2842066711057432, -0.4429382561355193], [-3.338516010920654, 1.4959130939698215, 1.3010652035608707]]]], [[[[-0.024104250346315133, 0.16087737766512228, -0.4002915404577333, 1.4894531836572904, 2.430393251202442, 1.6844675576920456, 0.4399768954851121, -1.650959321459809, -0.03490224002171294, -1.8362993746114555, -2.8393348471476147, 1.1271249318029117, -1.7606225519123775, 0.6091511407024691]]], [[[-2.88480971890641, -2.463117738390522, -0.6976185923359934], [-1.0084648938485454, -1.7407304384401399, 1.1510224492837562]], [[0.09780880589193239, -1.8211250404666286, -1.9441028773793356], [-0.07187937280032149, 2.766225041531178, -1.2519617325700305]], [[-1.6235744642613363, -2.133165267286487, -0.1742741087605357], [-1.539147767384849, -0.45123144739872395, -3.1015633056844707]]]], [[[[-1.2940864865075705, 0.025379629067014513, 2.6912527322232345, -1.5058243807221814, -0.8889267169710902, -1.7953995562763412, -0.0377081445622438, -1.6772655997005792, -2.1538510539514726, 0.5490687371708559, -2.0632074194549173, 2.3652465713131883, -1.5531748912212773, 0.7462307807844428]]], [[[1.4068356469898275, -2.822417972517643, -1.8947848996438992], [1.183477846986327, -1.1383309054206494, -0.7721288968174731]], [[0.44903158287600525, -1.2349838401934854, -2.893919353832488], [-0.560852024130847, -1.5051224804204664, -2.66878440981436]], [[-3.601428597249893, 1.9154652940562804, 0.7541650494373013], [1.6395741114243536, -2.3412089039984436, -0.3762005791240246]]]], [[[[1.216252407096478, -0.1082120096699182, -1.7248885862659957, -1.9197265342126502, 2.7173220278268255, -2.9976423973446775, -1.8487741020640678, 1.3972496791603815, 1.517551969362191, -1.6993753121207646, -0.9958246446286088, 1.0520736493197465, -2.1645528512211603, 0.5840123219934327]]], [[[-2.08219431284184, 0.793478453650564, -2.2543366245879572], [1.5988218429773862, 0.5967474842979907, -1.39071179549059]], [[-1.5831761514959117, 2.214850351043735, -2.7995816654513446], [-1.800256982836124, 1.4057837261618067, 2.474880500710886]], [[-1.9809575356930003, -0.3249452173761072, -0.3840904901028144], [1.9740818190299405, 2.8715728355005306, 1.299246472912703]]]], [[[[3.385498414624059, -1.8479649365473487, -3.225350617837264, 2.2340684635802197, -0.5917925782650916, 2.5167004988933663, 2.676087218478497, -0.9572812248075502, 2.973308166829711, 2.694002951226446, -1.715654753384789, -0.13523987696534256, 1.7376444512524767, -0.1756221365312159]]], [[[-0.4418361779243676, -1.8419090037844332, -1.5259258940387275], [2.8063349141437297, 3.339237862132417, -1.5936415628973635]], [[-1.0115440022006121, -0.21776678397537363, -1.0012836640134037], [-0.421838133262872, 2.7113839325715596, -0.9978728775688315]], [[-1.9483181172647408, -2.0573200915345633, 1.6285950214393132], [-2.9176759762201927, -2.3668171314167137, -0.7184449193765552]]]], [[[[-1.1671817669153237, -1.0060375051591703, -2.5663391339334805, -0.7061739580990557, -0.5144868344235826, -1.9646969026308052, 2.3004803539315706, -0.371530395416031, 0.7698327126972822, 0.7770805825456184, 0.6917289924172787, 2.678598774670709, 2.789563073974893, -2.724183624505746]]], [[[2.167519744728868, -0.7988876415433361, 2.5404030167666907], [2.4228610000650126, -2.872565976375268, 0.12086249367657498]], [[-1.1348522070520901, 0.870616374004357, 1.3473198758539802], [-2.2925501537785564, -1.906481145703394, 1.151062322528583]], [[2.6989822334558897, 1.9867295107478522, -2.2368401794024373], [-1.569791523006391, -1.1649963953196552, -0.062200701843103015]]]], [[[[0.21600493455434333, 3.0829571001520284, -0.29437971773289967, -2.1678412118863775, 2.299897508281108, 0.24157938533471465, 0.862029375669242, 1.1164935857266292, 0.7582783485667894, 0.40794206956594076, -2.3204428005758975, 1.4708552585864114, 0.17987038762262325, 1.7993853650647251]]], [[[0.434002224922523, 3.2017873171444515, 1.7156549598113795], [-1.8767109997634401, -1.267657683201514, -2.6739461678129675]], [[1.7720450615699719, 2.8555907111648153, -0.3078427653835871], [-1.8623710196429926, 