{"noise_params": [0.0, 0.05, 0.1, 0.15000000000000002, 0.2, 0.25, 0.30000000000000004, 0.35000000000000003, 0.4, 0.45, 0.5, 0.55, 0.6000000000000001, 0.65, 0.7000000000000001, 0.75, 0.8, 0.8500000000000001, 0.9, 0.9500000000000001, 1.0], "max_scores": [7.9950782233509265, 7.2393050815557505, 6.4397530632827955, 5.787076557606667, 5.3403345642761035, 5.135580624544399, 4.012247112796912, 3.936634849896021, 3.3175568346597277, 3.29821440302499, 2.887204501656084, 3.5224925769997237, 3.9178343531972306, 3.5162520447100523, 3.6972917614848937, 3.522382472493174, 3.823873475808899, 3.4251440698673927, 3.5813860863773677, 3.8302715939319514, 3.9999871194223218], "opt_settings": [[[[[2.0432515191220215, 2.6335338669464883, 0.5697026353227271, -1.0465749005561829, -2.9865356362317197, 1.3929401262779195, 1.2030517847791589, -1.1767350884568988, 2.014028371901296, 1.3419961237218603, 0.748157667777921, 1.0099227762077083, 0.5088427800658553, -2.071369747759219]]], [[[2.2624612087983667, 1.0731871730936895, -0.2829487131226509], [-1.504381232873104, -1.4458130876775217, -2.1752137897402464]], [[-2.192725938772276, 1.262431254454848, -1.7469559503918894], [-2.684509819596081, 2.811213741313435, -1.1362120068962431]], [[-1.14891803916975, -2.26017525998815, 1.9379527321973748], [2.6725428698609366, -2.3478195607508954, 2.2680961011894576]]]], [[[[1.5556822618004469, -1.408208966940837, -0.18953322229710373, -2.003513697841264, -0.6244860869192058, 1.9759183772294133, -1.1678014780806967, 0.9983424597893535, -2.272247789761079, 1.7362062845611839, -2.279788970851265, 0.4685745190152496, -0.18011728162162774, -2.6459992947765016]]], [[[-3.0494327958017937, -3.0714264750288938, 2.612491801031031], [-1.4247528837467411, -1.8536246379918377, 0.9012274236024549]], [[-1.6285072018960718, 2.068110613103576, -0.20346040270998783], [-0.33999574024287216, 1.69452016626451, 2.218680719877116]], [[1.1126817316024846, -1.077950191443796, -2.738665922633564], [-0.983754967330125, 3.5640913776700285, 2.1457899691558415]]]], [[[[-1.4267389601540408, -1.6931335068568552, 1.6109196068213654, -2.731007776927274, 0.027656897322972496, 3.0011058505585773, -3.049233487051449, 2.699891796978624, 1.878434388131871, -3.041237773936912, 0.4660543955336799, -3.4643473777959697, 0.9261235440865287, -1.1233828667820367]]], [[[2.4746813692374117, 1.5102428411634377, -0.006281490143625741], [0.7302434080679967, 0.1400650318896272, -1.2197977245936933]], [[-0.035841585941199294, 2.3436698105884095, 1.5598325705376892], [-0.3423994817571423, 0.8457879608305856, -1.7740771537289053]], [[-0.45775824526373676, -0.7889013630163038, -2.386844790232343], [1.5621706212878863, 2.3176065871715634, 0.24373269397016883]]]], [[[[2.078923195198703, 0.04689451266181028, -3.1490176084820534, -2.966888768943208, 2.7795625065966036, 0.2022730870760958, 0.3210765383032795, 1.402934120792519, -0.822295765348736, 0.3208806705890042, -0.15693530111387397, -1.0189526383652519, -2.773078089801536, -2.885310123115163]]], [[[0.8522931055368885, -1.7534526999447133, 1.295951296698182], [2.4198657636545886, 1.2930795707036482, -1.545482561140157]], [[-0.5133044919535203, -1.7270749695712422, -3.0527897588619792], [-0.3393044043762394, -0.26596609357484124, -2.0608423807686336]], [[2.4091778825045753, -2.6722112077066864, -0.4116817170667555], [-0.4615573065389035, -1.9064954362395998, -1.8496998552892316]]]], [[[[-2.1247889634945425, 2.4098618624682224, -1.5690445833450901, 0.30075974415715573, -3.2165872303434764, 1.314926110322022, -0.5893841966646676, -1.2380516680325626, 0.7108466771495503, 2.067261173802702, 1.1256173575051573, 2.806637549975929, 2.123431701674355, -3.3339473743572885]]], [[[2.1029664268556565, 1.8470465938621992, -1.421277841753381], [0.032490138706104066, -0.8823167420194493, 2.630329098392181]], [[-2.4718090016827796, 1.0802306182096004, -0.715894300618904], [-1.1140359545409177, 2.5388694730870958, 1.9018646633409348]], [[-2.3721521009937865, -1.7231120099492914, -2.054271860083551], [0.20965850259413193, -2.6508641715102867, -0.933098074692253]]]], [[[[1.5871173950136588, 2.30030851492735, 0.6754084159102368, 1.885281961953272, -2.609226723338414, 2.665159665761248, 0.16337994033890005, -1.304981055369383, 0.5390197631566087, 0.6151519495631552, 0.5982245518916319, 0.6760244006025177, -3.0834165768403614, -0.21052414564558092]]], [[[-3.2070996933135, 0.5592446614159977, 2.5451135717141042], [1.1332014491057978, -1.6221408055456064, 2.2322573456290673]], [[0.2937182685314628, 1.5408879859374771, -1.044610705738274], [1.5590072839476055, -1.3671142678055739, 0.18937461929567917]], [[0.12841373247512525, 0.8115989849932298, 2.5175401511725752], [-1.2313052586807456, -1.122191161461035, -1.7884421916954936]]]], [[[[-0.8272573047703159, -1.1744452032187602, 0.7998422088370768, -0.8466916324139134, -0.4164151576637299, -2.7697464374483127, 0.9253326536911957, -2.0325119468158626, 1.2571851138231123, 0.2256800918983752, -2.7675809322943667, 1.1590621569973782, 3.0893242448253204, 2.4462435334735915]]], [[[-0.7665328860475187, 3.5660829627225277, 2.3714950224229367], [-1.2261201072546026, -2.3679449671219097, -2.93236609515536]], [[2.2222022682140543, 1.2796927129444167, -1.4068897665414672], [-2.358303121476136, 2.077877014067877, -2.039129011794792]], [[-2.2632246079242693, 2.58243370588595, -0.28473584799710805], [2.9506058831008333, -1.0675525183183017, -0.4407167070993254]]]], [[[[-1.096383194977059, -1.1946503215751387, 1.5332424755906582, -0.40866371329067985, 0.03974857906625849, 2.802086339116701, 2.451510822065738, 0.5154409187664873, 0.6949505096636286, 2.354627204283308, -1.92845884799733, 2.166876591543095, -2.0827821040406174, 1.1851306626523572]]], [[[1.7472169206490413, -1.5171486733431954, -0.3120372848359479], [0.21653864870967462, 1.45173940759402, -0.6714392618330502]], [[0.8032570747812924, -1.000819330019448, 0.4301975274218202], [1.6062422858832448, 3.0360798208378794, 1.976074402507959]], [[-0.48188064452089807, -1.7936913248045914, 2.6672145447609834], [-2.68889275149377, 0.9519582238525974, 1.7930789295341256]]]], [[[[2.3932185951263074, -2.3552693169622914, -0.18122942096197509, 1.657479752329729, 2.5797236166633786, -2.7535993919122648, -2.818841673820874, 2.0673847785485995, -1.4613839124361587, 1.6246913933684488, 1.7390533002885307, -0.3364548087108689, -1.1974579740028302, 1.6308839787652911]]], [[[0.17730774446160028, 2.404701559043504, -0.5057379855170261], [0.7553863198367, -1.3878627477352925, 2.807892168850721]], [[-0.4879611827348152, -1.5787916092388998, 2.5977353608272393], [1.2620961994531963, -1.6392464635712753, 1.7808883025865097]], [[-2.328246927747696, -1.2849996751006592, 1.4257375480123455], [-1.517702273997672, -3.6064175017786777, 1.707498285136567]]]], [[[[1.9087137189208865, -0.7866715787427194, -3.1027686313093907, 2.185667238841312, 2.8929419648450305, -0.35734895896735197, -1.457845807544967, -0.3367908350256411, 2.6051161733186485, 0.9020460349224046, -0.893224224517839, -1.9042940723616963, -1.287626445866703, -1.8693866750083834]]], [[[-0.31070897097056105, -1.1600511426055269, 1.4692269403790013], [1.2968759939308694, 1.8881400622863653, 2.692893565468542]], [[-2.24699620429186, 2.1553418763767995, -2.900571818371663], [-0.644610380687057, 2.8125881080361985, -2.6692165999427617]], [[-2.3296349290433227, -2.151435287597074, 2.69293054917582], [1.919394609532423, -0.33113630942560185, 0.39289220020763427]]]], [[[[1.9226505583486588, -2.018655806371865, -1.6210892899836322, -0.7829239413765074, -1.6750234975787504, -2.9696362294131857, 1.9912237136612765, -2.2376902406205375, 2.760585057546045, 0.4697125792950435, 1.7197926889879542, -0.16754773164189618, 1.6747310054282092, 2.4958018481011512]]], [[[-2.8436202527289876, -1.769652099543133, -1.2415138967247201], [-1.223288769719195, -0.7300141126118135, -2.550612878370498]], [[2.539140669725863, 2.77839437879523, -1.9232527596998754], [0.9919807629244306, 1.9297074260130374, 