{"noise_params": [0.0, 0.05, 0.1, 0.15000000000000002, 0.2, 0.25, 0.30000000000000004, 0.35000000000000003, 0.4, 0.45, 0.5, 0.55, 0.6000000000000001, 0.65, 0.7000000000000001, 0.75, 0.8, 0.8500000000000001, 0.9, 0.9500000000000001, 1.0], "max_scores": [7.994634347761485, 7.159386738397571, 6.668197396259987, 5.88887425823204, 5.030156849276694, 4.835608342675487, 4.143144526952927, 3.6930731373143177, 3.487221857643188, 3.916367918696544, 2.9489436898028947, 2.9162355853906945, 3.9700138971696863, 3.7212388791140416, 3.7171074871199474, 3.4676817274010268, 3.786559899522183, 3.9562433865738447, 3.798505254197475, 3.8385248298546726, 3.999044630511869], "opt_settings": [[[[[0.1734600772935943, -0.8490162136178299, -0.8750218241640857, 1.2162925264831732, 1.0854486753063635, -0.6381305836923737, -1.1954923874111927, -2.9068678979296942, 1.7297928171442445, 1.2106299701623775, -2.9384585645650367, -0.4228180505413021, -0.6941915903233735, 0.677010478015001]]], [[[-2.61747376805037, 2.070357978728643, -2.1757122518605083], [-0.10038407938253453, 1.6767496382442373, 1.3851563228539296]], [[-0.04434528192321464, 0.13515794555704733, 0.5084128723798709], [-0.7600424754510219, 1.5553164507953543, 2.9208505718129407]], [[-1.9825825365004117, -0.0676946776705848, -0.7115210478600602], [-0.9436243409117309, 1.7816483364450681, 0.32225893366737696]]]], [[[[-3.22479189321841, 0.02322877399691818, -0.37454406719863964, 0.5195843978640969, 2.9802934446863167, 3.2931866647549675, -2.378054996093824, -1.4654846775841281, 2.840392271162383, 1.1794341999375055, 0.13345825551085977, 0.5838777703964667, -3.6341872421468446, 2.872353204654834]]], [[[-0.07049625929292966, -1.6150264000611694, -1.5100210517974355], [-1.5128830023679634, 0.002062302088089917, 0.4251207823067462]], [[-2.89474334570401, 0.0915624737247649, 2.7479184494475124], [0.16855285261378328, -1.6405343674920936, -1.7165947472789647]], [[0.2273880883626411, -3.5551718424171046, 2.063996677813397], [2.2845836122010983, 1.750274645436048, 1.5767937125647613]]]], [[[[-1.4612051849667123, 2.9338559342897854, 0.3119650078245702, 0.5322002542192888, -1.4605526654450791, -0.273773723208566, -2.921853328363282, -0.8057728185547773, -1.668407177210627, -3.4197420632978774, 2.7844657391492587, -3.486003253715504, 0.30707348223014663, -0.7247911532362344]]], [[[-0.8008268282969905, -2.800254083779565, 2.243295252570282], [1.3969342224662433, -0.36448010660841507, 1.0310587234125155]], [[0.5353060441019933, 1.2028910735070486, -2.6561718146809463], [0.5301837441033554, 1.4285990590474718, 0.5854049290391123]], [[-0.6451406329847815, -0.5240129222034449, 2.4780111109568512], [-1.9339320758528917, 1.451972322412919, -0.10908087887474331]]]], [[[[2.945359777294668, -0.5817430882626378, 1.8876830950843988, -2.327367448190557, 0.015274674619509244, -0.6128659590141243, -1.9593642929199067, 1.9720833435851512, 3.198598447286563, 1.103132272988538, -3.027858740880293, 3.06463223350967, -0.5989259820687051, 0.1893903076410331]]], [[[-3.3039448683366746, 1.3404302182292571, 2.0027173358397903], [0.9648499313268405, 0.3122178770316252, 2.9564150199772703]], [[-3.0962922194288227, 0.39638213755551, 0.8523716373721517], [0.1722717045425852, -1.6240523526610393, 2.470781425504918]], [[-3.059368540388661, 1.389005421057554, -2.8905189528604733], [2.047833076008543, 2.0516744377260463, -1.1261273385281414]]]], [[[[0.40798465735909895, 3.0906299427691795, 1.9035765543406427, -1.487712832444728, 1.5840960621912603, 1.8696569052423047, -2.8898186238688903, -0.9303478344065734, 0.18884527259681672, 0.36238380877170123, -2.4948128760696906, -0.6993637440975842, -3.449304389279444, -1.4183709112802647]]], [[[-2.209527175312975, 2.8046541513828296, -2.3972995840730538], [-0.978172642269482, -2.9753704572729953, -1.1369707506342874]], [[1.4792242324028952, 0.03856301261822117, -0.2087947476014857], [0.10850557596497476, -3.5216419465044586, -0.1487219838664311]], [[-1.570896632088549, 2.8491126083094147, 2.5017910752879065], [1.992728863726949, 1.7678346784298271, -0.4826913192681146]]]], [[[[-1.6159434056552244, -1.1184418442975332, -2.450875187914594, -1.0384415750109517, -1.0785050340058373, 1.7455538804508448, 0.9739784706596488, 2.8081878350419536, -1.218539689297865, -1.1357083307098432, -0.8095815900113982, 0.23066048474510079, 0.18012397816591724, -3.1423526456282325]]], [[[-2.054233510278144, -2.740784190180423, -2.083081946059983], [-1.9056114135808644, 1.876446258613179, 0.7725543947308284]], [[-0.9217472102151909, -2.4233757268303684, 0.43062324543381303], [-1.824046180697969, -1.2423429185521666, 1.2004688599697984]], [[2.0358298891150755, 1.019972262446056, -1.7011696986371767], [1.0579517308429642, -2.970317120940202, 1.3884385752468669]]]], [[[[0.7584278698438355, -2.2616710317179303, -0.0002984913862842664, -1.5801002515578761, -1.402398508527705, 2.783958718222181, 0.542048613357282, -1.841268788891946, -1.0448929166739769, 2.315882189159257, 2.391340571855323, 0.04884775043927375, -2.5344173756154036, -0.9709566480456254]]], [[[1.062481457925969, 0.5380168278889955, 2.3772188112643198], [-2.410482000920025, 2.0400079185901383, -1.1515639150297101]], [[-2.5417840842812276, -1.8804854275863574, -1.746591590091637], [-1.024041899437652, -1.997373668869916, -0.6749024412014086]], [[1.4481539403163128, 0.9703125702380202, 1.95445405539403], [0.800244573912108, -1.914632949840797, -0.43103491991546683]]]], [[[[-1.4215033161183788, 0.1965743657767075, -2.5399880254927094, 0.5982874410349945, 0.4899584119704856, -1.5655697872407692, 1.0184384365511023, 1.5135890025863845, 2.2621783428326725, 2.772243603906922, 2.275322598181378, -1.8997075124267475, -1.0023031426894502, 1.0705379986395835]]], [[[2.0780724743799794, -0.12787838673950472, -0.5433644591901086], [-0.6804257235694811, 2.0001188894796114, 2.9655324144673205]], [[-0.46427265479001667, -0.2820906241856816, -2.6235978290304454], [1.3234587643663662, 0.2993290405887337, 2.634267372557357]], [[-2.139980785362303, 1.4588077597304316, 2.4804817766452], [1.331250049515264, 1.8434816900276514, -1.7670707701622645]]]], [[[[1.9796731930677351, -1.1315038352939093, 2.4693550486750877, -0.6528019156467583, 3.034446264624914, -2.1525641146787877, -2.627548314460659, 0.5060251296204837, -2.967865170042974, -1.6044422083037353, 0.9937933470175806, 2.378324259964254, 3.2857211156378074, 2.5871156985173287]]], [[[-1.4203328315932355, -0.566130323103884, 1.6449093211294112], [1.7304252743134563, -1.3941469509277353, 1.1435596338636653]], [[1.0977063378333096, -0.6916221266206959, -0.9089815678037532], [-2.8719459263837965, 2.5865996999879344, 2.5594242148801385]], [[-1.0142606897589095, -3.062857843012802, -2.1703729077949094], [-0.24109309136967044, -2.0660919634894745, -1.4532212857474063]]]], [[[[0.02800776052215881, 1.3856416637388622, -0.6314376380201413, 0.4504603433562769, -2.470877309024776, 0.3100785569473867, 1.7356669958153976, 1.895004757725953, 2.771358059350436, -0.5664135935173458, -2.1094048984018823, -3.1223370347709496, -2.6868785417022667, 1.8456406824194185]]], [[[-0.8540452903281154, 2.90721208270396, -0.8895364069698259], [-1.710089898734318, -0.04454220276524069, -1.1059293657717029]], [[-0.45912895170516477, 2.673276929366226, -0.38124544862905285], [0.7076772022503086, -2.032425429764511, -2.128634162609722]], [[3.0045798547714972, 2.8580122420619016, 1.8637964114998562], [1.3140644330653968, -0.3346222970154186, 1.9596683649401268]]]], [[[[2.307913897762139, -0.30365576381237774, -0.3332146369231248, 0.4348518425970225, 0.4962637330224329, -0.7328456743588665, -2.8920796054849958, 3.1342149031910544, 2.808469576700363, -1.380608142530013, -2.5150805256497133, -1.1881806575643026, 2.102400186186883, -0.7141783756512085]]], [[[1.4725069567044806, -1.609120387044765, -1.204898292774941], [-2.2530971385646392, 1.7863541561423906, -1.1980094348326895]], [[-1.4737896301612792, 1.4472019120891138, 2.148392873973375], [2.1462637525433363, 2.272514707200075, 