{"noise_params": [0.0, 0.05, 0.1, 0.15000000000000002, 0.2, 0.25, 0.30000000000000004, 0.35000000000000003, 0.4, 0.45, 0.5, 0.55, 0.6000000000000001, 0.65, 0.7000000000000001, 0.75, 0.8, 0.8500000000000001, 0.9, 0.9500000000000001, 1.0], "max_scores": [7.999411383416602, 7.262717462701031, 6.374046906334325, 6.060593891451043, 5.556673781026774, 4.734300450839251, 4.1338234829782055, 3.8122538353893196, 3.781184779926898, 3.6048287463210493, 3.972692313702189, 3.641242324697351, 3.9715329282297978, 3.614086122394098, 3.860715154516387, 3.7631669301551027, 3.6757410542836073, 3.8166712969168164, 3.8018678885420165, 3.8986926523996646, 3.999999956260306], "opt_settings": [[[[[-1.6779746937608078, 2.084430840285928, -0.8856384432921329, 0.24672408495078638, -0.26359050573085296, -1.4435903030708646, 0.7877626641560136, -0.5897202013091516, 0.2022779138513726, -0.6254294493578981, -0.14738047924503428, -0.34834795025031773, -2.2692093574373513, -1.4790159464476775]]], [[[-0.42924439500297734, -1.4203005599479763, 2.7161726389197174], [-2.4814422230504274, -0.4709937365851618, -1.2434841325396069]], [[-0.3300163730824637, 1.3439912573474257, -2.321771867708508], [2.1494146104636696, -2.8446683637185743, 0.15713054202431512]], [[0.9640744697335237, -1.5660788793867984, 1.6015079354794421], [-0.6180035025567683, 0.07695456471892789, 2.6237424989376255]]]], [[[[-2.076316963283945, -2.9790062609776524, 0.4366214991100916, 3.1096062173266326, -0.18850939572719497, 1.8387006947728834, 2.7225614916928595, 2.2211374771898114, -3.477833624250799, -2.7798739077457046, 1.1027120786689864, -3.29319400789345, 2.431639326153093, 1.4352933995716295]]], [[[-1.8603140180024307, -0.8060185208142187, 2.310051945530221], [0.46201385767604114, 2.157074560190238, -2.6330650859149785]], [[-2.4849139826640902, 2.0325948608586675, -1.0742860840126909], [2.699188344843339, -2.3205733034014924, -1.2353121915780167]], [[1.1536858414890565, -1.8179798344067601, -1.7384297428017548], [3.1688238106255247, 0.4436376788799473, -3.1329017979734664]]]], [[[[1.5768881814385312, 1.643552722816067, 0.4441066447748416, -3.468526147452662, -0.2708237100675216, 1.1587765941036774, 1.5121890095459813, 0.13406779146660872, 0.22209467649323203, -1.139632714251939, 0.8575043813851849, 2.0915312145185667, 1.9865186577183802, 1.8486161116461122]]], [[[0.43759359335653486, 1.506564468433596, -1.0685182200799268], [1.5444830989029146, 3.078057944293385, -0.40684751897730514]], [[0.9692157777094679, -1.2958559166605557, 1.0865970144115709], [1.2916264423234627, 0.36726436547636243, -2.1268362770393487]], [[-0.0785394512990566, 1.4644848485308972, -2.009896328558363], [-0.726655725829101, -3.296534258658575, -0.26239195495833467]]]], [[[[0.03451305301693526, 0.38885724016312206, -2.1069581861962505, 2.0498390190952707, -1.0516563279544897, 0.7043473927345134, 1.894920494412842, -1.7142847036707676, -0.6512109937497419, -0.694639392066179, 0.0834011720261175, 2.9552691690286617, -0.06656218666752287, -1.680124044640508]]], [[[-1.287860922431443, 1.2246844502098035, -0.5286672299633426], [-0.21062792613524484, 1.7568633596855485, -0.6812988706992837]], [[0.6671529613452936, -2.026975131706866, -2.1983288242347148], [2.574896237872029, -1.9871264181512363, -0.9726125747922865]], [[-0.5410707395173286, 2.5555523556741027, -1.4398849396655158], [2.386419802312742, 2.246748097961501, -2.913157177955471]]]], [[[[1.4888627149470262, 1.9586301061529594, 0.8050518125735652, -0.2693851038031777, 1.9947285415719975, 1.6662257347481142, -1.965147037748815, 3.2208236601740077, 1.2710717221619177, 1.9247756689415219, 1.2024773582389525, -2.4473423781653305, 3.313069853658588, 2.558352329043261]]], [[[1.8904386740988919, 1.6938658158891902, -2.685032712829962], [3.4057717685677686, -1.4530623910439333, 2.199403888642683]], [[0.20247775619053526, -1.7829578034511737, -0.47668112011417874], [1.7542136142126294, 1.786811473536727, -0.043102031507670044]], [[3.004170136926295, -2.369834619418472, -2.336799943076125], [0.44312560026684955, 0.8343504800088639, -0.31342535904468516]]]], [[[[0.8596186953166917, 2.881526813253713, 0.45488666801541194, -0.025074016942546695, 0.1128237801414946, 1.7012041513706146, 0.5855224180307927, 1.098297925634553, 2.070616830539576, 1.4099268522692148, 2.798828586433793, 0.3079134401893159, -1.180634584275543, -1.0839033785761718]]], [[[1.9725427281043675, -3.163960211439511, 1.3616872182705384], [-1.4725655696390931, -1.1190102981403187, -0.14713788883877046]], [[-3.078979965225409, 2.8976587180371243, 1.3864275866954765], [-2.795799249473874, 2.3153135038868142, -2.9542936887417612]], [[3.3331874641879358, -1.5994594612408188, 3.0203668599794], [-0.6525590378435613, -1.4524177585558797, 1.0189272746394273]]]], [[[[0.19470418700173062, 0.0828633121590078, 1.6494281189016982, 1.778095492504162, -2.6523150875145425, -1.4075086778530943, 2.1126450723614543, 1.3818407496342349, -1.8281085057951145, 2.38723703357484, -3.0866613896444903, -0.17106566295515888, -1.3675077625243397, -0.5580417094982931]]], [[[2.586715250911439, -3.1948070371362096, 0.14850480860915782], [0.5200592249456641, 2.1885599258094093, -0.3912625829602984]], [[-2.1606745826362466, -0.18579488059703034, -3.051413672733134], [-2.908321600660767, -2.8980845641711332, 1.8956737116020843]], [[0.4000758954259474, -0.07609491857131208, -1.5296628015210465], [0.0011141569590730161, 1.5204809244634276, -1.5977286686230197]]]], [[[[-2.6321926201025954, 1.0327309367249955, 0.9206960164347924, 0.7088921748058171, -2.666517916386531, -3.460367896472129, -1.8849468466025598, -0.24111367963393618, -1.035924176246157, -3.683360257659051, -2.8061442972622213, 2.293960646615037, 1.9812390324752185, 0.10518322250469557]]], [[[3.0235133352020123, 1.010168009964221, -2.323462204273689], [0.056319464542672996, 1.7523654595982299, -0.2610416620151459]], [[1.9316806141074956, 0.830324537858331, -0.6412047978564641], [0.5085398976467249, 1.8527264482676882, -1.4389588409251175]], [[1.0822892811748894, -2.2725017149219164, -1.814818074396464], [1.1282686637008454, -1.0577486407539283, -2.7682501631961385]]]], [[[[1.6452046933135565, -0.6163633597641637, 2.0123686090893127, -2.618651821514818, 2.591205985468734, 1.963838441983078, 1.385274182836166, -1.491248418826328, 0.9805500514291203, -0.3948277614653382, 0.5549683515433864, 2.4478197532516326, -0.7618592783795233, 0.8783369226161076]]], [[[-1.9728085236511939, 1.0064451035925543, -1.1132374935898652], [-0.44617102760271804, -1.347402651946111, 1.4176019594550864]], [[0.27299011764762343, -0.7469431194188157, -0.9834952609685832], [1.8913438641911524, -0.7124306318331237, 0.32469829952613033]], [[-2.43460927544439, -0.257890866207153, 0.32598162701899547], [-3.0274368369355655, -1.3572174873588683, -2.6069185490355498]]]], [[[[-2.3647766255994482, -2.3831588403954145, 1.7088466828961728, -0.03559971935955397, -1.6845547129703016, -1.7460248288404285, -0.7908809491677938, -1.0972622897706603, 0.6922299820091943, -0.6850217468806193, 3.2242736406604857, -2.2653656344570923, -0.5481903719465986, 0.3802556403405108]]], [[[2.6272189275637547, -1.7326923338106555, -2.300996656875049], [-1.468581916535991, -0.5949748919117435, -1.5765308711734087]], [[-1.6434361779243165, 0.7073745676124696, -2.8800402483592156], [-2.5544256384601525, 0.40723384583444366, -0.3196917022645773]], [[-0.16514974587353348, 2.3272637660495366, 0.40203141181622737], [-1.1952256680496367, -2.183501432198353, 0.6817827352975039]]]], [[[[1.9965190144736304, -2.190016737132703, -1.7093567898248347, 2.5639578851813045, 2.3627378020544008, -0.4360253749005972, -3.563532277148751, 1.1179800343231252, -1.9311130343228429, -3.437049979736204, 1.2450414155985068, 2.048210624259977, 1.1056264458858536, -2.647232628588835]]], [[[-0.12388923513738426, 2.8607255817965975, -1.802435998707375], [-1.879165990146538, 1.2409202344917372, 0.7155162443854991]], [[-1.8303017318626924, 0.09566870582159603, 0.19471779763686486], [-2.538703243138468,