{"noise_params": [0.0, 0.05, 0.1, 0.15000000000000002, 0.2, 0.25, 0.30000000000000004, 0.35000000000000003, 0.4, 0.45, 0.5, 0.55, 0.6000000000000001, 0.65, 0.7000000000000001, 0.75, 0.8, 0.8500000000000001, 0.9, 0.9500000000000001, 1.0], "max_scores": [22.627416997969526, 20.4212438406675, 5.632310903023587, 16.348308781032983, 14.48154687870049, 12.727922061357848, 11.08743432900507, 4.019737500427612, 8.14587011926222, 6.844793641883043, 3.999898070007778, 3.977797847286694, 3.995941193902032, 4.030576002442164, 4.102382906015811, 4.249696596750876, 4.518146677484092, 4.960354719830994, 5.635375262590801, 6.6213491032471685, 7.999999999999996], "opt_settings": [[[[[]]], [[[0.9964598002013705, -1.9291515737054605, -2.985399513774062], [-2.668659360004121, -1.4818644062659885, -1.7940643925423365]], [[2.5617700415657545, -1.8813334471731566, -0.7103130726085043], [0.6108926902515519, 0.689250357740446, -2.832181743158964]], [[-1.5675334986979896, -1.7742483335960468, -2.2831723224448712], [-0.22299538728746932, -1.3789506840776071, -0.9662329994602064]], [[1.1509056632018464, -2.250698044217669, -1.640066300675853], [-2.873388538760985, -1.1995668680233953, -2.7418046961107656]]]], [[[[]]], [[[0.3665818609397649, 1.0148339229290957, 2.9221090501845106], [-1.8502910493542815, -0.8454633496603471, 2.684452131041855]], [[1.1470244206371967, 1.1650088276622814, 0.28210169042306843], [-1.748388184228583, 2.9931874417057878, 2.0064105405677726]], [[1.7187723718371517, 1.2255007475420674, -0.9738422166180793], [-1.6156807897699779, -2.9315245153529865, -0.6181501372737994]], [[1.019640648016019, 2.4486961562995577, -2.6918053579806247], [2.625890477372407, 2.0506486095713, 2.7426584355580568]]]], [[[[]]], [[[-1.4163790093047077, -3.1407039800045955, 1.77843004725636], [2.0883161289642045, -2.741222504173481, -2.1878943107995705]], [[1.615611496583848, -0.9210372619277739, -1.1026634816281478], [-2.235788128301989, -0.08461737025720983, -0.44650788816545983]], [[-0.2822795209274107, 0.3894933906992026, -0.649906111316628], [2.115025013279196, 0.23786924518885966, 0.3583406200082364]], [[-2.2851414280662063, -3.064923742513651, 1.4046364259359665], [0.4879523760899336, -0.8588585655453123, -1.1774870293054298]]]], [[[[]]], [[[-3.102253190194456, 1.0812316196169927, -2.1854474456681134], [1.0911899909382548, 1.5188707536073318, -1.4551150300419546]], [[1.7188957423674858, 1.5738184961828225, 3.0080730856037405], [-0.02153721723863437, 1.8313412680476675, 0.6303331295246002]], [[0.6978867950232852, 1.457468276486077, 0.8593449785593066], [1.9807469819263679, -1.962475425712848, -0.048535264730717585]], [[-2.791385094114395, 1.5378988738832216, -1.6494554829323373], [2.0486031535705704, 1.7831715510250141, -2.5013047775834085]]]], [[[[]]], [[[-1.4398202363719064, 1.796958122567921, 0.15240469775927687], [-2.3485187384177046, -1.5725469389465843, -0.7719792825629361]], [[-2.0340985916907925, 1.478039682990397, -0.3376976966085343], [3.2314552044724723, -1.5765572331468092, -0.17275588746475504]], [[1.1719924248835265, -1.587923177175922, -0.216161174245181], [2.0738187451540915, -1.1990361226808626, 1.57109395710539]], [[3.020859069008131, 1.5343300951213354, 2.0820314694019224], [0.8823700869066194, -1.6159124142409431, 2.2432720878848293]]]], [[[[]]], [[[1.2170925151109533, 1.0382885327653972, -1.7275793778605772], [-2.232611901963588, -1.3356166350231349, -1.3189346317497603]], [[1.7610481688473443, 2.016605875811984, -1.8507282518039978], [1.8766914049041863, 1.8425097324771804, -0.7564726093708267]], [[-0.4031334654219457, 1.2071549680708655, -0.004311640146048543], [-3.0661277782363503, -1.553545420522392, 2.0253727060076185]], [[0.5427828871422146, -1.2841059842180773, 0.883691404857772], [0.3547826509372137, -2.842105904315439, 1.906946142035519]]]], [[[[]]], [[[-2.2492234901513775, -1.4652194521379325, 1.189686735206652], [2.542176126625815, 1.4552987754012947, -0.3650215880006562]], [[-0.03500165878724591, -1.5853698207017144, 1.7540463499019934], [-1.6890717367634138, 1.4887273189003738, -1.9595307669515531]], [[-2.915166994311977, -4.479024884951987, 2.2287570181134804], [1.6483384921531594, -1.5712755163775944, 1.0629975922419987]], [[-0.2625068788383889, -1.6771686826684302, -2.834168152791241], [1.394450566492426, -1.6519099034891633, -1.7129887795391694]]]], [[[[]]], [[[-0.7355921357667773, 2.8485983210599746, 1.1204180696987196], [0.43177074097940854, -0.9874211406197331, -2.466773137144144]], [[2.1582891135136193, 2.3758767041299893, 0.8306142411105877], [-0.7020048467117365, 0.5631604095613973, -2.1052061105728965]], [[1.8672271661272524, 1.9526566788832485, 0.8067704758498495], [1.5534039586582897, -2.753034787271871, 2.9139471342755376]], [[1.863241780094883, 0.19798890577413594, 0.44319486596257285], [-1.445522938268952, 2.35070751613825, 1.3457508233113877]]]], [[[[]]], [[[0.9195446140212926, -1.8086063174870073, -3.0099134000718455], [0.10856166725257338, -0.4102800356058838, 1.9869689990352954]], [[-2.4586842417020804, -3.681401049803905, 1.367202311017988], [0.16330254865095387, -1.2187657260405502, -1.9586586623720277]], [[0.7267058169893337, -2.4119581600733997, -1.9874768119792936], [-0.38165530588058116, -1.223521680004922, 2.549748073792596]], [[-1.3323934058486067, -1.3493037716095342, 0.9355742539521499], [-2.4053195676320223, -0.8047790018619339, -2.921242748816523]]]], [[[[]]], [[[2.335925380106867, 1.3988024113227728, -0.6771455671891764], [0.9775931338789262, 1.498467172251366, 1.9123849390992351]], [[-0.9564905441198885, 1.7916749253735456, 2.5099476429174494], [-2.5071938155055715, 1.451881477527898, -2.1691786613202346]], [[0.03366802303225206, -1.8278240775434051, 1.519594662023282], [1.7878189305686072, 1.5229455840734585, -0.10344969305893455]], [[-2.52134480707921, 1.6500831491578547, -1.5298268546025076], [2.411410421645872, 1.411780435778299, 1.4655660246998696]]]], [[[[]]], [[[-0.2506862066419105, 0.006153569564202986, 0.9544931941857051], [-2.996673234322437, -2.933521324744541, -1.0628184579650277]], [[-1.3660831525049246, -3.053977755354165, -2.6758192735145125], [2.4386249943213447, 1.2460868480209024, -1.4783568822239794]], [[-1.0249895339723032, -0.6351191319507298, -2.31300204639763], [1.450968916679018, 0.023348397813512767, 2.9620346425122426]], [[-1.4854416659609138, -0.3669013112052346, -1.716716968277713], [-2.0805368486277307, 3.0600184634990355, 0.8678879387742002]]]], [[[[]]], [[[-2.6592569786804927, -1.6576939956809227, 2.7717691170807566], [-0.40941483231305553, 0.9008368605925964, 0.0444173946373212]], [[-3.0243734868853696, -2.791426398245298, -2.384403951248391], [0.5233266028830493, -1.8531318310565332, 1.2150019173088147]], [[-2.7734169270712457, -0.001095194613601476, 1.2209835923575287], [-0.09410548361187263, 1.7848340394131956, -2.5825415771051157]], [[-2.8621122666061116, -2.53416127806295, 3.1143315375513154], [2.6771531107964024, -2.092699748752018, -1.2724352414411724]]]], [[[[]]], [[[-1.8022189092173069, -1.0382600870723548, 1.6158877898579318], [2.0713760195211157, 0.725775283759527, 1.6805054011609846]], [[-0.039137327608086324, -1.9039855463081157, -0.92948959684426], [0.2527573652005944, 0.5211534550602636, 0.7479329625737967]], [[-1.5596657988595408, -1.1501100413992016, 1.0792024071023505], [2.730251701464149, -2.9951161125295376, 1.951018956816566]], [[0.30461468746360243, -0.537085104022021, 2.077674779175827], [-1.8441494000204495, -0.4825921477452232, 0.593429315467279]]]], [[[[]]], [[[-0.2278521274841286, -1.3673737291134056, -2.0639606680095115], [-2.0941014101262807, 1.8839831199644563, -3.130414629551372]], [[-0.3791645563813293, -2.4714442608985485, 0.761232374941704], [-0.5938686686044923, 2.031663605616728, -2.896663283322725]], [[2.576070921532872, -2.580916562936505, -2.742613036984474], [1.2589186413743165, -0.9801171050403604, -2.5577346104715097]], [[1.0652379383897321, 1.3687414926663612, -2.5909751549606237], [1.250214040199364, 2.4597315811605864, 