{"noise_params": [0.0, 0.05, 0.1, 0.15000000000000002, 0.2, 0.25, 0.30000000000000004, 0.35000000000000003, 0.4, 0.45, 0.5, 0.55, 0.6000000000000001, 0.65, 0.7000000000000001, 0.75, 0.8, 0.8500000000000001, 0.9, 0.9500000000000001, 1.0], "max_scores": [8.0, 7.407563702054814, 6.830519745963698, 6.269290230959164, 5.724334021915004, 5.196152422706302, 4.685296148536114, 2.0891069799119393, 3.718063688420937, 3.2631216729575, 1.9971756854041667, 2.001957686475395, 2.0177346756855976, 2.056652720281253, 1.8318237158390165, 2.2473895039820344, 2.429339419456112, 2.6811435641746644, 3.0239999810909453, 3.4577992867846152, 3.999999769731672], "opt_settings": [[[[[]]], [[[-1.1408396170624806, 1.61719706780479, 0.9401013168120542], [0.6969316874124203, 1.288610939274974, 2.566389433602575]], [[-0.2623242667535982, -2.0217844828453595, 1.1138542593731815], [-1.3564796503072076, 1.4616854686738747, 2.884978708274849]], [[-0.5108298026555995, 1.4672584980532777, 2.9651552556515695], [0.8978263930736657, 1.9964227375843817, -3.026754671794196]]]], [[[[]]], [[[-2.4057270320185826, 1.423644491557973, -0.8807996695342588], [2.464696859066333, -1.55328072014786, 1.284659319694101]], [[-2.027319095619032, -1.3708663284247078, -2.1780516749873082], [-0.7542202096644891, -1.608427173320127, 0.689574426481856]], [[-0.19348380683304553, -1.7786908926986187, 0.18537665927728234], [1.3541043308920429, -1.5438946331364627, 1.4007701210220258]]]], [[[[]]], [[[-0.10286870118537486, -1.5828747931294265, 2.812544973426803], [-1.3702219927211603, 1.429685620214666, -1.4462931919857507]], [[1.3320293890797825, -1.6198587350896703, 2.2265677704339932], [-0.021632804171960437, 1.327017467784361, 3.1270473081051255]], [[3.090412388446721, -1.6202252420816698, 2.220889094167208], [1.8169816481444174, 1.5571524884227859, -1.8305853915332497]]]], [[[[]]], [[[-0.966238858939827, -1.518514535132104, -0.4351777491632345], [3.3949926473565433, 1.8447806823561932, 1.9501383058121915]], [[-2.691928251657525, -1.7178577009454314, -2.193589958737029], [2.0288340685381776, 1.4594179745048057, 0.26341433104944434]], [[-0.9872906222955672, 1.3878721738318076, 1.296664617343823], [0.7656803505234675, 1.4194779820659666, -0.24196103438600944]]]], [[[[]]], [[[-2.531860343188138, 2.979825000896014, 1.3705671783155111], [-1.2406125211054861, 1.379072171635946, -3.070736708307463]], [[1.6521041374940317, -0.7357991468619901, -2.621815961734824], [1.752263117403579, -2.5927947321476563, -0.6108086589284754]], [[2.682150439952744, -1.2932021191774614, 1.950244570766853], [0.2655151956063, -1.9484090397915412, -2.0047623444079496]]]], [[[[]]], [[[-2.8894408186752853, -1.415353969757511, -0.952950960538391], [-1.677731341945786, 1.4621474575018267, -0.012429967591315047]], [[-1.1870467429801932, 1.6691264010721107, 0.3677916194872193], [-0.10526478779686979, -1.4468844285845734, 0.47812709925741226]], [[-0.3371341663672758, 1.6184035578195735, 0.6468456855509386], [1.6314146863142198, -2.098731762966814, 2.712567156029184]]]], [[[[]]], [[[-2.218390820581303, -1.5315525292900327, -3.060017757546021], [-2.67227646489962, 1.406004937816975, -2.8219498703874892]], [[2.232468147792493, -1.5910169064330375, 1.3274154264049516], [1.6252791115434742, 1.656238890258797, 0.2809469732071497]], [[0.3612228715290779, 1.6223220179077105, -2.7142944483048472], [-0.10519933767292156, -1.1838900223299451, 2.1725055360894787]]]], [[[[]]], [[[2.797962475525634, 0.8538444506875721, -2.0431138581959045], [-0.2885065660674412, -0.4770947768228679, -0.6477756094577432]], [[1.6808668617842095, -0.028230065708653586, -1.2948449603212087], [-1.3127160667584934, -2.006010271917085, 0.919532052519572]], [[-1.5196081577172917, 1.3556962362637883, 0.5740819776408932], [2.5125795823726014, 0.3089796892889673, -0.77426810593929]]]], [[[[]]], [[[0.25516271668614987, -1.9300828721608736, 2.4574259778346947], [-2.4370511701386848, 2.0861383861913128, -0.12970318524132418]], [[2.12297211897935, 2.3751629014244657, 1.599469039482731], [1.2528142247558143, -1.7200384916735594, 2.766994428375214]], [[-1.0561775997711063, -0.41114720109053626, 2.7927716513752], [1.0626964964372956, -1.4430558528486388, -2.7106581738073383]]]], [[[[]]], [[[1.411573782888169, 3.346939084239565, -1.1890303714340853], [2.248414835604643, -1.6222539312508668, 1.7649065026322361]], [[-2.1878455705224766, -1.9919955293359384, -0.7506211289013711], [-2.6766881668396345, 1.7211317140809814, 2.573232747243548]], [[3.021056803473766, 1.3898013834740834, 0.11088884755557382], [-2.679894387315691, 1.073537208882484, -0.42014318569646036]]]], [[[[]]], [[[-1.9645607787600206, -3.1122776603629396, -1.8985000736861088], [-1.6397748220891346, -0.482711407595217, -0.43873917918662864]], [[3.2794106675060086, 0.47711224448827483, 0.18265825201354824], [0.7833446963863774, -0.29143371034812093, -1.069525607034485]], [[-0.6955896409630192, -2.4649657390657405, -1.1585915984938373], [-1.551150880955251, 3.066532349161659, -2.0743810501834057]]]], [[[[]]], [[[-0.23742211000668767, -1.4239527934428622, -2.9344766750503766], [-1.905361216482493, -2.897793788563681, 1.0185042017028252]], [[0.8446124158294267, 0.26583052689668185, -0.9024879186961692], [0.9779574693915248, -0.37962364501524826, 2.529913232537675]], [[0.6638666898168153, -3.2025153705655516, 0.7258066179256843], [-0.6259553008030836, -0.03972763649336772, -1.009954887568711]]]], [[[[]]], [[[-1.467094797403398, 2.4545589375165164, 2.2643837957716846], [-1.0142979720257792, 0.6639180894514699, -1.6055636969198859]], [[1.1647263569181532, 0.4108529684530829, -1.066222845124885], [-3.180493720190359, 2.1857791592827294, 1.500688743130623]], [[-1.5732865247336505, -0.49496260713601403, 0.3465281245287253], [1.559795383793162, -1.7182728219701855, 2.786929647418882]]]], [[[[]]], [[[2.829707959011306, -2.855799552160502, -0.43229971650083066], [1.257416047876628, -2.325050892341636, 1.2227266443022184]], [[0.20125983232650654, 0.8484743365114449, -1.3893622730839343], [-1.028379490028223, 2.8428961881891652, -2.3239654158415846]], [[-2.1484296459522763, 0.8228840583039335, 2.09348498824969], [-2.911277330456524, 2.811649704800411, 3.049290811702793]]]], [[[[]]], [[[-2.6349095481509663, 1.5742773939132324, 0.8181252595144528], [-0.9845786827676271, 2.419362883132456, -1.922001013713982]], [[-0.6935440732893057, 2.4821311551812575, 0.08851525987924494], [1.8006520660569993, 1.6980672786812323, -2.6307332222942375]], [[-2.217349589454062, 1.2573265977210393, -1.9890333040806267], [-0.3469138125500787, 1.7740165240429073, -1.1601136877001925]]]], [[[[]]], [[[0.7558526887936802, 0.8264836460375949, -2.0539008184715044], [0.6602393666410014, -0.3209154070319333, 2.2162744250714477]], [[0.6990123692490279, 1.3100695369244515, 1.7383300968209383], [-3.008652592883171, 0.1781123987863303, -1.21434457725136]], [[-1.5069506269944337, 0.2834217905136216, 0.45524984132671253], [1.6025903249899989, 2.7967963980820194, 1.8747995747520623]]]], [[[[]]], [[[-1.103292533661335, -0.21442929574015399, 2.522391002343568], [0.17770468152820018, 2.651999853878512, -2.8388407269273546]], [[-0.775351021619197, -3.1350892804979904, -2.4001132783697097], [-2.1344497481814915, 2.9805947137451207, 2.127590507892328]], [[0.8786900673672641, -2.5667420291822065, -2.5932342692057873], [1.4183135639234288, -3.105378536759936, 2.443992945376886]]]], [[[[]]], [[[-2.194743623826434, -2.4062946635949443, -2.648298319423852], [-3.066015815752984, -3.09413974002577, -1.8240246616786373]], [[2.058436769336652, 0.22937294096267813, -1.772527294219271], [-2.8999284878179306, -2.376200196367221, 0.5929689871439843]], [[-3.129656980512529, 2.4924679054753587, 2.7121482219903417], [-0.9869657289351546, -2.8989538273546493, -0.8212057859608342]]]], [[[[]]], [[[-1.0004310363505948, 1.7778162101116572, -0.701913065265054], [0.7681131396854951, -0.029277669299240416, -0.3154738820546194]], [[2.882695253726603, 3.065238903704416, -0.5727316586457318], [2.2040548553284296, 