{"noise_params": [0.0, 0.05, 0.1, 0.15000000000000002, 0.2, 0.25, 0.30000000000000004, 0.35000000000000003, 0.4, 0.45, 0.5, 0.55, 0.6000000000000001, 0.65, 0.7000000000000001, 0.75, 0.8, 0.8500000000000001, 0.9, 0.9500000000000001, 1.0], "max_scores": [7.990369394914133, 6.623455985073093, 5.59013993508092, 16.34830878031165, 14.476671896402843, 4.2394806517554375, 11.087433370533448, 9.558453020557138, 8.142966195997024, 6.511178108013945, 3.995395830240929, 3.8199853681168796, 3.6392238874287104, 4.0181022965821755, 4.0982156520267585, 4.2373614514213465, 4.4786700809973805, 4.954549045865367, 5.623244221063071, 6.57616887574669, 7.999856830668259], "opt_settings": [[[[[]]], [[[-2.6882695299661434, 3.0250229423393526, -1.008652499321812], [-2.1408748568922604, -2.5225849999220227, -2.296304987412564]], [[-0.2325590233454303, -3.1388889039709507, -0.7199621104826073], [1.0154047264115327, -0.27671867341743006, -0.29413289611301036]], [[-1.9311268937761954, -2.1992862498382864, 1.3659870911284022], [-0.6930934891692585, 0.17868488291031345, 2.658458021282028]], [[-3.1073397658742805, -0.21193661392304022, -1.4966088686354329], [1.038136879553181, -0.4030378545472259, 1.7099706472002758]]]], [[[[]]], [[[-1.076743683066048, -0.27700539214919767, -0.7568871328685938], [0.2833012202145764, -0.3097707601767214, -2.65540578876419]], [[-2.8690409110020876, -1.2132478165507763, 2.1318760730278035], [-0.8476260396888202, 2.8823480658145395, -0.6414753270591329]], [[-2.9196348714947487, 0.13991662673171917, -2.852733933861144], [-1.3888352841226739, 0.4994806277346258, -0.5679788633541967]], [[-2.882281891110455, -2.805181710101584, 0.373520657867092], [-1.5653668829239442, -0.41351042330218823, 1.6992385159697054]]]], [[[[]]], [[[-2.8167731152849917, 0.5721786846578784, -2.274078357076765], [-1.3506503063246926, -1.1135928615283959, 0.2668486912753889]], [[1.7522861389767506, 0.4354499871275799, -2.0321399634555606], [-0.7872072090170797, 3.1052048232929947, 0.3892741551635108]], [[1.5727271342302565, -0.6596004079930846, 1.6502133859034718], [0.6959060046068049, -1.0134121758684949, 0.7057245995862038]], [[1.2169807629871903, -2.5043777950550417, -2.09281263784208], [0.9629171857390909, 0.060187201173399464, -0.9194835768539678]]]], [[[[]]], [[[0.6358163849026941, 1.899340037252482, -2.837205718573129], [-0.19100571027537283, 1.144442261517231, -1.1434022588833626]], [[0.8118188769464093, -1.5326326078091508, -1.6139522976656104], [-2.258905818645882, 2.157622401433531, 0.3467998300729551]], [[-2.982754022072863, 3.451116434568833, 0.5982929587934982], [-2.4219186124288594, 1.6747960243620112, -2.8787203652529403]], [[1.5380286841406725, -1.7667210651214413, -1.3442420810160949], [1.3278869419496977, 1.8196780589763633, -1.852914467754291]]]], [[[[]]], [[[-3.1772742791330386, 3.0540300417822834, -2.7769561001329763], [-0.7098057359085372, -1.999332028775617, 1.0691340095432134]], [[1.9188383182969897, 2.1845274885324133, 1.073288061905961], [-2.5294854595010436, 0.2152638877553683, -0.6815434890550871]], [[-0.3834109954676379, -2.031172259820305, 1.6563796743556143], [0.3253105428865678, -2.615263224660854, -1.4557017757194421]], [[-1.3988456324717613, 1.0907617317604879, -2.1916203533436858], [-0.08428753034551793, -3.174332236641402, 0.01787362960623097]]]], [[[[]]], [[[-2.8929001397730465, 0.262034617229474, -1.1502583543669636], [1.5668154365299014, -2.8187766349022807, -2.4715103927713056]], [[2.409118760809417, -2.867050604705267, -2.987927211807516], [-2.300128005577167, -2.9174107293289633, -0.16470478805044264]], [[2.50664134400507, 2.613421944109251, 0.9798733344672597], [0.08265094220007485, 1.0839722461146069, -0.8227183620504666]], [[1.8501059575164966, 2.56748664312804, -0.26134810637718386], [1.8843267139831057, 1.5147357063540783, 2.4835087113547862]]]], [[[[]]], [[[0.879602591776045, 1.306721170569507, 2.3868510703127344], [1.0113026977549275, 2.706414126640638, -0.04156617410281569]], [[2.1232319320027346, 1.8908567403485357, -2.550797440662566], [-1.8998698244380199, -1.5602224557123519, 0.6687953800409394]], [[2.8443146952139804, 0.8227011377424989, -0.04702853268566498], [0.28599122511845254, 1.8367587376145793, 3.126011104451731]], [[2.8521514232217697, 1.7125240215710087, -1.5617674712172553], [1.0301556170297217, 1.325919796818811, -3.0180083161084763]]]], [[[[]]], [[[-2.157572999825699, -1.4313187188646883, 2.830274343275689], [-1.6698209976240344, 1.838929641280495, -2.699850764447862]], [[-2.6731062247841066, 2.746943765913639, -2.4344996174729334], [2.645944603497088, 1.2450587444810934, 0.1856297344615352]], [[0.16049786278638803, 0.5711228021215025, -0.6845869573590906], [-3.1404153964060475, 1.1360891056292832, 1.5421320216502359]], [[2.414418315129586, -1.317778155352118, 0.030749912849470807], [-1.837353859997458, 0.07306727510540174, 1.4828165315508954]]]], [[[[]]], [[[1.302724309834764, 0.2519918945008123, -2.067954569094087], [-1.0230077920638985, -2.198012981753827, -1.6292719681743537]], [[1.283148423119781, -0.7480586342605402, 2.0782416671293653], [1.615995812209223, -1.0233318122408135, -0.6121206860909707]], [[2.591384763330494, 2.346187002345268, -0.12529840825202898], [-2.977529604529985, 2.2933422026936108, -0.6144160072184124]], [[1.8609786537738888, -1.6880242895614237, -0.46790789956899737], [-1.5617798666595781, 1.7052805124344241, -2.4639106728341265]]]], [[[[]]], [[[1.9816204764831593, 1.2237356770820964, 1.4231388197552066], [-0.9660189580839771, -2.9608471660609785, 1.7695277099378153]], [[-1.1714400277766022, -1.7491187602703167, 0.26165636775348267], [-2.5946909582240605, -1.4347262858129555, 0.883581369042945]], [[1.5763140576716537, -2.8852629129415392, 0.33575326850410336], [2.680483184308965, -1.391873835155178, -2.04142592752787]], [[-1.9577802272221516, 1.1002870354940144, -1.7462562774772556], [-1.351739674043577, -1.7694390419855088, -1.8257304876411455]]]], [[[[]]], [[[1.6487701629218436, 1.4570839598889214, 1.7345944740754717], [1.516064812853704, -2.6018788926390584, 1.0777150278122694]], [[1.2344949103238367, 2.250321417092232, 2.9680877848128118], [0.8233359384117741, 0.9670321061854232, -2.4362827546055663]], [[1.6221430833104749, -2.9919916789458734, -0.10620655981004037], [-1.1485606271581779, -0.3839056302417797, -0.42047554125030917]], [[-2.442701435996976, 0.12068602760971342, 3.09320241480427], [2.901255262298239, 3.134034369825799, -0.7963726346687969]]]], [[[[]]], [[[-2.3442144113968144, -0.9647385290329049, -1.2249068437419381], [0.6374975177809807, -1.757657305046412, 1.0708714803304806]], [[0.2999565104913459, 3.082341918653189, 0.26450978215404364], [-0.9876671822893313, -2.233584633210334, -0.7349696778910713]], [[-2.5925621486991695, -1.7372379262741031, 2.1187416864858637], [-0.06783130731090821, -2.0130791043591936, 2.5081829870386745]], [[-0.06475484220837975, 2.651252477727639, -1.2744825311099799], [1.738352656163618, -0.005081756228792152, 1.4259234208573748]]]], [[[[]]], [[[-0.6553187123490949, -1.3711994505962914, 0.8379921262260956], [0.1606457969689541, -0.1458525387420611, -0.8231767219493831]], [[-0.1817428813925876, -0.5080231409848743, -0.6826178535142602], [2.541441494447469, -2.6831335106133882, -0.7476137582921236]], [[1.2982944566231132, -1.2497313114541335, -0.4389907166194673], [2.323970743255681, -1.7618093532555843, 2.2341715088998004]], [[-2.5974129168235502, -2.4074764456392552, -2.376240373559396], [-1.0177516857948288, -1.2619357315694049, -1.246548513543438]]]], [[[[]]], [[[-0.09653971894715421, 3.1012395694734516, 0.3299692278070405], [1.0310019256112644, -2.9129587198692133, -1.4208131772164143]], [[-0.9273464521775208, 0.4020239501946149, -0.5186870107355479], [2.185785713050137, 1.6766099212680075, 0.6920258813517144]], [[0.22544869860959438, -0.5873119815246923, 0.20530504841829833], [-1.3158468812867568, 0.611580729613799, 0.07211763048675657]], [[-3.142642533236765, -2.1421838420379795, 1.2825408310331374], [2.7313985509695766, 