{"noise_params": [0.0, 0.05, 0.1, 0.15000000000000002, 0.2, 0.25, 0.30000000000000004, 0.35000000000000003, 0.4, 0.45, 0.5, 0.55, 0.6000000000000001, 0.65, 0.7000000000000001, 0.75, 0.8, 0.8500000000000001, 0.9, 0.9500000000000001, 1.0], "max_scores": [8.0, 7.407563702054813, 6.830519745963663, 6.269290230959157, 5.724334022399458, 2.0428451495912245, 4.685296148555421, 4.192374029007313, 3.71806399652213, 3.263060604442396, 2.0007458349211573, 1.998499170757892, 2.0155144614520113, 2.0573860418596164, 2.0898123116270293, 2.246669606385087, 2.4273434689137297, 2.682151398770677, 3.023668166140884, 3.4578054878241455, 3.9999999997123648], "opt_settings": [[[[[]]], [[[-1.2692343174191887, -1.3130578733803149, -1.7174397395878611], [-2.2733033587885028, 0.05401277357965608, 1.1003183385413688]], [[2.345820857552343, -1.892128224736125, -0.626321509182246], [2.6949398789156787, -2.567755329853603, -3.1123697876651457]], [[1.86446793909002, -3.732705106012574, -0.420616063562385], [2.064125287599441, 1.7240896435140367, 2.2911171742435688]]]], [[[[]]], [[[1.7762390413074307, 1.5761746627023676, 2.6014979450875924], [-2.935210385550286, 1.5751800577443171, -1.7121090004392923]], [[-3.242070551192292, 1.5808978579947452, -2.8752089526567643], [-1.683971115249642, 1.574971153822518, -2.1478523201617983]], [[-3.2412028577133944, 1.5689162243654347, -1.1208095364687063], [1.472235238425043, -1.5863391908641522, 1.644211689784214]]]], [[[[]]], [[[1.317674863042036, 1.7980096446589047, 2.4237473082242813], [-1.250768234086948, 1.7913447821142992, -1.7705538659043]], [[-2.8152980695093053, -1.5096247402562881, 2.2654156310717095], [0.5605006627597133, 3.2501137771506383, -1.748555528487753]], [[-2.1443280402363616, 1.612230964212353, -0.13319804674505467], [-1.7168119475726205, -1.918369565589098, -0.7042640895461925]]]], [[[[]]], [[[-0.7379204317514647, 0.7789403000678824, 0.6611030467654242], [-2.3490992987135937, -2.0550924757596065, 2.5037137964380864]], [[0.23581719408886376, -0.6412880154734114, 2.668455090339658], [-2.1966122373399797, 1.490346152101562, 2.1993180195458795]], [[-0.21846581205100746, 2.141110655526844, -0.04521548971722393], [1.1503838649933855, 0.9983847687242473, 0.015006171093428371]]]], [[[[]]], [[[0.9882758035601863, -1.710773308929437, -2.521694773145925], [-0.7315823166149433, -1.3860986118440868, -2.068546097427437]], [[0.6057207903031337, 1.7999410355809566, -2.1395688902647585], [-0.9478148105393204, 1.6008528848001755, 0.6801265577704596]], [[3.1563429458846515, -1.7296034369837252, 0.6368989002990006], [-1.5035086456544315, 1.4488535272231358, 2.2426979411643817]]]], [[[[]]], [[[-2.3780572266094735, 0.7016388274849957, -1.1843411848052225], [1.5581044648759785, 0.08660257933656682, 0.6426100246078157]], [[-0.6741491266508609, -3.0349856772304236, 0.8003439696389703], [1.6574970349890703, -3.094254140723566, -0.7052698650008309]], [[-1.0947153888742152, -3.121861635939498, 2.5175265605008406], [0.3514784164743269, -0.15071908880346424, 1.9293054713085231]]]], [[[[]]], [[[2.502759238313153, -0.7331212412957059, -1.2157507642006267], [-2.8372345911122805, 1.7216733661439052, -0.2427782138487968]], [[-1.2216923814494116, -1.494224941856271, -2.3712862054812414], [0.578091854118892, 1.1416689147717578, 1.1005216694831654]], [[0.842854893780934, -1.3225896171083436, -2.8072409957780837], [-1.0696120110555103, -1.2177114223313312, 2.950525009985049]]]], [[[[]]], [[[2.981813988461277, -1.803238272363996, 1.18371122914977], [-1.7551394630355919, -1.3860617199456984, -3.0942017594617415]], [[2.9066401647331523, 1.6385009031834226, 2.1917835651158875], [1.8217113634015891, -1.3018917474562426, 2.3475910184351383]], [[1.7186297682728608, -1.9004579245227315, 3.029532109049696], [0.17521566223571206, 1.7559115596070776, -2.784657658919294]]]], [[[[]]], [[[2.011050634145014, 1.9743514469475925, -2.9064752586011915], [1.2296690356552902, 1.3770103935809261, -0.116966465552073]], [[2.1069857278994566, 1.0200116486400297, 3.1381069879225265], [0.9370845344443685, 1.6301447185602038, 1.330592544968484]], [[-3.053181663462183, -1.2535101634970511, -0.6546805250571577], [1.2523995060271595, -2.23720111769466, 1.094750495971577]]]], [[[[]]], [[[-1.6547712660421015, 2.548648042354576, -1.09078624148234], [1.4115226137025432, -1.5355776035859385, 0.6187624692248987]], [[0.4857705690483848, 1.6386619040892674, 0.02883968597767782], [1.411918611272884, 1.2414391342799402, -1.8375730639168562]], [[3.4172422193395295, 2.146271665662052, 0.8000321485953292], [-2.7483133272459064, -0.8491179136395246, -2.4504410137317425]]]], [[[[]]], [[[-0.33953976863594354, 0.22328709801788066, 1.0657322206820403], [1.2680345295721662, 2.9522877750467122, -0.9143515507761908]], [[2.109919524229538, 0.0645081314590575, 0.11699855121463007], [-1.2619418516060232, 0.005104875142385979, -1.243932812013507]], [[-2.858325806138428, -0.043628947661978085, -1.1783039852207502], [2.9974648790583824, -0.11504349052645431, -1.4136392549487502]]]], [[[[]]], [[[0.8055724172172164, 0.9390571316773701, 0.24474839347979002], [-1.774075204998112, 0.6406097320054429, 1.6904273409705546]], [[1.7786827869281068, -1.9421005994827931, 0.8108103649642633], [-2.6192116442395266, -2.9475904868319773, -2.6681231475789478]], [[-2.6865453647912547, -2.5249854718023133, 0.2216201161362799], [-1.4170019158190141, 0.006017116108508474, 0.841972937450874]]]], [[[[]]], [[[0.785970819030531, 2.788019978061709, 1.2027550692877647], [3.1572663737114857, -0.40010879695141516, 0.8117630999320022]], [[1.0154452714775122, 2.699293723058875, -0.3741306023263138], [0.5151366676492952, -0.19533533444383167, -1.684252048859719]], [[1.2259866505131474, 3.028092198250332, -0.5794053186865971], [-1.3722786733574368, -1.377978401836899, 0.15298705137320132]]]], [[[[]]], [[[-2.833420416870558, 2.8955444668517383, -0.6271667820065687], [2.358160798155698, -2.3636599148769832, -0.4230663722118053]], [[-2.176809578594734, -0.28221220504569644, 1.4201352925641713], [-1.1099544647816548, -0.5670464971266342, 2.05750747745431]], [[-1.1369911455949926, 3.107999829108861, -3.0787672270547857], [1.480712666263799, -2.3381848823653955, -0.5733693282615535]]]], [[[[]]], [[[1.4259148873940923, 1.2282206797829187, -1.1008235039571344], [2.6887018162656786, -2.6858091234433292, -0.10726734968997674]], [[-2.1556607444813687, 1.9091792185678433, 3.1194834467097525], [1.3341596312274553, -2.0197039709178424, 1.1625145130356938]], [[-2.9354368807051885, 1.9371521477310014, -1.3029876581884474], [-2.3382879166767085, 1.7081371848785336, 2.0891601483969886]]]], [[[[]]], [[[-0.5110795132777354, 3.1691317812791344, 1.7546590832156275], [1.6672411573391912, -2.3845963119485805, 1.472052400912193]], [[1.8683284941588079, 2.4842018503245087, -1.2203742866325447], [-0.23764462169557055, -0.22009253716823005, -1.216071795856101]], [[-0.25928142935967213, -2.8233458366630813, -2.4696018648551985], [1.2441929370202167, -0.41892062267370633, 0.9392020855272802]]]], [[[[]]], [[[1.3746275741370408, -0.03854032700798303, 2.4344698097623905], [-1.1953341331264737, -2.609672694036589, 0.9261123365392514]], [[1.7416394334294922, -0.18378742688835617, 1.4073327050180957], [2.588139264808558, -2.17939115448734, -1.1846777341562569]], [[1.843308303978072, -2.942308768478483, 0.034202333427333365], [1.964042225576442, -0.6686143886610076, 1.0311275197786927]]]], [[[[]]], [[[1.3904865640510653, -2.6894188625274102, 1.2977027324717643], [0.7980783310768637, 2.922418147799512, -2.085995064536845]], [[1.9417472263792968, -0.7032435897785779, -1.8067056261443748], [1.692709435224245, -0.17559885715884888, -2.119289213318493]], [[1.1478355320781541, 3.1260600912298573, -0.9411004764583537], [2.5509171536878257, -0.5352970794373022, 2.2857583644378847]]]], [[[[]]], [[[-1.2216019884659457, 3.043328135543554, 2.6379659236105146], [-2.209091707253202, 2.058457214289482, 0.782132370135237]], [[-0.10291811898635551, 3.143842376775724, 2.8616210378746096], 