{"noise_params": [0.0, 0.05, 0.1, 0.15000000000000002, 0.2, 0.25, 0.30000000000000004, 0.35000000000000003, 0.4, 0.45, 0.5, 0.55, 0.6000000000000001, 0.65, 0.7000000000000001, 0.75, 0.8, 0.8500000000000001, 0.9, 0.9500000000000001, 1.0], "max_scores": [64.0, 56.29748413561652, 5.330030910016976, 37.58712598262551, 36.63573774321111, 31.176603924380224, 5.967411813455998, 21.78057634887101, 7.9439587256979864, 3.610366144473133, 7.377060606350786, 7.899457036220398, 7.49399407480024, 4.307598770061087, 7.925230079911523, 0.31040908785280374, 1.2185857704283996, 9.14678421499963, 10.52001785233868, 12.70430068995522, 15.986097689901166], "opt_settings": [[[[[]]], [[[1.1463699279934458, -1.6123457942262232, -0.5230390542591987], [2.6721267223457783, -1.6275412003941832, 0.6217944839608953]], [[3.3758279296228935, -1.5705746058557333, 1.6878335129547448], [-1.321187745588191, -1.5125795941124256, -2.9706377238379567]], [[2.1904769451786557, 1.5173362501289431, 0.21076604319668935], [0.5315634659447597, -1.4988874939253563, 2.6847364520117374]], [[-1.2007473870316958, 1.4399649748178762, 1.4083374033031921], [-2.5935648251154846, -1.5557800618280135, -0.7544705140965919]], [[0.7220088084792922, 1.6472728149651648, -2.567230205003489], [-0.8121190197649227, -1.5578658821537448, -1.4813566500035253]]]], [[[[]]], [[[0.6416262679238656, 2.8466382382206907, -2.4491298484535626], [-1.0389214919733447, -1.4559509883411923, -1.1823019363113183]], [[-1.3388655940961627, -0.17651350488061673, -0.050718316135464306], [-2.8127543088945277, -1.7255186193375898, -3.0017142267827825]], [[-1.0280304791027846, 1.7342034157984434, -1.384296258095728], [1.5706012315479867, 0.4462588619523248, 1.957202685013275]], [[2.7838434428583185, 2.5591131801833416, -0.7459122243947487], [1.8817967253188652, 2.841772690765749, 2.9895743902173857]], [[2.383608690238817, -1.9222712236789254, 2.6844598049614907], [0.8235214600318466, -2.213613348290657, 3.1059744405229477]]]], [[[[]]], [[[-2.6844379827182925, 0.43677451449781357, -2.702766638450205], [-0.5254926138407175, 3.1214374943815133, 1.4440496824037954]], [[2.573953765143357, 2.9806443490240118, -2.984543465530254], [-0.1169742951871472, 3.0833667997035197, 2.0299742197727673]], [[2.6718497948003996, 2.95938535931807, 2.2547080692747032], [-1.002953992834757, 0.37373973711658276, -2.8078622862727998]], [[-1.0066321458600471, 0.8786616294274465, -1.8781689131904553], [0.8610773795016793, 3.018908013673596, 0.8445149938217229]], [[-1.7984103170585035, 0.5105319410474358, -2.724892024532694], [2.9372303487821116, 2.7931502412147933, -0.17457779748856916]]]], [[[[]]], [[[2.0368173851643374, 1.7084458743590747, -1.9809649114978665], [2.7107976842262884, -2.5982596017158732, -0.150873075256309]], [[2.024114118072435, -1.170134384612006, -0.21847808623811504], [0.6444698393364422, 2.244359029949892, -2.774354537132261]], [[1.259195391035476, -3.042233665148049, -1.2099512155015855], [-2.3830275367458147, 2.242578475819936, -0.4148652849518517]], [[2.5541875984152282, 2.417154444852626, 1.8793854967754893], [2.254295297417819, -2.159119803564349, 0.3245937090044797]], [[-0.25998115056128035, 0.6502837605619552, -0.3202943741656785], [-1.3321002065015795, 3.050016495345551, -1.8246939551588335]]]], [[[[]]], [[[-2.8150676051219286, -2.0246893230663967, 2.6011201574410956], [-1.948819300989585, -1.3466587144481492, 1.825321273751289]], [[-2.88991561789758, 2.715428672932837, 0.25103059254672777], [0.27816706480596326, -1.4158618239173348, 1.5090682832118238]], [[-0.042511374565718574, -0.9325242928668557, -2.01861677885456], [1.5377234762616236, -1.5700411610551281, -1.8430993226319379]], [[1.0280019674993013, -1.357391400078541, 0.016137841252228842], [-1.1786038722318781, 1.951043220506905, 0.378163607131639]], [[-1.814933236831563, 2.36363031023638, -2.788453045136163], [1.4491282599068804, -1.766714005014016, 1.1107140444206625]]]], [[[[]]], [[[-2.8180795741910756, 0.5358684420256272, -1.1306336757016893], [-1.7150375192517857, 2.4378845854711257, -1.8117581014658506]], [[1.0035782805477238, -3.131284746267047, -2.2230086286628365], [-2.8686719809356642, 1.1223158709167478, -0.8570863509740811]], [[0.812173332418038, 1.8379153828063788, -2.8483145881902328], [-2.6593609060938452, 0.7032382402864098, -1.6735963846562434]], [[2.218562770585099, 0.8085883049936222, -2.7013599808387476], [2.295404330549791, -1.458462688923893, 2.196169426670706]], [[-0.5608107389734364, -0.2535132625388834, 1.694262077338064], [2.106124774340704, -2.2120052923344713, 0.08174615374511873]]]], [[[[]]], [[[2.7911142953912185, 1.4751179734185522, -2.711693632127742], [0.8810397365186828, -1.526454501964238, 3.1187820594853175]], [[3.0849772522341325, 0.15338196709542165, -1.0080347885735712], [0.3063660420568139, 1.9314952579219953, -1.7479144285214765]], [[-0.06918220206362037, 1.5561284879117718, 0.8046215324520309], [-0.24570017260546737, 0.00563477679928178, -2.559363060976059]], [[1.7723585282690606, -0.7789871547374991, -0.9845598046200617], [1.2620786177421228, 0.31369772301684923, 0.8111917017737831]], [[1.0764075453815634, -0.4106271360490384, 1.5421997046045002], [2.1194698253508424, 0.6627267176778345, 1.4696043575953697]]]], [[[[]]], [[[1.566066817197457, 0.41334486859551783, -1.1387524858502402], [-2.1798618726775625, 0.6067826323140145, -2.7363991465600397]], [[0.06931758374472759, 1.4833830015516072, 1.678465291211542], [-2.185890815880571, -2.081039272160492, -1.2216069165524284]], [[0.19991763647668065, -0.314194264892871, 0.8135216031150718], [1.2477571679546893, -0.5709465730616755, 2.2079087254267558]], [[-2.2111087065666886, 0.7409859125755156, -0.23129478875323883], [-3.083604854037597, -1.5902188317142318, 1.3551551563326854]], [[1.4709307443641721, -2.475197170136378, 2.454951123372804], [-1.3014022903141569, 0.646155244028556, 2.8405619953064827]]]], [[[[]]], [[[-0.01843058503902593, -2.997546851205433, -1.0513876853707873], [3.071496179850919, -2.811706270589516, -1.5108867554261571]], [[-2.5796705891491745, 3.000720579404681, 1.4641558721471712], [2.350517644738272, -3.079909192661738, -0.8570356957191789]], [[-2.2624282662284116, -3.1294960362839763, -1.6917045933727917], [1.037539005568931, 1.8097487235602467, 2.0482339287367557]], [[-1.016104176660355, -2.7851270444125755, 0.020532296128055624], [3.0755088125620276, -0.04324180262560932, 0.9574191222314035]], [[0.35027870496672, 2.082227467705103, -2.6693849319241276], [1.1370105003311328, -0.6855160040358674, 1.0543897869577012]]]], [[[[]]], [[[-0.12158953998530728, -2.6824790854844887, 2.1001079172848014], [2.2222721993587564, -1.3302728489419402, 3.063644809981324]], [[1.5967883605932298, 2.0619567336449793, 2.6414007532048034], [-2.6192402864208244, 0.46340943670063406, -1.9901465245291858]], [[-0.19717816313011158, -2.8629702049896415, -0.42656853975961706], [-2.4283003320925167, -0.631226712605675, 0.07053629213720614]], [[-2.2048588189815237, -1.4216975538430963, 2.2532387889798287], [1.8508575776190608, -0.9016126071502447, -0.08736804502660123]], [[0.8749796282486201, 1.0659345517751933, -2.0555231798712654], [-2.6494310140823636, -1.9183548319674497, 0.13312045702536013]]]], [[[[]]], [[[0.7690617571761437, 2.8916449039568772, -2.7334453185836316], [-2.8872217237105082, -2.0134812219135676, 0.11372391158562412]], [[0.20608713005118923, -0.9637227706545701, 0.5719528055718022], [-0.42835537585779737, -1.789472950153848, 1.9363828248193258]], [[0.6606802254808715, -1.0861370720154082, 3.0640309657310336], [-2.335395069000968, -1.1178502391530638, 0.9203703807820913]], [[2.4493034312953164, 0.13028933440550322, -0.3124852492287964], [-0.6369061432598666, -2.6739326817440525, -0.6744573332431427]], [[1.2885209673658122, 0.4629740659011048, 0.9482231886214922], [0.6199282951193902, -1.8060655971816988, 1.8238535031708807]]]], [[[[]]], [[[0.9612150608078395, -0.18243735789402316, -0.5173822967175794], [0.9452940367622785, -0.6040531898197309, 2.095596393738374]], 