{"noise_params": [0.0, 0.05, 0.1, 0.15000000000000002, 0.2, 0.25, 0.30000000000000004, 0.35000000000000003, 0.4, 0.45, 0.5, 0.55, 0.6000000000000001, 0.65, 0.7000000000000001, 0.75, 0.8, 0.8500000000000001, 0.9, 0.9500000000000001, 1.0], "max_scores": [64.0, 56.29748413561661, 49.17974217093863, 42.631173570522336, 7.366147779547605, 7.652011237035582, 7.849251594244302, 7.906620930475963, 7.958658733496494, 14.337332025869433, 5.777977836825166, 5.352105287549914, 8.00027999399039, 7.987869859005382, 8.078664360734638, 7.998714467666574, 8.540480104412815, 9.335047431461359, 10.620983715623822, 12.723802081967118, 15.982760306818864], "opt_settings": [[[[[]]], [[[-0.4785450893930186, -1.3678982093884502, 2.153336084729254], [-3.0090464848716305, -2.5137326822022388, 1.598837250407522]], [[-0.32636663744574435, -2.583294350295294, -0.036424342163300594], [3.046226441116196, 1.9963244819440922, 2.306140535611801]], [[0.018556490133319784, -2.9040267699060625, 2.4383050906428823], [-2.7304133472741783, 0.7916056152703513, -0.6789946701636693]], [[-1.6035977000882116, -3.4879646564500995, -2.3463029803911546], [1.5998379200913087, 0.1754556192769726, -1.1991036565728184]], [[0.1049295317224091, -0.6493687493668995, 0.785418978190005], [2.1372727556168027, 1.6229948813090425, -2.716692627307838]]]], [[[[]]], [[[2.850129775492472, -0.4489241213272287, 3.1190456018849995], [0.7664953628475976, -0.6894659823121151, 0.728804141073383]], [[0.91886911797982, -1.5893561942353793, 0.5802274754494454], [-2.4825811242685045, -3.001525099823684, -1.9129881346338558]], [[-0.20289242873071675, 0.8509801792118311, 2.61745176619048], [1.0833257731454689, -2.08081730548431, -1.2371353101517124]], [[-2.0037225179996945, -2.7675993868072304, 0.8603952422685541], [0.12893391704320417, 0.5514511584399884, 0.8398088788509095]], [[1.959445618724631, 2.5578029608465465, 2.177808313368672], [2.7862272282418417, -0.2914290003686284, -1.434131025562566]]]], [[[[]]], [[[2.747661618932565, 2.3544129845591977, 0.7523095413860905], [-1.2741296330540097, 1.4067587927014513, 1.659682841276915]], [[-1.0956228022605372, -1.8570446743624525, 0.5310749113533055], [-1.3885493295186864, 1.5731314674362638, 2.829121062888265]], [[1.8034739627439798, 0.4078543094711611, -1.6301705746446573], [-0.47412443087886935, 1.114185160343666, -2.523294801178451]], [[0.393020860817095, -1.5802161757648807, -2.454941069254576], [3.0660685168438997, -0.8561106084352507, 2.531539001292348]], [[-1.328716384285915, 0.45946761863663804, 2.0105025976140665], [-0.0052476798759203015, 0.5101603619134345, 1.4904096102350692]]]], [[[[]]], [[[2.49798384032733, 1.7883157099533453, 2.35422911136918], [-0.13667873720063448, -1.8960985645264363, 0.4091438484392236]], [[-0.8283366418657143, -0.2310794972935314, -1.1580443237858737], [0.009404129324701653, -1.397696728215125, -1.8688135431237263]], [[-1.5791452103530788, 1.5302139349961343, -0.9228657057332073], [3.1101153861113877, -1.7660902829923013, 2.4432991817537983]], [[1.1274109005894413, 1.9196738271326992, -2.7716925533157086], [-0.630166937048926, -2.298718639846236, 0.202074542302205]], [[2.567784942043882, 2.259006599348075, 1.4554596794587003], [2.306309197316221, -0.9025083472087974, 2.624849573473168]]]], [[[[]]], [[[1.8352236341183599, 2.9467221736280003, -0.26075568920397707], [-0.7512527533675825, 0.7258492117674799, 1.2549727681346114]], [[1.7289966161007233, -0.1932914088795109, 2.864145193321831], [2.4362341624696886, -0.1406677846966568, -0.418234924150366]], [[-0.8867000662040246, 2.4013422841688543, -2.1249787003892413], [1.2220146326799837, 0.05699263265217602, 1.0100904234549661]], [[0.5899900792416234, 2.491245697480849, 0.6198926157907398], [-1.8372504541422547, 2.7374293319904313, -1.0533434827322492]], [[-2.8238642705355232, 0.6886373562814628, -1.7226285566526611], [-1.7781125495210677, -1.3580395098964113, -2.8284701015330005]]]], [[[[]]], [[[1.2611921505945072, 0.59244808411998, 1.5141201907112318], [2.133752962451263, 2.823063621932537, 1.0614014959073206]], [[-1.8714863481519675, -1.876862879474734, -1.1288622412309746], [-0.18182818526954034, -0.01800903861566705, 0.9621652533609621]], [[0.44556075587191907, -0.22582803238952853, 0.2592138483335864], [2.9067226929834886, 2.7095278340651934, -2.5841474918740097]], [[-2.516632135715073, -1.773184120564026, -2.760872690762415], [2.461724514361956, 0.3437679131367527, -0.20053485332737697]], [[3.225752776443387, -0.9257447708708457, -2.133572597360165], [1.8536798621679107, -0.03780155419581953, -2.3859921890097833]]]], [[[[]]], [[[0.6498023208492824, -0.044929553592578025, -2.3187724472665465], [-3.114192489766675, -3.0404189783260627, -3.1187733670021083]], [[-1.3270360715791822, -0.5548840999205823, 1.6829950344647209], [-0.017387087727102124, 2.577771973181791, 0.601245832583468]], [[1.2995045873128368, -2.192741088145621, -2.321829831461348], [1.1567841735111388, -0.6196179916815041, -0.9004456190047834]], [[1.8577830757532128, -1.1514119656824373, 2.1960481952358952], [-3.0943637934873736, -2.774266963498379, 1.848471750816901]], [[1.6415631358273475, 2.624672153673756, 1.871532252547464], [0.8795777519049193, 2.1576726523360654, -2.462155998802668]]]], [[[[]]], [[[-2.5647264808532637, 0.36154263580065576, -0.7139321429501195], [-0.8160775502552863, 2.408369144086272, 0.07470333848789637]], [[-1.511328061176801, -3.054272089497515, -2.67289278769923], [-0.5710888370521657, -0.03659860463134149, 1.1549222556849088]], [[-1.4652437054912546, 2.7615785314034347, 2.839038658699865], [0.5497418960181145, -1.9213243546446483, 2.806091466929179]], [[2.1631472277153727, 0.2823080405319505, 2.8076731961316286], [-1.0282169649726234, 1.1568441437853734, 1.9654809935556568]], [[-2.5040655469352306, -2.8011984197335105, -3.0077030794615185], [-0.1845847280718166, 2.638907367616554, -2.910376005092601]]]], [[[[]]], [[[-1.2714232764295057, 1.301857446344352, -2.590169337572786], [-0.5401029175173636, -3.0467825719899575, -0.5897186231303393]], [[-1.961482140103832, 2.2422084911841442, -0.904820435393979], [-2.688669586042538, 3.1454626369096097, -1.027195948835459]], [[2.0345053448938035, -3.0111929449952943, 2.3447803350528504], [-0.2540915532297093, 0.2515116334666278, -1.986805526582595]], [[-1.8809514031400114, 0.8484447795673211, 1.554213957299707], [1.6021401454512594, -2.876412767282165, -0.7537039375260397]], [[0.8786289575728007, 0.8403811085174479, 1.5917831795178286], [-1.8265788125104325, -2.910952592680101, -1.5722021341609709]]]], [[[[]]], [[[-0.04483506462135766, 0.9017565585115384, 1.0133792603915275], [-1.7278494761497893, -0.3584608649183077, -1.2761327213352316]], [[-1.6562500617843654, 0.8644028891921415, 1.5082773162566], [0.07511507309078043, 1.3762416897433758, 1.8174968692719613]], [[2.6337996640197843, -2.1721912660751994, -1.3342386787113838], [1.6839562055509696, 1.033428800413775, 2.5746236427827993]], [[-1.5676838874963057, 2.4224683435064795, -1.254945847625324], [1.2690365684706069, 0.8438311229258711, -1.061574640894304]], [[-1.7842650541297758, 1.6846866542546264, -0.3013714361676554], [3.2871466271637813, 1.8863236934697567, 0.389302955891631]]]], [[[[]]], [[[1.029845150277315, -1.8982103657689153, 1.3289415862595684], [1.4597674736471504, -1.665174855493763, -1.618842913615576]], [[-1.96081547471913, 3.316000421176957, 0.03935574847428436], [0.8159720464684957, -0.32473664177326234, -1.0356422750842142]], [[-2.396124578678423, -1.498783063105002, 2.0441972818171923], [1.9716824931832844, -2.2304933535489186, -2.7767213940916484]], [[2.304472445080193, -2.770312486993157, -2.446418618780163], [1.0743570049238595, -1.4676053143081345, -1.577235109771362]], [[-2.508842947391127, -1.613714760423967, 0.47803185010287264], [-2.427375291038664, 1.4121710587151484, -3.127002521725393]]]], [[[[]]], [[[1.4432438925293993, 1.8696488733279848, 2.1998077694947122], [-0.45992770365820285, -1.3224881494363538, 1.4148139526680144]], [[-0.4788892937111986, 1.54396257961128, 