{"noise_params": [0.0, 0.05, 0.1, 0.15000000000000002, 0.2, 0.25, 0.30000000000000004, 0.35000000000000003, 0.4, 0.45, 0.5, 0.55, 0.6000000000000001, 0.65, 0.7000000000000001, 0.75, 0.8, 0.8500000000000001, 0.9, 0.9500000000000001, 1.0], "max_scores": [7.864677361343818, 20.4212438406675, 5.613308825244141, 4.9601063806703705, 14.481540249914508, 4.239320071855199, 4.085335163622011, 9.56005260006889, 3.624440728396532, 6.844793391215342, 5.656770743960742, 4.581442602991716, 4.00620188929878, 4.025237589954742, 4.099292405139775, 4.24313365555668, 4.514583332395379, 4.944682802375437, 5.638389678646048, 6.615919779555963, 7.999999144287065], "opt_settings": [[[[[]]], [[[-1.1909241850469263, -2.7669789713355932, -2.8773267338020543], [1.7670276289017612, 1.6477631378591002, -0.05860905227650916]], [[2.8167378241805823, 2.3384949546470306, -0.9764403814084406], [-1.0701662435069286, 2.8836197789945026, 0.22750403016495077]], [[-0.7174006855702723, 0.18207804715674805, 1.9877334229193986], [1.5923356276875094, -1.3791723194013814, -3.133514680770935]], [[0.08547207274868263, -1.1681439814902774, 0.31279762881584006], [-2.803696526997969, 0.2107269763519069, 1.143373069204766]]]], [[[[]]], [[[-0.19881532421122128, -1.565987503230001, 0.5966580885827502], [-1.7947079107402364, 1.5965974049889358, 2.145131520222802]], [[3.134190989515579, 1.5785280125947188, 1.8169466528847957], [-1.5924470276209348, 1.527883586086139, -1.4520106701380553]], [[1.6132879799025823, -1.550834080310713, 1.0216939819729012], [0.09264604221938168, 1.5670222732254415, -0.3652132888419488]], [[-0.630096430467233, 1.5956079246489163, -1.7964658618167866], [0.9467068474047797, 1.606770190401548, 0.5661343814515649]]]], [[[[]]], [[[-2.709768778405154, -2.173750798909151, -0.3868323559794291], [-2.8508571855445144, 2.8251084087071727, -1.6795279291283771]], [[-2.5035748160767755, -3.216739019447309, -2.6885866796824036], [-1.1290368830522717, -2.410927723923071, 1.1643744969254666]], [[-2.675712043653117, 2.043950131460755, -1.9209026346524132], [-2.5735982996166245, 3.0528992857357156, -1.8129673678315672]], [[-2.358487240993401, -2.8713278659268653, -1.0031152904088025], [-0.0591336644031472, 0.6722900360170502, -2.633683843419188]]]], [[[[]]], [[[2.3342334073809647, 3.035531470864136, 1.8388163798242756], [-0.5420773116750668, 1.7263337510808783, -3.019215279870839]], [[1.7602705248583528, 0.07028445571598385, -2.163356316047162], [1.6784061359895952, 0.24966647784385018, -2.1903216366388794]], [[-1.3878293195546543, -2.5123219281795524, -0.9274528095051822], [0.20180840115710486, -0.2838946220468012, -0.6356145943694478]], [[-0.5357375085634933, -2.9744971895025483, -0.8616081632358039], [-1.7474192544020006, -0.135741944061139, -0.07634223065675053]]]], [[[[]]], [[[0.8173540692524975, -1.3305117252605025, 2.48478051220233], [1.5299116340905177, 2.69137973244456, 2.5624413598757156]], [[0.5992442455833187, -3.2074126144442507, 1.3910722282573547], [-0.9715105188156566, 2.1147428454589696, 2.117614681095108]], [[2.2612258727043892, -2.3438411501295224, -3.0395533335195797], [-2.1041454903168972, 2.816622746666872, 1.83598042224461]], [[1.2679153441821247, -2.804127880945375, -0.6406575371357781], [0.7311804172332715, -0.5751804824152053, 1.1659736607526954]]]], [[[[]]], [[[0.6102899758847912, -0.5950919937516328, 0.3336159081377703], [1.372760890463817, -2.663402664378636, 1.6720363740578854]], [[1.907033741820819, 2.732038079356225, 0.2566410367785794], [0.692613213613753, 0.07772446789862417, 0.7697810971521366]], [[-2.251975812962329, -0.37518499791076115, 1.7895048123971433], [0.04457705837711984, 0.15457769220337142, 0.7309222401150626]], [[-1.8444526482261676, -0.0600762598055427, 2.376626961564912], [-0.9697164680695582, 0.962015008464826, -2.980506332089384]]]], [[[[]]], [[[2.793679876512388, 0.3935496945429786, -0.7698210591207748], [-0.21122703458734488, 2.752686174503487, 2.3388361844126786]], [[-1.4778216248440683, -0.7918834089779831, -0.5768135563450274], [1.2612284422080429, 0.38794061523289564, -3.1288943480814484]], [[-2.066127360026693, -0.10901177339933561, -1.786326623470039], [0.5573867113313143, -0.2522092875287729, 2.5641849537249346]], [[-2.5890131055401446, 1.0856008103446744, -0.4734571156447185], [-2.4006506718112934, 0.3608684843768929, -3.1118388435099438]]]], [[[[]]], [[[0.14967664041485226, -0.8379080041076779, -0.6367004358831858], [-2.182924058490174, -0.4325589271067058, 0.7341924065972134]], [[1.2219649959183654, -2.0794960060258862, -1.1449320041632125], [-0.40938385888270595, -0.5711107323407448, 0.6328733897944838]], [[2.2644666141056984, 0.5836356205359852, 1.82272345830786], [2.617354786708585, -1.4749045067849473, 0.2679963719312548]], [[-0.7243208261997129, 0.5735036503832034, -0.7351418194938106], [1.3600211012249672, -2.599359498937314, -0.9809119869603058]]]], [[[[]]], [[[2.4358289082844884, 2.383490830403647, -1.7477913091838209], [-1.5152246271765324, 1.2028429133731222, -2.6387470163489537]], [[-0.8823046057396319, 1.0588300757644735, 2.947086373207987], [-3.1923508215904994, 2.4122967344980313, -0.25957943188368393]], [[2.992251479861267, 0.6649850570808183, -1.7836561746471613], [2.6524040481077416, -2.091666962763366, -1.557097114976609]], [[-0.24550906400449934, -0.45523711628778657, 1.8908041442515664], [-0.8052313537512353, 0.8865694513380615, -0.4483439037624142]]]], [[[[]]], [[[1.8097847825065936, 1.445078396621105, -1.1215097263741969], [0.37779993120294386, -1.213007168550685, 0.6910155393886868]], [[-3.0590951671500775, -1.5990890852333401, -0.6522482322260821], [-1.5927354200125692, -1.5627657647378908, -1.8771122059709002]], [[-2.764525874614388, 1.8310075314394505, -0.10683413057089464], [-1.0083883413287011, 1.7158479110480211, 2.2338413962944736]], [[1.6830054530153553, -1.5051958019864198, 2.6388147743782806], [2.9872224505619274, -1.7479730579680108, -0.8266433037301466]]]], [[[[]]], [[[-1.489278138524725, -1.3396632991183939, 0.09467308187691437], [2.297512023278294, -0.9307225209940796, 2.775169255827426]], [[-0.8403909791243452, -2.263060423017048, 1.1444936829721621], [-1.463636820116479, -1.9174764601470258, 0.30591585271248123]], [[-2.2879227140703633, -1.3170566894790154, -3.0715937780442006], [-0.3921861124526632, 0.9829112891149919, 2.7857555523913415]], [[-2.8929918084554265, 2.1958306362231204, -1.1880459152717464], [-1.2694045056641372, -1.9412981043303643, 0.826322200217525]]]], [[[[]]], [[[0.7100077172061566, 2.497886392196848, 3.0916596544040864], [-2.9307210167568813, -1.0609347629589814, -1.341906918965982]], [[-1.6968866380078311, -1.5443241164132198, 2.6691370742399068], [0.5878990768047402, 1.52975436530204, 1.6155861347595168]], [[1.0745892324606805, -1.0606119815385007, -1.925230503800832], [0.17567534915647373, -1.1907952723241466, -0.09507376221907249]], [[-2.067224023517212, -2.0271872345730135, -2.9131057230882877], [-0.8756245882616663, 1.972977890714738, 0.7673793680837226]]]], [[[[]]], [[[-2.2015509507301863, 2.7528394979610913, -0.7576726304171868], [-2.4387315889004553, 1.6283583803312605, -0.7279961821581402]], [[-2.351523614520047, -2.7847541861866767, -1.439355779998402], [1.4169659619615012, 0.5330474723898022, 1.6460561063122379]], [[0.9372960601208518, -2.92496893958312, 0.06066125204563111], [-2.9513659930573963, 0.47804106749500025, 0.9490011711107735]], [[-0.7225696852749351, 0.08940151040541236, 2.2323254134859347], [-1.6107454972199142, -0.047364508796262285, -1.9244505608004492]]]], [[[[]]], [[[-1.9972718960148546, 1.6503846910659186, 0.8091804645165466], [-0.8632464637495075, 2.999413589210151, -1.6745747234596704]], [[3.031508417918274, 0.38209924909699144, -0.4117043132914828], [0.7746675911885978, -2.47676744487404, -2.135455452096574]], [[2.3668638010723, -3.13530927935412, 3.073169886499441], [-1.567542420103453, 2.2888172435880256, -1.7761562394829147]], [[-0.31537473381234654, 1.0866201041468804, -1.2572593573680986], [-2.3420644912277786, 0.3495040598151128, 