{"noise_params": [0.0, 0.05, 0.1, 0.15000000000000002, 0.2, 0.25, 0.30000000000000004, 0.35000000000000003, 0.4, 0.45, 0.5, 0.55, 0.6000000000000001, 0.65, 0.7000000000000001, 0.75, 0.8, 0.8500000000000001, 0.9, 0.9500000000000001, 1.0], "max_scores": [7.999999999999998, 7.407563702054812, 6.8305197459636915, 6.269290230956822, 5.724334021677227, 5.196151303003994, 4.6852776266926375, 4.1923740081888745, 3.7065718888583588, 3.2618571503247713, 1.9999352706804177, 1.9907518413204568, 2.022946180037612, 2.0546587644890524, 2.117828352465553, 2.2497274738301534, 2.429125629797888, 2.683434726719927, 3.0223764099624946, 3.446864800562593, 3.999991541581508], "opt_settings": [[[[[]]], [[[1.8819502704250521, -4.262879083657176, 1.236834068529996], [0.5076958081076802, -1.4156531032005653, 0.8537489668240648]], [[-0.39514324615570817, 1.7430445578867713, -0.07451253299896939], [1.5707873075929961, 1.3592251413542755, -0.4873724027315176]], [[-0.34690322076746394, 1.4151348739810041, -1.3019976998554958], [-1.2904352213063897, 3.915910859178833, -2.6105032566702957]]]], [[[[]]], [[[2.49138656127059, 1.5280945773769414, 1.250121919724533], [0.9639046347956932, -1.463135014602622, -1.1450016223007804]], [[1.0407627440929783, 1.6263983005233378, 0.8992302037997435], [2.5595997579336385, -4.442762366151847, -1.4888130869380074]], [[-2.072553458460638, 1.5101777260537905, 2.4653083889961485], [-3.388252478052882, -1.2226452229750082, 2.1742789811024625]]]], [[[[]]], [[[1.3107944451420812, 1.90383872547001, -1.0666399675555072], [-0.7156204641994476, -1.5585377153591895, -1.6827862295589933]], [[2.30374314049385, -1.3971724235275065, -1.279655569658813], [0.5413727018026093, 1.9252380065076844, 1.6050619291568147]], [[-1.6720311981637561, -1.4308572564368631, 0.8982073857601867], [2.9607388315561685, -4.26041521128616, -1.1997421804576265]]]], [[[[]]], [[[-1.2839128607672678, 0.9668144261055186, -0.23834768462662392], [-2.588473452469998, 0.9957485420824267, -3.1361038154042373]], [[0.23026156861813307, -1.1914753365889925, -1.2136153078943088], [1.699807331308293, 0.8372933436287009, 1.3670764865247156]], [[1.945699484209762, 0.6197116015634929, -0.9579896203574805], [-2.0231539266502794, -1.8149587119253958, 1.893268165809352]]]], [[[[]]], [[[1.230322369539657, -1.8090282878188775, -2.2282796662822895], [1.4530698016648524, -0.4500764831678387, -2.2083391564376247]], [[2.472955911039223, 2.351575938835867, 0.5436699961372509], [-1.5508683728642323, 1.134423531186978, 0.4927418356051856]], [[-2.668127921454687, -2.299851865566138, 1.4876170344531605], [2.690850365804525, 1.9705509617161325, 1.5316943034479866]]]], [[[[]]], [[[-2.8191012991746778, -2.5074542877490185, -0.9202220325332995], [-3.0800682215547552, -1.104359961582032, 1.1702336679595646]], [[-2.202089530100854, 3.1657611388818347, -0.07217283369884965], [2.6631686454046175, -1.2600387042799495, 2.0305698540535824]], [[0.16907670892330395, -2.4310336601296467, -1.0415713068262975], [-2.645741308773569, -0.8084086741427718, -0.8748076667463525]]]], [[[[]]], [[[1.2566151247912076, 0.2965141293182419, -2.800327067114632], [2.1919570865918363, -1.4029578751701874, -2.890750939396061]], [[-0.47138000509823885, 2.717628123624781, 2.8772827692636236], [-1.597976450129221, 2.1904180190475198, -3.0521208792501158]], [[1.1532025676919773, 3.2924713602503797, -0.781361791361995], [2.1928933123572087, 2.3439336320193984, 1.2833959901597662]]]], [[[[]]], [[[-2.3740822919189317, -1.2225648475377713, -2.5349890836557343], [-1.1269807396882494, -1.159229397419295, -0.01615707018974757]], [[-2.4479256349618463, 1.0686078126330392, 1.9019199429612836], [2.2664518070176896, -1.2225169621406564, 1.601035086365755]], [[0.3652480057404291, -1.0443657951734324, -2.496248479086286], [-1.380991464374113, 1.555067921234577, -0.9956770445436294]]]], [[[[]]], [[[-0.956940125648156, 0.8593767551872576, 0.7107204329552839], [-1.228556091769985, 1.6650099188427356, 2.8226032119689544]], [[2.528437905564945, 1.751236176928528, 0.7880079133486064], [-0.6577263030662418, 1.9595061788376789, -1.9732101175565704]], [[-1.8486378017847562, -2.639481559593323, -0.02811985897638274], [1.8553177748473, 1.5913529174093304, -0.29853327257727624]]]], [[[[]]], [[[2.328528998244092, -0.35174481634413557, -2.9476884713540534], [2.0063937122525877, -1.5506383085488997, 2.7236758918174964]], [[0.7101482316304603, -2.2538237085889756, -2.245603492762105], [2.558480940550972, 1.6907232836857193, -0.031227033481831024]], [[-2.4197454428291723, -1.8675339351777607, -1.6232827234925742], [-1.7733791052786076, 2.6329915138735505, -2.902977231640603]]]], [[[[]]], [[[0.0815522645605179, 0.919303525170838, -2.745506617129095], [2.470424256411354, -0.1161056485046522, -1.4116150926111104]], [[1.0984068873349608, -3.0217851937957665, -1.6425125244820902], [0.12307156673867563, 2.759121188559405, -2.9236340761832023]], [[-0.2213191527703387, -2.8729585916796645, 2.5260357240177376], [2.723962717612685, -0.02703701193883836, 2.213864614065332]]]], [[[[]]], [[[2.2402953397890903, -1.9389653823997544, -1.6505660291346875], [1.1514017382654576, -0.6694402256747843, -1.64142390049305]], [[3.171836953133452, 2.307771927850892, 1.0264542530240828], [0.6541499926901226, 2.576446672154289, 3.0701999323509996]], [[-1.4404672273707186, -2.3213945817519024, -2.8492389045666435], [0.9234655345491601, 0.4203350148517894, -0.922357747860076]]]], [[[[]]], [[[2.2171870760948487, 2.0170231382076738, -1.9478166037375437], [2.9914615197842136, 1.8269430699194127, -2.4690025775494906]], [[1.4417404073963722, -2.025207633143732, -2.537400160224595], [-3.1666926506801327, -0.8915741266830927, -2.5073970672277874]], [[-1.1137878018467098, -1.585687680709964, -2.3220170192321863], [2.6073178639756756, 1.3874399919991636, -1.591543820507873]]]], [[[[]]], [[[-1.638398512587561, -1.0646016437716657, -1.3201611950283587], [2.872402676764336, 3.0694091198852314, 2.0258836264800317]], [[-1.496901754836272, 0.03939533709933541, -2.229364016389356], [-1.1366480024785686, -0.4329765794605192, -0.15804603373041332]], [[2.4719553418719844, -2.1553500161920858, 2.6481329594069036], [1.5453788078221598, -0.17446289965980655, -1.4133024627615125]]]], [[[[]]], [[[0.5024744723258273, 0.1572387196404006, 0.7533291974657006], [-1.4267779106612655, 1.3092651994744045, 0.43921847491631416]], [[0.6103466696239779, 2.2285943158542736, 2.311206737642781], [-2.4930031502388945, -0.00444576494829237, -0.23966869337530472]], [[1.4679712349000174, -0.8636166485180551, -1.263700070523323], [0.4869227207527977, 2.130852214619972, 1.1385075794139086]]]], [[[[]]], [[[-1.57818634991047, 0.7440595857049167, 2.6290267295976646], [-0.9836888288717294, -1.5908634773780976, -0.5601152824420383]], [[0.02567725668061018, -2.932363907017414, -1.2728138001714893], [1.162265577808237, -2.319344230460685, 2.933637524422682]], [[-1.8506778470435865, 2.3751271918804235, -2.6283465638256986], [0.10497823896565453, -2.709320835380034, -1.477283434359959]]]], [[[[]]], [[[2.115262434315207, -2.1070016305141577, 1.6895581262310513], [2.2461180258864992, -2.6518228482649655, -2.3953524600557317]], [[-1.1414594854030555, 0.12146558804048117, 0.7911263713571919], [0.5829589293950361, 0.7270718838803302, 0.21231627608456935]], [[1.280911473426102, -2.690603908600625, -0.1444576232137815], [-2.434759544048178, -1.3072822176932553, 2.3708872722661614]]]], [[[[]]], [[[-1.1262821751977619, 2.4290057860640997, 0.1900381916743029], [-1.2052569416695804, -2.8373887052199906, 2.9197696902899253]], [[-2.681449198273045, 0.5776354389621116, 2.762514924221054], [-2.299563357755194, 2.9936022370039, -2.3266087785909786]], [[0.838441377821423, -0.2269816635029793, -2.805539649293624], [-2.1401907949728485, 2.947031881090718, 1.8851904766588437]]]], [[[[]]], [[[-1.1423234757565288, -2.0554523991966076, -2.7625306262197755], [1.8855141309260266, -2.6174573205156744, -2.549624460162651]], [[-2.3252488340314184, 2.7981818730734487, 1.5521556664932952], 