{"noise_params": [0.0, 0.05, 0.1, 0.15000000000000002, 0.2, 0.25, 0.30000000000000004, 0.35000000000000003, 0.4, 0.45, 0.5, 0.55, 0.6000000000000001, 0.65, 0.7000000000000001, 0.75, 0.8, 0.8500000000000001, 0.9, 0.9500000000000001, 1.0], "max_scores": [7.999969478280677, 6.5958382978672025, 18.328207768355306, 16.348308781032856, 14.481546878652193, 12.727922061355237, 11.087434318484586, 4.03168524080364, 3.729465890686684, 3.86372253387122, 3.995398403759669, 3.9793107311779874, 2.4698928350888205, 3.9928638476501863, 4.091157312237954, 4.248784528656063, 3.3288939422366663, 4.931580711913754, 5.629786287146706, 6.618077889512137, 7.967038711812657], "opt_settings": [[[[[]]], [[[-2.1861306847202706, 3.1105787725265066, -2.5965617322345884], [-1.779080532981436, -3.262497416532996, -1.9001825671365444]], [[-2.584648961805893, 3.0650742355093743, 1.9209026842290475], [-1.9766474428210288, 2.6397064828046894, -2.154886886759883]], [[0.05415240986361465, -2.9878332751797925, -0.41220609078250803], [1.7646863332365785, -3.060811116258511, -2.2527072285165497]], [[1.5802766129725472, 3.105052304865288, -1.8711327092910641], [-0.4740815726221547, -1.9012155407264233, -0.09015330594768575]]]], [[[[]]], [[[2.233864231325099, -1.0777673619987336, 0.21363475477476207], [-3.0138487675836125, 0.11980777472519592, -2.882316184227095]], [[0.8249390897631231, 0.5455495168852225, 2.0585254758647507], [-2.428603022599865, -0.6540496954984769, 0.17038989289243076]], [[-2.004068924770422, 0.8307433368218382, 2.0584506800936335], [2.4835882252994566, 0.1105739103917694, -0.9689082608228796]], [[3.0960827878185637, 0.12915123505781997, 1.944287627826104], [2.163176817169901, 2.245343440046437, -0.3547370530191154]]]], [[[[]]], [[[0.8086246573178357, -1.9027158174542318, -1.707636291658887], [-0.7419078778416951, -1.3138092042398735, 1.3930213787965275]], [[-2.435073648094682, 1.13124909167355, 1.0133304477028062], [-0.49603599170535645, -1.3413839561798475, 0.4665264730474239]], [[2.663743828806052, -1.148655018579051, -1.3592736837096466], [0.7924453804424136, -1.4707110971273154, -2.8119439527150734]], [[-1.8597861152007806, -1.3292448540061828, -1.1933839548646166], [2.8328273677135383, -1.929241880641883, 2.373084984793106]]]], [[[[]]], [[[-2.0957028202233716, 0.9054281438292683, -2.198661369524183], [2.9163565820686115, 0.8863170873201519, 1.1016794317316538]], [[-1.989516614275184, -2.289718041798208, -1.0714646926055567], [0.6618373655928517, 1.5772922152975632, -0.4257228145914729]], [[-0.003863854400866202, -1.232918201641632, -0.6834593171935879], [2.6876931601527567, 0.232128963600081, 3.0057477506912624]], [[-0.9118828095320722, 2.2117129806838314, 1.3578912883503396], [1.1075495756659837, -1.8245559223109815, -0.40113127193489717]]]], [[[[]]], [[[1.6472023977933892, 0.7588544946264612, -1.6135776803216912], [0.5605422060646877, 3.4198469393439916, 1.3886002693426214]], [[2.0727748655888947, -2.0854017762540273, -0.7022319255651812], [-1.904150269140755, -2.474572515706187, 1.8920360740331903]], [[1.9692054043078244, -0.8919336360616348, -0.22138695480197693], [-2.963220388073735, -0.8776587819952445, -2.6605902300246425]], [[-1.4518398783464812, 1.7533805363230868, 1.874492294708861], [-0.6782359720477353, 2.6465097228189127, 2.7101128161556858]]]], [[[[]]], [[[0.6457737235090552, 1.4416042274439635, -1.4031999466897014], [-1.0554294016130075, -1.5772960762386643, -2.4230485734716236]], [[-0.5859224256615477, 1.4745237724596312, 1.5358901631684763], [-2.431080563720936, -1.4979677399123321, -2.584033399417106]], [[1.7644396077150117, -1.1876183600014274, -3.0927842322216255], [2.837284160044194, -1.6899274684747543, 2.3711761575319334]], [[-0.5813235356250855, 1.4378649839402515, -2.7491571339773184], [-2.1117911774448768, -1.3497083604600004, -2.8379961531202826]]]], [[[[]]], [[[-0.38849751373799885, -1.8271406181052057, -3.0081898401080656], [0.8086777778127257, 1.7405495480037294, 0.07249519801798332]], [[-1.0763210312360134, -1.5101878806480662, -2.4308820752552394], [0.33642908846154085, 1.42812921463723, -1.7655346901001912]], [[-0.5603077819063237, -1.2640939504270172, 2.096225642329536], [-2.5554197345519682, -1.6437769521907162, 2.148627514731488]], [[-0.053269362544889995, -0.13691232080753188, 1.0534756245251877], [-3.0288289177966483, -1.6012424084998866, 0.5973634272427439]]]], [[[[]]], [[[0.865721417360541, 0.45924091198502687, 1.7528059432443328], [0.25312518049781174, -0.6687975022822734, -2.1611895928054636]], [[2.5843228611110978, 2.5206090557627547, -0.19718323604113053], [0.8827991070509003, 2.702130142328727, -0.7110494864095132]], [[-1.4217256628971786, 3.0521230891683717, -2.7811038739558023], [-0.3656168515511285, 2.9849187119012557, 0.24400626068140507]], [[-0.44032007700882214, -0.013365281990324579, 3.0190939868434183], [1.5009634574314987, 1.5070332552715853, 0.9919010902469623]]]], [[[[]]], [[[-2.670076392734757, 1.7350247085378907, 1.283550910908902], [0.7919199808693251, 0.17332799978023944, -0.7582511028298824]], [[-0.1809691213696381, -2.198656222323162, 0.4731717213775286], [0.18435507030722187, -3.340151049788875, -0.9222887326563831]], [[-2.2944572123644655, 0.9651115789236266, -2.1667516670511677], [-1.4211701467797435, -0.2700624226391188, 2.55185808921084]], [[-1.2262408296923029, 1.63752861509095, -2.3226345384055347], [-1.8151053705489408, 0.15343950673714563, 3.0421536836992376]]]], [[[[]]], [[[2.914656158126536, 1.1044168434167894, 0.5270930600496726], [-2.910019173065583, -2.723676598170748, 2.121687021941585]], [[0.4166327578449277, -0.29686638251402414, 2.887932773043288], [0.025650636028900633, 1.9909989793989042, 2.1811225805017225]], [[0.21471720597931562, -1.6325343726571553, -2.456453710942008], [-2.482047471409289, -0.6539949392241439, -0.9779064624711191]], [[3.0798383924004886, 2.989741626577589, -2.2777609302689616], [-0.14438400574230595, 1.0604681146499377, -1.64183144209239]]]], [[[[]]], [[[2.7075895042811418, -2.4804122420073718, 2.761311089405244], [0.5176023562029397, 1.5719854918691205, -1.5653062210854467]], [[-2.610961662619373, 2.5615697341116634, -1.512666221823094], [-1.7256793227585379, 0.33220643688922646, -0.796969122575788]], [[2.3510090155962398, 2.9413328439086746, 0.11091846841949769], [-0.817404774333936, -0.7654148432419652, 0.8659934968830099]], [[-2.1697612190252595, -0.44492788717217546, 0.6026142515256083], [-1.1039145466147773, -0.8701727220587991, -1.048932702318098]]]], [[[[]]], [[[-2.79536963000789, 2.396667577512918, 1.8880253273923806], [0.663452130224062, 0.25454734875827806, 1.950902383277267]], [[2.158104303224849, -1.8988277313168394, 2.4631122207549163], [2.223476207287237, -2.838014891179303, -2.680836291052754]], [[0.6757115907745221, 0.9831826297089303, -2.0641301800367318], [0.5189668616413534, -0.02059687898224783, 1.3663606359157123]], [[-0.09271165772922495, 0.26461418894057964, 1.0971302638306835], [-2.7894054621731224, 0.5971046651278689, 0.7187597383088433]]]], [[[[]]], [[[-2.1318317161272797, -0.7675493765233348, 0.3361205454580882], [-1.078396544951029, -0.8803877297926761, -1.28388345548322]], [[1.5931539677127153, -2.2630301761002927, -0.5748120339189007], [-0.2142520104175488, 1.8754682693963065, -1.3060919875127652]], [[-0.3010296391730295, 1.4262064325013113, -1.9163369374556063], [-0.726371265441555, -1.0815772552793281, -0.1791746276964865]], [[-1.0375745127395957, 1.9512019067046447, -0.6927808342265873], [1.6169494955233392, 2.882710059308426, -0.7731964875788644]]]], [[[[]]], [[[2.6701854556053606, 0.6779307358449068, 1.5766385830808396], [2.359481031525844, -1.1440780420675325, -1.5327530895804082]], [[2.096062805445037, 3.204046193901182, 2.5299313197404034], [-3.0908631144301304, -1.3398632350414024, 0.1676234236267522]], [[-2.727426030228522, 2.743184152347512, 2.700705415661724], [-1.0922189072596806, 2.7140967958291227, 3.0555656645772533]], [[1.5476939203871134, -1.2214826482256191, 2.4426367619685783], [-2.3915759369800322, 