{"noise_params": [0.0, 0.05, 0.1, 0.15000000000000002, 0.2, 0.25, 0.30000000000000004, 0.35000000000000003, 0.4, 0.45, 0.5, 0.55, 0.6000000000000001, 0.65, 0.7000000000000001, 0.75, 0.8, 0.8500000000000001, 0.9, 0.9500000000000001, 1.0], "max_scores": [1.9887689671429347, 23.676166586183808, 49.178598761816936, 6.527417300040868, 36.63572539814725, 6.867386734225291, 6.500589436909853, 7.836901397429582, 6.339567046409736, 7.910491290818163, 2.6197486987090755, 7.492954602799099, 2.5655736375669376, 7.7473952145278675, 7.9904689601319605, 8.180605142337162, 8.450077398040857, 4.943367060298345, 10.257639576670336, 12.600273442047161, 14.555487890607488], "opt_settings": [[[[[]]], [[[0.6252364689231001, -1.1798669468549001, -0.631728014716729], [1.3332238087067725, -3.0285996460623736, 0.25993860251738266]], [[0.40815431954968695, -3.017561316827553, 0.8089598919964365], [1.2709375550172353, 2.8269457098574895, -2.6901328369508315]], [[-2.186552856045929, 2.6024036498759906, -3.059191747041236], [-2.9489100599523015, 1.3341661912136265, 0.11311705611226451]], [[0.8694730204205859, -2.5448945606742392, -1.7317894202560438], [-1.9203664743236788, 3.099935638020305, 1.4369471224748454]], [[0.6856427400311366, 2.925010859577867, -1.6821559185659056], [-2.263481158571787, 2.554934329363851, -0.6140774486860647]]]], [[[[]]], [[[-2.3350449531173574, -2.6182764136970405, -0.7355075228702046], [-1.9226636621206517, 2.998225746126622, 1.4475125073917985]], [[2.582512717533408, 1.3393524602745734, -0.13027552467194203], [-3.0539857739861627, -0.6262031087392594, 0.03760327560415977]], [[-1.1576476170593122, -1.7659560944028836, 1.458219162628068], [1.5124677927322046, -1.040583651034581, -1.3054616069749125]], [[2.8674123976157597, -0.4147273508838185, -1.3176567630646823], [-2.556119445735928, -3.0905609448096274, 0.31327009214752044]], [[-2.5611606119765415, 3.0118644653089435, -2.4410389674106967], [0.13189212156950295, 0.9575779457021169, -0.27445108846198085]]]], [[[[]]], [[[-2.7365311607083864, 1.3158573975539327, 3.13331505490265], [-1.504226439049106, 1.272065379178857, 1.1247959303006958]], [[-1.8839390091920283, 0.278540860772247, 0.43892879141496577], [-0.9154429873033805, -0.795473125294741, -2.5346330665093912]], [[1.91398996756401, 2.602441027085135, 2.382847639965778], [0.5658801048531803, 0.6609048343963045, 2.9739868812677113]], [[-1.3354883700469249, 3.0058648984248, 1.575415561937863], [-2.8357211757185516, -1.079811899673113, 1.8291462216322918]], [[1.889305901474776, 0.7752021016600463, 0.9508112833083349], [-1.300111411838542, 1.6692641783024027, -0.8046978951094026]]]], [[[[]]], [[[-0.8116716268964348, 0.29110321095102587, 2.6910788175252396], [-2.41161219826369, 0.8016065473761724, -1.212176304219302]], [[0.4867563227104646, 2.0703200990002366, -0.9392726474440276], [-0.1936940770337101, 2.089980271032187, 2.743271581082648]], [[0.25337202528201835, 2.6471658847976745, -2.162515876665835], [-0.5518881528242108, -0.1868040042567632, -2.9136986473322968]], [[-0.8733077045291509, -2.387495730970486, 1.2912958126333107], [2.7778880112130766, -2.960067514581389, 1.0049386532906235]], [[-0.2565254666939766, 0.26574112066828154, 2.639750938056924], [-1.6797435505036937, 3.1831210391465765, -0.15631480982805046]]]], [[[[]]], [[[-2.943485470266735, 0.2851450045727476, 2.3027444990822197], [-0.24976076516392665, 1.1840593771604853, 3.0659137959199123]], [[-0.3959002298529189, -2.2975526639264983, 2.684357038801185], [0.7236849488959227, -2.4748328168636795, 0.3401375332867702]], [[-1.7245256895275571, 3.0554857373281754, 2.482365412829963], [-1.0511903188863612, -2.3771111165102536, -2.3284991268912387]], [[-2.212152885375846, 0.6216491029511044, 3.0974192662586475], [-0.9354930960817142, 1.662462124788796, 1.5446838809366756]], [[-1.6859712986684077, -1.1934465762221251, -2.599807368933344], [-2.2987706610098217, 0.5548549478868136, -1.8070464825870665]]]], [[[[]]], [[[-1.2210859400861684, -2.119027930882185, 0.20615591080945528], [-2.038043385226707, -0.9061014289605157, 0.9195056263255719]], [[-1.6875438489994148, -0.6897597582013486, -0.3474571923419538], [0.14789740210202262, -2.107992938046437, 1.786730005953519]], [[0.838914926781585, -0.6231962998589333, -1.2117893675479174], [-2.632153951696101, 1.8674795971731322, 2.1215066331714674]], [[-1.7846695046044587, 2.8769012443577995, -2.9004241103419557], [0.2002713774252443, 0.29805475955692967, -2.4543350094554626]], [[2.064570563831619, -1.42920396541697, 0.944481679830945], [-0.048555018891272506, 3.1685423282666103, -2.339447730713081]]]], [[[[]]], [[[0.30499363866241946, -2.3260246564006977, 1.5366019665988686], [0.41247441794384215, 1.0399598367874932, 0.5278656585434227]], [[-0.7270440093831433, -1.1147877592993949, 1.2037275629872077], [2.4775127951475717, 1.3261301672017896, -3.0948984521084575]], [[-0.7506033478306052, -1.6095175045417751, -0.9929763519101202], [-0.7627852457615361, -1.0526473013479445, 2.117170162785465]], [[-1.7086545343776707, -1.4788119631505185, 2.307540862315969], [-1.6280738739698803, -3.250731252634679, -2.5156703601537327]], [[2.57953894868965, 1.0318864971481805, 1.7370056674568648], [2.1070721933197354, 3.0540607159821356, -1.0802367516931337]]]], [[[[]]], [[[-2.4104408050530424, 2.8281998025005155, 2.738944061766568], [-1.5736551412767814, -1.0987995029069164, -0.2148978109460833]], [[2.4053295189719277, -0.17233957579082987, -0.6895794871871623], [-1.1736659244801155, -0.7755048198881125, 0.5469946718877554]], [[2.2187129553631575, -0.30680355740857523, 2.1170977904148733], [-2.0735588740472317, -3.0813529203972028, -1.8483793496811296]], [[-0.9428865833988076, -1.3126167909596227, 2.663883709249883], [-2.04739639658691, 0.466724194090257, 2.2438377432996255]], [[-2.2014166797400114, 0.583150871237323, 0.5237646680515917], [-1.2060213206713477, -2.617761284933662, 2.9070390640964456]]]], [[[[]]], [[[-1.4493322338946584, -1.8095901765682656, -1.3808117482887643], [-1.0877262052365448, -0.7932163425279997, 2.9355950545845895]], [[-1.5269485950118935, 2.406796115800833, -0.12965392862553582], [3.124033661874281, -1.2322548643762166, 3.099944419584931]], [[1.1698067770236136, 2.920750262161592, -1.5227965234882668], [-2.22620278902817, -0.07241637771920736, 2.1518147760630173]], [[-2.9158917356372522, 1.9953558153829736, -0.8684568239439048], [-1.290401086534302, -1.5710814240249331, 1.4627034901640847]], [[-2.4845569293711978, -0.6845894539902924, 1.913195840142901], [-1.1391663489288062, -0.8835293515812226, 1.3071012675498528]]]], [[[[]]], [[[0.019028949369383055, -0.4320489148083849, -1.1298150142978058], [2.8361393785175757, 0.8128530030259338, -0.7819152359063519]], [[1.3241340223602303, 0.14972012698803866, -1.6248665144599106], [-1.2482579963414075, -2.2419733887085784, -2.0787953681931146]], [[-2.2526004825935377, 2.4596779683502024, 0.3504380086366381], [1.2115153966010832, -0.08611390232543845, -0.6211302298285237]], [[0.9934152327550719, 2.774667487994525, 1.0390294654443535], [2.757188588253197, 2.7439598130058656, 1.1082039043698027]], [[-1.6024448659158093, 3.0030355171809995, 0.6501834301361167], [1.276528777317394, -1.2473043718147407, 0.30232414122538964]]]], [[[[]]], [[[0.5204613480135661, 0.1655515038940723, 1.1453752553276972], [1.3988517549718327, 1.0112268479768578, 2.1313619208828243]], [[2.260601066239398, 0.6985286686067704, -1.2337154288912533], [2.2892151539248733, 0.20336501508310123, 0.009818701413669894]], [[-2.092940819387755, -0.901099029615066, -1.4848866829031895], [1.1605884599914646, 1.5052196458380676, -1.4794946342658226]], [[2.2586555021596197, 1.0949211968617716, -0.14787628219753612], [-0.10374969801602847, 2.7518506023669067, 1.1892784312191491]], [[-2.9348525159388, 0.6580525084240034, -0.6980137797042523], [2.2258631695514506, 1.438422672771275, -2.475017356749195]]]], [[[[]]], [[[-1.0745110249368293, 0.9259117759473489, -1.2096121883856032], [0.26056931773550196, 1.5243641363097633, -2.1567907277805736]], 