{"noise_params": [0.0, 0.05, 0.1, 0.15000000000000002, 0.2, 0.25, 0.30000000000000004, 0.35000000000000003, 0.4, 0.45, 0.5, 0.55, 0.6000000000000001, 0.65, 0.7000000000000001, 0.75, 0.8, 0.8500000000000001, 0.9, 0.9500000000000001, 1.0], "max_scores": [63.99999999191429, 56.29748413561661, 49.179742165405074, 42.63117342327577, 36.635558508912126, 7.613839764336342, 26.237649969540584, 7.920193360453322, 17.84598647975252, 7.973485191525989, 11.00349153943428, 1.9354965434791622, 7.8668016452029565, 7.951065393802314, 7.910390547574854, 7.759675164355413, 5.659583180855349, 9.233502282075401, 10.549796407717556, 12.494354524116773, 15.962107016310009], "opt_settings": [[[[[]]], [[[2.7957803931902783, -1.274541326347499, 1.2940743878118024], [-2.1602069323508197, 0.042589985061462, 0.7363194495969703]], [[1.375924296250613, 3.1113344498792297, -2.5826549128336187], [0.21971527891456352, 1.2670620486744166, 0.27650599027811706]], [[0.9087904384167503, 2.56279670647682, 3.109500763322383], [-1.2383429041650507, -0.955711444531522, 1.2056796908031915]], [[3.14212596835133, 2.253609120916375, 2.8055591656937606], [-2.8994139613927623, -2.4953844360126523, 1.079499232822779]], [[-0.8060195824228115, 0.29883823521589875, -0.06013673179161394], [-1.6774299433106483, 1.184085269523339, 2.4889135547029753]]]], [[[[]]], [[[0.34359703445923695, 1.8648202402475476, 0.9236520226878966], [-1.5079687074807364, 1.6431388441090027, 0.5433337344868652]], [[1.2217389462883006, -3.1911128510714106, -2.4877730144049863], [-2.0842339741550813, -1.1880209176940266, 3.0966468536859946]], [[-0.4447175068335945, 1.1278512191291743, 2.503854486033881], [2.1621916810084287, -0.7423276954225182, -1.9996572408793638]], [[0.13999869382549526, -1.176065912608247, 3.054743949465558], [-0.36677928662784987, -0.8553904129765248, -2.670046593473276]], [[-2.989392943405845, -0.8463856107815688, 0.983789144741614], [1.087845828166659, -1.173515156460098, 2.6496274568483944]]]], [[[[]]], [[[-0.38068898154876873, -1.9052491614359646, 1.9101908203549751], [-0.49824975742434696, 1.570735928062422, -1.0708633447865288]], [[1.7297817581572548, -2.2866517442964795, -2.5939715267650327], [1.3698949943327623, -2.0646888481693906, 1.5509142909067046]], [[-2.0262480043229854, 0.9740342945258036, 1.6330637145779106], [-1.5790411186517403, -3.0659051029383524, 2.797909655029371]], [[1.4651477835642555, -1.0344215207381686, -2.3524356235442223], [2.3831890723689506, 2.137505321720033, -2.6440439805051645]], [[2.317766047805177, -3.3653034421910504, -0.5801979618440005], [2.984568430281938, 0.11181380553007414, -2.092818175828667]]]], [[[[]]], [[[2.2340756735509633, -0.6817541817409236, 1.8190182264822337], [-0.9470662866988784, -0.13829705619743737, -0.3752153039795094]], [[-1.947272529639525, 3.2241995230496716, -0.7246420527304056], [2.0992305412948746, 2.1589251558627596, 3.022530730631848]], [[-0.14659252347853147, 1.9618277693049873, -0.31187148971315404], [0.17165509165506068, 1.8620765783172104, -0.8297206900470853]], [[-1.2105769877745018, 1.333014263105137, 1.3450939771847974], [2.5707234823919047, -2.8237676970686856, 2.918130169801314]], [[-2.5268884348965903, 0.8680200956821829, 1.586470136433701], [0.46895942766905224, -1.3157640345525932, -2.283111249752383]]]], [[[[]]], [[[2.4431269437459995, 2.0363756988094552, -0.7895311836606411], [1.4243009578198573, -2.243933059300551, -2.9361560745660746]], [[-0.9999814742965786, 2.0665596752650113, 1.3486766651888846], [2.779108559940902, 2.8900860037161964, -2.7259660007818347]], [[-0.9203202291194255, -1.1214952956360507, -2.20291122256285], [-0.747383189276548, 3.3095441772635072, 2.684351519735661]], [[0.9394385066019572, -1.7619537521463624, 0.046370196044347896], [0.13126559382819683, 0.3523229903989969, 0.4361083516619013]], [[-1.5872755519330861, 0.2628497596303265, 0.9003682548283738], [0.14650505155964014, 0.6961376448913483, 0.6407252686563982]]]], [[[[]]], [[[-1.7332080061805748, 0.5088289237776085, -2.5185255655766703], [-2.3803416447510584, -2.113390141083468, -2.6690130804649335]], [[-1.403539632777094, 2.5905651811515953, -0.5832951942477722], [-1.1014884448766966, -0.5449232760737174, -2.3937671182820823]], [[-2.074526850283938, 0.1637636915000124, 0.2774345909392091], [0.4952544766605159, -0.33248542649585017, -1.9516785895210382]], [[2.347466177528405, -0.6833027175988592, 0.508292517840224], [-2.9316145652687577, 1.793052909861063, 0.34521081767401496]], [[-1.4716403888979448, -1.0915332195765575, 1.6716868768547064], [-0.7069239535192199, -0.1606229799135601, -1.4313305392681637]]]], [[[[]]], [[[0.4917108550027842, 3.0692771659439346, -0.595294779465072], [-1.0542319890750336, -0.7279108960775592, 1.2603152775472042]], [[-0.5018341989342664, 1.800336632318025, 0.706412506664094], [-1.6929115709749378, 2.348110969081557, 0.07270617030296744]], [[-0.15898867426109375, 2.1286123644907566, -0.1916136767970218], [1.827449356921546, -0.887514197711537, 0.6338110891204183]], [[2.729782140847258, -2.548772538397869, 2.783129140863406], [2.989224507123155, -2.2266680278931554, -1.0562400831733103]], [[-1.3831377374552096, -1.9573708984818894, 0.9860563614163302], [-3.022066267907914, -1.81764143083834, 3.0593460501765826]]]], [[[[]]], [[[2.588265938466311, 2.525949469164799, -2.307894190640263], [-1.3003607079964707, -3.1142337472251973, 1.7510604275249886]], [[-0.24692675380723506, -2.435563885938004, 1.650329861957438], [-2.6213972081663086, 2.1829555166962527, -0.7494967365804404]], [[-2.5226032559308518, 0.1114779255075228, -0.7941267382452151], [-2.3587755751622126, -2.6011583461204277, -0.3447723787970398]], [[0.6191002563963043, -1.3614440470837583, -0.8627619079744968], [-1.5996364733395572, 0.6561011980503352, -0.6988264472418546]], [[0.9645081955750293, -0.40268394035197674, -0.1986273064201174], [-0.6368037173051823, 0.4859083255486307, 1.8922926306725483]]]], [[[[]]], [[[2.0097624110073693, -1.4913561835196767, -2.8225618183325745], [1.8372081020457718, -1.4963749029583415, -1.752833369895903]], [[-0.8561216941299905, 1.7988360313827185, 0.773256501096049], [1.294298311234584, -1.4775717154814019, 1.4152362074319402]], [[-3.0431369865886535, -0.6588084695294959, 2.004127039458388], [-1.6681619901684637, 1.958130846976765, 0.3262097124653516]], [[-2.518604812455503, 2.7310946275426993, 1.4446808802507949], [1.0546815684676716, 2.626534342725611, -2.6326056378494487]], [[0.8016173260984631, -0.5040527318420536, 2.3567337653036153], [-0.9191161670023161, -2.542986104110614, -1.7400314321090171]]]], [[[[]]], [[[0.6984933236369318, -0.8602210875233259, -1.441516559759734], [-1.5544488152337101, 2.38695127540884, -0.33546570182648194]], [[2.9032185844403595, 0.5431593468443622, -0.19421901807428066], [-2.452378673079183, 3.0663158385178524, -1.3572559488740936]], [[-0.28715298512374027, 3.027006518788811, 2.12476512942758], [-0.5590104194879407, -0.09062861264959501, -2.9463071474114626]], [[-1.879708661581727, 2.4051568135495742, -1.8774832440376326], [-1.6788068109996068, 1.6991614463210234, 1.1493463743220529]], [[1.8907848744747997, 0.2022279219218779, 1.6722395296793335], [1.5666320213788756, -3.090175716803054, 2.39860127660424]]]], [[[[]]], [[[-0.31058629363074053, 0.9808862133812004, 2.100007706529232], [-0.569868218040648, -1.3100001426500032, 1.7095961798770603]], [[-0.580650762567367, 1.8624594807053836, -1.2950641564903784], [-2.6724191433886006, 2.076406652927549, 1.4994871587084333]], [[2.527700804261149, -0.8523097361696014, 2.0443674656185067], [2.867372627333068, -2.3232037025405416, 2.626173489120128]], [[-0.7458102054700997, -0.6826662493954008, -2.5159465194654396], [-1.021370977605296, -1.4201672156935086, 0.6295581030196313]], [[1.995287389924253, -0.7378989077727438, 2.833214200297654], [0.0041689639177902044, -1.854002728758044, -2.811204358550644]]]], [[[[]]], [[[-1.1755763676946909, -1.5193532707417134, 2.3050534871847823], [1.4292886868511911, -1.268852817276229, 0.2989686590916607]], 