{"noise_params": [0.0, 0.05, 0.1, 0.15000000000000002, 0.2, 0.25, 0.30000000000000004, 0.35000000000000003, 0.4, 0.45, 0.5, 0.55, 0.6000000000000001, 0.65, 0.7000000000000001, 0.75, 0.8, 0.8500000000000001, 0.9, 0.9500000000000001, 1.0], "max_scores": [7.999999999999998, 7.407563702054814, 6.830519745963628, 6.2692902309591645, 5.723554517854756, 5.196152416862689, 1.9515780886621157, 4.192374023478298, 3.718063911671452, 3.2622559784014333, 1.9984673626240335, 2.0231936506016024, 2.0226621484514435, 2.056328193669615, 2.126303463227177, 2.242707366270799, 2.4319629690613622, 2.6859991359733737, 3.023941307552669, 3.45799991278799, 3.9999971862050465], "opt_settings": [[[[[]]], [[[1.8228680298127877, 0.9561233283470006, 2.824468282037759], [-2.4678323109657416, -1.9637074705924187, -0.6578466681353716]], [[-1.5585173587711805, -1.84369853227021, 0.9710334718901512], [0.08648464220469629, 2.09049856640151, -2.8239699843607236]], [[0.7742121878839304, 1.7678037880421364, -0.4504879001615074], [-0.3070854523877986, 1.1208944319456513, -0.2539241990052359]]]], [[[[]]], [[[-1.0626076624042273, -1.276694661857961, -1.249442575590171], [-2.3356729440398354, -0.7960149674333293, 1.0848814183708964]], [[1.5962410759989472, 1.7751719552043257, 0.8720209461805783], [-1.1178513481649643, 2.540898318675408, 1.1833013017422296]], [[-1.2718808676334128, 3.5851454002906915, 1.5349170003622037], [-0.48034342243493056, 1.2293039946700817, 1.4004227812937469]]]], [[[[]]], [[[-1.7742140379927935, -3.2311207229545866, -0.7308393676674361], [2.8708749390380666, -1.1276362706904377, -1.57046645550135]], [[-0.5792437571790752, -1.2997894045009362, -2.4912861527885446], [2.9943274345774373, 0.44327510731033537, -1.3703255634921998]], [[-2.3486741940068034, -2.007026338369725, 1.2512542825703008], [0.7486766855598649, -2.583745041742319, 2.9943473497060626]]]], [[[[]]], [[[-0.8001820891217292, -1.5528452745108043, 1.711105460359848], [0.7927254893351398, 1.5563873770400822, 0.8320474797590536]], [[-1.0022961408514623, 1.5948500671536188, 2.7413572607555228], [0.6283718194266215, -1.5547833961929327, 2.472084114706073]], [[0.20784820289908143, -1.5417480434087847, 0.39946829787525573], [1.74424452582623, 1.6113516950348894, 1.970980221528717]]]], [[[[]]], [[[0.12879341932354943, 0.13042540075873382, -2.075834438153359], [-0.07058297462492262, -1.4794806019673257, -0.42324369521804117]], [[-0.47263676741741667, -0.8101946756872443, -0.037780879409501734], [-1.0952182066808525, 2.998073542840091, 2.371687656216201]], [[-2.5577661877348348, 2.2658993801379324, -0.005134439494898256], [2.432175859684604, 0.11291360646118159, -1.9207128051242686]]]], [[[[]]], [[[2.0027242376465684, 1.3899433207063103, 1.372528671537375], [0.7969830649901898, 2.578043280301768, -0.4426233099738286]], [[2.752585514917196, -2.692635071438278, -2.093265975674468], [-1.788613884762123, -2.39256544065551, -2.015855395797544]], [[-0.36547337186023404, 0.7065201619921682, -2.7585067565450023], [1.9764002564610625, 1.1235858324472903, -1.8713653279299105]]]], [[[[]]], [[[0.279941797403423, -0.3550430306422022, 2.4283016176925347], [-1.6593752297278903, -0.5367834529232324, -1.1418001004323657]], [[-0.5579493424333484, -3.128632427923474, 0.9510392689399563], [-2.2255803803146543, -0.05403198395758932, -2.0940441266962733]], [[-2.2433233075701877, 2.104966636884141, -1.7656703771254074], [0.6804507993049497, 2.928326094389414, -1.2349242608677566]]]], [[[[]]], [[[-2.2067693608746812, 1.7882945640947159, 0.8617046467023979], [1.9594503361154885, 2.184711651453732, -1.029324113138201]], [[-2.7652835812978256, -1.3160098508463258, -2.176631853062818], [1.2949473014684987, 3.5878684813487247, -2.745160687643283]], [[-2.4487087292454435, -1.691730127080863, 0.522529611667486], [2.1013902872445316, -2.3478285692684717, -0.25668052480072046]]]], [[[[]]], [[[2.946221666451274, 2.4411073852506457, 0.4785349803298957], [1.9125375015236534, -1.5650010643214014, -2.1829835528873307]], [[1.2898719510767507, 1.0475663659371972, 2.618378396467617], [-0.0689902331633974, -0.7491655517242125, 3.0928982631566573]], [[-0.07955108509014727, -2.1438039227098957, 2.577844993169938], [-1.5059262438381908, 2.157256520546984, 0.6467956689888474]]]], [[[[]]], [[[2.176826819066016, 1.2890501912250971, -2.5789912131647297], [0.23908064053260053, 3.088818105614235, -1.468672738639894]], [[-1.5240198230794253, -1.2667144079675126, -0.8604462746796733], [2.6797125519699416, 2.360810700678262, 0.49377985937038105]], [[-1.8355274509240784, 2.50589027369858, 1.704944733463397], [-0.5553442295685402, 2.338975051801256, 0.9831636933182164]]]], [[[[]]], [[[0.7811482270086373, 0.688040458655657, 2.139562898139629], [-2.87173833993889, -0.16024385902347643, -1.3494547872708975]], [[1.171336743550672, 0.25110349283638744, 1.038294911071893], [-1.3252967186973683, -0.25376951577004075, 1.6835639071208996]], [[0.5813790589270862, 0.38083268879831655, -2.4288901143451174], [-0.49036272028707134, 2.857862268704772, 1.7728254914095665]]]], [[[[]]], [[[1.1274501116457265, 0.5673753195156581, -2.9211243283346944], [-1.4134367482081462, -1.978075671700678, -1.2022628902501433]], [[-2.8588802789528476, 2.942325772504454, -0.4256374545325179], [2.0628251225755383, 1.219449803260511, -2.8414306185219775]], [[-0.886373117682714, 0.7610518826927922, -1.5739529216851373], [2.3476138960422475, 1.5894668009776312, -0.03013846465304183]]]], [[[[]]], [[[-2.150497698270006, -2.8935649543363584, -2.0905060946163045], [-2.9664774969116583, -1.105665567615596, 0.086681554115859]], [[-0.6491954197440513, 0.5422631674480306, 0.13765112812912017], [-0.9056125699588878, 0.05982802699337625, -2.8752455395216994]], [[1.137076790337318, -2.4474058327170063, 2.2716925218527644], [-0.6598939497085171, 3.007973935389838, 0.4783439729189221]]]], [[[[]]], [[[2.8953904377646866, -3.148345249283993, 1.749101191226277], [-0.24317586998937057, -0.9038812042437591, -0.21342203705541032]], [[-2.892439501103029, -2.9899296234977473, -3.0081960163894106], [-0.3211659302113829, -0.1384066178069038, -1.2022370039136117]], [[1.1291061197824086, 3.0969817551642373, 1.5073494233385611], [0.958577790092895, 0.9633561842922246, -3.101192563156655]]]], [[[[]]], [[[0.4026238480481559, -2.879648585039885, 0.053842451744166936], [-1.1131733226415732, -0.8006676714139007, -0.7264169111737222]], [[-2.834026476034184, -2.6478877447986813, -2.848678787581442], [1.9185353285789428, 2.530172543451674, 3.077323518443303]], [[-2.5713536107174453, -2.530245887437662, 0.7822937360395481], [-3.036576789764107, 0.4071207102157478, 2.0790618760692103]]]], [[[[]]], [[[-0.6558141903612453, -1.08742483650201, -1.9006534499379137], [2.365161174475639, 2.326996558793213, 1.0961449050511085]], [[-1.8781921039032188, 0.2824112166820963, -0.07963158334346866], [2.0401127101286654, -1.3409334676695657, -3.1005065472253803]], [[-1.060767931638482, -2.1951334017734587, 2.304348171725424], [2.852123824098055, -0.9297914623105679, -2.438298916255677]]]], [[[[]]], [[[2.9387565880832125, 0.2500680254292209, 2.2193040432942865], [-1.8185540308243595, -2.8932713236075442, -0.18194472445196344]], [[-0.9180192560452984, 0.795605068159047, -0.7503739337240574], [-2.5414339634698226, 0.9349688623219646, -1.4540304524863328]], [[-2.972567451479026, 1.4317609770549167, 0.5748381099960769], [-0.511209841410056, -0.5096704263600862, 0.15477939626394122]]]], [[[[]]], [[[-1.0847096572478765, 0.010777528252794683, 2.551909630036042], [-1.7333735909174859, 0.012185371837408261, -1.048364832649003]], [[-0.9794249970351196, -3.1025005443303693, -0.2160606601017104], [-2.2690939734752504, 1.6779611519034936, -2.89459830362376]], [[-2.6841048327890746, -3.1035212413552724, 2.5181491959887365], [-1.7097611850815673, 2.791762877401818, 2.550437663982886]]]], [[[[]]], [[[1.7713832602239699, -0.03087310403911843, 0.4243693272884], [-2.8678893581202134, -0.44203461268395405, -0.7209222141742306]], [[2.9478294365768933, 3.1427076921656103, 