{"noise_params": [0.0, 0.05, 0.1, 0.15000000000000002, 0.2, 0.25, 0.30000000000000004, 0.35000000000000003, 0.4, 0.45, 0.5, 0.55, 0.6000000000000001, 0.65, 0.7000000000000001, 0.75, 0.8, 0.8500000000000001, 0.9, 0.9500000000000001, 1.0], "max_scores": [22.627416997969526, 20.4212438406675, 5.638399999969051, 16.348308781032983, 4.5154737020531694, 12.72792206135786, 4.102310732808336, 9.560083681642128, 4.006399999454391, 4.000399934106203, 3.999999992828399, 4.00039998830048, 4.005097798249857, 4.031367278730565, 4.102398470939216, 4.249844469383346, 4.518399867779033, 4.9603999999985975, 5.6383999992649, 6.622807849122889, 7.99999999999296], "opt_settings": [[[[[]]], [[[-0.3928895417881819, -1.5718849559086627, -2.574521151524921], [4.308798159688736, -1.5727620986506856, 2.2874387774735885]], [[3.748644117191435, -1.5822919563261781, -2.9610130202831497], [-0.9546388511238271, 1.5707343432758127, -1.8498070037900844]], [[-1.5099544535396863, -1.569224918023825, -0.14921020580840946], [0.0501720734518797, 1.5709107143352847, -2.91196248927243]], [[-2.6194194719039685, 1.5709488205067623, -0.1290177046138218], [2.0823206959823826, 1.5682650926407207, 2.7700786680220446]]]], [[[[]]], [[[-2.1595993410161802, -1.1342570241272956, 0.4494017877427523], [2.794679844851951, -1.9666517749565955, 0.9391172347527998]], [[-0.17434792743153846, -1.1287730708267367, 1.7962497230275503], [1.050304298653502, 1.520956213202963, 1.341992010764531]], [[-2.1319646570996653, 1.7018590387415644, 3.1411478424232673], [-3.3560069317115033, 2.1925395449040885, -2.9321667946142953]], [[-2.5146209515695936, -1.6065339432820902, -2.0276882400546254], [-1.274058656704839, 1.9918295374218733, 0.5187385551728552]]]], [[[[]]], [[[-1.7533896714532047, 0.0027467263661724232, -2.5734230169127272], [0.5480481443230354, 3.060962822189, 2.6936426465106154]], [[0.4449371455147714, 3.136523011194198, 3.0993921893619385], [-0.3253967105014036, -3.136479520827096, 1.766634482919672]], [[-0.7973270721100777, -1.2690444830252716, 0.8130529222328287], [-2.7231817641605125, -0.0007763992688390661, -2.021322506818392]], [[-2.374138271622283, -3.0714800147593233, -1.954201879805143], [-2.064060788215357, -3.1160811237502735, -2.4241028693275073]]]], [[[[]]], [[[0.600009650362111, -1.562434493349911, -2.502820444319139], [-0.8296532310634258, -1.6026103208168339, -0.7157213251659287]], [[-0.48687924519092507, -1.5009558715377684, 0.21762095779367258], [-2.1751829482060345, -1.5702967718029075, 0.7435868943306922]], [[1.2889331687981984, -4.454650992909688, -1.8307080273170677], [-0.05545072562907001, 1.5318622665963502, -2.311324245353561]], [[-2.323054062279856, -1.7026303893244932, -1.478427375090773], [-0.7390772586570348, 1.6256003979319134, -0.059500341731355086]]]], [[[[]]], [[[0.20865207746427566, -0.07808414730575368, -2.0622586110908148], [1.6480359254053616, -3.0627882316856767, 0.7476998449988779]], [[-2.4699875264060895, -3.1030351883436067, -2.580160809496194], [-2.6194356943143116, 2.8746689200403135, 1.4097144987123968]], [[0.1092134397337863, 0.009290318227327201, -1.0582493804803863], [0.36826204960692016, -0.611054545401269, 1.8217925604954255]], [[-2.451926172625431, 0.5690990632258848, -1.8266010489391213], [1.070669024757889, 3.150796373760037, 2.656532390870135]]]], [[[[]]], [[[0.9480000882863852, -1.6902446799274344, 0.2803313988847953], [-3.2951513664453875, 1.1756755391552303, 0.3654026246258848]], [[-0.12064545812726152, -1.3720143975823507, -1.2570014404525651], [-1.4437829231815085, -1.5405838527281128, 0.9487851553264539]], [[-2.6809726824826536, -1.601389830014211, 1.6740506144852354], [-0.8492168977879383, 1.7349440822406035, 2.0103820129086296]], [[3.536592237091025, -1.6599688337109477, -2.8783871369899527], [2.4089607381767153, -1.864290323960972, 1.237805756081248]]]], [[[[]]], [[[-1.8191504858767804, 2.461545123413363, 1.0374661098150213], [-2.4475650306197543, 0.05019180184282604, -2.426509259625364]], [[1.2204750235923219, 2.9105038318428655, -2.637001383016523], [-1.769963247496153, 2.7593149908113856, -2.268405873121526]], [[-1.4235903139339767, 0.02730698295241411, 0.7518108062103921], [2.344163189441666, 1.154653496733777, -0.011580254868597326]], [[2.8975281088620344, -3.0601744829676205, -0.4861374975040702], [-1.7470426435440203, 0.3888440978175802, 2.5270721609282365]]]], [[[[]]], [[[3.341140791443861, 1.571927651380094, 1.7003716294823032], [2.1958805866895013, -1.777628731358457, 2.7674533053837704]], [[2.46548195434501, -1.5996184353863698, 1.4217030339112542], [1.439996928915462, -4.131225529298657, 2.008981876071757]], [[3.711785833349813, -1.4400435247794339, -1.008238455344777], [2.6359589972265165, 1.6588401651635052, -1.1601262642057746]], [[0.2659695253661579, 1.4035144130762154, 1.7720083929412596], [-1.753522312581751, -1.5377026518139727, -2.6037494778554704]]]], [[[[]]], [[[-0.4317036766906058, -0.04164180934387152, 0.7730613689763217], [0.6179828709976024, 0.05754995611764349, -0.5351188614288822]], [[-1.6415486013546206, -1.7151978909782128, -1.49220762207151], [-0.17893232303191375, 0.006077528762061838, 2.3049541878369766]], [[-0.9900741955053844, 0.12327767419295205, -0.13470888700566921], [-3.0786956493214697, -0.0844762418492069, 1.597694508970232]], [[0.7975365963096028, -0.0683185074181395, -1.7585933149890676], [-1.2383643862909803, -3.0746355274604147, 2.96191792085507]]]], [[[[]]], [[[-1.6572175207379127, -0.027182561909476058, -1.8948794628218355], [1.598293353712839, -3.0621669885633973, 0.7537003172588141]], [[-0.06923000269603749, -0.011622000725247874, 3.056379271630856], [0.8168382242983916, -3.0382883514253463, 1.5020073200827682]], [[0.4893336366696788, 0.009322051532123468, 1.340729377650864], [-3.028374203941599, 1.9300241098724422, 2.1390986467677795]], [[1.329816721327628, -3.033663202116005, -1.6069530172208293], [1.9979436708579452, -3.1288008822422197, -1.485545624307335]]]], [[[[]]], [[[0.9814263754962087, 1.500243186780037, -1.9749267611743921], [-1.3963239010110093, -3.0673460739959024, 2.296041866214069]], [[-2.030174395929509, -0.03942607621396986, -2.51005480978265], [-0.5794795133114589, 0.3833780310916758, -3.0577537057403505]], [[0.8999770274692259, -2.769953580379737, 0.5290720179233599], [2.298986102013238, -0.21021092922777151, 2.5316829560457874]], [[1.300892234296688, 0.3737554698648205, 2.965873549264865], [0.8733939894509201, -0.14758304749240655, 2.673958334143495]]]], [[[[]]], [[[-0.9076739726202121, 0.007372120366282691, 0.1928236079079016], [-0.3337405108494642, 1.38159427603086, -2.135735427099103]], [[1.087683382870444, -0.12042643267523433, 0.8650116761482547], [-1.6275324327728522, 0.08097039068230188, 0.4272045656193302]], [[-0.41927592972859723, -2.8608258145119514, 2.5445037239468453], [0.5478522333403233, 0.05956350608829726, -1.4997187314877498]], [[-3.1253554350596757, -0.07030341371155749, 0.9384493476238767], [0.6082634070143822, 3.0605830257841014, 1.1727435163174267]]]], [[[[]]], [[[2.6182856495418423, 3.0814046606045014, -2.837546646439256], [2.5616456953265714, 0.8112692857416809, -1.5338979397555985]], [[2.7468537076500366, -1.027975776716151, 0.2692537972223987], [1.618416663688018, 0.02137715482538775, 1.0858701098116628]], [[-1.679419545710114, 0.16830672729296972, 2.3187444642464126], [-1.1686138804449162, 0.35930649060781006, 2.1466560602754576]], [[-1.6859779238707482, 2.942298265915364, 1.438067489287433], [-1.8365151164410554, 3.1396931624693702, -1.9172092087236385]]]], [[[[]]], [[[-0.036932586180607914, 2.4142719600312725, -2.6609192278154676], [0.09563386211131839, 0.008950571033333297, -2.708705261049044]], [[0.7907765343008254, -2.8244858157532855, 1.0017703896465227], [-2.5621035721673695, -0.03395194627713798, 1.1964731565777278]], [[1.9375674995881111, -0.009078686620884872, -1.8203613244544414], [0.12496312009229944, 0.3547172146889278, 0.6542593362533795]], [[2.9708483115550903, -3.0600451977426237, 0.7095004147613757], [1.249741494992366, 