{"noise_params": [0.0, 0.05, 0.1, 0.15000000000000002, 0.2, 0.25, 0.30000000000000004, 0.35000000000000003, 0.4, 0.45, 0.5, 0.55, 0.6000000000000001, 0.65, 0.7000000000000001, 0.75, 0.8, 0.8500000000000001, 0.9, 0.9500000000000001, 1.0], "max_scores": [22.62741699796952, 6.621982551694206, 18.32820776835531, 4.957748364984141, 14.481546878700492, 12.727921461878935, 4.087944769206369, 4.008036202250761, 3.996534309357659, 6.754999524010094, 5.655121493294192, 3.9856654750919422, 3.9885940830974658, 4.028564041930068, 4.083871085900802, 4.248492314244067, 4.505865238947608, 4.959028477044355, 5.619373468749977, 6.624358531455727, 7.999999907174271], "opt_settings": [[[[[]]], [[[-1.2436286576407667, 1.605144632070757, -0.4436131381627497], [-0.4259507459319486, 2.2024467918467874, 2.588470330800175]], [[1.8780035924189489, 0.791128578001092, -0.13829343276558026], [-2.239772505295823, 1.789273357502355, 1.2370761668267356]], [[0.7986884236562537, -3.8713298440691286, -1.6850189104467368], [-0.9778982732958964, -1.9061416500842907, -0.2025642284423492]], [[-0.4802085189858419, -0.8896239720058141, 0.3129244783609426], [-2.2143727357615077, 1.1817091158904, -0.109408779195467]]]], [[[[]]], [[[1.215067372423962, 2.6182803486510142, 2.375100950099837], [1.1730037373897526, -2.8426362914028407, -0.8330642626260962]], [[-2.3122305325316828, 1.3614485051908536, -0.6697669622642612], [-0.6659951967870561, 0.04533024610207683, 0.4561613578523125]], [[0.804097949765389, -2.841006670091157, -0.6474833878008082], [-0.5463814911412468, 2.3577931854768064, -0.15072609375556348]], [[-2.4138104322763176, -0.205675627856698, 1.169073300450469], [1.969524840590056, 2.282397176510819, -1.8856208449997796]]]], [[[[]]], [[[-2.109751004755773, 1.5996824247076367, 1.4332120719953334], [-3.4862710202396787, 1.7183652931701694, 0.13655265868264932]], [[-2.598940547834711, -1.6311958811212492, 0.6070255736413843], [-1.222482024572989, 1.776517571520672, -0.6164984033173204]], [[-0.8636130860420415, -1.3959605928289305, -1.3101220776536684], [-2.408280452847746, -1.707418196671878, -1.0038217157063967]], [[1.57046192463801, 1.394533380343843, -2.502336192245843], [-3.0224352531749705, -1.4954345813172367, -2.834316634199559]]]], [[[[]]], [[[-0.6524391733684288, -0.5475134099268671, -1.671129778141684], [-1.3286581541490936, 2.9727988091384625, -2.3715668027434695]], [[0.9504555835518221, -2.9630880944915496, -2.7009969073073306], [2.8287502144821355, 2.061667890530231, -2.733150099659824]], [[2.5030466429338007, 0.15729420994390594, 0.6692418988210576], [-2.639317560921621, 2.797735245364837, 3.0333485376828033]], [[0.818615464609872, -0.4159760398454571, 1.0497700297183838], [-0.2521110279833188, -0.40812074427075057, 0.002240527307155308]]]], [[[[]]], [[[2.424707388154033, 1.462435680926021, -0.7825970403747764], [0.8587979490749268, -1.6367267848785036, 2.3389174510080055]], [[-1.2204107644318611, -1.715043753737867, 1.3533702045090594], [0.167074325608062, -1.6517959531184039, -2.0006622102452347]], [[-2.567466888843583, -1.3698248915498668, -0.22267640737369376], [-1.0026747770512823, -1.505196799445885, -2.9513320134747074]], [[2.2154175289491116, -1.623040372912657, 1.0481543885725308], [-2.4443616834081103, -1.636029816348545, -0.9921834630794621]]]], [[[[]]], [[[-1.8255913651437765, 1.3824338619272387, 2.64293632006713], [2.3540914188526996, 0.5146046071775415, 1.4443007240661885]], [[-0.7368241753810209, -0.6953479887887778, 0.17049102004670091], [3.378926804437663, -0.5351844529100448, 0.1639967342315267]], [[-0.5249126169946607, -2.347613289093772, -0.8138993268551205], [1.7109225384346205, 0.694605921420934, 1.9866050529548112]], [[-1.7661839393284646, -3.141140546394345, 0.6669032347286286], [0.5582057875991852, -2.2544767614329446, 1.4534961899731274]]]], [[[[]]], [[[-2.8548189993348214, -0.06645123602683015, -2.5536400187332347], [0.8664147836939251, -2.0028648471326336, -0.22612646997165786]], [[0.9267304542625456, -0.2879599198976312, -1.409185622421128], [-1.7095379544980922, -3.2490849257089462, -2.875531261532227]], [[1.7959605898719806, -1.6992981810316827, 2.778533151031832], [2.8813315768557644, 3.003145706739279, 0.38790831239736523]], [[-0.2584940073360157, 0.6720924050315509, -0.5069584461929133], [0.3669168598627569, -2.542200960209667, 2.8735686544823142]]]], [[[[]]], [[[0.9152299398447781, 2.9225568358432517, 2.2552915031997642], [1.9698089894364441, 3.4188986321409742, 2.564203914787008]], [[0.28389937023188533, -1.2620100999416937, 2.8071846778366645], [-3.0240568231273373, 3.0884662668166, -2.136681359501911]], [[1.6489086781266913, 2.388885299478568, 0.29600918739105886], [0.3817389499077761, -1.1097170363458408, -0.9263239763788915]], [[1.132463041257824, 3.223624722950415, 0.6259388889163913], [0.020412044891252895, -2.251519623840526, -0.6711654580337476]]]], [[[[]]], [[[-2.393108840836078, 0.6896026165930548, 0.34842009502158655], [1.957099965234549, -2.944540503081584, -0.6862135431640279]], [[-2.6451939398933724, 3.1370371702435347, -1.7622221730266896], [-2.737568829109692, 2.067370863737135, 2.8324891045067444]], [[2.648898579431155, -2.8516150590279463, -2.382157626859619], [-2.7531742664364725, 2.662934328853838, 1.4333667107042425]], [[-0.6737105414680732, 2.815933819842546, 2.174658679451876], [-0.04140954857927938, -0.12844494046926996, -2.9000079582251237]]]], [[[[]]], [[[0.9231575619833431, -1.62057090699179, 0.7418947894624046], [-1.0946750676419108, -2.7863085021302547, 2.9575409280444847]], [[0.33504795915199914, -1.4951193040434452, -0.884617267542926], [-2.7155822216094494, 0.6234921753249008, 3.119191209100519]], [[-2.37970609812301, -1.9394404912071708, -0.6503979772060848], [-1.241572812529584, 2.4774230822994694, -0.5465170103973382]], [[-0.6747511609901631, 2.3965035015561966, 3.006763176985075], [-2.4148944311550853, -3.2517453213216485, -1.9561610273111112]]]], [[[[]]], [[[1.3949618007106221, -2.372501564639664, 0.13504023563526601], [2.7880344749910733, -1.387021685548832, -0.3648411638465796]], [[-2.4097768181517933, -0.754054776587244, 1.8092223870017126], [1.6044111899871136, 2.101091105837819, -0.5055768940019179]], [[2.7335472851613423, -0.8368277782142124, 0.2923721483689494], [2.05368381780184, 2.1354132598937143, -1.6342621184956256]], [[-0.8293160310115238, 0.6633518418957641, 0.2769916928948155], [0.2930338674924562, 0.72031122010804, 2.17320777876004]]]], [[[[]]], [[[1.2600724022985097, -0.9216402861901772, 2.6992116767328964], [1.5947011204432942, 1.50536348110419, -1.753907884206408]], [[2.3072777046404034, -3.2122847249225996, -2.938365057856783], [0.17943688760643375, 0.7370989852090327, 2.11097962287963]], [[-0.07051677820876717, 2.739493543595834, -0.021763347044278607], [3.063576122366836, 0.31961036271302795, 2.235467561180533]], [[0.7976231271592319, 2.5692354476047923, -2.721795276342633], [1.9884400845061938, 1.9765463042579878, -1.6558207326925642]]]], [[[[]]], [[[2.2385533581830472, -0.22674526671334763, 1.5939951681133566], [-2.6621737266566754, -2.318465418947287, -3.096059900976523]], [[0.36723555548737946, -3.1495962816573, 2.526741971103095], [0.8393340995456078, -0.11521269378687055, 0.21465774070403043]], [[-2.4357372168310834, -2.9056408269754703, 2.178406241359971], [-2.953550810114909, 0.07317985883073458, -0.4331680499066377]], [[-1.5263195475893303, 2.2522321949084616, 2.8022330160747853], [0.14803399511811852, 3.1385814489506503, 0.4508683068781578]]]], [[[[]]], [[[-1.2306406856270908, -1.5703426803246787, -2.1091008187873936], [-1.9339551303298563, -0.24470164020375795, 0.7447217613246164]], [[-2.276506927845793, 2.047802014738937, -1.327448733579483], [-2.215956640027598, 0.7819193746212479, -1.330962367960359]], [[2.9318556223135137, 0.5579446269081549, -0.36441181085722496], [1.2408547547180533, 2.4712966589785226, -2.2282274662005195]], [[2.252667763288389, -0.6083916250804858, 1.1248303719445323], [-0.26550491045143426, -2.7055114924681565, 1.8275766125978965]]]], [[[[]]], 