{"noise_params": [0.0, 0.05, 0.1, 0.15000000000000002, 0.2, 0.25, 0.30000000000000004, 0.35000000000000003, 0.4, 0.45, 0.5, 0.55, 0.6000000000000001, 0.65, 0.7000000000000001, 0.75, 0.8, 0.8500000000000001, 0.9, 0.9500000000000001, 1.0], "max_scores": [8.0, 7.407563702054389, 6.830519745963675, 6.265926000796272, 3.1199810166170687, 2.054674100774527, 2.0747772153923427, 4.192374018783028, 2.015279953894282, 1.9923971428651377, 1.998621527242804, 2.0017569838200635, 2.013765706182726, 2.0500821366513833, 2.1268775255864094, 2.2490581044210805, 2.4316872267299865, 2.6858422141739826, 3.023971453591472, 3.453965699468372, 3.9995009402262984], "opt_settings": [[[[[]]], [[[-2.3549327992082585, -1.8424917235983094, -1.8352692750503523], [-1.4712855778631564, -1.6300647482140338, 0.5213951300563613]], [[0.7389362425147858, 1.7437226400622416, 0.06781468371141086], [2.08904461566373, 2.021693881825029, -1.623697197755645]], [[-2.624252431328822, -1.5851906825334858, 1.7154402744581754], [-1.0024049975598583, -0.9997344151345164, 0.7664927725074113]]]], [[[[]]], [[[3.1241107600280014, 2.7993763313473874, 2.378805522793944], [1.9994507842249105, -1.4437357009614955, -1.459078631520733]], [[3.329171482450516, 0.4709988078202052, -1.8766508752790896], [-2.000577912356188, 2.1137390655544444, -2.3681306973541223]], [[2.903974557749225, -2.5295907260530117, -3.020337917663963], [-3.034445977941155, 1.224463603811671, -1.149994198145527]]]], [[[[]]], [[[-2.730383532667053, 1.1810604587739724, 0.20603497670583826], [1.7954697235679218, -0.9340510959324111, -2.86894728287508]], [[1.9512320650849242, -4.048388224964335, -1.6403098634111137], [-2.5733077299085467, 1.9173971134707948, -1.879409528270245]], [[-0.5192989611230394, -2.117140298289812, 1.419652101493198], [0.4416856376744294, -1.7249524422224818, -3.039371415060777]]]], [[[[]]], [[[-0.39341830138263595, 0.5178357188532489, 0.6920832300709132], [-2.0416562019129247, 0.129962119125813, -0.9257205341245789]], [[0.6243350486385592, 0.9016540115989795, 0.5598698818411925], [-0.3785469095363039, -0.4569063116963594, -0.06242255914436969]], [[-0.5720145247434432, 0.10384616122381293, -2.414599009232187], [3.120926417222641, 1.0927144047551907, -0.3465654922840149]]]], [[[[]]], [[[0.36463650632522515, 0.11678609062179755, 2.632669517364037], [0.5001471159210085, -1.2193777822436704, -0.5705205600049337]], [[-2.925811067004293, -3.0771323291642236, 2.1917093324343293], [-0.36128492712120686, -0.3603947399158862, -1.8332030467767149]], [[-2.211003366930553, -0.2678031321509847, -1.926837256280681], [2.239761272820958, -2.3622975109376694, 1.1653024382973465]]]], [[[[]]], [[[-0.6683656337031698, 0.19431959811497346, 2.8403930822104195], [1.2523923206626861, -3.3163643118962627, -2.2820203582433116]], [[-0.45818270246612236, -0.5684662627969244, -0.33456772571581705], [0.37351622151637015, -0.11289168662000834, 2.986307274646281]], [[2.0743932958784885, -1.096173282708963, -0.9592212412120058], [-0.9170187077020022, -0.03685282922266049, 2.4768412586050745]]]], [[[[]]], [[[-2.4321484383260343, 3.3163726152271673, -0.10568113398446097], [2.8184429130208257, -3.3450399744684054, 0.32873950053475154]], [[0.4948081105474253, -0.8834634588151772, 2.0920928287381777], [-3.0187197008758537, -0.13870378935746688, 0.16966570609143794]], [[0.421825948756768, -2.1077854752474563, -0.9911722632703879], [2.1744909113984248, -0.3240268472911446, -0.3834430267718614]]]], [[[[]]], [[[1.5368354558585529, -2.2121975014983835, -2.5779192623287708], [0.23719439745893509, 1.5342539967030695, 2.9590105754526377]], [[-1.532195275274436, -1.2620126320397642, -1.7407456867114364], [-2.7375893806323854, 1.3465693705898834, 1.3938581502786]], [[-1.5224749715391397, -1.455565084626372, -0.607846949665861], [-0.7203265972850061, -1.5479705184651975, -0.9834097568324962]]]], [[[[]]], [[[3.3497215555643614, -2.540153279264279, 0.9952687674357161], [-0.05589475499374573, -2.3235596221877586, 1.7990196854913307]], [[1.7788527190248586, -0.7096829351441023, -0.7568991901475193], [1.5545761050853728, -0.6128389886192592, -2.2133732344922037]], [[-0.5592457224804849, -2.638051331210409, -2.390843940844942], [-2.334153837899866, 1.345536655283122, 2.9278911004614097]]]], [[[[]]], [[[1.7772525539220538, -3.100923391959825, -2.175651668890346], [-1.390237850363601, -2.375252014270116, -2.3955585535485064]], [[2.3633371810162616, -2.796464564263183, -0.5656438220972042], [-0.3884238630225877, 2.114721019648545, 1.916997436686633]], [[1.50651431674399, 0.06414349272697671, 0.9458776973851108], [-2.6799020052325875, -0.12759139331739475, 1.7123306254372856]]]], [[[[]]], [[[0.036910189094727874, -2.3222371131014725, 1.2682801352790811], [-2.092399741550099, -2.0394278416165275, -0.9675929091629132]], [[-1.4797926112449167, 0.6991232397551657, 0.15826470787844385], [-1.9666202179519028, 1.7914249524311021, 2.1850922010916953]], [[1.155843807666785, -2.9043095971427375, 0.11851272302616958], [1.0104241933414493, 1.8233868489962035, -2.7356691702354503]]]], [[[[]]], [[[2.381950250896487, 0.08494448676577661, -1.0586928877147859], [2.9656979413870084, 0.30747086504679594, 1.104161874586027]], [[0.7581260558279231, 2.788935211707758, -0.5812434681241889], [2.477785003096119, -1.0272344670774043, -0.11177746154202957]], [[0.26333510290129986, -2.903464286066286, -0.6087543116086853], [-2.5719899823659493, 2.846734713503202, 0.32525971933654807]]]], [[[[]]], [[[-0.3619403790100585, -2.6674065441043067, 1.225490370369494], [1.8172721805152514, 1.8535155158788075, -0.9846837059137448]], [[0.1322888578517809, -2.982460720772108, 1.6784545043050976], [0.18851728530492218, 0.7858755961875759, -0.6653395456940814]], [[-0.5265443805650185, -1.4648205405081578, -1.6765680297504721], [-2.6573900461226425, 0.3809352493627354, -1.5888854515323512]]]], [[[[]]], [[[1.453486204307944, -2.033407917168728, 1.3247121587364319], [-1.3514183069903218, 0.20177256662084747, -3.0564063125891936]], [[-1.0833980402951986, -0.1303435445027746, 2.1262450665573818], [-2.566523641664319, -0.36849531627188864, 1.8640842125873265]], [[2.428283627040654, -0.5653685118936032, -2.040031914969392], [0.6376201976035267, -3.0166507321871334, 1.8549851603578178]]]], [[[[]]], [[[-0.83685776090252, -0.49722553389816376, 0.19402170907618424], [1.4662406962922558, 1.4824782896909738, 2.469889092992891]], [[2.513329448567753, -0.9834618526930529, 0.544678849942914], [-0.5673231210162303, -2.8915721730945183, -0.862385820315251]], [[0.7178634811246323, 2.954240859162818, 0.9905335469928929], [-1.5787399904939956, -0.9370453932424994, 1.336729120312377]]]], [[[[]]], [[[-2.7713083025234955, -0.263463118358502, 2.367233290682039], [0.32284366022709815, -2.667223927834651, 0.6806029476055633]], [[1.6310132556283106, -2.701297569498642, -0.42819625782788423], [1.3952588585770151, -2.9548999339789535, -0.34351394376707844]], [[1.3080544921724406, -2.1645549176271226, 1.114473633073782], [-2.376460351264749, -3.0685078739887643, 0.002250629756117645]]]], [[[[]]], [[[1.029320313864463, 2.7584914573731982, 0.7987727542891987], [2.954115185194261, 2.7058833641690296, -2.3515338061038085]], [[0.7592620401145761, -2.8514333739763154, 1.678673752814034], [-0.7272067777846701, -1.628782418463652, -2.732101819724395]], [[-2.229300923341445, 0.4591030901992171, 2.5625843242807953], [-0.2534770401155892, 0.8439867222978746, 1.063069549952445]]]], [[[[]]], [[[-0.7746602637342171, 0.23841218712175852, -0.4232998367000338], [-3.0073658765978046, -0.6399234476379064, -1.2828060187395776]], [[-1.00669479703051, 1.0150843561122929, -1.416828179854199], [-1.1368792455200947, -2.2387621747631132, 0.9856276063002465]], [[2.3625347916405293, -1.3009899017323012, -1.8039833036639648], [-0.46095264411844633, 0.6878925803264069, -0.3025108380677124]]]], [[[[]]], [[[-0.28928549938720277, 1.9240295389326854, -1.2826544772014001], [-1.4877137101513638, 3.1284486799972036, 2.95016315948262]], [[-2.1074580963904976, 2.789718731868936, 