{"noise_params": [0.0, 0.05, 0.1, 0.15000000000000002, 0.2, 0.25, 0.30000000000000004, 0.35000000000000003, 0.4, 0.45, 0.5, 0.55, 0.6000000000000001, 0.65, 0.7000000000000001, 0.75, 0.8, 0.8500000000000001, 0.9, 0.9500000000000001, 1.0], "max_scores": [22.627416997969526, 6.624399999992587, 18.32820776835531, 16.348308781032983, 4.51839857999728, 4.244267426819611, 4.079550216934357, 4.032397979935053, 4.005034239144017, 6.84479363713101, 5.656660226806022, 3.9937898121235755, 4.006259316704737, 4.027302412060533, 4.081751632254205, 4.249989204285548, 4.51259021422505, 4.960344596818923, 5.6383999801089075, 6.623637876039383, 7.999999998538051], "opt_settings": [[[[[]]], [[[1.3594267611518591, 1.4969386825718025, -0.4157073080769816], [-0.216841486236038, 1.6095837965783335, 2.7714951110999477]], [[1.835235160535648, -1.4809148202430376, 2.4489174646877654], [3.3973073092363797, 1.5409874005032567, 2.042493808208949]], [[2.7588569310638893, 1.6433804477824363, 1.0602442523098814], [-1.842393692024011, -1.6018909329803266, -0.7463189374277781]], [[-0.5105338834999649, 1.529863625247856, -1.9296145026914944], [1.0729465882583513, -1.6053171642469306, -3.068651265039272]]]], [[[[]]], [[[-0.20419964982951772, -0.0018975503239236754, -2.102927697458595], [-1.7794633384785263, 0.02523590459432103, 1.6762958538347386]], [[-2.2890085202304107, -0.029745354188345233, 1.9441547937403731], [1.408325506079963, 0.02982411290899168, -0.64457920943204]], [[2.643294667020657, -0.022946870145735817, -0.6571376401403368], [1.4944690183774256, 0.01878594219956701, -0.938828027006755]], [[-2.614639731132228, 0.0016097727218282068, -0.07536580023215049], [1.310856254225916, 1.7865492174179403, 1.432149330272555]]]], [[[[]]], [[[3.5460853667664405, -1.611682070178867, -0.5546503885928034], [2.414868388687628, -0.9404330098452376, -0.565736815892993]], [[-2.2313658988153193, 1.7558217440488884, 1.0193929681665255], [-1.5967420545226236, -0.6442585108995008, -1.0610822367590065]], [[1.358392751558652, 2.047427996215367, 0.1914322298509603], [2.47446655717411, -1.972036698050814, 0.03610310490185764]], [[3.0903036284884555, 1.3073587426053297, 2.6185216599245216], [-1.56770051757094, -1.0276938212676634, 2.189835574037894]]]], [[[[]]], [[[-0.5267458793074936, 1.30724080024968, 3.131474800798574], [-2.4158455515019046, 1.8641158822619643, -1.8826677214243182]], [[1.7031309599359559, 0.7287930300597256, 1.5668790986446846], [1.933953903237425, 1.3073212836874328, 0.7912288477314084]], [[1.7505639651353238, 0.8381460007799191, 3.093846016456169], [-0.7862664689179081, 2.2696945734871488, 2.015421250824386]], [[-0.8901609099362551, 1.9728129453926602, -1.863857422926027], [-0.09346927435600934, -1.0702151321286861, 2.871516573903146]]]], [[[[]]], [[[-3.0552693611146204, -2.4466320761419653, -0.015787987523206762], [-2.0826100902878855, 0.28983854310469237, -1.046405648945496]], [[2.987198716407114, -2.6930616584887117, 0.32437533604947877], [-3.071849795532009, -2.887372810631723, 0.13884158399184843]], [[0.30943004555445336, 2.447124669896346, 2.6049438528554267], [1.6998631191135438, 3.407073560550704, -1.5559661988453641]], [[1.7048805760440762, 1.5610311129364833, 0.4777273092107426], [0.2061868063614777, 2.9173936001803344, 1.3996413942887163]]]], [[[[]]], [[[-1.3711830735289947, 2.5578040938149154, 2.838748724264536], [-2.3642092461627615, 3.1784827788211696, 2.9290817280514423]], [[-0.8617601498700913, -2.402258013509994, -2.4428955484889237], [2.193740321764094, 3.119745290208845, -2.0835878393443394]], [[-2.954760375317122, 0.38370812320079534, -1.7986436507226624], [1.9281700152533086, -0.13079335248530322, -3.1287719463385164]], [[-2.9638415717759417, -0.1444940889681009, 1.4759470470563327], [1.1051532772960142, 2.9342966297478585, -1.5629640280254231]]]], [[[[]]], [[[-2.9754174221003113, -1.0528080802206252, -2.7009692338376823], [1.9690731688599445, 1.98176935574272, -1.785524417163578]], [[-0.6338926922820383, 1.7735144991185063, -0.29780209691130466], [1.545359139193346, -2.0877829850963057, -0.2030091086966559]], [[-1.32082995779481, -2.3172420835865184, 1.263511642094901], [2.8311839337039464, -2.565842300998452, 2.204373199418675]], [[-0.2469972639493071, -0.6304114846043356, 2.553125192547065], [-1.3686372445531834, 0.6103508037195434, -3.0388898708578145]]]], [[[[]]], [[[-1.807333096064793, 3.194099866061826, 2.930405444889958], [1.855731245133266, 0.04732689900252266, -0.39070808609256114]], [[2.03499131810481, -1.6912882137492764, 0.8381437809319698], [-0.41043928755870207, -3.0914679399798595, 1.0926910121636206]], [[1.9521416215827376, 3.016443228851089, -1.5557343739979899], [-0.9364804863677135, 0.4599981503885814, 2.61760346180008]], [[0.8744883345217115, 0.19425748582793326, -1.438943390040585], [2.4196351596917434, -2.8065905758393312, -1.2627275193210887]]]], [[[[]]], [[[2.260102879194575, -0.2256377986827619, -0.6778297390164312], [2.3642280545068886, -0.1616373874985421, -1.757782447979477]], [[-0.8119795533090737, -2.1454038981276535, 0.982952216083242], [-1.77343012695404, -3.145405886507015, 2.1241561447106756]], [[-1.8516041269745702, 3.081538033489943, 1.3247220993754638], [1.3743398948439454, 0.33897399917133314, 1.5716406186529746]], [[-2.9368391539268277, 0.4649863433881839, -2.596360436624311], [-0.6663460529720527, 0.019984784156762147, 0.5321132640070485]]]], [[[[]]], [[[-2.2066063430372744, -3.005523148193139, 0.09716024416280346], [0.48073374834044513, 1.3634942480065235, 0.9979125094364454]], [[-0.836044230908882, 1.2540115818210735, -1.805473771580113], [-3.8894499363319834, 1.521105411295583, -1.0289456693932144]], [[-2.5023135599954753, -1.7493229913668373, 1.4401025769924285], [-0.6076852122467137, -1.9893933432904145, 1.3898337571609911]], [[0.8540740752926596, -1.2975869588608726, -1.6114863820772114], [-0.4455075094116093, 1.0729635562410254, -2.322344175611753]]]], [[[[]]], [[[2.1418754534498277, 2.8701326952687474, -1.830331993990501], [2.129816941810429, -1.3473197216347481, -1.8781756667548508]], [[1.0340801252153204, -0.8001007163260303, 2.9477796673271834], [-2.2306852736884117, -1.4142284138231673, -2.074019833929419]], [[2.250800687696291, -1.8012896378189074, 2.2024854318601443], [-1.1487687692902169, 1.9896015968046459, -1.9385800904167745]], [[-1.8752673099050825, 1.2587566240301633, -0.37649828579513667], [0.9917874097026446, -1.0083299393656222, -1.6490867906189233]]]], [[[[]]], [[[-0.8220999414258494, 1.0128590917933111, -1.292076724357657], [-2.7943815640593894, 0.3016190789232715, 2.59775774492355]], [[-0.32643717600928096, 1.9947463297886283, -2.6374496209632814], [0.8001473217017755, -2.754868171873763, 1.6456413265853103]], [[1.2260173389139764, 2.769988318214565, 0.8733300343722536], [-1.2590252518547813, -3.2247986005172704, -1.904926630684324]], [[0.3495156754188839, -0.5584066730118188, 2.9817192049904895], [1.4234773315357983, 3.0041891515561625, 1.3235516930136644]]]], [[[[]]], [[[-2.850060015525975, 0.272682176254883, -1.7873334628127133], [0.47315944846894264, 0.16154310387947515, 0.8470054264453184]], [[-2.0482843166498617, -2.4979975435265223, -2.1454050565580793], [0.0718654143653552, 0.08956870144805662, 2.2363240592417295]], [[1.333568770892134, -2.8610510276366723, -2.4199993589723316], [2.3481270446889138, -0.2352519215594479, -1.5490381472426629]], [[-2.672490211981177, -3.0555957557595246, -1.96991616050857], [-0.03129103396575608, -1.9124070888516451, 1.7846869402088466]]]], [[[[]]], [[[2.206237764324307, 2.3973774549668647, -0.6925481178981152], [-0.9456801726963495, -1.2195139679285962, 1.5083352469853448]], [[-0.9877152443342644, 0.7162819802370896, 2.6495982094246733], [-2.734768129754973, -2.3350196475284712, 1.4681456466201004]], [[-1.0074396648475283, -0.332920763127474, 0.8961879844170229], [-2.738748103036437, -2.372860404455886, 0.4790086433887648]], [[-2.3091779005297113, 0.7644118167080711, -0.09422390368726453], [0.24766458485869305, 0.16304970611528002, 