{"noise_params": [0.0, 0.05, 0.1, 0.15000000000000002, 0.2, 0.25, 0.30000000000000004, 0.35000000000000003, 0.4, 0.45, 0.5, 0.55, 0.6000000000000001, 0.65, 0.7000000000000001, 0.75, 0.8, 0.8500000000000001, 0.9, 0.9500000000000001, 1.0], "max_scores": [7.999999999999998, 7.407563675798652, 6.830519745962058, 6.268837529700279, 5.724334022395171, 2.0648131354854287, 4.685296147917819, 4.192049482286161, 2.078310336760034, 2.0334738307052964, 1.9999930886999038, 1.7351371677598033, 2.02564201253073, 2.053503013869941, 2.122084152728304, 2.24997075911411, 2.4274140706959866, 2.6793694835012194, 3.0191751425997175, 3.4579187081743425, 3.995210613127829], "opt_settings": [[[[[]]], [[[-0.5059139539846452, -1.6165300307181694, -1.0875913698851911], [1.1758354209961577, -1.4613708222117174, -2.3165095659826953]], [[-1.9232231096339873, 1.525191222384924, -2.9260133596301303], [-0.4386240529299288, 1.6047765508487775, 0.3402478356201599]], [[-2.196317679888323, -1.6725070180983783, 0.33521154202380377], [2.319692770061243, 1.6716656451166891, 0.3081218140556623]]]], [[[[]]], [[[-2.0762862031581575, -2.568360595548991, 0.48684782005608973], [0.4189519722533007, 3.18121424758854, 3.0146154012847015]], [[2.670477745756405, 3.0537161058786966, -3.061902053005602], [-2.2095044297756394, -1.640879487324461, 3.007924598518785]], [[2.079387137183881, 0.2737899855683838, 2.075091758163045], [0.7902406742371407, 0.2517988405497938, -0.7317763105758956]]]], [[[[]]], [[[0.13981563613442893, 0.4215708786212715, -0.9915532337000692], [-1.7221673242230144, 0.8113356506234493, 0.04360886034794836]], [[-1.668047673769624, 3.5946230979934994, -2.8693006366996143], [-0.5304191039305503, 0.7951534626435619, -0.27159950379641273]], [[0.8869830863289275, -1.0970096717518372, -2.165724650675126], [-1.5466308895232832, 3.526074666767642, 1.1405278674338497]]]], [[[[]]], [[[0.7116771745850031, 0.08974708325443101, -0.1931524181764219], [0.45134039041686125, 1.2047803269322113, 1.9810297695372512]], [[-1.6065407717051854, 1.9896641085888813, 1.6425456925185742], [0.3080060262278877, 0.26742186943087515, 1.427135683018986]], [[-1.9983875406266158, 1.4621419131033258, -2.402640854087143], [2.024293766162393, -2.7850116789847963, 0.6244744130811379]]]], [[[[]]], [[[-2.7728531802328193, 1.6817243364274679, -2.444494703338212], [-1.6539359538096265, -2.032048706157187, 2.8030224495376617]], [[-1.2929824328870378, 1.6936349213023407, 0.9317145922212724], [1.0828823175795887, -1.6169256527130216, 2.9424614924023746]], [[-1.2700994255961149, -1.8405124743678256, 0.8598295218181544], [0.9410788909899623, 1.4826569859986447, 2.8436843335534796]]]], [[[[]]], [[[-0.9866787505118991, -0.7996036896703759, 2.0683948788131703], [2.6124021014714156, -0.1665113551563395, -1.9723450761065848]], [[-1.8066774413261981, 1.7861119139611752, 0.6880088311551664], [1.5411739658342283, 3.1056197113614985, 1.3745974657425215]], [[1.0260548776262781, -2.6580312652528777, -1.915424318958983], [2.805219031471683, 0.6686856450150722, 2.3691438133946976]]]], [[[[]]], [[[-2.4049399162868306, -1.8836775183009082, 2.5048657404519625], [-0.6226154244034587, 1.2889633144517119, 2.7072829893188004]], [[1.8640919988007765, -1.7432116785138252, 2.3456035537571003], [-2.7901395804360116, 1.1366116030471458, 1.5561077351823656]], [[1.824448875129978, -1.8751512073954628, -0.8345595042913385], [0.5540549671936829, -1.7217749762762344, 2.575162540005329]]]], [[[[]]], [[[0.586031302762463, 1.7333569091166967, 0.24302687105846177], [0.3867670254790604, 2.35229649725857, -0.45314500876630914]], [[-2.024598991040722, -0.2531075675505271, -1.9192436918679623], [-2.7405373224198706, 1.7741288288822976, -1.7723461552143143]], [[-0.7897997122748593, 2.2764432150954326, 1.2523574721310125], [-1.1182702273309293, -1.9496827683940128, -1.6564103777992616]]]], [[[[]]], [[[-0.28828321567948256, -2.8257440866745527, 2.9918029287242884], [2.9676965762665994, 1.1152752079229458, 1.4466673634958465]], [[0.5200666527859307, -1.0870438172615497, 0.5185175853745201], [2.2502722606902172, 0.02379296923166163, -1.5740123557894796]], [[-0.3866467305439878, -2.329209887403133, -2.333937244686737], [2.0251285122641707, 2.4859767735522023, 1.8916172239224869]]]], [[[[]]], [[[-0.26718263927036623, 0.6413359865585037, 2.131350016267108], [-2.299704344898655, 2.5836585255554096, -1.8536742742341248]], [[-1.071945527258887, 2.9937382783109405, -2.5729380352112914], [0.7372531728332777, -2.675451116223933, 2.739537876678704]], [[-2.4823898609228605, 3.305528048684778, -1.2950322844038376], [-2.8290878888934574, -3.1144915646378832, -2.247851484410953]]]], [[[[]]], [[[-0.04850452967338357, 1.1131359106709395, 2.873511944180141], [1.373501918820401, 0.29192702071470694, -0.0595570020003615]], [[0.6741669507833306, 0.2834583483901397, 2.6456597340952435], [-2.2100571070375925, 2.867174575954162, 0.9830923767512658]], [[-0.25114838859973726, -0.5852598614238602, 1.0170371963600715], [-1.516393332784034, -0.31461770915706005, 0.8811679715156444]]]], [[[[]]], [[[2.496313448102009, -1.4670082928772588, 0.36829980245575333], [-0.8684217356986474, 0.9912348078866963, 1.51805373718513]], [[1.5876150934280253, 2.8893627760572, -1.8500962357837645], [-2.5907791255531047, -1.4432628325268566, 1.5775445764291414]], [[1.0664022548047625, -1.331570259497543, 2.2908341207074994], [-2.4156569465258118, -0.42653165324808695, 1.6668293436037738]]]], [[[[]]], [[[0.07007495181713376, -0.21314013821514624, -1.8295789949907022], [-0.8334851498416962, 0.7804507354234181, -0.3261600242446354]], [[1.13950179865102, -0.7951042400006652, 2.130105685280337], [2.2900130092409703, 2.975591126496293, -0.2566880233161273]], [[-0.817325514610757, 2.8307445215752285, 2.089540244210178], [0.79027109873716, -0.0614443790970648, -2.8863776704708073]]]], [[[[]]], [[[0.7809007025908874, -2.6695046068474135, 0.3410520288224612], [-1.5447788115979575, -2.9356659773117566, 0.5800876659690375]], [[2.888773946551662, 3.0006642052880035, 2.2928740645945833], [0.6764996440983909, -2.3292809487797888, 0.991294999181128]], [[-1.1095465898656454, -0.28915936718870267, -2.057733740920894], [-2.3867818875247964, 0.4760935488240909, -1.1040444346384026]]]], [[[[]]], [[[-2.6439089104124593, -1.921722519979527, 1.505692652971005], [-1.3507832676296743, -2.9788727054938153, -0.8268298883123659]], [[0.8328490897706632, 0.1530830227498182, 0.12723443109532703], [-1.4777391087572722, -2.6483941583912824, -2.8267108752384895]], [[-2.913684346947973, -2.4666014096069904, -1.1911057152572444], [0.6850322830578065, -3.106165097908168, 3.0015498009582586]]]], [[[[]]], [[[-1.4292947207417313, 2.1397928885492457, 0.24922722825568747], [-3.105344554017501, -2.9459785089049646, 3.0815597111126625]], [[1.3691998587199006, -3.0928552260916278, -2.916107128731928], [-2.6872268404195765, -2.9931404819438647, 0.22237916917752984]], [[-2.000150747561994, -0.4527330611727886, -1.3507170084362268], [-1.0052215340997543, -3.192704420997711, -1.2176323296299467]]]], [[[[]]], [[[3.12463625658977, 0.3486559193501547, 1.7397891215743737], [-1.077872594272279, -0.9798009663706684, -1.8798038473050998]], [[1.0532532141379785, 2.7989296847622698, 1.2915335539640855], [0.4584938874558458, -2.4629830276951346, 1.5809862319288035]], [[-0.4232805877007601, -2.3808486057276887, -1.7923796824734135], [-0.5251888673151894, 0.6968315264274729, 2.609608619035728]]]], [[[[]]], [[[1.3255509089521484, -2.9015270766185055, 2.3382962733000356], [0.865298111619805, 2.2194928009236246, 1.4271174209068214]], [[-2.236991169755071, 2.9937504401260537, 2.3350300423130363], [1.9641893307847327, 2.3907906813163917, -1.597324939000025]], [[0.47293877924855954, 0.023284993104998274, 0.37509325877550737], [0.16120196338834875, -0.5228084912102701, 2.7386236223105174]]]], [[[[]]], [[[-0.9209653719114478, -0.006356260169369693, -0.6303474950466872], [2.9423492062376173, -2.2725627199405687, -1.4661983381903425]], [[2.7328717913644844, 0.3608400128989302, 