{"noise_params": [0.0, 0.05, 0.1, 0.15000000000000002, 0.2, 0.25, 0.30000000000000004, 0.35000000000000003, 0.4, 0.45, 0.5, 0.55, 0.6000000000000001, 0.65, 0.7000000000000001, 0.75, 0.8, 0.8500000000000001, 0.9, 0.9500000000000001, 1.0], "max_scores": [7.862625847675016, 7.774066474846098, 7.585021247958056, 7.143553891375772, 6.9272812904288195, 6.599338356156269, 6.660072420134392, 6.348582797077406, 5.905051791879801, 5.66644944988186, 5.646017395269171, 5.614431299632476, 5.0616351096247065, 5.605925078279817, 5.637835787490435, 5.11853305547682, 5.453177009509815, 5.6419289692044305, 5.534682993246385, 5.5742859230894855, 5.65173676088439], "opt_settings": [[[[[-0.5774904211008766, 0.014551736739978706, -2.7265851114087543, -1.464289318080148, 0.5731668728505466, 2.833826327073484, 0.6473988087230271, -2.801988673073629, -0.9731274354320554, -1.203993354125529, 0.3923283620250004, 1.525747484381646, -0.3595381395079843, -2.8651521826379693]]], [[[0.44951640490849204, 0.20448047329188734, 1.9625779710748406], [-1.463127021644841, -1.8905959509158918, 1.5816462598185668]], [[-2.392459264916256, 1.2086813262908862, 1.1147441781803513], [-0.7010053679635496, -1.9531170712775316, 0.9100075640851912]], [[-1.881989343543289, 1.518381077901607, -2.535192016158969], [1.6457629221137628, -3.0605891816366393, -0.8740030195644182]]]], [[[[-0.9612314888476386, -0.3223739432528057, 1.683200369474292, -0.833079032382059, -2.9911659917645315, -2.7090161655116094, 1.496991902973969, -1.6851766062960718, 2.697532027187456, 2.4185355146110634, -0.2588350742302198, -0.6237781413968171, 2.2637836160762377, 2.9232720589610617]]], [[[0.46729941374614953, -2.357761632633228, 2.645144611667959], [-1.2210016206998509, 1.8857348441222472, 1.1584020285493297]], [[0.8722740199738214, 3.557657576170037, 0.9300939452055204], [3.030495034719935, -2.3444212099415447, 2.907282581837137]], [[0.08539547344067368, -1.5896184840729939, 2.185289563781149], [1.884201437400386, 1.187494232968376, 2.8112330486754473]]]], [[[[-1.245957184325435, -2.38298968035409, -1.3460093708856176, -2.2249329012574406, 0.5799129946310517, -1.729245398169412, 0.35450258826189895, -0.31089713074301367, -2.211440291468541, -0.3320225247565006, 1.1870440100179311, -2.462061437063198, 0.6913665183082196, -2.030752655683712]]], [[[0.2581468583531804, 1.4161782281805055, 2.1591116586325647], [-0.9685923176776309, 1.6271328867495343, 2.7197314795027205]], [[-0.13372952834084798, -1.96017005205601, -0.42836787202766136], [1.6470238600411078, -2.9201262460132993, -0.05454666687131041]], [[-0.22479611186043616, 1.9404808377688416, 0.004915666217466976], [-2.5320707589435654, 2.455899851429292, -2.847850340759871]]]], [[[[-2.413484486590253, 2.7774694845259296, 0.13405416004836548, -0.14085060604808666, 1.9989682269966196, -2.6577903002546632, 1.2856539179488626, -2.5182532689108785, 0.5921701986685426, 2.301711880087719, -1.3922184835630929, 2.964933057990452, 0.6907363541878413, 0.9552719288697454]]], [[[0.04278989602460845, -2.8388656114887496, 1.9736100209776684], [2.3663234704624467, -1.3119923324808673, -1.4093749391837351]], [[-3.0319594445764135, 0.6867332443697491, -2.7692472090128417], [-0.5292996546192136, 0.7736922667563211, 2.6070302738583147]], [[2.561466835125736, 1.667566928370099, 2.2315306198293534], [0.4096765294820862, 2.6389447232430214, -1.8567361320974454]]]], [[[[-0.49829891234132656, -1.5946448189168407, -3.1407244765838924, -2.0583743154011427, -1.52930749700242, 2.9368852190166943, 2.357084836636227, -0.08447279137006172, 1.065224770815624, -1.3831007283985262, 0.9666438024128768, -2.7467437615997823, -2.9866687801481713, 1.1108419430820367]]], [[[-0.19801314176298984, -2.0175204738530583, 0.5098560236945655], [-0.33379975912143967, -2.1106028357894853, 1.4061062588872995]], [[2.4246857393919368, 1.521231576071004, -2.407633322594493], [0.23763059372629794, -0.07206372513192413, -2.5605397813099464]], [[-1.6732820537858017, -3.0723902740598015, -1.5628208412473823], [0.7996535826078017, -1.229134495048785, 0.3388607375741608]]]], [[[[0.2866564551442071, 0.28586379686699753, -0.3373132951486944, -0.882218429050083, -1.2465362314677892, 2.15733330126949, -1.8768076378436365, -0.43895882730111185, -0.23955398790773064, 2.044358165436239, 2.4628903827412723, -2.534847543853062, 2.1516360363483, 1.8651391829544868]]], [[[1.3086740306640805, -0.16337568161366936, 1.363867504041477], [-2.5959299573364736, 3.2823528771620842, -0.5018574674361611]], [[-0.7828101890351234, -0.09157365822543163, 0.9380318735478683], [1.8869909774939921, 2.2953247788547926, 1.9525490520810536]], [[2.907138879697777, 2.61436759190407, 1.2595030668372402], [-0.19294118314856876, 1.8712000328310878, -1.179946347368543]]]], [[[[1.3806665942316545, 1.4910245359616787, 2.276007111337105, -3.032063619889996, -0.9944450587414573, -2.5292027560897603, 0.28162249727897565, -3.338855880391088, 2.5783570826863413, 2.6603846061697864, -1.7189962835423653, -0.02367309634526204, 2.5607041136984336, 1.5016399704278094]]], [[[1.8831264707437123, 1.1633351965974756, -2.2268550218000085], [0.5792946169045801, -0.9992751808689576, -3.136834979802334]], [[-1.720864868055851, 1.5363388850425048, 1.0314556360796026], [2.8393299395697404, -3.641626562270469, 1.1648085644876014]], [[-1.6272246623470425, -2.6948885197864048, 1.154779839631491], [-1.8058119445740803, -0.8805735148159968, 0.008408165056716946]]]], [[[[2.2641247857803353, -1.1106526008704283, 1.4945902046441284, 0.7615389291013926, 0.38422535406011854, 0.05081278638055273, -2.3405559740917306, 2.2047046421306726, -1.3162285834269014, 0.03322593408585729, -0.6850881570449737, -1.9425169995411, 2.21328232083091, -2.9516377046096594]]], [[[1.972865741252394, -1.266325358826295, 1.9895765608565723], [2.497441566174671, 1.7463660110964188, -0.7576590847889948]], [[-2.4128538263785475, 1.677815500456407, 0.027255250764425965], [-0.2453266327748013, -0.32935199033467166, 1.5086536037487521]], [[0.5382249710080225, 2.687028859692907, -0.6807689362333584], [2.115750180612163, 0.8587891704808185, -1.4362191132283102]]]], [[[[0.5314689345355975, 2.7729069852039383, -2.559033471374506, 0.27694781552637426, -0.19529043856645412, 0.7642153550634645, -0.6011987272982817, -1.6798713090908977, 2.3947900829989943, 2.2760985370870372, 0.9367003950219355, 2.417686201150309, 1.8409203800007907, 2.582150088539248]]], [[[1.9543907181088207, 3.0802576056028017, 1.2759497074803399], [-0.04627517807801102, 0.3462346853106939, -2.3429881003527475]], [[-1.8713651239966353, 0.8509036993108327, 2.59211665861916], [-2.9676790340222894, 0.2715249487149928, 0.4249755701466831]], [[-2.9152353673023095, -2.021675827714304, -1.0385386626255402], [-2.173970081046538, 1.9812114811986208, 2.800933217950324]]]], [[[[1.4878679023731158, -1.4404592646099712, -0.24938401725314444, -3.097606310850914, 3.1581947804203336, 0.4088867670093649, 1.7960718526848427, -1.6713886590129305, -2.3312501431614483, -3.1419471024718466, -3.1329535085443525, 3.500497238395779, -2.579296897220649, -1.5365248627940753]]], [[[-1.602557249874641, -3.027941831839778, -2.971466372792376], [-2.4112636902078304, -0.6431796249514061, 0.042636865791083625]], [[2.248502125813458, 0.5534634744381797, -2.025441044785169], [-1.3562838859477901, 0.7439885094601892, 2.769869349772759]], [[2.096649895944717, -1.638791458691474, -2.661925337138686], [-0.052793897815524744, 2.837025811469682, -0.6846385372523489]]]], [[[[-0.7577516442735778, 2.755099547764519, 3.0165932679440304, 2.9673353852086377, -0.24340431462192358, -3.174065934593535, 1.8467815318354128, 2.6120014381386185, 1.209063878426997, -2.067579791793792, -2.072865488018994, -2.711435197679475, 3.4842843041495133, 3.132969677499945]]], [[[1.6954049525562833, -0.29922709174306217, 2.943257361231204], [0.8565764179273759, 2.6352321972590516, -1.382590118442887]], [[0.7553236957935567, -2.146408005167606, -1.4358269097654823], [1.792162801586631, -0.8827185589717503, -0.8477509158007464]], 