{"noise_params": [0.0, 0.05, 0.1, 0.15000000000000002, 0.2, 0.25, 0.30000000000000004, 0.35000000000000003, 0.4, 0.45, 0.5, 0.55, 0.6000000000000001, 0.65, 0.7000000000000001, 0.75, 0.8, 0.8500000000000001, 0.9, 0.9500000000000001, 1.0], "max_scores": [7.994028191747971, 7.704815640286464, 7.474672352033437, 7.279360302822725, 6.858412575456694, 5.568815942513871, 6.565118224987213, 6.350774802927278, 6.099893448186526, 5.660089496445792, 5.58768401306156, 5.369308780507313, 5.59070991516725, 5.632063027424919, 5.082629093104635, 5.551937366393951, 5.6472247570540235, 5.635717457643156, 5.460477750103711, 4.022242041033889, 5.656853958629272], "opt_settings": [[[[[2.7441525826099777, 2.807628883225987, -0.2979415329934826, -0.0975583104452236, 0.5830438167980123, -1.1596700315566817, 1.9902116146404223, 1.6650324373573089, -3.308715719126823, 0.38152521142437107, 1.6384876795146335, 1.9350586494814574, 0.8077789051546558, 1.863125578320678]]], [[[1.1275165850826978, 3.1700283923730357, -0.5235496816539369], [-2.783943512902446, 1.586469239587891, 1.6019351540548943]], [[1.8422231026345541, -3.5910403208319583, 0.9341790766522431], [-2.1395926677865598, -2.8951100584812184, -3.0251401455713585]], [[0.4972675806282219, 2.959062953670361, 0.46160438064217146], [2.021064687808633, -1.2640073735066055, -0.9474371615485255]]]], [[[[0.8757960375239122, 1.0889480853981275, -1.4982149118060597, -1.863135145863432, 2.7420962442611563, -1.0785529103365183, 2.4698801168789832, -2.9962215222302815, -2.4472341297850138, -0.7461195260778999, 0.07108433887080233, 2.14937471252609, 0.7973668243603732, -1.5527006160414127]]], [[[-2.214046493368996, 3.1718868059409324, 0.7931010710132047], [2.94692476867245, 1.0532799897992506, 2.9317530759246075]], [[1.1985438217319218, -1.8823513063106818, -1.8252758438400665], [2.7929407759091585, 0.8997462940116652, 0.12451110681691355]], [[0.48191170363174196, -0.24337806426446992, 1.9634867141177201], [0.4638953935548235, -1.38937750598005, 1.3564579915622677]]]], [[[[-1.0353398333538169, 0.9283355400949775, 2.1661385274651908, -2.9552692099109295, -1.941989564168166, 1.2023763960036393, -0.36163540038417924, -2.4466226630427577, 2.890204471989283, -0.4203249658999625, 1.6401962445274436, -0.4775946268602855, -1.146100679654373, -1.0713028505292759]]], [[[-0.09412804759843016, -1.6021604472207813, -2.346709345321511], [-1.6065503668265821, 2.9064712352846227, -1.3939712323798064]], [[1.3229184503289495, -2.9005199056903725, 2.028290577485893], [1.5292869803419038, -1.545549314634678, -0.4453116139747566]], [[2.7060744721377605, 0.17366083478651156, -1.2492667027560564], [2.7039050915140863, -1.2812371900091668, -1.634644084843499]]]], [[[[-1.5125945462762926, 1.2105793695147724, 0.4604381583712146, 3.1332627724983824, -1.3176408459897708, -2.4370600498029202, 3.6240523020564552, 0.9899568153128798, 2.880395608641349, -2.9730647523888085, -0.953648156831162, 0.6376423275507197, 1.5599615157072246, -0.018793316379550288]]], [[[-1.8830792223590411, -0.48878294265307914, -0.3555469154124187], [3.0504246669231225, 1.3408847759550815, -0.7826844140002458]], [[-1.697546863974596, 0.03668256767528914, 0.31184743742425974], [-1.085275435656792, 1.7333775423989346, -2.9330617346982657]], [[0.22084028325214863, 1.681108917197665, -2.136864759041287], [-1.7327615182497682, -3.195837997699026, -1.9137666897067531]]]], [[[[-2.462502202217728, -3.039878030594317, -1.1590567796859104, -1.0648771863919375, -1.2740673849162634, -0.8145241464888859, 0.45396804962971893, 2.1622727527844505, -1.3883461072688708, -2.024646616669289, -2.8927695210624647, 0.8941403567740986, 1.6635020426566793, 3.1233740272723356]]], [[[-0.08691562203510556, 0.20493198961976924, 2.4592569502759867], [-0.37906742317413844, -1.14682392070367, -2.8358759661061312]], [[-1.5506009581395455, -2.502755841523505, -0.05676877955878193], [-0.001312939033349227, -1.5973267890751173, 2.56754980475303]], [[1.6019030823544105, 1.8373790840886899, -1.7487048788842032], [-3.592691733342192, -2.5307551705810725, -1.183282627662715]]]], [[[[2.9025131739576615, -1.5206273984980947, -2.190693652094206, 1.8263917827404406, -0.7753729559286913, 2.321883970335242, 0.9099902147328968, 0.2706536304663816, -2.768815981188877, 1.2238353834540379, -2.6729378949868856, -1.4555925961076897, 0.3507201207239137, 2.58381385603091]]], [[[0.5606696432281332, 1.6011223418777931, -1.6210367672193262], [-0.30051573142640275, -1.3808746091950663, -0.8597087432977188]], [[3.1934961263881414, -1.962824563609334, -0.6106781943486674], [2.6301068688215197, 1.9550541369014973, -1.9689044472499353]], [[2.663093306880555, -2.776736815302944, 2.250842963016682], [-2.729653732001841, -1.4388841817587035, -1.6347959454690675]]]], [[[[0.6971640213955999, 1.572472228785191, 2.954101170455277, 2.8415732205019193, 1.830689925656297, 1.1133589304303555, 2.15573754335659, -1.4449549967270965, -1.661281321150784, -1.7515469758032325, 2.1897844320069986, 1.7437213835726946, 2.803609228199999, 0.45750812898480037]]], [[[2.0234499851008856, 3.220171371496001, -1.0035798650418193], [-0.2483342993280455, 1.95669635797755, 1.8020205501520783]], [[-1.4015004622620313, -2.6102755324774645, 0.42599049223562346], [-0.10305619162109655, -1.8952053208973072, 2.841997298779204]], [[-2.3581879402057044, -0.9598962528478472, -2.4370273769352977], [-2.0610699247022173, 3.1014092685039367, 1.7139775366025205]]]], [[[[-1.6924199121237251, 2.657134193915651, 3.3540217864622006, -0.7667925421953858, -0.1013302325315657, -2.855696735157264, 0.8778226825548923, -1.174809266861653, -2.7383888003314305, -1.1155595447780604, -2.356762914400168, -1.3869310788605542, 1.6043430900352584, 0.6247358233144703]]], [[[0.9024841019923202, -0.855248407297002, 1.0332103002480801], [-0.2575491297156718, 0.8084283753642644, -1.030358024401282]], [[2.6844182428508327, 1.275308230904867, 1.8075244470155738], [-0.6864561964200061, 0.30581310068409806, 0.9838355295081467]], [[0.2799826131749382, -0.5526176474899525, 0.8543993447131237], [1.160710681130219, -2.153736840795191, -2.9105569948355052]]]], [[[[0.05768518316116008, -2.2276604644034825, 1.7708827511849168, 1.6227170716471602, -0.14906950310621758, 1.5553214551190244, 0.16581412647018318, -2.60482019943555, -1.9742458731394996, -3.35790281174942, 0.2836466032819141, -3.1828346972457457, -2.447958087069038, 1.729560566292525]]], [[[-2.9258560812108376, 2.5985988272622857, -0.9920621796662741], [-2.7619805727599664, 1.9905604995407848, -2.132738498808876]], [[2.7146707339384766, 0.04834908929074316, 2.6623076037889053], [2.266976729130733, 1.4077686678108523, 0.24980969932535982]], [[0.8484249211491933, 1.9532236431433556, -3.119451901748213], [-1.1547211007343796, -1.1077584663611955, 0.17332747791409545]]]], [[[[1.1193476117006251, -1.2644968915742196, 1.4046830260586547, 1.1499830721342281, -0.749590946284602, -0.40886587844798766, 2.621207597753104, -1.703429734096029, -1.135768113034659, 0.7044459128916929, 1.9887511097303072, -0.25953882649566945, -1.6242553649583407, -0.5194224448410217]]], [[[-0.3405656969323624, -2.1774964014197957, 1.9646197177179232], [-0.9970886667401141, 0.09632128703757703, -1.9378350562624522]], [[-0.32249098265086046, 0.1526077994185419, -2.7395866263241597], [-1.4385073063360654, 1.3558766288494062, -0.8539611231530895]], [[2.2706126501299697, -2.0022195195723476, -1.4257155660357106], [-3.0553721734436383, 2.581873466862281, -2.314068093526063]]]], [[[[-2.972917928067257, 0.8156483185921848, 1.1906417883728062, 3.2518878076947826, 0.396912769794841, -0.697294615890491, -0.025399193829874205, 0.8883693686945473, 2.288848311853152, -0.93072707514835, -2.461511278790081, -1.0925584125403847, -1.981079041084147, 2.038036544474279]]], [[[-2.842219771448212, -0.8492408685392211, 2.7433467688931295], [1.894944241153159, 2.710594765418565, -2.683363375758729]], [[0.6565965231757244, -1.2037878401175939, 0.6328524048027337], [-2.8519983743168, 2.0667534432428702, 