{"noise_params": [0.0, 0.05, 0.1, 0.15000000000000002, 0.2, 0.25, 0.30000000000000004, 0.35000000000000003, 0.4, 0.45, 0.5, 0.55, 0.6000000000000001, 0.65, 0.7000000000000001, 0.75, 0.8, 0.8500000000000001, 0.9, 0.9500000000000001, 1.0], "max_scores": [7.99700251806518, 7.719074480747254, 7.558763624935127, 7.1782565740473245, 7.150700670611457, 5.896171642541377, 6.646631270906402, 6.403580571428585, 5.883100190615796, 5.876001254866474, 5.620164087882424, 5.4095901501648935, 5.411936405539289, 5.438440093316849, 5.620953385511938, 5.614628169849917, 5.589355720866246, 5.645999788553186, 5.178004410292077, 5.377568713706834, 5.656410242986356], "opt_settings": [[[[[2.4850647462991637, 0.19277545969930684, 0.136434361395141, -2.1294823549098307, -2.675481339187043, 0.8104732878928629, -2.1091585727308684, -2.676404237148789, -1.574764901216427, 1.9812307215551987, -0.5455000245438997, 2.360458370489306, -0.0102495638351328, 2.5845759360442258]]], [[[-2.527258257419528, 2.973886836784556, -2.0284035780368], [-3.167838254922988, -1.4258810870024026, 0.7310939727501506]], [[0.3034145383013123, -1.4495041792873662, 0.13904454980322534], [2.1266210135172368, -0.1803727008554047, 1.9275005151398839]], [[1.620169051592861, -3.304933351521753, -0.32356803876654006], [-0.518469569842032, 1.1582837074067052, -0.013656881398665275]]]], [[[[1.5655528418686655, -1.528555993165927, -1.5236242315505737, 1.9659956343782925, 3.3063249586808543, -2.6637037936321057, 0.23303681906436713, -0.4510527681425355, 1.3970288597114984, 2.8196245720943187, 0.4909643259170267, 1.7379228037627605, 2.5121473827300638, -0.05715017678627139]]], [[[1.9456309419661502, 1.8256381761786817, -0.5768192872077642], [2.7033988044350425, 2.7294576601694818, -0.8075269770829578]], [[-2.162495597740651, -2.7409659140391422, 1.1002979168076488], [0.6146646053552683, -1.3107194798129873, -1.7461363825448435]], [[-2.700597173202679, -0.6563490546864771, -2.601422747209472], [0.8862880133823967, 3.0982541644577166, 1.576415899288457]]]], [[[[1.515282183619952, 1.7434351693820958, -2.4391406019519084, -1.0334597351317814, 0.47248531805724864, 2.771848346412321, 1.77574342201615, 1.0045911912043346, 2.3721221528203573, -2.274962720649536, 1.2989603478554752, -1.234259734890148, 2.6953650608830255, 1.197528894306019]]], [[[2.8340344149429217, 1.3198803942040485, 1.2492574207849847], [-1.6904799211999626, 2.2906801049547107, -2.952553382230578]], [[2.796124603500413, -3.0441514193797388, -1.263201723431643], [0.3329915979685443, -1.0119838382979274, -2.5164424232476184]], [[-2.3033824582532154, -0.6638776527270789, -1.4247703880317442], [-0.3616227852307257, 1.7093361333813113, -0.761876893940324]]]], [[[[-1.6017211129732334, -1.137258111537378, 1.2946578233619204, -1.6251808660983988, 2.0552888733563455, -1.159407515647844, 2.5416833208422025, 0.8060347850540227, 0.02046731895864926, 0.9547905456560154, 2.385229399362168, 0.48458240678145464, 1.4905935863719435, 0.26389566532998343]]], [[[2.473102799703497, 0.591604269083246, 0.8130978617549194], [-1.094176029616021, -2.0623185862544746, -0.46916252280784543]], [[-2.327212753379291, 1.1955359034075168, 0.7462318545130584], [0.1236634684621892, 0.7874138923543947, -2.363510964518365]], [[0.1883119254781245, -1.850166848025631, -0.22994958072403904], [-0.7439387486002433, -3.0670897574632727, -0.8419948614901096]]]], [[[[1.7565573938030026, 0.4862051609760045, 2.5585365461221556, 2.9384753157021937, 1.4992499818113385, 0.33925229568936893, 1.8577456670258867, 2.9243945456439597, -1.3811075948686178, 2.250750078275305, -2.9592067203860073, 1.9698923906255117, -2.6920646111902164, 0.05574220465795732]]], [[[2.346152650071308, -1.8756936298865765, 3.0673527339809636], [1.493932960045651, 1.4837242261307946, -1.5455179283828824]], [[-2.537048926170137, -0.9030346989448842, 1.0707535625007578], [1.3056598524907947, -1.3565156460999763, 1.9109506576453166]], [[1.0677240908800418, -0.7807711214095361, 0.41085021087474605], [2.784301396934329, 0.7866765131381039, -1.068729578671689]]]], [[[[1.3380563955809328, 1.5928359501350047, 1.108950156050484, -0.09204138186778185, -0.8035103696839544, -1.473903342115682, -3.140536603737571, 0.1456799624298932, -1.173744489697709, -2.130830089704062, 2.7558429113259555, 0.2070308400933496, 0.001227446798574297, 2.9543684808978643]]], [[[0.36748828487785823, -3.2142454128263904, -3.12948566217952], [0.2252758835313613, -0.18314201050859802, -2.7153431616302948]], [[0.345533964310046, 1.2517457793799824, -0.6682919427225475], [1.6375115307656847, -1.1751467488703915, -0.09267754779089278]], [[-1.0588343472294566, 1.25124437529523, 2.6902690958050544], [-0.420805927753603, -1.3505592343113346, 1.254955689634941]]]], [[[[-1.5717530409766869, 1.1631228253013741, 2.384291094000952, 0.005731776568182341, 0.06307616270447403, 1.7129024643028123, 2.7844522290789175, 2.5878636725453528, -0.09415138396370823, 1.2887206704984018, -3.090879286340171, 1.8288645722742758, 0.15414465409792505, 1.64701868823115]]], [[[1.5633647714912442, -1.7583643943330154, -1.539987088078843], [-0.690419586719123, 0.49168141273990085, -2.3993547442827476]], [[1.12986311252759, 2.6118756619761605, 2.7215020070045775], [-2.8447325931169303, 0.584529520751467, 2.352090661401766]], [[1.0773070196683516, -0.1851371464057333, -0.33340019381066455], [1.7009054769499063, -2.521546538341499, -2.828389497555811]]]], [[[[-2.9457489783174915, 2.0623082620795046, -0.6478878014991164, -0.6768596142912225, -2.4514866559806965, -3.2760984616730924, -3.1302105683760972, -0.2599219990770337, -1.3298189232618611, 2.8721644319392703, -1.501903625642071, 0.6090165733526259, -1.5103827012261062, -3.054274371825972]]], [[[2.237238578806365, -2.125416619345416, 0.970691222106387], [0.9090199182221467, 1.2644649507056842, -0.20176862976855284]], [[3.0147933594604863, -1.9177456517313367, 0.16068395559223747], [1.4716416404079704, -1.9034340397166378, 3.0397300985594695]], [[-1.3582173978850163, 0.55323916737191, -2.4135928511428495], [-1.6511665281740038, 1.7202506663240096, -2.1734372775784947]]]], [[[[0.5912892335273338, 0.19033009725491634, 0.5078510106058826, 0.7886767060434052, -1.876357626177743, -0.36721835132996705, -2.4970315920895656, -1.132300413751634, -0.5442752494319989, 0.7981291516788145, 1.5150996474046083, 2.966603229835491, -2.356815195534415, 2.754082705977509]]], [[[-1.509790236081401, 1.3601048056075646, -1.687474402975562], [0.7885084027966336, 0.8068314448746989, 1.5575877916548704]], [[-1.8290621035535883, 1.9638742685110497, -0.3950585024778457], [-0.9578849225266418, -1.0899232361000066, 2.736612722122138]], [[-0.3188378269133079, 1.5863743571599989, -2.6305953808041784], [-2.382642752033235, -1.6193610369261413, -1.549635635355272]]]], [[[[0.2722589077886189, 2.887332775773434, -0.09017052559543762, 3.5481141276750314, -1.770785095657064, 3.0463930128213823, 2.005915862839484, 0.9150089347137353, 3.087507170997776, -1.6011845217255563, -0.7856551954695302, -0.7706715914221728, -1.3923954776766272, -1.1814399138673357]]], [[[0.0691783953985171, 2.337322019049396, -0.9429390672122082], [-2.349870025410446, 2.0647914244469003, -1.5000915595347937]], [[0.8219197173380643, -3.2048563435118256, 2.8409019281133734], [0.82147245781592, -2.0230286039473024, -0.4414530777346273]], [[-1.9596768684543913, -2.8089456307717353, -1.361390238205935], [2.5376134255792957, 1.4995956958949384, -0.6571392457644958]]]], [[[[-2.299025011805911, -2.249157170602272, -0.9109099009174165, -2.032782021673557, 1.7884396720830964, -1.1878445520225747, 0.7923084408371436, -1.5415723409123907, 0.3914910005180327, -2.347683546928513, 0.5931680409623766, -1.596594013058938, 0.6319124032662116, -2.165024164915315]]], [[[2.0744395280705663, 1.0863650705100367, 1.1397903356794767], [2.6890911306193286, 0.5164200503042912, 2.7450867452327605]], [[-2.265521728740674, -2.795381682377379, 1.039787250242961], [-1.409892175422153, 1.8968784106901844, 0.17975448716012293]], 