{"noise_params": [0.0, 0.05, 0.1, 0.15000000000000002, 0.2, 0.25, 0.30000000000000004, 0.35000000000000003, 0.4, 0.45, 0.5, 0.55, 0.6000000000000001, 0.65, 0.7000000000000001, 0.75, 0.8, 0.8500000000000001, 0.9, 0.9500000000000001, 1.0], "max_scores": [7.999999999997499, 7.797435475847165, 7.589466384025294, 7.375635565833894, 7.155417527998827, 6.928201877443653, 6.693280212220194, 6.449806198552006, 5.40463660963621, 5.9329573393758865, 2.3010122706490663, 5.366563136717781, 5.0596145622634925, 4.724117231033522, 4.363556357005194, 3.9998680653143412, 3.5102223253617666, 3.405907848439964, 3.595871369173543, 3.7993234098766115, 3.9993099183918215], "opt_settings": [[[[[]]], [[[-1.2911744709502264, -1.141626789742248, -1.710864853447308], [2.563198935870093, -3.4871096701332305, 0.43551312475107906]], [[1.9831306569550111, 2.451417718528453, -2.135524419329635], [-1.7047130908856971, 2.1781066269010543, -1.023282880271326]], [[-0.2075415242186739, -1.0496731452102939, -0.9321572838077006], [-0.9927339828103355, 1.3748566328630332, 0.21220309189760744]]]], [[[[]]], [[[2.894965793459872, 1.4846898621114484, 3.0215126997796506], [-1.8867607383243177, 1.6417646711156517, 0.6615403606798518]], [[3.0948256076252347, -1.4911360972129795, 1.67387271029658], [1.3968381756812303, 1.7961646095025725, 1.7493854846523043]], [[2.0033256079445914, -1.4200341742427007, -0.392017711170642], [0.3474134663707059, 1.5520906068307645, 2.6803287116407635]]]], [[[[]]], [[[-1.778385500078339, -1.638495157713192, 0.8864773417701377], [0.7196712791110208, -3.028233089207376, -0.05624557163404956]], [[1.4513828977442937, -1.0450113084589527, 2.2413889489864784], [-2.8950814783259418, 0.5363858732352786, -1.8819991501849846]], [[-0.7542471983391625, 1.9629305666463097, 2.950048209560409], [-2.8045617037955215, 1.0089332785495448, -1.9439618790848172]]]], [[[[]]], [[[2.218112131449652, 1.357247967778112, 2.9294130462354495], [1.1255254852181837, 1.6557698542996506, 1.7962911989026473]], [[-3.2404039339632424, -0.9499010777525976, 0.8650640781264922], [-2.0408388578516323, 1.6296025858529817, -1.1397456983720207]], [[-3.4132668375954185, 1.8331640215001466, 3.1223082487424474], [0.8123107343354786, 1.5392909068157834, 1.249566221768963]]]], [[[[]]], [[[-0.7877814252893939, 1.185968955746114, 1.4082317276359335], [0.37207064168978515, 1.5673366640612603, -2.772317017268513]], [[-1.8759538795906534, 1.6062306355722002, 1.6060844911917025], [3.0083194706128626, -1.6115772902561938, -0.5931577352470856]], [[1.4730697818394098, -1.2391426962498926, -0.84155744822404], [2.6370037998592766, -1.6130687920514981, -1.188872231838312]]]], [[[[]]], [[[0.5496528929524818, 0.17155736656562204, -2.7546374315632436], [1.76769411036948, 0.19666429857899104, 1.6302520447052133]], [[0.0616860033560926, -0.13794153805012213, -0.9470990232047951], [-1.124560506995986, 0.7001748817608565, -1.1641058390381451]], [[1.8389495593654195, -1.0254866598287133, -0.7701586097809852], [2.363530156571091, -0.12559050837001223, 1.8133666141019482]]]], [[[[]]], [[[1.2258227866052935, -1.2747219636388682, 2.6906731652659976], [-0.724113116533404, 2.2317684382282277, 0.28268878902313954]], [[-2.979735451056803, -2.1272440110149176, 3.116762864059278], [1.6345596633856492, 1.1290038096619552, -1.8367479361578896]], [[3.0325881752965933, 0.9704976534775358, 0.5541161833130679], [2.315733405863191, -2.0268204791733333, -2.9233974938500715]]]], [[[[]]], [[[-1.2528156574055884, -1.3466585100950248, 2.407439432931791], [-2.12378374495621, 1.3956926179549187, -1.4526622102658522]], [[-0.7745602234988124, -1.8137280385594, 1.9424474330355554], [-1.5038928979689736, 1.6035030191520436, -1.2149387157825673]], [[-0.2527302555351974, -1.7449177393160484, 0.7991604086449411], [0.966691597710045, -2.314501297397024, 1.8588744544172524]]]], [[[[]]], [[[-2.6052777316310634, -0.42926879153892744, 0.7904823471919342], [0.39716590889042525, 3.1024380977764, 2.678809403279125]], [[1.1626566743958588, 2.6800881247279813, 3.038761914775109], [-0.4668186358999143, -3.3546380705902274, -2.6048480686418016]], [[0.3445140092174975, -2.1848569343819144, 0.020774520530659767], [-1.8491175398821438, -2.6485021247717273, 1.615675439993395]]]], [[[[]]], [[[-1.526926583073399, -0.17405455779385176, 0.02490069446460243], [0.01265589066221074, -0.9665253618665279, 1.8328286369282738]], [[1.3899881324134906, 1.1263215678643035, -1.304765150347237], [-1.105533554679858, -0.4207460503765812, 2.6868178632750634]], [[-0.9615928257484512, 0.4115333509948325, 1.4324899902073946], [-2.4229129148571986, 3.5849349690161705, 1.4539617745893096]]]], [[[[]]], [[[1.4007579333658744, -0.3306981973555181, 3.0149271674616775], [-1.395276594768942, 3.093466247332541, 1.3202519159228565]], [[2.836359729218415, 2.7887287963663647, -2.973719599917834], [1.2363291703603019, -0.013042846469097029, -2.75274223276487]], [[3.001489108248011, -0.2601989099901502, 0.22739659942946977], [1.3268918780618728, 1.2336891158567913, -2.4407848369671994]]]], [[[[]]], [[[-2.206540266158779, -1.513742999195077, -2.2381835454530217], [-1.3731810798133361, -1.1035609292243194, -1.4726499046090853]], [[0.06405267896369853, 1.4733080465141901, 2.9828318978962773], [-1.8435762570677927, -2.2575293584812193, 0.06584489253173591]], [[1.3853186880553334, 1.372870029036558, 0.005582901418650397], [-0.9507950345490732, -1.540855355823991, 2.5934623004029556]]]], [[[[]]], [[[2.2766829943618414, 2.0749411712131804, -2.6820764517917652], [1.6763598513197655, 0.7035612617694179, -1.736234345160791]], [[-1.255526315459901, 0.8167117797841925, -2.440305551155779], [-0.5522232092629819, -2.5266155240235633, 2.0941152277323427]], [[0.6239259483471795, -0.5152890755367895, 1.8480977594827337], [1.6953887617227779, 0.9916526198286428, -1.1185172697642747]]]], [[[[]]], [[[-0.4718479774054871, 0.1577752564861053, -2.445669018283846], [-1.4065167967546497, 1.090314254017706, -0.3407351523939459]], [[1.1686972391878951, 2.596438397011204, -3.1231815780457586], [0.31649054090568474, 2.2738322161202715, -2.98708256344864]], [[2.958899732119159, 2.5322467750543716, 1.2891408091999432], [-1.8801027199328442, -1.927772167693737, 2.4936998520067766]]]], [[[[]]], [[[2.7532946081962755, -2.2483958632056678, -1.200547197417148], [-1.423499916753434, 0.4448651516751546, -0.3671604252279303]], [[-2.723697720003341, -2.3413920573763756, -3.0022706688754317], [-1.0501589821252089, -3.602767300563142, 1.1793417099873986]], [[-1.6441878879965106, 1.4824173631905069, 0.7342943327653799], [2.813175742645846, 0.4298148086812074, 0.0782448441906856]]]], [[[[]]], [[[-1.260284022439658, 1.7395250408996723, 2.7681691511903246], [-1.9607419618600064, 1.8554473376132312, -0.5504423564067049]], [[-0.049362838364874734, -1.3783132116410217, -2.8457604558979126], [-1.906061597082719, -1.0712533089845027, -1.0576322821716087]], [[-1.0770531242866461, -1.5869403421327677, -0.5275638666902762], [2.893207669280242, -0.10414258002383572, -0.3317806600863711]]]], [[[[]]], [[[-3.038384017037895, 0.8461085263838356, -2.95483680397271], [0.986754451879358, -1.5194362568307578, -1.2037768537133098]], [[-0.8772326747438226, -1.4248447176572572, -2.024822543418122], [-2.1287114332775268, 0.5371008960955895, 1.8890077787158361]], [[2.3169766764141766, -0.0934617389322371, 2.310796102899534], [0.8313751685790562, -1.268104536635725, -0.063060183177996]]]], [[[[]]], [[[2.9505163171434097, -0.0011524144493206614, 1.740022108990133], [-0.012858175053954953, 2.0538059414595478, 0.09654377626720345]], [[1.282705782552479, 2.4393237164040507, -0.6039302474253332], [2.2680373287161704, 2.736160561659641, 0.6636980633209357]], [[-1.5917656479228142, -2.576613019831898, -2.6933794424996704], [-1.6412644508839076, 2.6883971212874624, 2.779422332497437]]]], [[[[]]], [[[-0.24882121797419943, -1.6751072683417703, -2.5444309191396965], [2.3146235873246304, -3.357017337240774, 0.8163135861967588]], [[-1.656151640160843, -2.3811075514417865, -1.0228622179900246],