{"noise_params": [0.0, 0.05, 0.1, 0.15000000000000002, 0.2, 0.25, 0.30000000000000004, 0.35000000000000003, 0.4, 0.45, 0.5, 0.55, 0.6000000000000001, 0.65, 0.7000000000000001, 0.75, 0.8, 0.8500000000000001, 0.9, 0.9500000000000001, 1.0], "max_scores": [7.999999999780139, 7.797435475847017, 7.588386605759572, 7.375635565834177, 7.155417527998288, 6.92820317745625, 6.693280212270452, 6.449806197657592, 6.196773353402899, 5.932329200246159, 5.656854009534268, 2.2044850313028923, 4.906664889924207, 2.5956825138075654, 2.7909626961752982, 3.987553736438784, 3.5777048498736317, 3.2233821568266663, 3.596659268303237, 3.793266067996899, 3.999974785302314], "opt_settings": [[[[[]]], [[[-1.5957653276755714, -1.8053648872254204, 2.3488167698128564], [1.61672729429895, -3.156230839320996, -0.9851433231162137]], [[0.20418498359789095, -1.1645189526255957, -1.8713199856982998], [-1.5916716839120966, 1.0865273289562227, -1.7400462278642845]], [[-3.043691106681657, 1.417706173208088, 2.4952542053994975], [-1.8893034593147764, 1.0158126149038018, 2.528666948603272]]]], [[[[]]], [[[-0.9150224138990551, 1.4132002741897327, 0.44478438583663404], [1.131246886309754, 1.8096640766235916, 3.1161465750177344]], [[1.8144930607089853, 0.9758617571367378, 0.3819257213187033], [1.2331840106904979, -0.8592789324293244, -2.196067647948456]], [[0.15586070389069756, 2.092312039595342, 1.9391982964144647], [1.450868116396396, 1.8948763045889438, 0.6444053063792454]]]], [[[[]]], [[[-2.208545600421452, 3.108430183678023, 1.9579407003976348], [-3.068575983905207, -2.76422889060373, -2.607870822514096]], [[2.629335554658375, 2.974962921561823, -1.3289003419313627], [1.2450501778271332, -2.8814709549545556, -3.067571943616736]], [[-1.9401725329353834, -0.182390273069474, -2.325854530001443], [0.7224336661161807, 1.1946484920785696, 1.2125962723447925]]]], [[[[]]], [[[2.899004046489107, -1.4458053075222763, -2.6720464053629556], [-1.848059184326242, 1.7372398851255297, -2.5413466037442913]], [[0.012510480418976094, -1.2885737405434123, -0.2075137739227646], [-1.1816227465496616, -1.7836303795474198, -0.055465547008895444]], [[1.7542555110722706, 1.8649291301842024, -0.8821863925400479], [3.082499145562157, -1.493068822584942, -2.1732898758226016]]]], [[[[]]], [[[0.6964814990111661, -1.72281438083287, -2.530381787729751], [1.9883618028113892, -1.0203082006810082, 0.8477595672896214]], [[-1.5745166071853858, -1.6240063051200837, 0.1276927513635777], [-0.32207114913858176, -1.8742791562960068, -1.1916498436004173]], [[-0.24602052789691603, -1.2616974260518905, 0.2790369891600366], [0.9356603404199835, -1.3180345981230035, -2.8428966031434815]]]], [[[[]]], [[[-2.895506630479159, 2.9847403416941494, 1.6687534283260854], [-2.2651640153911208, 2.1521017019355995, 3.0708820061007343]], [[0.07348034315470628, -0.6775834093789824, -0.8226406684755232], [0.07008254406672829, 2.4160600486309067, 2.338194849799538]], [[1.6684769253528662, 1.6481722304381798, -0.5281698194881788], [-0.9769353128274139, -2.505781370489718, -1.2489548729523139]]]], [[[[]]], [[[1.8566889528838002, -1.7999288219281426, 1.475380076820752], [-2.97158913366728, -1.4046596279452122, 1.034925221122406]], [[-0.19633389215580271, -1.400048331681105, -1.231935613773796], [1.2620353641884767, -1.7019819627237487, 2.6492454190355037]], [[-3.1873421381564153, -1.3999826430636937, -0.9244788086884772], [1.6742349918388817, 1.7815559520883355, -1.8093987361488246]]]], [[[[]]], [[[-2.5175323890742938, 1.196837866498796, 1.8234805802130438], [-0.4309439915293797, -1.8919033561915808, -1.174241690630813]], [[-0.09351794017942253, -1.6124973977922032, -2.1126440433225104], [-2.220738131765134, -0.9007368073679112, -2.0881335422302256]], [[-0.04107391432842952, -0.48681905229356925, 2.6249020459568317], [-0.37119692307469687, -1.3744521521901585, -0.4823505518087523]]]], [[[[]]], [[[0.2854280569041166, 1.316632252077076, -0.04866788947210625], [3.9400664240853467, 1.150846149579153, -0.7378665322037361]], [[-0.9820688882756645, -1.9058147789462412, -0.470040786899216], [-1.9829633539249365, -1.9201695206198852, 2.519465476623294]], [[-0.7562458792556548, -2.3715102410431523, -0.05465398630925873], [0.9023659810578062, 1.5013843079710754, -0.08518023442495129]]]], [[[[]]], [[[-3.12520048874132, 1.8923603207570254, 1.0219388571143488], [0.8482682532512622, -0.11362405359800022, -2.5520374717672576]], [[2.5719365403920347, 0.8291881901045487, 2.9014441273601985], [3.138880230064567, -0.23484068481045706, 0.6380509287183163]], [[-2.4550271116236044, 0.7157760243294777, 1.1967329391308095], [-2.340206956421675, 1.9177722366850647, 2.3300411950950757]]]], [[[[]]], [[[-1.9870081372434958, -1.9635825957342037, 1.5577028135794801], [-2.573511699477713, -2.2454232180901155, 0.7341018580866199]], [[-0.7476630227535755, -0.7477761544433017, -1.2950159723236598], [-1.46758846861129, -2.0818431217095217, -2.274377732525118]], [[-2.8414776379598465, -1.9280174476234162, 0.0138949514919502], [1.1869166005838983, 3.494299101885949, 1.3723155732520436]]]], [[[[]]], [[[-0.8626122087506458, -0.4626807358783782, -1.7478661834803597], [0.408915500751245, 2.627544490435477, -2.3851279638875327]], [[2.727332378924233, -0.9414501409761655, -1.724483626313276], [1.4566178867885144, 2.424636004467881, -2.714209516458318]], [[-2.632945320429944, -3.1645424913757227, -2.5373246363879467], [1.9652901899154605, -2.884365784865596, -0.05310968666449289]]]], [[[[]]], [[[-3.286516955168888, 2.262516569140897, -2.8465347457320798], [0.7079448088168614, 0.28908383337099414, -2.6057467336745472]], [[1.1495002485283694, -2.8950597858899463, -0.7378768761790497], [-2.8011571687474595, 1.8870720550379996, 0.9308118944940507]], [[0.0015150588124822964, -2.3574257553056888, 1.5306531579990228], [2.2598131169533335, 0.3720676297131724, -2.041227834040024]]]], [[[[]]], [[[-1.2343767910396046, 2.488790709592099, 0.5942993494094644], [3.3359245399402875, 1.7039558633952048, 0.8026293174584294]], [[-0.5036967550577996, -2.317846127374683, 1.6929816609652297], [1.2432400066649623, -2.902818286241779, 1.4871912244962244]], [[1.8900164515278333, 0.44018473225303445, -2.0144303198903115], [0.7966332439524583, 0.25865311237030497, 1.0921498143850403]]]], [[[[]]], [[[2.885243460053197, -1.2063810035972622, -0.28608656084763107], [-2.6311539105795454, -2.5578667686427057, -1.8237256627350003]], [[-1.173336168408911, -0.04209771680806823, -1.2234125548465031], [-2.8008568380357675, -2.3589985727456515, 0.8873028773265128]], [[-0.632316593849, -2.3833638662053875, -0.2536833345747067], [0.4136491126888891, 2.5434800407893325, -1.0697311982813869]]]], [[[[]]], [[[1.3623306072656185, -0.8101540035561059, -1.7458573879698112], [-2.7588565033690595, 1.3182096598471278, 0.49924218537920284]], [[-1.4263031444126988, -1.6270429429339357, 0.5966165489044006], [1.7050733183978193, -2.725736992812528, 1.2258018636202017]], [[1.0246242147428168, -2.1079981959004894, 1.935487987884465], [0.5524171237691636, -1.5254283281680716, -2.671326866478957]]]], [[[[]]], [[[-1.4885146527327717, -1.923029701677254, 0.3470040689808629], [-2.3146116054656893, -1.5569710243874204, -2.822356456099929]], [[-2.1152727546263277, 1.4311755251545382, 0.7922364919905434], [-0.5057621445331035, -1.3141769416786055, -1.6019179082561348]], [[1.6782808591729963, -1.8441716548513964, -2.646090299137976], [-3.143007281060286, 1.791582207992236, 2.9562941825272064]]]], [[[[]]], [[[2.9375205780546376, 1.4541347219245204, 2.189732789073645], [-0.8421107057708745, 0.43048721034818305, 1.108388414603528]], [[-2.1591561431937776, 1.1428027693444291, -1.4163265400481997], [-2.336386338078912, 2.0707683824347365, 1.5491671260847184]], [[-1.6220192339116113, -1.338771566439045, -2.3454671058565117], [2.6131893058260873, 1.1502637436841674, -3.002134123092224]]]], [[[[]]], [[[2.3211171610982264, 3.0298424878851984, -2.51377902340636], [0.49149100965317494, -1.9058697318151085, -0.48863533262420716]], [[2.9731893138802348, 2.6893207424996546, 