{"noise_params": [0.0, 0.05, 0.1, 0.15000000000000002, 0.2, 0.25, 0.30000000000000004, 0.35000000000000003, 0.4, 0.45, 0.5, 0.55, 0.6000000000000001, 0.65, 0.7000000000000001, 0.75, 0.8, 0.8500000000000001, 0.9, 0.9500000000000001, 1.0], "max_scores": [63.99999999980222, 62.37947711243986, 60.71573040311307, 59.00385257402765, 57.24334022399009, 3.8439762893203593, 49.41091305347527, 51.59844958326198, 49.4873065933335, 47.463668224267984, 45.25483389405681, 8.733009588126377, 9.500122594375428, 10.197124030748155, 9.074092875823546, 11.923349553350704, 12.418060254886475, 13.383466982346416, 14.23418541694156, 15.079144128003236, 12.941548274817707], "opt_settings": [[[[[]]], [[[0.8165972623831408, -1.9764508419752844, 1.4010547988164745], [-2.6396831394226994, -2.0044065779302636, -1.9188073407524233]], [[-3.4145401392548984, -1.6657023954313737, 1.8618952661699275], [2.3288335097259774, -2.700053312513235, -1.433692075170175]], [[0.07056131600056163, 2.164458532507851, 1.30581144014434], [-1.6622372068763798, -1.5214125865794796, 1.0221269959742756]], [[2.5013365587943173, -1.3682834620147173, 1.678907634042834], [-0.9222660933417705, -0.8235922383421295, -3.0336256164922895]], [[-2.7553396220610376, 2.549686304507198, 1.093621922288139], [0.6212240484740051, -1.0583981910714202, -3.0635641456333746]]]], [[[[]]], [[[0.4447238020484664, -0.4372494441363711, 2.240394575124947], [-0.8168061415633654, 2.7548990614057747, 1.4695079497857968]], [[-3.114701404030917, -1.5543492282749172, -0.8597158303833146], [0.7329920850847337, -3.0983632549397186, 2.919932521299347]], [[1.9509897968641663, -1.8037880800523096, -2.9594178362158483], [0.6085246811546778, 0.5683004649530626, 2.3849879042876303]], [[2.902080007632131, -3.182750321249692, 0.5436247031424486], [-0.7423149917949241, 1.089543521485309, 2.3305214695489695]], [[-2.5893952441817993, -0.5125991248097659, -1.4368535879562006], [0.892653638752153, 2.8366446089887227, -0.6661054481114048]]]], [[[[]]], [[[0.7754149670997252, 2.4696434526694744, 0.2559988718263111], [-1.6782814610925234, 2.3295715077517585, 2.246022255629839]], [[-2.0245470032959827, 1.5454742774738455, -0.7183034855054147], [-2.588414210461816, 2.3124577411518925, -0.8103129871263377]], [[0.7685912107451981, -2.1042861549353717, -2.229395444392446], [0.6723998096773415, 3.1693544590114664, 2.1490306890343502]], [[-3.0695088301722904, 1.6875775311005055, 1.9317601890885987], [2.2757847089207326, -1.838929999007274, 0.89940999305177]], [[0.40598581888005264, 0.6862722411166512, 2.28296928071087], [2.987886815716461, -0.7234669671696358, 1.2923974634504471]]]], [[[[]]], [[[-0.15897135803773055, -2.1646875630516695, -0.7757149434757524], [2.537992052380901, 0.976943272758477, -0.8265947673573208]], [[-2.847015179963537, 0.4229475132281338, 1.0922784827796441], [-0.334684279981138, 2.2021606962033076, -1.5927873029397794]], [[-2.0889665080805253, 0.9471240636874048, -1.6465033311552228], [1.0662595360404723, -1.2217787673653622, 0.06176254843387862]], [[3.1333014529700467, 2.2114067597029683, -0.2496349131915201], [-0.33463646381122314, -1.4049783864212402, 1.8095148085035264]], [[-0.3230305064412386, 0.7041778153048066, -1.3971072084269416], [-0.586066691492504, -1.838035248214449, -1.7198494861574032]]]], [[[[]]], [[[2.1562112702847025, -1.5158822340142084, 0.14597859527876403], [0.09872401438915478, -1.8158747706560152, -1.7532081782702704]], [[-2.2194661373568407, 1.9553480475349478, -2.258474472271984], [-0.011798666321033262, -1.450755430998641, -0.8670142140934822]], [[-0.9607929012025891, 1.3979579316263622, 2.087002176238671], [0.4040061656189671, -1.300399511878282, 2.2884205480363233]], [[2.60901398038487, -1.2664257691939322, -1.33157243523409], [1.0376807031423736, -1.867888932434296, -1.6472620135909324]], [[1.589316056710741, -1.2189847997699654, 2.398691238243223], [-0.05507744872768609, -1.4600526647750438, 2.2424513779756623]]]], [[[[]]], [[[0.17194257347166036, -2.6187679611165593, -2.630343155498937], [0.011829939520189538, -2.9108578258138613, 2.751943320551492]], [[0.5976098031635915, 2.3633658085151623, -2.9912069767386944], [0.4665692026961171, -3.0002933166208785, -0.04774326940321757]], [[1.779074301983024, 2.6066001695821197, -1.3567202895259325], [-2.0765970238656895, 2.8088168230177133, -0.39866655052302047]], [[1.4169246027309392, -0.13483030930346823, -0.3452738522940666], [2.8936908004635358, -2.9762904324834683, -0.9133840093727756]], [[-0.14128238743276963, -2.7617512737499914, 2.464944762405599], [-0.1570482398326959, -2.8226754153190177, -2.7112379728792986]]]], [[[[]]], [[[-3.108734504435379, -1.787956930020224, -0.16796688706509144], [-1.2467789951706552, 2.895128214771293, -1.8044143661679548]], [[1.7273196410915197, -0.8749697343897583, 2.099691530014703], [-2.3592306785455555, 2.9867780327843114, 1.6442052877185516]], [[1.7451978369683883, 1.9263324986183277, 0.4096599052471932], [-0.17998157162455836, -0.7391647684082696, 0.4299469855047824]], [[0.10274634365689496, -0.0012557315485643046, 2.828178294745828], [-1.6735647402700025, -0.04106703659251745, 0.3365751995901407]], [[2.578071101948759, -2.703526326153911, -2.3843181517488725], [0.9948993241991301, 1.4055474209446668, 2.6553193495291874]]]], [[[[]]], [[[-0.9293503268921419, -1.8497600082232108, 1.6649834800401084], [1.0970594470613295, 1.1231296170473648, 0.8885074512356201]], [[-1.6808328797653933, 0.9228134850216301, -2.229598871949525], [-1.4394536969184863, -1.7037716954397943, 2.5040488574575646]], [[0.021853811057177083, -2.352828366657619, -1.4135606598346042], [-3.22495383530665, 1.3836856802677047, -0.7742750027462777]], [[-1.8223393352099861, 1.6936700970945253, 0.38917432029184207], [0.02664393052159634, -2.379092579215176, -0.5221050206473103]], [[-2.2041147309012254, 1.4628681489892932, 0.33726766753604975], [2.74498479337097, 0.3385483923266798, -1.9146622668485764]]]], [[[[]]], [[[-0.5733745225222321, 1.3959272057945258, 0.8061664694273936], [-1.7848174755561295, 0.9934907867047406, -3.118201276961634]], [[-0.2429730144854274, -2.0641849769279945, 2.6557783455914725], [-3.028040510459977, -0.35593622071070047, -1.273454346514152]], [[0.8057853732087137, -1.614908897639203, -2.476841503521511], [2.487595282566148, -2.855491899144703, -2.4743796522639574]], [[-1.7655632910480918, -2.898602960872707, -0.9546231152879741], [-0.2976370952224976, 2.656153602973288, -0.9209940540108055]], [[1.6997972272758375, -2.926387708541715, 0.9437922718709313], [1.976856609146377, 1.9154895078009662, 2.670016750576403]]]], [[[[]]], [[[2.259227523434239, -2.5293042638440637, -0.7170100252271365], [1.5951370728649343, 1.0053360664248436, 2.899695544407317]], [[0.9907957990376051, 0.4407920590361602, 2.6153032592840955], [-3.2302453956507273, 1.989264182383196, -3.1379114971235285]], [[0.5694959023528987, 2.1103524335208457, -2.1259278941481945], [0.6384874535167506, -1.7228173847386061, -2.5126019621764346]], [[0.3878181958952044, 2.091891217705724, 0.3584284888839293], [-2.3467027778286798, -1.545946059206874, 0.8817319645661197]], [[2.9677003378707156, 0.6613377157028852, -3.0062044999709636], [-2.86713423088691, -1.4872558227083814, 0.2883973566240168]]]], [[[[]]], [[[-0.6877923582598002, 0.8917456530501106, -0.7405689621371532], [-2.8973188997959873, -0.3417520642021485, -2.797783943486286]], [[-2.9014111443410866, -2.1614136014064034, 3.1000562511403347], [-1.008245359083657, -1.5107048822125837, -2.8786993697262684]], [[-3.095713883607447, 1.5408719382892915, -1.954668466600146], [-1.942973549596619, 0.6587206443836685, 2.867351737427609]], [[-1.812440470881788, 1.601721541051588, -2.963624035653869], [0.29593518156029897, 1.1085910867526247, 0.5498681728209758]], [[-0.8880134442635604, 1.9558485446034655, 1.2680997926005784], [-1.5916985138675703, -2.4957486915184957, -1.0589311538310127]]]], [[[[]]], [[[-1.5201596639131882, -2.7446301410618132, 1.9033430943948968], [2.166376073324998, -2.9248830317871812, 0.8361458279693545]], 