{"noise_params": [0.0, 0.05, 0.1, 0.15000000000000002, 0.2, 0.25, 0.30000000000000004, 0.35000000000000003, 0.4, 0.45, 0.5, 0.55, 0.6000000000000001, 0.65, 0.7000000000000001, 0.75, 0.8, 0.8500000000000001, 0.9, 0.9500000000000001, 1.0], "max_scores": [7.999999999999998, 7.797435475847163, 7.589466384403821, 7.375635565834295, 7.155417527999031, 6.928203230162262, 6.693280212223761, 6.449806191880266, 1.9535588213043331, 5.9329587896751494, 5.656854248640325, 5.366563080891579, 5.059644254532633, 4.73286382619102, 4.381780374837339, 3.0503351949500086, 3.2098291091037474, 3.397460918697347, 3.6001926128863406, 3.798913881893859, 3.9999997955906945], "opt_settings": [[[[[]]], [[[0.5838098758063126, -1.4549156995966137, -1.5363601215503364], [1.5356872053351642, -1.7811678894351373, -2.303862854170368]], [[3.0928790394461423, 1.8535159457829948, -0.19623369953884004], [-0.912374174141162, 1.5567542368045524, 2.3355178175903877]], [[-2.260071082070429, -0.9370306427398397, 2.999024993985497], [2.571269125734796, 1.4682322905927365, -0.4305795237132739]]]], [[[[]]], [[[2.5904011482592444, -1.579023953756381, -0.8460450818439424], [-2.7279310928550036, 1.2779113675932694, -0.8728256083123691]], [[2.5434391414345843, 1.5766233282935962, -0.06455029237060514], [-0.006201655280419965, -3.833751013693209, -2.5355783839714103]], [[0.3543741025264965, -1.5461443786191924, 1.2285713665363511], [-1.8317322626333885, -1.7352967271637323, -1.783696330030473]]]], [[[[]]], [[[2.0266961112262702, 1.4088351341928087, -2.0011034211678655], [-0.29905756489823987, 1.8498833016920884, 0.2995198852906449]], [[-1.2200072434568239, 1.6100168761000042, -1.7417394026972715], [-0.2302169488604645, -1.328084492726093, 1.5410580909550387]], [[-1.7312395365078328, 1.5567881086575839, -1.475006710884726], [-2.1124230434643847, 0.18081704208462906, -0.9773207742570769]]]], [[[[]]], [[[-1.225095061766314, -1.193712700108837, 1.2178857599584898], [-2.658762119874058, 1.8412707809946705, -0.6165392841901576]], [[-1.3205729415063172, 1.804469929047113, -0.2484908977648513], [-3.126329480570286, -1.9091010303241047, 0.15316055050398922]], [[-1.7574764518892048, -2.2295753387707617, 0.4732773763834035], [-0.7022883618845137, -1.7856132147826649, 0.1827824399530851]]]], [[[[]]], [[[-2.3911961055747666, -1.9845880915075003, -3.089976987650313], [-0.4955797557952493, 2.2357577766571213, 0.41939025669325236]], [[-1.9153686058918922, -1.0340581476561743, -1.8931525233542421], [-1.041390003024352, 1.4372202963185434, -2.124670438102643]], [[-2.814436068528263, 2.042367853122567, -2.824684795378756], [3.8641043594455553, -2.252155698388609, -0.0016532041559980213]]]], [[[[]]], [[[-0.40950023975991046, -1.562636122810237, 2.514663577951258], [-3.0468237376810543, 0.7094219422269585, -1.1003989981867388]], [[0.06911171447216899, -3.575477743353392, -2.444201044205337], [-2.6455598534807945, -1.870833533863467, -0.9338855417221161]], [[3.0399615462490317, -1.543022091652756, 2.884815631514109], [2.195241982429792, 0.14582564499627237, 3.0812735126509443]]]], [[[[]]], [[[-2.031762800784003, -1.1132687980361728, -1.740082243449147], [-1.2970440105743601, 0.9508199348461988, 2.647129322029908]], [[-2.289773664581688, -1.4840055676313404, -0.14504447320305489], [-1.5412525602939073, -3.4882078867967796, -0.804030060488456]], [[-2.5051412430593087, 1.8376528870444575, -3.129180545519371], [-2.1062077886763295, -0.9220344185448479, 1.8121339887806265]]]], [[[[]]], [[[-2.4751112054855042, 1.7440139021129304, -0.2802769800476299], [-2.476480528597277, 0.20712758448795404, -0.4472615322494957]], [[-0.7988023613010122, 1.7209172654128793, 3.000621385303159], [-0.8537250271059021, 1.4584629225357026, -2.5507936030150686]], [[-2.4652470661372687, -2.308353731256186, -2.9381495982753347], [2.585781369192269, 3.7457431236494667, -0.20037794502785197]]]], [[[[]]], [[[-1.527687237133907, -0.4361086377724378, -3.1125776279206123], [0.7846904371944295, 1.2076753706860646, 0.5489177347773175]], [[-1.2500453173069555, -0.176471527199977, 0.04895233178824699], [2.262800110421949, 2.975591550645908, -0.8626546961059556]], [[2.76648002711845, 2.8495013462778482, -3.074582021409084], [1.3006035886226437, -0.7539678854502617, -0.6245683283360157]]]], [[[[]]], [[[0.21079394230825782, -1.7206220386336415, 0.6386984835037959], [-1.6004709382812845, -1.5977140827269163, -0.26457747038227236]], [[0.22302253380424153, 1.6987862769052773, -1.8644207021986303], [-1.2494625391325678, 1.450891576513056, 2.1202198921569657]], [[1.193695308823801, 1.5961475899635076, 1.2194016211949226], [-0.34411992944726266, 1.559630256441754, -1.0996279095461015]]]], [[[[]]], [[[3.3014513201530353, -0.8506473433498019, -0.9826512628978459], [1.6862966195482079, -0.9417003222267315, 0.5189549519200365]], [[3.5824647852389853, -1.119993907893884, -2.7875527823468595], [-0.9707683442291025, 0.8817213337330263, 2.39283559612387]], [[1.3013229923798473, -1.0658751473768566, -0.8366077480915401], [-1.3777363601851853, -1.657757524543835, -2.8081209876958053]]]], [[[[]]], [[[0.5680438414372082, -1.6783258961662144, -1.789368295766704], [-2.043834364938645, -0.17716650974430834, 0.0027573948067032322]], [[-2.2946730614252453, 1.5786386658855056, 2.410741030864007], [0.4781796199833672, -1.3873056929121863, 2.714544067626484]], [[-0.9284005621073523, -1.4561675240619887, -1.4068693223965425], [1.6685917098127223, 1.6599797775328933, 3.031577326409794]]]], [[[[]]], [[[3.5136281185793123, 1.9178035065397467, 1.569712825145059], [-3.79175433685431, -1.8804049836037033, -0.021873460029099064]], [[-2.4563446484652105, -1.9808311066892648, -1.678292780204037], [-0.9541003900804867, -1.757234775239881, 1.667543661125353]], [[0.29476691856938325, -1.1704944799207664, -3.0863960018602126], [1.8151268456620424, -1.3743876563258484, -1.3716087380533857]]]], [[[[]]], [[[-0.8871870350315179, -1.6111195491815338, -1.2487225210224182], [-2.2264376826730987, 1.5018020808265438, 1.15964639798129]], [[2.1175981619615247, 1.5377203901540537, -0.5199784328626649], [-2.5652179028554802, 1.6038613948996363, -0.991752985763207]], [[-2.898332618084752, 1.4756659859673291, -0.7134506851122064], [-1.395446497443342, 1.704857021054958, 2.379832995395228]]]], [[[[]]], [[[2.410548373000201, -1.270343711534596, 2.803117246451019], [0.2827904238251211, -1.489415753892367, 1.9993494206410185]], [[1.1915708362835642, -1.5726408210224108, -2.4821902222852956], [-3.182652864651079, 2.1031784912908447, -1.864988275472705]], [[1.7047156791576978, 1.9589257145509908, 2.5365667029060814], [2.2765282541871, -2.0231946326106063, 0.29977335357685636]]]], [[[[]]], [[[-2.442310681624871, -2.941300375297622, -2.265519545438647], [-1.8183390202231346, -2.191749468172736, 1.186577816398004]], [[2.743380422946397, -3.063365236044587, -1.7170983883568949], [1.9307000738393867, 2.2618575486115304, 1.5851516339775547]], [[-2.208303051639146, -0.1434963322945402, 1.372920473830133], [-2.860671694605693, 0.4451379964827051, 1.915639201279837]]]], [[[[]]], [[[1.873509715495548, 0.08260591169526349, -0.2726446403035326], [-2.398303394300435, -1.166245143907228, 0.3165488764523201]], [[1.5071957475107867, 2.812733284762267, -2.792443915620324], [2.1125771662240003, -0.3787882415904185, -2.7449397358262155]], [[-2.3776471534738364, -0.564947714567823, -0.14408101121875116], [0.7256070047417568, 2.871546377861198, -1.3959845063078105]]]], [[[[]]], [[[3.138086224822313, 0.06752449003178113, -3.04007385300633], [1.2009994199189138, 2.69403496344732, -1.169356202816855]], [[-0.6836220559601913, -3.071146813687117, -2.0853491058492546], [-0.556960211306495, 1.077624802592565, -2.5087071658398328]], [[1.953839013193121, -0.14969541991391422, -3.043231785919597], [-3.0073128091686008, -2.7860129206918693, 2.357993327168894]]]], [[[[]]], [[[-1.2686952722750087, 0.4540155125833194, -0.03379128549217993], [-1.1212972571585418, -3.173013165408288, -0.6615223462415352]], [[-0.9021655054303497, -0.09201193324077264, 