{"noise_params": [0.0, 0.05, 0.1, 0.15000000000000002, 0.2, 0.25, 0.30000000000000004, 0.35000000000000003, 0.4, 0.45, 0.5, 0.55, 0.6000000000000001, 0.65, 0.7000000000000001, 0.75, 0.8, 0.8500000000000001, 0.9, 0.9500000000000001, 1.0], "max_scores": [22.627416997963756, 7.599545835885049, 21.466252581697873, 20.861447571063117, 20.238576879817142, 19.595917942253443, 18.931305671389378, 18.242573833079586, 4.7960042470586615, 16.760207651232378, 3.959160135424291, 15.178932387142034, 4.4058634023084275, 13.319038821049222, 12.39310632481054, 11.059456619766818, 9.848047570229182, 0.9967387794133408, 1.7693526584058665, 1.4384420693038011, 4.163336342344337e-17], "opt_settings": [[[[[]]], [[[-0.04655455715821315, 0.07318066983878316, 1.2146976241968597], [2.8381139120619983, 1.45610478448402, -0.7045803519284601]], [[0.7306195767542357, -1.3180234720811186, 0.2686119608878337], [2.3606808261187036, -1.8730675538379669, 0.6249218294789878]], [[-2.512637141413338, -2.002611468352311, 1.771801135558638], [1.655736693375311, 1.2426268051225111, 2.6601973751903483]], [[-0.9841201615424288, 0.9165284193749819, -0.9748062132263842], [2.6996168673487912, -1.7014373187315117, -1.0511008123430687]]]], [[[[]]], [[[-2.9282072576874, 2.626429713770472, 3.102183819476486], [-1.4945167157715913, -2.9301569387054727, 2.781458236379195]], [[2.380171510160773, 1.3609398841867342, -0.3987527428423534], [2.503676931513283, 0.14975750810170424, 1.2927436350028092]], [[-1.8108964395842033, 3.0571311028332433, 0.5685344037848008], [0.9988867249993381, 0.03743844414117093, -1.858776169600492]], [[0.28847186527016166, 0.14235018027668925, -1.162278361572837], [-2.094992838332224, -0.05875137024949015, 1.3946336247292104]]]], [[[[]]], [[[0.9806634773811606, 1.3105946062314937, -2.8376060867895845], [0.024293631111758016, 0.821043816643826, 0.8125263033786276]], [[0.9814882802262913, 1.617929395045504, -0.18023409355690187], [2.6891288675494533, -0.00914491134029738, 0.39462717826421523]], [[1.235596711518419, 1.2139480078162301, -2.076059682094532], [2.5798305304798577, 3.340972740838505, 2.0937554354030636]], [[2.913875313622531, -0.5675081990035357, -1.1853331490500674], [-2.823347301588337, 0.6967171395811919, -2.5779006098935677]]]], [[[[]]], [[[0.1924089486550921, 2.1248682490317816, 0.7404572663088835], [1.5687393302550343, 0.8265268932368431, 0.10441855173425997]], [[-3.004043096228458, -0.050821096340841115, -1.8583205780242893], [1.9678232254614334, 1.9560816323272963, -2.8450303601631304]], [[1.5713234883005402, 3.134187991888906, -0.4999068347401652], [-2.8446801767888137, -1.3953625213096181, 2.022706125749526]], [[3.2293789814869474, 1.9588454508531823, -2.4718866546285185], [-2.0873370122514268, -1.425023054767962, 3.068332759341632]]]], [[[[]]], [[[2.355347548317814, -2.928825095857254, -0.9651981971688057], [-2.5040969322882143, 0.7004835815565174, -1.0492646930150937]], [[2.6518595727206677, -1.870073380921337, 0.636325766293802], [1.2375350328480301, -1.2250825266878163, -1.9153988572899956]], [[-2.047596284514621, -0.9723054623320276, -1.5177102649286236], [-2.765686746307838, -2.4591697014610827, -1.287837243098175]], [[2.1248420542616713, 0.5993350170361883, -2.277499478909756], [-0.2713422250587549, -2.991812188432275, -2.657961152444864]]]], [[[[]]], [[[-2.0395786393034467, 1.8755367025160694, 1.6295622230250313], [-0.2619183533892085, -1.2521740810204685, 2.92031538226557]], [[-2.05176372303827, -1.928485830058757, -0.6959180777191292], [1.9519989612990871, -1.8112632952091299, 2.016640516620104]], [[2.42255180104273, 1.7645035611913262, -2.433296414277809], [0.677223704316306, 0.9728195781571591, 2.6374876687197046]], [[0.9552395967258213, 0.9522404353821644, -0.3149662097469763], [-3.3349764518200264, -1.5708847479589667, 0.6097978043834558]]]], [[[[]]], [[[-1.2200619718869448, 1.6060867462896482, 2.858674897246143], [-0.8614220021134775, 1.1126227341593193, 0.4692300722431879]], [[0.006122755126051992, -2.0536576530958626, 1.363191387873794], [-0.6477825421131483, 0.037797794598808235, -1.0232984725066663]], [[0.00028208876487340767, -2.759552978831312, 2.1500854414744985], [3.2220605693678244, 2.7524557476853224, -0.40703741822134765]], [[0.019457860490148998, 0.9015786703896765, -1.2822829479594386], [0.7444067512141784, 0.39986583297940226, 0.26964367742960427]]]], [[[[]]], [[[1.8161309712062932, -2.110623474908336, -2.9033664986818257], [2.5331763591044774, 2.3872858532378913, 2.183994375488318]], [[3.613602744690147, -1.6219992722047727, 1.8039049539054828], [-0.8422247921193006, -2.1679046889687275, -0.24473456480507227]], [[-1.1534523125018359, 1.3902867397957575, 2.889348835685138], [-1.1808149329443869, -1.3606275420179899, 0.05462497272126175]], [[-1.2066257037049672, 0.5081344108243069, 2.626055450126227], [3.4933764787025656, 0.5410488573978183, -2.059455085515287]]]], [[[[]]], [[[-0.3996630616524165, -2.581404737934378, -1.825868407904665], [2.6594166376027797, 3.0339972637812935, 2.889123423572493]], [[3.0135411378054244, -0.5058974956497572, 0.9041579928838601], [2.6444488179670413, -2.9649950776549696, -0.05143139718451905]], [[-0.7168475557113272, 3.0010183340038625, -0.7761176138702854], [-2.464552631583513, 0.04901079670267974, -0.6814176196988866]], [[-1.4827331291774608, 2.8219215994623914, 0.721264019559908], [-2.6193606383340438, 0.11504331944072732, 0.4808088540653044]]]], [[[[]]], [[[-2.876233356546971, -2.8544500792794434, 1.5169649435126793], [1.2039419110848486, -0.5709406087096232, 1.6278367711195871]], [[0.48720609892629474, 2.8064513071835977, -2.0728707303176304], [1.814530577170362, 1.7128559317202334, -1.4332547122768182]], [[-3.1675168536951444, -1.03166527159631, -0.8569555831232791], [2.5106873265772403, 0.3072572627674069, 1.3628989012973864]], [[-2.1154222567830723, -1.033667677419726, 2.3929235178445154], [0.14899494197473664, 3.2669369475364864, 1.307534541303463]]]], [[[[]]], [[[1.701775072920184, 2.6884669056310186, -2.9582716357034484], [0.47400488047375267, -0.5914881270651783, -2.5528443683963293]], [[0.48919840347568067, -0.05472954774645324, -0.8983568409571205], [-0.868547615334507, -2.7476945022369637, 0.2884910237121332]], [[-2.1413183898055372, 0.5403933349720969, -0.6210920141659773], [-1.5182447881155123, -0.56833253711485, -1.6966571837229298]], [[-1.9160256917036604, -0.5342059127030566, 3.016813632166002], [0.3568389625364844, 2.561523259750079, 0.6444395247328862]]]], [[[[]]], [[[0.3714319645449197, -1.5613818200056477, -0.7058136177023924], [-1.0510311638573098, -1.674547271216823, 0.18497347634243555]], [[-0.0627365867398795, -1.6887721613971034, -2.547818650270043], [2.020326894910658, -3.2515805355943237, 1.0874218368591198]], [[2.870641855320821, 3.2713820589159575, -2.199496679406233], [0.5135942508702529, -0.9086216903555933, -0.8564418287239759]], [[2.8665471259163144, 1.9968261068667634, 1.4665521349926829], [0.5568115090194801, 2.0911966428543556, -0.857449720973392]]]], [[[[]]], [[[2.994900571443507, 2.026964035742504, -1.8123441319221723], [0.06372958458144826, -0.6985814419128131, 3.008255983867759]], [[-0.8079855260308648, 1.2381764127239911, 0.0026726917391619513], [-2.8081967859984904, 2.804696101096862, -2.8067178124575687]], [[2.7701653046128043, 1.3170622367519798, 2.9865066516138796], [-0.7489828629983754, -0.15676776343923718, -0.2594551689187532]], [[-1.7938276645918307, 0.21580853549741646, -1.1073917372380233], [1.2937283755242581, 1.7121265670563057, -0.7556060214643163]]]], [[[[]]], [[[-2.648925827575059, -0.3142166389658395, -2.9452507761666635], [-2.8624756949964403, 1.5350096931331634, -0.005239914834773713]], [[-0.1526613737714754, -1.449353788397797, -2.970374790657382], [-2.640892322843663, 0.9591701319835736, -3.048391765840946]], [[-3.1470012159888983, 0.8790814271932261, -1.5885684955042096], [2.724898757065719, 1.975405541221945, 0.21853933403613324]], [[1.9512528293620734, -3.2767458908507043, -1.7306028323829212], [-2.968155477543679, 