{"noise_params": [0.0, 0.05, 0.1, 0.15000000000000002, 0.2, 0.25, 0.30000000000000004, 0.35000000000000003, 0.4, 0.45, 0.5, 0.55, 0.6000000000000001, 0.65, 0.7000000000000001, 0.75, 0.8, 0.8500000000000001, 0.9, 0.9500000000000001, 1.0], "max_scores": [25.045229274640313, 62.37948371653823, 43.20601370565225, 59.005084526654386, 57.243052493685866, 55.42562573653649, 53.54429830663242, 51.598449348172664, 5.699726845766742, 6.9549211714401595, 44.82037648245145, 7.221998382405312, 40.47714906335307, 10.206855571988994, 11.03336476153057, 11.56101273210677, 11.17781760277528, 13.530022235627303, 19.919970016550124, 15.182659472080573, 15.824916019218632], "opt_settings": [[[[[]]], [[[1.3848783138113003, 2.609471452662908, 2.0581530314093817], [1.4454953580372458, -0.1416913651847696, 1.969647879007148]], [[1.7808509795853062, 1.9610730325408023, -0.7059594543562047], [-0.2904091801406087, 0.8480682274482974, -1.273720612761121]], [[-2.8984864332112386, 1.951051695695119, 1.165659373606494], [-1.9639081977339372, 1.7974953230013018, 2.832751462997048]], [[-2.579758184465384, 0.22054406323171397, 1.9685012881060935], [-0.22427579030466874, -2.482772740826972, 1.888026989309096]], [[1.0559953745035016, -2.890122454383207, 2.6639171644019974], [-0.44017288823563416, 0.5691742616813785, -3.1262011643576506]]]], [[[[]]], [[[1.574088132846202, -0.012174861393989458, -1.7005496985968929], [2.7839836515275427, 0.096703518573904, -1.6058093150486261]], [[1.9206380952182431, 0.9180993010625378, -1.6402032180848913], [-2.0734791645477104, 1.32659183233346, 0.87122502888145]], [[-1.5523506419904698, -1.4607243392609772, 0.07007273613287168], [-2.046070198575754, -0.29993156586982517, 2.941919294644614]], [[2.4500763865416095, -0.897776887512274, 2.139456664509196], [-1.7971856260161796, -2.5350728784718446, 3.007562809366269]], [[-1.495553101639818, -0.9918893118129576, -1.8621554758357373], [-1.3713363993173422, -1.967955529887094, -2.816843006183792]]]], [[[[]]], [[[-0.5297684917064879, -0.1603510543687984, 3.025660329296932], [-2.469882461916372, -1.8800531162137932, -2.105339873239153]], [[-2.083465079861316, -2.302154341801377, 1.4214652401613597], [-0.08222192255966278, -2.624226924740552, 1.4105013433599103]], [[2.113304109939055, -0.17663511868983256, 1.5510406167528528], [-1.6810970921639714, -1.3427128997795248, 1.3320829858639192]], [[0.04915718395762427, -2.6212869367158667, -1.3489755600182625], [0.2743008720530386, 2.4387069193118185, 2.7423698620880588]], [[-1.9927805559082907, 2.1818192674952304, 1.2884014293843729], [-2.7394573027942575, 2.0256250912291724, 0.26227263966616965]]]], [[[[]]], [[[2.488778731850701, -1.2904925531985314, -2.5103038644162097], [-1.401451734140837, 2.4679329893329642, 2.260642648277037]], [[1.5294062556379622, -2.0186555453318733, -0.19286047992218913], [-2.715236595250124, 1.8144919820599716, 1.7615451937567688]], [[0.20062196758868392, -1.4690905161412022, 2.3421769727874686], [-2.1981469910395686, -1.0743844012064718, 1.7163223016024682]], [[0.8633122346314489, 0.30700011044733155, 1.272700517324103], [-0.5626639442713758, 1.5604949397594647, 2.0877465828533186]], [[-1.4872264740546133, 0.1571182947926406, 1.284870152942375], [-0.5156958777501724, -1.4536363022476009, 0.9217235085874957]]]], [[[[]]], [[[0.6378495707747627, 1.3782462756666742, -1.2261716943633771], [1.2012446329608581, 0.3241286835446483, 0.10169734451626944]], [[2.192617950464933, -3.1788354818839135, -2.7091900671695335], [1.9013931394018906, 2.1634447540604382, 1.4846598034938951]], [[-0.23941346265848523, 1.2954528532474772, 0.5994649740151585], [1.669649519540932, -2.623383103371597, 1.8373190787264964]], [[-0.326500396123135, -0.7710953903609462, -0.7556581752211908], [1.2020150144785058, 2.5564603561414345, 0.9866264762821757]], [[-0.4381914943321548, 1.5655791242505335, -2.102270596865714], [0.23611208505284287, 3.0096940580134044, 1.024785732122158]]]], [[[[]]], [[[-2.344639960454761, 1.7291656543181089, -3.1401197292617096], [1.2310598244080904, 1.434446429982284, -2.9888737978111455]], [[-2.2675944792692473, 0.4653984811876876, 0.04154166396986669], [-1.1001304664288887, 2.214227252102186, -2.0431086703984924]], [[1.2214123148731886, -1.2484753184851465, -0.5289068014085054], [-1.9188367769855323, -0.5693733691062149, 0.7782723924480472]], [[-1.4725301687651724, 0.9636409845929131, -1.750232791268807], [3.1094279583875464, -1.7728293855331887, 2.75218397868138]], [[-1.6037715302484448, 0.5819933746968989, 0.24102295033109344], [-0.9369009532614865, -2.0808428139224864, -2.3990944321904486]]]], [[[[]]], [[[1.4854347236923986, 1.858702939726483, -0.9473185825596224], [1.3935981624141898, -1.3101137496385227, -0.42467753796291996]], [[-0.5697538889806794, 0.026722118844909833, 0.7289942815329304], [-0.6093593974542969, 2.6748350983945373, 0.3932720255393245]], [[-1.3591036642733192, 2.3307448048560455, -2.212631770116582], [1.7655033596195604, -0.20853503450352848, -2.9153120316075385]], [[-0.750481769939714, -1.5203777469661355, -1.443728104966917], [-0.6235710307690112, 0.5000419293284325, -0.5591230200404151]], [[1.6534254825333414, -1.2004422104134151, 1.2776423351463375], [-2.470550617224874, -1.117186938979616, 2.8483316213319263]]]], [[[[]]], [[[-0.6804437383053308, -0.8881697927935751, 1.7738688879882973], [-2.2484912045984955, 0.9888196294972955, -1.491154415061168]], [[1.4211327377964196, -1.5519814577998619, 0.30073575691067633], [2.2227773961150663, -2.4057354996260765, -2.885804303848321]], [[1.2419467360229395, -2.026181176719417, -2.6060298888314635], [-2.2335391958494335, -0.468477934863061, -0.9515390663810002]], [[-3.0563925839313937, 3.2058803491158088, -2.5053125159498917], [-1.177220713891696, -1.1156233643978755, -2.8212033356977493]], [[-0.40976916519191564, 0.04126409315248288, 1.0777520581410691], [-0.957586376976126, -2.143971579949467, -1.2901714426676205]]]], [[[[]]], [[[0.21366869271926028, -1.4483678621374527, -1.9180397248198475], [-2.735460180237193, 0.019912023485972794, 0.3839701804358877]], [[0.9429620689688879, 1.0869436846507485, -3.0865854122523904], [2.936916544936023, 1.5985194654265473, -0.6005092335506714]], [[0.5100102781300104, -0.2672689789666986, 0.8497383303674031], [2.096298404332962, -0.3703017437737553, -1.6203951237451866]], [[1.5768007832928286, -2.9364576420671678, -2.448373443913853], [-1.7545171933733403, -0.20985406647598637, 2.6254761643359235]], [[2.893848929142903, -2.8032381404184443, 2.950016339558732], [2.647018092933527, 2.953270531444221, -1.9329122440242452]]]], [[[[]]], [[[-2.5738889316234213, -3.003336593518273, -1.1404227841478471], [2.5313888114999967, -0.7898192666452348, 0.3933898470885131]], [[0.3793385719896677, -2.4516666450256586, 1.510583787215893], [-2.865152691540845, -0.2029638068143299, -0.052511637548299926]], [[0.6430933392928387, -1.699556185484348, 2.4450886414170974], [-0.09862685241687025, 2.5182419418461426, -2.0873420478061524]], [[-2.331155500623182, -3.06804189738154, -1.103064829036064], [1.8507551055063514, -0.4045745878762937, -0.04238012450801597]], [[0.34960942750827556, -2.654499779753266, 1.5488211618041792], [-0.40959830086832716, 2.743592742280371, -1.4935961222331826]]]], [[[[]]], [[[0.8503011447041315, -1.2392295109006464, 2.6792237985566922], [1.0042045531544868, 1.166932605720791, 1.7900603693327115]], [[-1.1113414269257589, 2.0015241737748815, 1.9542500533350848], [1.1119378067163064, -0.6202029723090672, -0.10767869536623696]], [[-2.509040972761175, -2.7494793940681905, 2.023451344103118], [2.0706134531697775, 0.7106442564397258, -0.7086387010516315]], [[0.08892384231418315, -0.3574716627570498, 2.6361118654019435], [-2.904394604791201, -1.0142507442621518, -0.7689662589122128]], [[-1.939317260393504, 2.250265140270967, -1.6793204513171613], [0.5893508134644637, 2.4214941083989485, 0.25541346457846004]]]], [[[[]]], [[[-2.859422917126661, 2.3329415136292204, -2.0115553450159247], [-0.3939568736307224, 0.8497885191284708, 