{"noise_params": [0.0, 0.05, 0.1, 0.15000000000000002, 0.2, 0.25, 0.30000000000000004, 0.35000000000000003, 0.4, 0.45, 0.5, 0.55, 0.6000000000000001, 0.65, 0.7000000000000001, 0.75, 0.8, 0.8500000000000001, 0.9, 0.9500000000000001, 1.0], "max_scores": [7.99999998185606, 7.7974354758471485, 7.589466384305604, 7.375635565834209, 7.155417527991202, 6.92820315870702, 6.5233419842991385, 6.4476194526138375, 5.551972849476843, 2.147859150860172, 5.656849246705846, 2.4175084901834945, 2.3955732260099603, 2.6945015551344618, 4.38178039249285, 3.999948023244455, 3.214636795328204, 3.396788139548108, 3.5976196347462213, 3.7978642550471475, 3.999998424258871], "opt_settings": [[[[[]]], [[[-0.6856723499912313, 0.11329136623904489, -1.3210919546346336], [3.170418006444791, -1.6543056670607876, -0.9397136217428153]], [[2.9211032605986036, 2.2332463436074925, 1.5720740916419569], [2.980465232089737, 1.9058019042097103, -2.7877164349586705]], [[0.020813963950860513, 1.558605007118002, -1.6209189361471266], [0.2120423242703298, -1.70678025354431, -2.567043710770214]]]], [[[[]]], [[[1.0966595190915729, -1.7486074555423976, -2.759449340814332], [-0.8950476949958585, -1.4101075572894306, -1.6483520556772062]], [[-0.3351083701727126, 1.926817946090799, 2.8978509267375694], [1.6735074427131018, -1.5224464468838583, -0.8501113737909707]], [[-2.49191371309788, -1.3799213578611513, -0.033105294406821556], [-0.699250637664649, 1.46615939819636, -1.4989097524466026]]]], [[[[]]], [[[1.082402562102377, -1.8326036481092676, 0.5040887249631036], [-0.06369959227898325, 0.6240310882684365, 2.7180361639709645]], [[3.4336416463259845, 0.926472589648752, 2.255100630427412], [2.453327168579572, -1.639236458547745, 2.7465990380506735]], [[-1.689476291388932, 0.05640145211211982, 2.8315839357916435], [-1.7393878155353495, -1.6818170301408104, 3.039792636760664]]]], [[[[]]], [[[1.0513910565477476, 1.539494124672834, 2.1230352663301018], [-0.5490598521424833, -1.3187524445200354, -1.86807558975155]], [[-2.178780666442978, -1.5720092766650993, 0.2597647019419993], [-0.3625997707899947, -1.168662912076889, -2.2323309659124515]], [[-0.42767870435191224, 1.6665389909023454, 0.6218136079047127], [0.9368128737153493, 1.6527392548478128, -2.0248330219059714]]]], [[[[]]], [[[-1.3380591299297535, 1.1298626780940004, 0.782920433275621], [0.6527967836326078, -1.633272912492102, -2.2289041995955516]], [[1.425592752497414, 1.8127070011358417, -0.695011342460754], [2.214034665207003, -0.7658776274903876, -2.426420720320323]], [[-2.1917222541378134, 0.9911721990389883, -0.48863611407465646], [-2.9212493063520855, 1.6693024037404238, -2.5065067603355677]]]], [[[[]]], [[[-0.957415368915764, -1.5599753183467369, -1.4642230591132799], [2.117383057275812, -0.20058973202506417, 1.4291442561558707]], [[3.4334196471967475, -1.3551850517590593, -0.16842800415093828], [-2.2642852892318888, 1.1911181172612904, 0.40244687538021884]], [[-2.9557517499524324, 1.4446862662744744, -2.0647281063571383], [0.6768903296299518, 1.6441599812206404, -2.6998259619511638]]]], [[[[]]], [[[2.7850172202632897, -0.9063582277031372, 1.1559330017906904], [-0.02253377782312349, 0.18583352187029378, -1.9362964652741341]], [[2.686767213338828, -3.1551941100206333, -1.9738314372163117], [3.0163158785636695, -0.6829981688859571, 1.9582486797950276]], [[-2.6849618223732357, 1.5199875644062755, 0.8941599339393935], [1.8557647719849442, 2.561364405400167, 1.4146625061967706]]]], [[[[]]], [[[-2.637692142699663, -2.7868636136975553, 1.0438818216963082], [2.8460886574593323, -0.485584365886727, 2.707326092304659]], [[-2.3045992002819236, 0.03259947261468453, 2.300254649381312], [-2.0373491593772335, 0.7878632162018308, -0.9790080066494538]], [[0.7458876013386256, -0.2955376643688444, 1.326556237240089], [2.3321210454691808, -3.350006257876233, -2.8195375041015227]]]], [[[[]]], [[[-1.7680004460097782, -0.8324426909374909, 1.5776693337474894], [1.457256820194049, -1.8543044594155567, -3.1362592546358288]], [[-2.800812183174025, -1.1243692782354637, 0.21667659426902963], [0.24099032113955224, 2.0205289160137174, -1.558146906298585]], [[-1.6103335665058462, 2.7351694608616994, -2.6522554589234644], [-1.7284867040075893, -1.4338068483530937, 1.5485149431937097]]]], [[[[]]], [[[-1.936670740608577, 0.0040743825821024935, 0.528216955635807], [2.553447520152415, -2.900179095648393, 1.897619049522807]], [[-1.4460508755865014, 1.0345599025709553, -2.8641294761200524], [1.8372828456826487, -0.29967963000837977, 2.988224770889035]], [[0.45356974660921784, -2.5474917421110415, 1.2557300681029533], [1.557953504986237, 0.3573359587590868, 1.5185222475469082]]]], [[[[]]], [[[2.5977186674201618, 1.3784843006062653, 1.7712742627692704], [2.279539077924276, -3.2775874112440366, 2.1275716199368206]], [[1.9057699137462385, -0.05575079698175055, -0.27761911134810147], [-1.4566573599304213, 1.7758555494866042, 2.1054034232563215]], [[-1.1105090488868679, -2.000625381639839, 0.3328697000226639], [0.31479686800139045, 1.2205142326163776, 2.963282258117675]]]], [[[[]]], [[[-1.6016724408867378, -3.3089959550947987, -0.3226382738580207], [2.5547063781882815, 0.5252696391533412, -2.170994897795317]], [[0.43224989107358186, -0.26472846798850275, -3.104357929392268], [3.3140239042209867, -2.7371440667813474, 1.8320321421556374]], [[-1.2877856513520183, 0.23816049555199734, 1.4565963873559573], [-0.6143105568460783, -1.816524874868997, -0.8138772291466747]]]], [[[[]]], [[[-2.416786520535772, 2.666700654572012, -0.028269806059991548], [0.695465170496706, 2.701297166513824, -1.0329582232012693]], [[-1.4280428247581567, 2.5902917829319025, 0.9829755828900257], [-0.6921202299129532, -2.767541289824236, -0.8886505227187782]], [[-2.875392015451147, 0.42939316773164193, 0.6744375764512078], [-2.5272909204250658, -0.9305581009351634, 0.433269133942634]]]], [[[[]]], [[[-1.6481379954655373, 1.4384858065550092, 2.6427085711749685], [1.308360496758937, -2.868068125397554, -2.017853813522992]], [[-0.30267943615685283, 2.4619892379831705, -2.556824635993654], [-1.585788111792344, 0.18477325942846495, 1.1110599082571966]], [[-1.22279079859869, 0.5202420453265391, -1.2068772504116574], [-1.7014200716765833, 0.26602382151544307, -0.32155907236788206]]]], [[[[]]], [[[-2.348777183354951, 1.7839014591959481, -0.611922932889819], [1.9906485130645897, 1.5791386484826198, -1.063996510571418]], [[-2.016285390974181, 1.5258040624224631, -1.8489234650245425], [-3.2409916431942194, 1.2741309315686846, 2.6024818443418045]], [[-0.12921090787581535, -1.521228606982095, -0.1013237671060279], [1.1034673758853875, 1.8087016210225972, -0.2989394173599331]]]], [[[[]]], [[[-0.5502443543316728, 1.2648784491363891, 0.729751050146227], [0.1442231380821191, 0.8708020099291577, -0.07165844068986658]], [[0.2932636141419407, 1.1956795248730034, 0.16607620349703023], [1.826656593336233, 2.4553456736409265, 1.7856920654371473]], [[2.7599552150179574, 1.1247012514754695, 2.535315377533726], [-0.014662908931300914, -1.2602821547766376, 1.6628966829445746]]]], [[[[]]], [[[2.7768144712259897, 0.4029962769366448, 0.21945204792610173], [-2.8353818738457437, -1.7843341688190482, 2.200116918339752]], [[-2.228806962588066, -1.9690601004047166, -1.3907564305250488], [-2.4220831566746592, -0.4533504560264785, -0.3582377360216591]], [[-3.3034829748672836, 0.20909443447556061, -3.027178954725835], [2.645942400040643, -1.7719128680026384, 0.9531382928527634]]]], [[[[]]], [[[0.5582841645354543, -1.9084776501556615, -0.5938443258038428], [1.1393736225666684, -2.939576132660048, 1.379632711808494]], [[-0.1925392391683295, -0.8446311621529671, 2.2701586492660866], [-2.3387408465527018, -0.1475928317072874, 1.8832242311227745]], [[3.0751060134182375, -2.749931357688762, 2.0441045329500964], [-1.1508091116984407, -0.23720713427279994, -2.485705695286921]]]], [[[[]]], [[[1.0899167574123656, 2.535932871237799, -2.6765750120336973], [2.083427798257057, 3.147113162073381, 1.304202695792088]], [[2.060269764033852, -2.695316911516701, 