{"noise_params": [0.0, 0.05, 0.1, 0.15000000000000002, 0.2, 0.25, 0.30000000000000004, 0.35000000000000003, 0.4, 0.45, 0.5, 0.55, 0.6000000000000001, 0.65, 0.7000000000000001, 0.75, 0.8, 0.8500000000000001, 0.9, 0.9500000000000001, 1.0], "max_scores": [1.4142135623724124, 1.3246981009174195, 1.229786454712345, 1.1574493673202497, 1.0895381193580036, 1.044928656239033, 1.0042145571317342, 0.9955881720660458, 0.9901716405708816, 0.9185624345497092, 0.9117438732269877, 0.9999354718357887, 0.9993408016537842, 0.9999721392349163, 0.999848329978178, 0.9999999114403209, 0.9999742069564428, 0.9992652090958506, 0.9999941949717972, 0.9988867161527801, 0.9999998350620084], "opt_settings": [[[[[1.5389871185394566, 0.9366822755806347]], [[1.6185137940381407, 2.25021467961606]], [[-1.5699903668877184, -4.561175217329485]]], [[[0.17046336056092257, -3.3601886229505187, -0.4177258890838095], [0.5067207424196175, -1.79119144641007, -0.3495935194644015]], [[-1.971601594406401, 0.49653454277433523, -2.429143617509719], [0.057197558161771384, 1.3323293354808736, 2.008132978268782]], [[-2.3289771606044947, -0.43389432443873766, -3.0450952984183823], [0.6048625342652979, 1.9910947913648713, 3.1359852909825725]], [[1.6630928522815889, -0.5529832020081076, -3.0074974822386262, 1.7022423014203438, 2.5890715901297168, -1.454436532392663, 0.7467808953250521, -1.9359509067938143, -1.2874442122750362], [1.7347471979169518, -2.153381418383754, -0.5681844406731886, 0.3667534026827991, -2.168212005461721, -1.4837254086931522, 1.0036209358077308, -0.3646907621357844, -0.0686148500567667]]]], [[[[-1.487337252146576, 1.896398040993408]], [[-1.4694147314623298, 0.20013197390745305]], [[-1.5173020351255502, 2.8257883212438]]], [[[1.8775539854692866, 2.145511979340202, -1.7622286418431967], [-1.8313480865219742, 2.4923964912282934, -1.5967515557173684]], [[-1.8176562441583233, 0.26127603850638487, -0.801653240875138], [-2.9581861098814715, 1.9225368323057979, -2.290925732271893]], [[2.6909151727036025, 1.860438248705682, -0.9796706240483717], [1.4730615959200135, 0.7140376359256625, 2.068611575203745]], [[1.9612007706223589, 0.33314739154578416, 2.983862543124478, -0.5689892431933358, 0.9757221345206618, 2.1814791115578545, 1.2606312324882514, -1.2200800533470717, -0.7865758677022222], [-0.41535813414118045, 1.4224141644466672, -1.220589542019913, -2.2017379482232435, 0.1720691078062641, -2.314431020575985, 0.03862811561876637, 0.7395535268115234, 1.1134291896221244]]]], [[[[-1.4014675650280979, -2.4701646608642944]], [[-1.4056074092032091, 1.1044072499203657]], [[-1.377047261296409, -3.4272166128523778]]], [[[1.4643856086733733, 1.48947062625366, -2.581225589966522], [2.7702983449102003, -0.10009663122384534, -2.4171752386194756]], [[1.8524189330002738, 0.0750383400130377, -0.6793323180225936], [1.1851456921654315, -1.5166051879481472, 3.106012391831103]], [[1.2881022262220916, -2.1653982676921, 2.36862791161997], [-2.2983458852303857, -2.5028373072448082, 2.335950183801443]], [[-2.058623854693348, 0.7339198335106594, -2.073827204118786, -2.224361761221454, 0.7750848778980601, -0.8860579871649438, -1.7833108246936504, 0.27962206123368105, 2.159891364901661], [-2.207899769693536, 2.251430603927966, -3.0141086837042006, -2.3476046028254207, -0.8779283765432676, -1.0388624073708608, 2.328473853543517, -1.7466596936908676, 1.1333113939728698]]]], [[[[-1.3214282337846643, -1.5872484082092848]], [[-1.2486998086001653, -0.6184602153835684]], [[1.3609539742892516, -1.0076152257782296]]], [[[0.8203074578834199, -2.3754904807727786, 1.8874569802046646], [0.005696765062038301, -0.9096635901078023, -2.2116574787882586]], [[1.3899633014479666, 0.6909386613146522, -1.2469575466817113], [1.7281979399113494, 2.3005575634012154, 0.9670186460179462]], [[-1.0468836719813464, 0.3352518958600298, -1.5702617194657325], [-2.1638352816660076, -1.5309390611872287, -0.6508818316552313]], [[1.2093470585803072, 1.6377174323510915, 0.4355344353641794, -0.956838063294945, 1.6469208220591611, -1.2768585108945143, -2.78850454954103, 2.3384788408539032, 2.1283060787737176], [2.5428173708501953, -2.7268744708484833, -2.911359578209071, 1.1668599974320457, -3.3057701214848705, 0.7802794243994229, 2.907725899689033, -2.2114220129919855, 1.3467888016655105]]]], [[[[-1.3230315311966405, 0.5712824566946093]], [[-1.1750070408169246, 1.8290846172717778]], [[-1.131453295937816, -0.9587538768438496]]], [[[1.0684150111231592, 2.2098797533406285, 2.711614964545663], [-1.3711597582686228, 2.261838637185429, -1.2589788125552266]], [[2.3565904559845747, -0.6670038251146946, -2.901847577227632], [-1.0715440397980471, 2.3100474948574554, -1.7818201143057613]], [[0.40866474167006867, -0.4323308378540728, -0.08165291206642158], [3.367759242232745, 2.092832579495944, -2.3546530969321124]], [[-0.28647344930500135, 0.4128235362718007, 1.7289272357538423, 2.253499396781441, -1.6599393068459793, 3.059565223497738, 0.6903034618190097, -1.9265719118855114, -0.5102597161035096], [1.1417508567652868, 1.5159252436143213, -2.988421439185036, -2.9843291692755733, -0.14801143791760318, 3.1404452007572115, 0.7336655943445304, 2.8767400308162707, -0.10983695792062742]]]], [[[[-0.9197823039439398, 0.9628231228248256]], [[1.5187362879470805, 1.6748508521089445]], [[-1.1195706347328997, 1.1216538490146002]]], [[[2.2937454067694483, -0.10944443273939278, -2.471731204238411], [0.17605945931111033, -1.7539808988308494, -2.4729033348770715]], [[-2.959848216719411, 1.8517687759788168, 2.723272588927922], [1.5499281210173945, 1.8781934323721272, -2.0873512717614333]], [[0.5264136783395199, 2.02725418296734, -2.855739097629391], [-2.8299217846133757, 2.585881020960288, 3.0094028518116738]], [[-1.469965624444991, -2.4180588500190274, 1.2410045938445255, 2.1486534507718793, 2.0170803725416016, -0.16736132406577353, 2.5131787131551477, -3.1468276350118574, -1.3647195104547925], [-0.5651362141021923, -0.4678004734172448, 0.18125224611642007, 0.6154278880424378, -1.581222064862595, -0.15244061478057433, -1.5694375783377073, 1.9558460369535473, 1.83197933895398]]]], [[[[-0.30019062909658184, 2.1464235621647316]], [[1.0498277015297308, 0.6154594660505782]], [[1.1341175805088561, 0.22741695669583614]]], [[[-0.7047937972301138, -0.02242926080324633, 0.049993206604467676], [1.1520442874386365, -1.4991437435655135, 1.2541646191403049]], [[-0.044952977190016605, -3.2557557921122937, 2.859699212358701], [-2.136872414342722, 1.744287367624881, -2.933308310956949]], [[1.1861678755586937, 8.99162701625503, -1.0207624580457269], [-3.297644960240942, 8.091708345268227, 1.5708640442208164]], [[-2.8450414213251176, -2.920573333477134, -2.7879801339615415, 1.4093482520279337, 2.5355168277546594, -1.7060940312186181, 0.45301054818643555, -2.500177733991, -2.2706632029034477], [-1.2345299960024463, 0.1361303012914686, -2.79870051039063, 1.6138919864045433, -2.2800835171173803, -2.558261474742859, -3.614917247619593, -2.147957190912235, 0.048243200404975324]]]], [[[[0.9671126363932276, 2.725051483105461]], [[0.5042141251815504, 0.6493101578155712]], [[-0.9302043308215261, -0.8252423671835168]]], [[[3.4670233369429724, -1.167968419348429, -2.749285740024083], [-2.057696959260131, -2.8560508690873254, 0.017597908568012747]], [[-1.5668747188999974, -1.6454663330460095, 1.834796699619944], [-2.6336923609792398, 0.02599987648617657, 1.0465041976756069]], [[-2.064012715115872, -0.9989998381708983, -2.59662422602363], [0.9784425139433174, 2.6956169036478395, 2.2361355411050123]], [[-0.033232842405819106, -2.0970985371847934, 1.3317588886708598, -2.3712539683635834, 0.27256978106222907, 1.3937419528565522, -3.3741625282635197, -1.1571025897917044, 1.3174628024088035], [0.15966775092434368, -0.3677549311315413, 0.18487383076501415, 0.87528160866133, 0.3866438727841132, 1.2115412332280566, -2.4518617236595808, 0.0722244217127162, -0.3417766076345022]]]], [[[[1.3834436534385985, 0.8312960945622737]], [[0.3094861779714223, -0.46097263598033245]], [[-1.1194727471416117, -1.8126369717226765]]], 