{"noise_params": [0.0, 0.05, 0.1, 0.15000000000000002, 0.2, 0.25, 0.30000000000000004, 0.35000000000000003, 0.4, 0.45, 0.5, 0.55, 0.6000000000000001, 0.65, 0.7000000000000001, 0.75, 0.8, 0.8500000000000001, 0.9, 0.9500000000000001, 1.0], "max_scores": [1.4142135623710015, 1.3150020927922856, 1.2288254542445296, 1.1542945880544533, 1.0902774454810626, 1.0397026577296038, 0.9947522949421235, 0.9911134681961126, 0.9872854455403764, 0.9914329836106357, 0.9813029980893424, 0.9816060315111393, 0.9977150396571282, 0.9999642788828145, 0.9996976131766817, 0.999939167008149, 0.9999176742897491, 0.9999048102018008, 0.9944356266111511, 0.9891264483067159, 0.9999937280459043], "opt_settings": [[[[[1.9965364617627879, -0.2844815241623157]], [[1.6977594329582935, -0.06105677396739585]], [[-1.6019707410000965, -0.009873344484390395]], [[-1.5198557996054773, 0.1322144426096003]]], [[[-0.05595096302070988], [-1.6766984382342165]], [[1.5603428091569425], [3.1799638591485926]], [[-2.230234498460195], [2.431109885307679]], [[1.1790684192177612], [2.801972020291404]], [[-3.75154337606271, 2.4252596018830617, -0.11411015474694675, 1.0914990214619649], [0.4674863829387513, 0.7556716769271646, -1.6638576973392605, 2.7764962883776185]]]], [[[[-0.8839440866022843, 2.7431364348065808]], [[1.4430974897896693, 3.067109432677069]], [[1.5097057056563576, 0.06716040242221927]], [[1.1549596079917288, 2.97597434650114]]], [[[2.9725812968612058], [1.337255323633955]], [[-0.73233742428263], [-2.3799925944818807]], [[-2.2695585548999744], [2.362707680195311]], [[2.0298875942234473], [0.39411251784222806]], [[-0.6794192598848104, -1.5349346005008415, -0.08928288937730577, 2.1186098301333964], [0.22756635966884348, 3.0897803786061147, 1.728376314832101, 3.2999646744165965]]]], [[[[-1.6056162269773389, 0.2606739734338065]], [[0.897182713234438, 0.7479229113794115]], [[-1.459215617912723, -3.0923275235987617]], [[1.290535502111211, 3.066187544498316]]], [[[1.3602017970352553], [2.828754306382985]], [[-1.4633006247998601], [-0.002747602191749539]], [[0.8614680965841749], [-3.941754886839459]], [[2.552125002784742], [-2.2711007131629573]], [[0.9314422291927629, 2.7629964988184668, 4.816839813445737, -3.1994374536748786], [-3.490534291974257, -2.738144313651926, -0.06756495096593854, -1.831644164121738]]]], [[[[1.230027926012809, -3.07698868603524]], [[0.6723612934201882, -2.3932022933595523]], [[1.371386608246045, -3.0507596808808644]], [[1.312697881056869, 3.101144378821381]]], [[[-0.7379714264858317], [-2.3377484344058375]], [[-3.2633846417057297], [1.4168905698494132]], [[-3.7720755527296923], [0.8881423232694314]], [[2.9984352346478333], [1.391214081124886]], [[-1.696595271710708, -2.611216288484695, -1.6442293810740745, 0.9796148172611953], [0.05549430529993998, -0.11815264391158219, -3.29439532232506, -0.6468706016655454]]]], [[[[1.3599908486564218, -3.030924781805225]], [[-1.0822112246376043, 2.8451717870077315]], [[1.4750482147809754, -0.0739861777196421]], [[-1.5215105722006705, 0.004690954681591198]]], [[[-1.909957029224881], [-3.431112690003778]], [[0.6464926411138102], [-0.9401619668655469]], [[-0.04410772438644677], [1.4661033281760687]], [[2.6240355439661998], [1.0445361785423208]], [[2.536798099326072, 0.13027051755735525, 0.8710250107825545, 1.1234827066688384], [-1.8894686150466256, -1.8863897701171624, 2.1709637266871895, -0.12078408768405496]]]], [[[[-1.1178390335317814, 0.08830791529325716]], [[-3.9606414654655944, -2.0336405219594855]], [[0.7571042307924918, 2.6259404024366533]], [[-1.4350414664331812, 0.03392079286453052]]], [[[-1.5844682340035838], [3.0797383876646216]], [[1.4884794259331875], [-0.00013041365890410772]], [[-0.05397084592085338], [1.4131790053730684]], [[-0.5522518308969364], [1.0497670496594347]], [[2.3762376701092323, 2.982838355714226, 2.6494670073350957, -0.5527564679396375], [0.9059754534934951, -2.662020299610977, -2.5690892590103913, -1.4083550552806612]]]], [[[[-1.3149008968358025, -0.44531067494024695]], [[-1.0273234388544354, -0.12961799423580647]], [[1.1402319762931439, -0.1475776547911653]], [[-1.356118640655225, 0.28901213048575264]]], [[[-0.2630839408446583], [1.3344051599999123]], [[-1.8887273220578016], [-0.43101900882350364]], [[2.044447740732577], [0.5288271067486626]], [[-1.0683071255986551], [0.45225298580186696]], [[-0.38403794599665786, -2.2292253125209776, -1.7617325942966668, -2.752125795280139], [-2.3320421581367756, -0.09454012839106327, -0.4963630293514283, 1.915830163779995]]]], [[[[1.259802657365778, -0.38731558891021245]], [[0.2338129959425439, -2.3030647861376408]], [[1.191015461979233, -0.333811455914953]], [[1.5056019834696857, 3.133398476190443]]], [[[-0.5137543354099787], [1.026472997061391]], [[1.3815002277886914], [-0.021762326294718803]], [[0.155193116432037], [-1.383961721938347]], [[3.153491810279539], [1.7098940940956817]], [[-2.906317144712914, -3.160690676739549, 2.5529208210756993, -2.1511767913934174], [-1.192195596355784, 0.18056347752388988, -2.1716240013960273, -1.3103992133220488]]]], [[[[-0.778240777119925, -2.8573813945931583]], [[1.1274107365227393, 0.18726441871814442]], [[0.7406156553349519, 1.0502130056778152]], [[1.107910891462663, -0.06559230728021335]]], [[[-1.2912569574026351], [-3.058141623309491]], [[1.971199497377221], [-2.456979940122616]], [[-1.2535404316004883], [-3.079629100741224]], [[-0.15195808427524468], [1.6728129046755817]], [[0.6658336121534222, -2.9624530886610496, 3.562196653360982, -2.5670115055375637], [2.7541299448944128, -1.9929533221772455, -0.09298280891521425, 2.3565107858674175]]]], [[[[0.6101816005871132, -2.913246200382376]], [[-0.7617896906973483, -3.0980401920418243]], [[-0.9327123861509952, 3.0945661567244658]], [[-0.8352444708156949, 0.19126351227077676]]], [[[-1.9531238201175543], [-3.2351311977574784]], [[1.7623537989726834], [-3.2159511452356524]], [[0.7919426030462794], [-0.49094072480464346]], [[0.0695719038117652], [-1.2682680533166928]], [[2.9149208570050624, -0.502789530773649, 3.2247492121303134, -2.67583749465654], [-2.420263806199488, 3.5869558287980423, 1.7965816373004946, -0.8238090477807533]]]], [[[[-1.4141392582847263, -2.856254557478387]], [[1.3023829658946204, 2.8412688222491367]], [[1.1640318389406825, 2.8487878352928626]], [[0.901599513179598, -2.4124892478888564]]], [[[2.8375549750449585], [-1.9767477625101364]], [[-0.757623789761323], [-2.160862057157689]], [[-2.413625982811338], [-0.9908884693737595]], [[3.011256779707543], [-1.6081728644999445]], [[-2.5162220277275256, -1.784555215717419, 1.670278297840808, 2.7159025957243452], [1.702128772259718, -0.1477881232672126, -2.985705466503244, 0.4440162096242792]]]], [[[[-0.1850106978309403, 0.5338256246106475]], [[1.2974504425567237, 2.974277758951967]], [[-1.4943319795539691, -0.0006357331730087065]], [[-1.011021953335534, 0.11496100060641017]]], [[[-0.07055195746287493], [1.7937020201059044]], [[0.808932612854667], [-0.8899989968986557]], [[-2.9622606316218194], [1.4466297457758388]], [[0.03586389304510948], [1.8110793690960132]], [[0.21566917058891602, 0.23300530748541715, -1.940673327323412, 2.2086813294678573], [3.2114243887205682, 1.5809823104638878, 2.0938431925929963, 0.5497430597094497]]]], [[[[0.5655773911623966, -2.4934658749621117]], [[-1.4075587474407518, 0.15314630361158868]], [[-1.222713159579476, -2.7331107695901653]], [[1.043294751254765, 0.14066578570064248]]], [[[1.496962864886508], [2.903681880187691]], [[0.1645469194517093], [-1.5607265890885211]], [[0.4943224468445649], [-0.9321742004364083]], [[-2.784840305613562], [1.7623073420876338]], [[0.6978771359378686, -2.5059520793331176, 3.0258112522500924, -0.0037722302118936846], [2.847319860321269, -0.9663318094620407, -1.9018162880183107, 6.92415284524314]]]], [[[[0.8039939936610438, 0.7451969276248183]], [[1.0743337333495502, -2.479700584145368]], [[0.3703221159021022, 2.7832468303310858]], [[-0.4141030926782058, 2.0126837898391345]]], [[[-1.5098301283832924], [-3.0986661614709994]], [[1.693175042322562], [0.07776403056186323]],