{"noise_params": [0.0, 0.01, 0.02, 0.03, 0.04, 0.05, 0.06, 0.07, 0.08, 0.09, 0.1, 0.11, 0.12, 0.13, 0.14, 0.15, 0.16, 0.17, 0.18, 0.19, 0.2, 0.21, 0.22, 0.23, 0.24, 0.25, 0.26, 0.27, 0.28, 0.29, 0.3, 0.31, 0.32, 0.33, 0.34, 0.35000000000000003, 0.36, 0.37, 0.38, 0.39, 0.4, 0.41000000000000003, 0.42, 0.43, 0.44, 0.45, 0.46, 0.47000000000000003, 0.48, 0.49, 0.5, 0.51, 0.52, 0.53, 0.54, 0.55, 0.56, 0.5700000000000001, 0.58, 0.59, 0.6, 0.61, 0.62, 0.63, 0.64, 0.65, 0.66, 0.67, 0.68, 0.6900000000000001, 0.7000000000000001, 0.71, 0.72, 0.73, 0.74, 0.75, 0.76, 0.77, 0.78, 0.79, 0.8, 0.81, 0.8200000000000001, 0.8300000000000001, 0.84, 0.85, 0.86, 0.87, 0.88, 0.89, 0.9, 0.91, 0.92, 0.93, 0.9400000000000001, 0.9500000000000001, 0.96, 0.97, 0.98, 0.99, 1.0], "max_scores": [2.8284271247461894, 2.7863180292278193, 2.7448399880503054, 2.7039876035218797, 2.663755424208461, 2.6241379536906972, 2.5851296601911473, 2.5467249871158053, 2.508918364554734, 2.471704221787064, 2.435077000835907, 2.3990311711188745, 2.3635612452399024, 2.328661795967804, 2.294327474446487, 2.260553029681011, 2.2273333293425113, 2.1946633819335486, 2.1625383603534063, 2.1309536269004066, 2.099904759745031, 2.0693875809040683, 2.0393981857400965, 2.0099329740068193, 1.9809886824512575, 1.9525624189766444, 1.9246516983599244, 1.8972544795044974, 1.8703692041946889, 1.8439948373028825, 1.8181309083754595, 1.792777554517539, 1.7679355644364239, 1.7436064234797688, 1.7197923595591234, 1.6964963896206537, 1.6737223664631318, 1.6514750255447919, 1.6297600043890645, 1.6085840232906161, 1.5879546583613138, 1.5678806562713616, 1.54837183872241, 1.52943916513364, 1.5110947553569534, 1.4933519344041324, 1.476225239288723, 1.4597304364218044, 1.4438845380406835, 1.4287057578896125, 1.4142135620364749, 1.4004285628999789, 1.3873725377523147, 1.3750683470430627, 1.3635398636103548, 1.3528118847823345, 1.3429100312021875, 1.3338605584257563, 1.3256905204215415, 1.3184270020351323, 1.3120975388870124, 1.3067297179753636, 1.3023508522839977, 1.2989879707147372, 1.296647148859515, 1.2954149904834722, 1.2952550937359606, 1.296023724546842, 1.298305102571038, 1.3015571660275436, 1.305985609633275, 1.3116085382093714, 1.318438831937116, 1.3264895621210973, 1.335770972459907, 1.34629120045445, 1.3580560121774115, 1.3710690757440989, 1.3853320755671945, 1.4008441255206632, 1.4176032086955999, 1.4356055670532946, 1.454844302915932, 1.4753116276903222, 1.4970015671328016, 1.5198988461040654, 1.5439986286534035, 1.5692882969443387, 1.595741297054058, 1.6233730833562285, 1.6521479633745197, 1.6820573417635614, 1.713002079940101, 1.7452243862025827, 1.7784530449394627, 1.8127603261323888, 1.8481322833843776, 1.8835153224935834, 1.9220007741973866, 1.960481919191285, 1.999999999999989], "opt_settings": [[[[[]]], [[[-0.26048911802806923], [1.2025881829306757]], [[0.42653556084521815], [-1.0301791256718642]]]], [[[[]]], [[[-1.4558001983573439], [3.252738734044581]], [[-2.2297590881463303], [-0.6854396693086231]]]], [[[[]]], [[[1.5604676847623404], [-2.8098333263659847]], [[2.3077345204212834], [1.011916539460089]]]], [[[[]]], [[[3.9422530552086297], [1.9441923223607298]], [[-3.0208709608705284], [-1.8504322601361605]]]], [[[[]]], [[[1.1125973186045086], [-0.5426693643396071]], [[0.32287777858932587], [1.8262229400673813]]]], [[[[]]], [[[2.340396458675707], [-2.2341564150923197]], [[3.139852692470395], [1.6571737331668746]]]], [[[[]]], [[[-1.7498922495684865], [-0.2619000736351979]], [[-1.0140640397914773], [-2.5710481693636242]]]], [[[[]]], [[[-1.6617509487235886], [-0.12446499307300721]], [[-0.929729429856959], [-2.424914498431791]]]], [[[[]]], [[[-1.1045395648235699], [-2.563725809561702]], [[-1.7775767918170686], [-0.3382750984356435]]]], [[[[]]], [[[0.3190281698900447], [-1.3733481782917936]], [[-0.543431087778677], [1.0616452539992256]]]], [[[[]]], [[[-1.4023387963084566], [2.809166449497425]], [[-2.7635823107477178], [-0.8164120508723212]]]], [[[[]]], [[[-0.3659461799573193], [1.2992150194796228]], [[0.4869545071250877], [-1.1251229943765622]]]], [[[[]]], [[[3.2566553375890264], [-4.516850252566529]], [[2.4380257628698883], [-2.1028178548592904]]]], [[[[]]], [[[-1.9880540330209802], [-0.5015553291366778]], [[-1.2911695844089972], [3.5175508327940013]]]], [[[[]]], [[[-3.672001979900767], [0.9318845668796637]], [[-4.38752478489837], [3.283864272781728]]]], [[[[]]], [[[-0.8662590082521783], [0.5478792898902544]], [[-0.2322080317167838], [-1.5722141319522047]]]], [[[[]]], [[[-1.7771505279557995], [2.856757110769763]], [[-2.503967036899891], [-1.1172736716431266]]]], [[[[]]], [[[3.0660300627490122], [1.527237528650045]], [[2.24057809908094], [-2.3580798401745104]]]], [[[[]]], [[[-0.4832302628352133], [-2.0037202955375872]], [[-1.3337036235369983], [0.41248320693878715]]]], [[[[]]], [[[-2.274286280459099], [2.170185122314065]], [[2.9876961876395898], [-1.5740663623908209]]]], [[[[]]], [[[-2.018831192290661], [-1.1758443068293087]], [[-1.6707004166436774], [-2.620142069864581]]]], [[[[]]], [[[-0.0378153169058943], [1.3520823910255548]], [[0.7531578968537057], [-1.0793670276772047]]]], [[[[]]], [[[-0.015826608998524887], [1.5750394729455353]], [[0.8601797160213942], [-0.8703498371180248]]]], [[[[]]], [[[-1.1201473799280552], [0.24866646897302988]], [[-0.405600851406652], [-2.141185444387243]]]], [[[[]]], [[[0.23219999972253835], [1.898442561944181]], [[1.2736132696545854], [-0.6398066725413768]]]], [[[[]]], [[[-2.096239006199341], [-0.5375888353616465]], [[-1.2510427940463449], [-2.925925136898421]]]], [[[[]]], [[[-2.839786851545005], [4.704405230233139]], [[-2.0903288225003713], [2.2386966164489013]]]], [[[[]]], [[[1.8896053236240837], [0.2950345093158955]], [[1.0922949382260434], [-3.6360780414198812]]]], [[[[]]], [[[2.662668153601575], [1.1420238311013555]], [[1.722440478659259], [-2.6598372619684874]]]], [[[[]]], [[[-2.4110856393816653], [-1.1885847715254423]], [[-1.828416531869582], [-3.2516088933749523]]]], [[[[]]], [[[0.8612897414518861], [-0.11703443989756036]], [[0.4910923751288901], [1.295111005337533]]]], [[[[]]], [[[2.824027617693958], [-2.3950590843895903]], [[3.28434342076218], [2.2492639624100184]]]], [[[[]]], [[[1.7256661352477787], [0.45098729131919263]], [[1.160241728202407], [2.5322034365605983]]]], [[[[]]], [[[-0.46577114799111197], [1.2031346899412831]], [[0.4143277694089914], [-1.2448336282537447]]]], [[[[]]], [[[-0.73413584348108], [1.2322249976472655]], [[0.31333773722759234], [-1.3562617117071236]]]], [[[[]]], [[[0.4254376198987239], [-0.9994238239444406]], [[-0.36569734276691535], [1.437525579014767]]]], [[[[]]], [[[1.2618650924413526], [-0.5523504587865511]], [[0.433200745797716], [1.8734537232563777]]]], [[[[]]], [[[0.46412363539800794], [1.8650473004253372]], [[1.2575530461954918], [-0.5389060353470901]]]], [[[[]]], [[[1.3810735267031697], [-1.9831974526129665]], [[1.437952240969833], [1.3194211396070885]]]], [[[[]]], [[[0.052041325314445504], [-1.7579960693194479]], [[-1.0219557082366004], [0.8032812482217672]]]], [[[[]]], [[[-0.5966016982596635], [-0.9069659426643798]], [[-0.7852664401283705], [-0.11608378849310437]]]], [[[[]]], [[[3.6168132651522975], [0.8895299761596158]], [[-2.8992528829876014], [-2.503972237282688]]]], [[[[]]], [[[2.2790783085690296], [2.7805270773365285]], [[2.4434970689301845], [2.0978892368478985]]]], [[[[]]], [[[-0.922479238734107], [1.1003836510504221]], [[0.35359908061494594], [-1.5457233669924062]]]], [[[[]]], [[[-1.6007337424561983], [0.3950784053816286]], [[-0.9809734879869525], [-2.0563182650175005]]]], [[[[]]], [[[4.15975262506158], [2.6292482115913347]], [[-2.3759676778324748], [-0.9778613911951888]]]], [[[[]]], [[[1.4777209231240118], [-2.3960635339339427]], [[-2.9618227514201645], [1.066854015774631]]]], [[[[]]], [[[1.881352569720247], [2.4108510937038017]], [[2.186581156622428], [-0.3348562157347971]]]], [[[[]]], [[[0.9665600561596983], [-1.3125547712173082]], [[-0.15222435511978505], [1.3783822261571068]]]], [[[[]]], [[[0.5516739127418322], 