{"noise_params": [0.0, 0.01, 0.02, 0.03, 0.04, 0.05, 0.06, 0.07, 0.08, 0.09, 0.1, 0.11, 0.12, 0.13, 0.14, 0.15, 0.16, 0.17, 0.18, 0.19, 0.2, 0.21, 0.22, 0.23, 0.24, 0.25, 0.26, 0.27, 0.28, 0.29, 0.3, 0.31, 0.32, 0.33, 0.34, 0.35000000000000003, 0.36, 0.37, 0.38, 0.39, 0.4, 0.41000000000000003, 0.42, 0.43, 0.44, 0.45, 0.46, 0.47000000000000003, 0.48, 0.49, 0.5, 0.51, 0.52, 0.53, 0.54, 0.55, 0.56, 0.5700000000000001, 0.58, 0.59, 0.6, 0.61, 0.62, 0.63, 0.64, 0.65, 0.66, 0.67, 0.68, 0.6900000000000001, 0.7000000000000001, 0.71, 0.72, 0.73, 0.74, 0.75, 0.76, 0.77, 0.78, 0.79, 0.8, 0.81, 0.8200000000000001, 0.8300000000000001, 0.84, 0.85, 0.86, 0.87, 0.88, 0.89, 0.9, 0.91, 0.92, 0.93, 0.9400000000000001, 0.9500000000000001, 0.96, 0.97, 0.98, 0.99, 1.0], "max_scores": [2.8284271247461903, 2.7863180292278193, 2.7448399880503054, 2.7039876035218797, 2.6637554242084613, 2.6241379536906977, 2.5851296601911473, 2.546724987115805, 2.508918364554734, 2.471704221787065, 2.435077000835907, 2.3990311711188745, 2.3635612452399024, 2.328661795967804, 2.2943274744464874, 2.2605530296810112, 2.227333329342512, 2.194663381933548, 2.1625383603533734, 2.130953626900408, 2.0999047597450353, 2.0693875809040154, 2.0393981857400965, 2.009932974006803, 1.9809886824512641, 1.9525624189766555, 1.9246516983598256, 1.8972544795044712, 1.8703692041947126, 1.8439948373028487, 1.8181309083781385, 1.792777554522498, 1.7679355644364847, 1.7436064234792146, 1.71979235947814, 1.6964963896175274, 1.6737223664603436, 1.651475025540753, 1.6297600314099756, 1.6085840096840651, 1.5879546593019187, 1.5678806586858514, 1.5483718416308765, 1.52889011638905, 1.5110947539684667, 1.493351934063813, 1.476225240260166, 1.459730440027421, 1.4438845382117225, 1.4287057636862452, 1.414213562068253, 1.400428562266938, 1.3873725329461297, 1.375068346809999, 1.363539863029242, 1.352804541385855, 1.3429100340969935, 1.3338605159394568, 1.3256905043250478, 1.3184270021388307, 1.312097557041775, 1.306729715930682, 1.3023508456953399, 1.2989879748471, 1.2966653833515118, 1.295414990068553, 1.295255092665327, 1.296211155483335, 1.298305075203781, 1.30155728061393, 1.3057857147095935, 1.3116085389687373, 1.3184385404573113, 1.32648956155831, 1.335770995280756, 1.295337187342589, 1.3580560184797794, 1.3710679612838206, 1.3853320747857754, 1.4008434169664514, 1.417603536648479, 1.4356052225539218, 1.4548442343014287, 1.4753124436606402, 1.4970015894275879, 1.5198992194655094, 1.543999795631192, 1.5661324210334087, 1.5957500745650477, 1.623376284167504, 1.6521500897210486, 1.682058783175766, 1.7053493420419144, 1.7452243822242521, 1.7784530806281214, 1.8127603261324539, 1.8481256524023442, 1.8845549076237904, 1.9220162746449347, 1.9604779928275082, 1.9997533955393174], "opt_settings": [[[[[]]], [[[0.08460165379885454], [1.6943051922951866]], [[0.8563264588454584], [-0.6534813844822845]]]], [[[[]]], [[[1.5915609760242928], [-3.139635281819068]], [[2.3761560104609827], [0.7870997098638857]]]], [[[[]]], [[[-1.5445356793577163], [-0.0656591046133333]], [[-0.8484838950428722], [-2.314139213603201]]]], [[[[]]], [[[1.4791485097419441], [-0.27412680160483816]], [[0.5022366134830742], [-4.063488019906185]]]], [[[[]]], [[[-2.203974066960576], [-0.6893349820803585]], [[-1.4466329189277713], [3.2652344633632886]]]], [[[[]]], [[[-0.8661311370876144], [-2.3638129306682503]], [[-1.6203816734170717], [-0.03716126966060154]]]], [[[[]]], [[[0.9324889052229672], [2.422940532918864]], [[1.665214594004643], [0.12178377074611407]]]], [[[[]]], [[[-1.3261735404630897], [-2.7538229116552655]], [[-2.0572460154383445], [-0.4297894524939352]]]], [[[[]]], [[[-0.985424485154529], [-2.487468648952084]], [[-1.7239352147711522], [-0.1790585687645002]]]], [[[[]]], [[[1.7025741766736644], [-2.9339556679221928]], [[2.4597852197620904], [1.0100653606565049]]]], [[[[]]], [[[1.316960350948563], [-3.462465740907024]], [[2.0447961314571974], [0.5225582894427838]]]], [[[[]]], [[[3.8290733116239593], [-0.9379258633994282]], [[-1.6831932090482826], [-3.2797122156491856]]]], [[[[]]], [[[0.38958973987497997], [1.9065262810626125]], [[1.1730078443325904], [-0.44837863605939876]]]], [[[[]]], [[[-0.5394078886568339], [-1.991759144538666]], [[-1.312266928280916], [0.36195094272583656]]]], [[[[]]], [[[2.223436136484912], [3.871615742253293]], [[-3.2613891542697395], [1.5019729041939347]]]], [[[[]]], [[[4.2023633783674255], [-3.6571097140606064]], [[-2.8010713463397843], [-1.3806940718016132]]]], [[[[]]], [[[0.9583537281941201], [-0.6780385899596711]], [[0.171760261011753], [1.6785297417290073]]]], [[[[]]], [[[1.01670555103965], [-0.620034028761759]], [[0.24894812366566904], [1.7164464834693425]]]], [[[[]]], [[[-3.282238985342845], [3.7676292010207484]], [[-2.944998416127758], [2.492640169913675]]]], [[[[]]], [[[-0.4664364661670855], [1.252442381636617]], [[0.4278504097292266], [-1.204376154706549]]]], [[[[]]], [[[-0.140936634152385], [-1.0492094969992476]], [[-0.5475922498906554], [0.4561908787373545]]]], [[[[]]], [[[1.683945134532201], [2.469292167131726]], [[-4.1532565451442025], [-0.10771437087378206]]]], [[[[]]], [[[0.8991942143143787], [2.252980669392204]], [[1.6081901592114878], [-0.05106522371655066]]]], [[[[]]], [[[-0.6453782673999822], [0.6387178382455306]], [[0.08951908990928518], [-1.8859974315871546]]]], [[[[]]], [[[0.4690455908335089], [1.8320778129272572]], [[1.188690046176143], [-0.4587463891870344]]]], [[[[]]], [[[4.598494769716712], [0.03498198013186274]], [[-0.8672381946023292], [-2.3465890034217036]]]], [[[[]]], [[[-2.8147188619326333], [4.507418304638879]], [[4.066822783881302], [2.1115288456715877]]]], [[[[]]], [[[3.540461869316326], [1.6360076302483841]], [[-3.573269065168252], [-2.136912703097155]]]], [[[[]]], [[[-1.6698536766680518], [-3.2036122001840273]], [[3.900779889445016], [-0.9199589459801758]]]], [[[[]]], [[[-3.428491956011448], [-1.6570098483898912]], [[3.637075347900499], [2.199322005648342]]]], [[[[]]], [[[2.115825211003214], [0.7154887909518731]], [[1.3968747454068802], [-3.2670192599704735]]]], [[[[]]], [[[3.2951195727175424], [-1.3244887516201587]], [[-2.0662198660918603], [-3.7928500767580684]]]], [[[[]]], [[[-0.6298903861684328], [-4.990935167087845]], [[0.3798073056616465], [-1.279226061176972]]]], [[[[]]], [[[1.6378513383253281], [-0.11227122593034682]], [[0.6916882495388728], [-3.9391271557088205]]]], [[[[]]], [[[1.9191938824038144], [1.3045475758990879]], [[1.678823793749914], [2.3564476816707285]]]], [[[[]]], [[[-2.6959565292615597], [-0.8697272307752668]], [[-1.4360367507721734], [2.800132442218503]]]], [[[[]]], [[[0.4779481220418665], [-1.4162449496731333]], [[-0.7046332499459517], [1.2072545352622515]]]], [[[[]]], [[[0.4003682212627301], [2.016343765131056]], [[1.0725594081885212], [-0.28456698569228667]]]], [[[[]]], [[[0.3705074184481213], [-1.0170970065549165]], [[-0.4406267091196843], [1.5008065499718535]]]], [[[[]]], [[[3.0553748240261616], [-0.2709848695072115]], [[-0.381269200690527], [2.94155509091609]]]], [[[[]]], [[[0.5669552529275595], [-1.1830920885223368]], [[-0.3154014778766813], [1.2779027625703243]]]], [[[[]]], [[[0.6823018453735173], [-3.757139899402783]], [[1.9007699627751025], [-0.06347062763836371]]]], [[[[]]], [[[1.4212344534881556], [-0.06808949332969592]], [[0.8637579202261632], [1.9975790950061547]]]], [[[[]]], [[[-2.3298214276473943], [0.9470374637869723]], [[0.8178831193502952], [4.055784603993241]]]], [[[[]]], [[[2.20174273019835], [-1.549350191870852]], [[2.61709621034856], [1.9570061451037937]]]], [[[[]]], [[[-0.6172099293781526], [1.5164783879072352]], [[0.9773436764100535], [-1.2381846634903182]]]], [[[[]]], [[[-1.0524799390684636], [0.4834848795619659]], [[-0.3458527865782764], [-1.784069973015764]]]], [[[[]]], [[[-0.9903790656822752], [0.004542051820694274]], [[-0.3723363664445227], [3.603905659033314]]]], [[[[]]], [[[0.7762129107689688], [-0.7067464266370538]], [[0.18865011395225767], [1.3601248014931382]]]], [[[[]]], [[[-2.1279893972694204], [2.697268153129643]], 