{"noise_params": [0.0, 0.01, 0.02, 0.03, 0.04, 0.05, 0.06, 0.07, 0.08, 0.09, 0.1, 0.11, 0.12, 0.13, 0.14, 0.15, 0.16, 0.17, 0.18, 0.19, 0.2, 0.21, 0.22, 0.23, 0.24, 0.25, 0.26, 0.27, 0.28, 0.29, 0.3, 0.31, 0.32, 0.33, 0.34, 0.35000000000000003, 0.36, 0.37, 0.38, 0.39, 0.4, 0.41000000000000003, 0.42, 0.43, 0.44, 0.45, 0.46, 0.47000000000000003, 0.48, 0.49, 0.5, 0.51, 0.52, 0.53, 0.54, 0.55, 0.56, 0.5700000000000001, 0.58, 0.59, 0.6, 0.61, 0.62, 0.63, 0.64, 0.65, 0.66, 0.67, 0.68, 0.6900000000000001, 0.7000000000000001, 0.71, 0.72, 0.73, 0.74, 0.75, 0.76, 0.77, 0.78, 0.79, 0.8, 0.81, 0.8200000000000001, 0.8300000000000001, 0.84, 0.85, 0.86, 0.87, 0.88, 0.89, 0.9, 0.91, 0.92, 0.93, 0.9400000000000001, 0.9500000000000001, 0.96, 0.97, 0.98, 0.99, 1.0], "max_scores": [2.8284271247461903, 2.786318029227819, 2.7448399880503054, 2.70398760352188, 2.6637554242084605, 2.6241379536906972, 2.5851296601911473, 2.546724987115805, 2.5089183645547335, 2.471704221787065, 2.435077000835907, 2.3990311711188745, 2.3635612452399024, 2.328661795967804, 2.2943274744464874, 2.260553029680995, 2.2273333293425095, 2.194663381933548, 2.1625383603534063, 2.130953626900407, 2.099904759745009, 2.069387580904067, 2.0393981857400894, 2.0099329740056433, 1.9809886824512568, 1.9525624189766593, 1.9246516983599875, 1.8972544795044435, 1.870369204194717, 1.8439948373029469, 1.8181309083743957, 1.7927775545225813, 1.7679355644358143, 1.743606423472623, 1.719792359559467, 1.6964963896023635, 1.6737223660970644, 1.6514750255443096, 1.6297600152218708, 1.6085840232841448, 1.5879546593012952, 1.567880658714676, 1.5483718415703862, 1.529439136238524, 1.5110947554495877, 1.4933519189738176, 1.476225239764729, 1.4597304402880074, 1.4438845382413694, 1.4287057636053173, 1.4142135623013312, 1.400428562968353, 1.3873725377737696, 1.3750683473792438, 1.363539862267989, 1.3528118863587717, 1.3429100339190831, 1.3338605801326668, 1.3256904998824575, 1.3184270019368953, 1.31209755717331, 1.3067297191367642, 1.3023508588501116, 1.2989879747536406, 1.2966674499967357, 1.295414983195227, 1.295254807497389, 1.2962111554369082, 1.298305110316952, 1.3015572825499653, 1.3059860191323627, 1.3116085371881516, 1.3184388305351757, 1.3264891380901918, 1.3339234685410108, 1.3462911759640612, 1.3580560056567983, 1.371069004769386, 1.3853320746556845, 1.4008443710234344, 1.4176035691351059, 1.4355854084084831, 1.4548443753401967, 1.4753126303767958, 1.4969763560639877, 1.5199013125847443, 1.5440008211217047, 1.5692606883768778, 1.5957511569336045, 1.6233760979453695, 1.6521500968116853, 1.6820095156882129, 1.7130742106595171, 1.7452243861265957, 1.7783817999659286, 1.811569903099795, 1.8481064860919922, 1.884555374617571, 1.9220153453837006, 1.9605018741273126, 1.9999999999932856], "opt_settings": [[[[[]]], [[[0.43446118041411824], [1.9701526702214962]], [[1.2110101007604204], [-0.37873085378947463]]]], [[[[]]], [[[0.7069228415311135], [3.950960307768734]], [[0.6348802633736647], [0.7481735290193969]]]], [[[[]]], [[[2.477180457916208], [-2.1273367933358727]], [[3.2592021674186067], [1.7828538910488683]]]], [[[[]]], [[[-1.1848726019485916], [-2.7467539620549952]], [[4.32039446939501], [-0.39813423055166974]]]], [[[[]]], [[[1.6298197316418617], [3.25392356249725]], [[-3.840731371662855], [0.8729843388262952]]]], [[[[]]], [[[2.679761480556059], [-1.983830185054593]], [[-2.776033225258457], [1.9022987951346004]]]], [[[[]]], [[[-1.8691835708603737], [-2.267929641505001]], [[-2.012856039074948], [-1.6551175054413159]]]], [[[[]]], [[[-3.640104677502898], [0.9671977977625416]], [[1.8896006819773914], [3.331157535330588]]]], [[[[]]], [[[-2.799842747953048], [-1.233075280342213]], [[-1.9188434406753634], [2.6053626787038753]]]], [[[[]]], [[[1.0964623187205795], [2.2517905314762245]], [[1.5908936914040037], [0.3916590954885173]]]], [[[[]]], [[[1.7299084259550372], [-2.9138385334191144]], [[2.480869745091399], [1.0384795239282663]]]], [[[[]]], [[[0.9516641771142725], [-0.9042323062369686]], [[-0.11679606694288124], [-4.6327035760822355]]]], [[[[]]], [[[4.258931487399871], [-0.3866100432137574]], [[-1.2268087633144453], [-2.7546667499077064]]]], [[[[]]], [[[0.7393959155227641], [-1.0066603458071772]], [[-0.16512728579990998], [1.4592582906517206]]]], [[[[]]], [[[-1.0975281105309702], [0.7223965900758708]], [[-0.20440938696039404], [-1.7441263774719376]]]], [[[[]]], [[[-1.3802923806417065], [-1.9356279062468564]], [[-1.7111440160772822], [0.791998009791255]]]], [[[[]]], [[[3.7108891646690974], [-0.5383664651992284]], [[-1.981730055694087], [3.242971928541569]]]], [[[[]]], [[[-4.27531602714824], [0.47582373305490594]], [[1.2820728380138304], [2.7732318103261506]]]], [[[[]]], [[[-0.544788809477019], [1.177070266191869]], [[0.3775666688270763], [-1.3038975890391864]]]], [[[[]]], [[[2.2973377056021316], [0.8624538316052045]], [[1.5664970828873266], [-3.1162639324847174]]]], [[[[]]], [[[-1.8276178199811004], [-0.9996433007986248]], [[-1.501557275618544], [-2.3788365936481424]]]], [[[[]]], [[[-0.7579063063947973], [0.7593652662314494]], [[0.07016037011510566], [-1.6944690593335097]]]], [[[[]]], [[[4.6620109123098885], [-2.7222610094997406]], [[-2.1414761030647185], [-0.588292357584512]]]], [[[[]]], [[[-3.3513430191424987], [3.5243557780240673]], [[-2.988958199735947], [0.6809141401231319]]]], [[[[]]], [[[0.7511782883841436], [2.0192268446154777]], [[1.4472278142138226], [-0.3143465756931144]]]], [[[[]]], [[[0.9879189269230934], [2.2724786989772805]], [[1.6037297328793045], [0.11329497445083321]]]], [[[[]]], [[[-3.6443974294399717], [-1.9967655227947025]], [[-2.7841344065995686], [1.8577063605787367]]]], [[[[]]], [[[-1.5159090400813582], [-0.22540918989186262]], [[-0.8480837976434616], [3.6939721976633666]]]], [[[[]]], [[[1.9750718407345644], [-2.512498591048833]], [[2.8045467847998165], [1.3500147399357723]]]], [[[[]]], [[[-1.12457825902447], [-2.4007601201764426]], [[4.547312986946877], [-0.23717336273723424]]]], [[[[]]], [[[-2.740391625006152], [-1.7731662961042436]], [[-2.1082917967250756], [1.8042297953538435]]]], [[[[]]], [[[1.2815880803576558], [-3.552287445317319]], [[1.9618867249289327], [0.4815903572782874]]]], [[[[]]], [[[-2.5261148621848677], [-0.7612176333133132]], [[-1.4543167400475308], [2.99417588368844]]]], [[[[]]], [[[1.3295986782820388], [-0.8868339350091985]], [[0.6402982094973038], [-4.562446762266506]]]], [[[[]]], [[[-2.96489413394979], [1.7395627975337629]], [[2.3661916885361367], [-2.0085618528039393]]]], [[[[]]], [[[0.9368981506040904], [0.0020523611038278655]], [[0.5776539387778334], [1.403712542174924]]]], [[[[]]], [[[0.14305296146881177], [0.5858928360277889]], [[0.33950447912943055], [-0.1795001770434289]]]], [[[[]]], [[[-1.0178912811220822], [0.9128971562102205]], [[-0.06840524708631397], [-1.6145745518727272]]]], [[[[]]], [[[-1.3239781135310396], [1.5926534508054]], [[1.478162486835716], [-1.4795580380218312]]]], [[[[]]], [[[1.1508417015268388], [-0.8453111343130113]], [[0.37526669420524], [1.6573732579470786]]]], [[[[]]], [[[-0.3463206401564619], [-1.726823060821946]], [[-1.08669946100996], [0.5996328222529377]]]], [[[[]]], [[[-1.368649077848962], [-3.0226220092420224]], [[-1.952961843122462], [-0.7946478606821987]]]], [[[[]]], [[[-3.734135222767564], [-2.5200670178478295]], [[3.055040392153973], [1.9487655573916485]]]], [[[[]]], [[[4.351491986401474], [1.448267773630814]], [[-2.0919848856176206], [-1.838518099205136]]]], [[[[]]], [[[3.1818999060919717], [-1.3800560744775277]], [[-2.3259801449455857], [-3.7798488993462445]]]], [[[[]]], [[[-1.940797034945723], [1.5733985843574718]], [[1.7751588090514054], [-1.6992761917656716]]]], [[[[]]], [[[-1.7078972656232667], [2.3742182240054976]], [[-2.2764397587408394], [-1.321502283021029]]]], [[[[]]], [[[-2.8740279479486115], [-0.7495866146613289]], [[3.9627446547590948], [2.989356300288182]]]], [[[[]]], [[[0.159870368264793], [1.8066212308053762]], [[1.2003867716984078], [-0.7516258102469306]]]], [[[[]]], [[[1.0512212069297906], [2.159650689954479]], 