{"noise_params": [0.0, 0.01, 0.02, 0.03, 0.04, 0.05, 0.06, 0.07, 0.08, 0.09, 0.1, 0.11, 0.12, 0.13, 0.14, 0.15, 0.16, 0.17, 0.18, 0.19, 0.2, 0.21, 0.22, 0.23, 0.24, 0.25, 0.26, 0.27, 0.28, 0.29, 0.3, 0.31, 0.32, 0.33, 0.34, 0.35000000000000003, 0.36, 0.37, 0.38, 0.39, 0.4, 0.41000000000000003, 0.42, 0.43, 0.44, 0.45, 0.46, 0.47000000000000003, 0.48, 0.49, 0.5, 0.51, 0.52, 0.53, 0.54, 0.55, 0.56, 0.5700000000000001, 0.58, 0.59, 0.6, 0.61, 0.62, 0.63, 0.64, 0.65, 0.66, 0.67, 0.68, 0.6900000000000001, 0.7000000000000001, 0.71, 0.72, 0.73, 0.74, 0.75, 0.76, 0.77, 0.78, 0.79, 0.8, 0.81, 0.8200000000000001, 0.8300000000000001, 0.84, 0.85, 0.86, 0.87, 0.88, 0.89, 0.9, 0.91, 0.92, 0.93, 0.9400000000000001, 0.9500000000000001, 0.96, 0.97, 0.98, 0.99, 1.0], "max_scores": [2.8284271247461903, 2.7865939859292306, 2.44456019369213, 2.706356909875619, 2.667874122724852, 2.630435689993509, 2.5940115851505907, 2.5585753124601522, 2.524103833878394, 2.4905775307220286, 2.237619772736684, 2.4262990908451143, 2.395524972303862, 2.3655796217620617, 2.336679148727984, 2.308607851371787, 2.281444949151158, 2.255201535669263, 1.9995730279308592, 2.2054498336190136, 2.1821788513543225, 2.1598334396189633, 2.138553804288056, 2.1183873890567515, 2.0993924310979293, 2.078685583755088, 2.0652036970360235, 2.0142509560852173, 2.036874756313261, 2.0249201084967607, 2.0141328884432936, 1.9999936905379068, 2.0001636480926783, 1.9881030498158914, 1.9946723629910244, 1.9922834722970808, 1.988957275115641, 1.9931819042705716, 1.9771919916447538, 1.9931451107699745, 1.9999974148474955, 1.9999995384376623, 1.9999824558083898, 1.9999999996956417, 1.9988776665559578, 1.9849000368402692, 1.9999215602752205, 1.9999836168793534, 1.9993823921922702, 1.9991837864450486, 1.9950081935664847, 1.9993414451985234, 1.9999349143026648, 1.9904751130387524, 1.9999656238974077, 1.999744419753958, 1.9999832047407673, 1.6820529973548495, 1.9972949124628374, 1.9979702633814589, 1.9984298702383325, 1.9999483933249806, 0.20276273449633314, 1.9999865084342, 1.9934278634487423, 1.9970329508889975, 1.9999849292658114, 1.9994226445744352, 1.9983784617550393, 1.9996376822767818, 1.9986835500643076, 1.9999999897050655, 1.997601978326132, 1.9999994737238251, 1.9991292049619969, 1.99990341269958, 1.9976054894143767, 1.9999993803935041, 1.9992496572478151, 1.9996346959960423, 1.9999967027307803, 1.999929333610174, 1.990563411184, 1.9926209051762276, 1.9999944460111452, 1.9997920876285455, 1.9991443213518165, 1.9998398378166837, 1.9610028802676713, 1.9997291119534046, 1.997065980185468, 1.9996382434088509, 1.999941568563413, 1.9909397627519978, 1.9150603148260026, 1.994699664190432, 1.984174154885575, 1.7804031276893606, 1.978742924610427, 1.936536565484599, 1.9999999977409413], "opt_settings": [[[[[1.6042785466837735, -3.1059146775379594]]], [[[0.11002176493746768], [1.7478186503290434]], [[-0.9388082783654276], [0.64797307961063]]]], [[[[-1.7485410696723085, -2.976266903641945]]], [[[1.0220910632354516], [-0.4428311552359882]], [[0.21357816300439145], [1.951053494275823]]]], [[[[-0.27987566456819973, -1.4512381735177433]]], [[[1.6175086560721907], [3.1318210995384717]], [[-3.098343430286168], [-0.2787664868888712]]]], [[[[1.1978206834823844, 2.1267751642708954]]], [[[-2.6756018675440605], [-3.263378534117674]], [[3.0776357078002166], [0.7454330890691726]]]], [[[[-2.201309464688301, 1.9011255832700724]]], [[[3.131682449306862], [-1.9232841664899092]], [[3.261791220231057], [-3.319956655158659]]]], [[[[1.5092633369499793, -0.010150611881137507]]], [[[-0.9277074718183477], [0.8209239300523253]], [[0.04518883649423253], [-1.6741897682658144]]]], [[[[1.3925262502150009, -3.1093659989635904]]], [[[1.3032670219097027], [-3.369574828620532]], [[-2.1097455784432237], [-0.5347741303849647]]]], [[[[1.3201818144580795, -0.35215174441411473]]], [[[-0.2088730736091075], [2.1344739960328134]], [[1.395526132991251], [-0.6092274315134261]]]], [[[[2.109095964080044, -2.49417582784854]]], [[[2.8755488721527995], [1.699080818568574]], [[-2.4640728655914117], [-3.2060169642101486]]]], [[[[-1.3692922950545587, 3.1187128736927296]]], [[[1.4598644381983696], [2.876493707489946]], [[2.1939785962588223], [0.5412364681315642]]]], [[[[-1.5094103945140391, -1.379868323286919]]], [[[2.9248973723387293], [3.196110016778428]], [[3.0618722397818114], [-0.2769891918169083]]]], [[[[1.494308471739704, 0.08109377227435965]]], [[[-2.380818591061861], [-1.382019078275129]], [[-1.857166149883065], [2.6701881804813574]]]], [[[[1.469736504413125, 0.005895193968239537]]], [[[-0.7474896642145042], [-1.9462366903102533]], [[-1.447526499285217], [0.5255921893991773]]]], [[[[1.2533983030191371, 3.0877106211243266]]], [[[-0.5446118940309169], [2.6080837095615954]], [[3.6153248400425477], [0.5506381807949963]]]], [[[[1.3917943444199674, -2.9169022942153435]]], [[[0.8997463463422906], [-0.5447857923545292]], [[-0.14091003335112012], [-1.798818316174894]]]], [[[[-1.4732468126188014, -3.1110282684943438]]], [[[1.145835459181198], [-1.061539950877529]], [[-0.30452554177891544], [-4.6100152972166395]]]], [[[[-4.847624083144255, 0.007568349753599851]]], [[[-0.012540564699185207], [-1.5518558731031058]], [[-0.8060214329712004], [0.8194977894755011]]]], [[[[1.3029691579492106, 3.03144636782041]]], [[[3.866074754379196], [-0.736671734349205]], [[1.660827006819081], [3.0894830394345476]]]], [[[[-0.2817046332449854, -2.056146737188976]]], [[[2.023365296433427], [-3.1260853476388313]], [[-3.1998043533917664], [0.22270689584297576]]]], [[[[0.6747349649255491, 0.3358807119843428]]], [[[-0.0011851398827553566], [-3.5393477846049715]], [[2.09318953443228], [-0.18832155743980897]]]], [[[[1.1182733037039523, -0.13743531541932524]]], [[[3.4578291229058022], [-0.9724731996826784]], [[-1.8394692011612679], [2.805723871437228]]]], [[[[-2.8795078913785797, -1.8409499725292249]]], [[[-1.2015985083862477], [2.357314956271695]], [[1.2649624626384162], [-0.32551373659716654]]]], [[[[1.6984576598445782, -0.4187235456955105]]], [[[1.0354471398184746], [-2.7266700083846622]], [[-3.233080762351206], [0.6737234290107188]]]], [[[[1.1491952315288068, -0.10374840222802903]]], [[[-1.9564343655064613], [2.8056465514179423]], [[-2.72588431542976], [-1.1424366565830262]]]], [[[[-1.2323174973082978, 3.080808517826333]]], [[[0.1895202719473178], [-1.6159527117619426]], [[-0.7669575772472437], [0.8746435864709474]]]], [[[[0.48847035924731813, -2.518996750547373]]], [[[-2.38686387222999], [0.009606350132615862]], [[0.9853878711701357], [2.958746782313408]]]], [[[[1.2855418808989028, -0.0028261807404440964]]], [[[1.0206843511314097], [-0.7853932373665685]], [[0.20842597467755541], [1.654195471149278]]]], [[[[0.653506160235064, -0.4130520107223635]]], [[[2.801420487763444], [-0.4225303127278735]], [[-0.966488776524224], [-3.4387061463781214]]]], [[[[1.0314701818287029, -0.21280201546067873]]], [[[-1.9130095821680186], [-0.3223176261230556]], [[-0.9938058285029537], [-2.821843903702742]]]], [[[[1.1401485330613146, 0.046663925453993754]]], [[[-1.442773179561074], [3.1175389543564513]], [[-2.2581271743360802], [-0.7362735392145042]]]], [[[[-1.407344020051868, -0.027864532270661494]]], [[[-1.0203684905731574], [-2.0830467175356473]], [[1.6224465484340205], [-0.3203687200670152]]]], [[[[-0.35904259631206725, -0.3622345128580277]]], [[[-2.986626318102324], [0.7863404757285529]], [[2.82609280397447], [2.9127590099281857]]]], [[[[0.11497401289160941, 0.05743559981736306]]], [[[3.2564150156631513], [-0.03829360011746794]], [[-0.6531341035005761], [-3.137458166699038]]]], [[[[2.5312446454312263, 1.0551803772657138]]], [[[1.1796507235166667], [-1.9501583157201223]], [[-0.21358297561075476], [2.4778256052188525]]]], [[[[-1.998788496309703, -1.2772045873650228]]], [[[3.1031816150503193], [2.7998421845072947]], [[-2.2855098233468936], [2.1295506838703666]]]], [[[[0.7543828940531465, -3.021864368495992]]], [[[0.14970414947474692], [2.1012954102513874]], [[-0.8779108089079425], [0.2773871201372584]]]], 