{"noise_params": [0.0, 0.01, 0.02, 0.03, 0.04, 0.05, 0.06, 0.07, 0.08, 0.09, 0.1, 0.11, 0.12, 0.13, 0.14, 0.15, 0.16, 0.17, 0.18, 0.19, 0.2, 0.21, 0.22, 0.23, 0.24, 0.25, 0.26, 0.27, 0.28, 0.29, 0.3, 0.31, 0.32, 0.33, 0.34, 0.35000000000000003, 0.36, 0.37, 0.38, 0.39, 0.4, 0.41000000000000003, 0.42, 0.43, 0.44, 0.45, 0.46, 0.47000000000000003, 0.48, 0.49, 0.5, 0.51, 0.52, 0.53, 0.54, 0.55, 0.56, 0.5700000000000001, 0.58, 0.59, 0.6, 0.61, 0.62, 0.63, 0.64, 0.65, 0.66, 0.67, 0.68, 0.6900000000000001, 0.7000000000000001, 0.71, 0.72, 0.73, 0.74, 0.75, 0.76, 0.77, 0.78, 0.79, 0.8, 0.81, 0.8200000000000001, 0.8300000000000001, 0.84, 0.85, 0.86, 0.87, 0.88, 0.89, 0.9, 0.91, 0.92, 0.93, 0.9400000000000001, 0.9500000000000001, 0.96, 0.97, 0.98, 0.99, 1.0], "max_scores": [2.8284271247461907, 2.0318300670218563, 2.3984217682521765, 2.706356909907802, 2.667874122769596, 2.630435689993478, 2.5940115851507106, 2.5585753124578448, 2.5241038338791872, 1.9999855822049306, 2.457979982659668, 2.4262990897161756, 2.3955249732376607, 2.365652255963619, 2.3366791488006555, 1.999998305753801, 2.2814449559673884, 2.255201535647427, 2.2298930034975957, 2.2055436088251734, 2.0000046923122965, 2.1598344170592583, 2.1385538111849285, 2.1183845392960254, 1.9993093358179308, 2.076507026347458, 2.065238571417457, 1.999999945430614, 2.000000356382634, 2.024894944734167, 2.015412008569013, 2.007918423283864, 1.9961587866456334, 1.9999961096056875, 1.9900522719071385, 1.991410361462875, 1.9666045620973982, 1.99059035052439, 1.999999999999846, 1.9907488396042665, 1.9921844187818263, 1.9999608553451922, 1.9976970991018483, 1.9999999999993665, 1.9988893139764294, 1.9960626885075514, 1.994798314823913, 1.999911921932788, 1.9999878370807873, 1.9997587224886293, 1.9999999998530855, 1.9999999998914926, 1.999999986367706, 1.9997568764404505, 1.9992657980913129, 1.9999876391790903, 1.9999001684459192, 1.9999999585081514, 1.9995499703366808, 1.9999950620892024, 1.9999096240672638, 1.9999377908358047, 1.999999999999993, 1.9999999989229957, 1.9999999999998321, 1.999473210524718, 1.9999999997901319, 1.9999974273821073, 1.9996263140656567, 1.999999481495612, 1.9989012112744167, 1.9999673153285795, 1.9999171371900832, 1.9999674442917739, 1.999007690395718, 1.9999720816181736, 1.9999999839313727, 1.9997962424298912, 1.9999999582409835, 1.9999918170102893, 1.9999999780365387, 1.9999918931464002, 1.999999999891731, 1.9999980242211128, 1.9999749716603368, 1.999999961428626, 1.9999999366538033, 1.999961598284362, 1.9999288094770453, 1.9978269514396259, 1.9999981703688512, 1.999939925817678, 1.9988181941916632, 1.9941327807547007, 1.9998699717556994, 1.9914402097342672, 1.991165494247288, 1.9683785350437462, 1.996584830338773, 1.9463086216569565, 1.9999516967792723], "opt_settings": [[[[[-1.5663026065091668, -0.0027427418290522847]]], [[[-2.257631127377464], [2.4472467515698644]], [[-3.22995798039251], [1.469770159437151]]]], [[[[0.5406172630245089, -1.920464402073435]]], [[[0.016415601551653107], [-3.0893966380146844]], [[-0.17509081887526606], [-0.00707382306340153]]]], [[[[-0.3439106185107706, 1.7324298836017156]]], [[[0.010811816665984592], [2.935396132520029]], [[0.46764048969396804], [-0.006429968273200342]]]], [[[[-1.5218685736752038, 3.1127177084929034]]], [[[1.5704112773115653], [0.05737681556810227]], [[0.8224398837181591], [2.375589256960623]]]], [[[[-1.9707780328839266, 0.6684359001746558]]], [[[-1.9326274131915993], [3.0849354863701577]], [[2.808369496772091], [0.5678959624796115]]]], [[[[1.8766505231399035, -2.3642581344993943]]], [[[-0.4632596520926676], [-0.061352663506437345]], [[0.17400713764292614], [-3.234263715670131]]]], [[[[1.4386981645276147, 3.124045514064204]]], [[[1.3368520944338524], [2.894239080628217]], [[-2.111562042769936], [-0.5486508807774911]]]], [[[[0.6422379457288871, 2.3156085380609706]]], [[[-0.14633705187074908], [0.6115615215506396]], [[-0.06353617535502967], [0.9219473869949677]]]], [[[[1.4386115898155218, -9.324317884653472e-05]]], [[[3.0393702844021857], [-1.6367657895457937]], [[-2.3985465211744352], [2.234337838716147]]]], [[[[0.32341203158286363, 1.6571515042251284]]], [[[0.0015033915638099121], [2.118269156539845]], [[-0.06844164437570346], [0.009099694499151639]]]], [[[[2.448173061663636, 0.48669767364297595]]], [[[-2.726472677499627], [-2.9260330747659924]], [[3.362703375721261], [0.37942220227562884]]]], [[[[1.988077453887591, -1.771850724918826]]], [[[0.1612110291199023], [-3.100614526510974]], [[-1.5281404259928963], [-0.07970386359694609]]]], [[[[-0.8657417089336417, -0.03763804377835569]]], [[[3.4601191879712467], [-1.892037945355463]], [[2.550017705938294], [3.089081764795732]]]], [[[[1.468057186353387, 3.1149452089787415]]], [[[-4.232878110861526], [-2.0369723755912736]], [[-2.611243669070305], [-1.6729139462328257]]]], [[[[-1.269409282100755, -0.027110363133183303]]], [[[-3.2378658856379143], [1.4535714036794614]], [[-2.2676912885208447], [2.4802283954910695]]]], [[[[0.047395743533161755, 1.1746150233671204]]], [[[0.035260043265696595], [3.115606488229318]], [[1.393824179486423], [-0.0005187156061992415]]]], [[[[-1.3284301079271077, 0.0005908869438397536]]], [[[2.262331102393334], [0.781688706982127]], [[-1.514827955190939], [3.179828331888004]]]], [[[[-1.2338908428050772, -0.11098475250269932]]], [[[0.08855512506584241], [1.5800207323881188]], [[-0.7836264594328647], [0.6652508396869768]]]], [[[[-0.7524550945922807, -2.3684372519069474]]], [[[-2.8263852096479414], [-0.3795889321716053]], [[-1.656841394380847], [3.1268383847651524]]]], [[[[-1.3052212714909799, 3.131525289658327]]], [[[0.783759868085778], [-0.910321525735902]], [[-0.06310233785500248], [1.5071217295974855]]]], [[[[0.2171963895002772, -2.4476787532124145]]], [[[3.0483865853154772], [-3.1647687015253516]], [[3.1557042165844207], [0.20769747175734365]]]], [[[[-1.9373662643478338, -2.952505834407508]]], [[[-1.6323384994057692], [3.150596594073303]], [[-1.8383716448060703], [-0.6660823598076216]]]], [[[[1.2119406026057782, 0.004237506554667638]]], [[[0.15296184606321897], [-1.358278676131355]], [[-0.622185633945799], [0.9960678398575651]]]], [[[[0.8360174385552577, 2.7102596804832735]]], [[[0.08028959178001298], [-1.331600141731519]], [[0.36953593469008156], [-0.6359169881474884]]]], [[[[0.07212364911343647, 1.2658124318945172]]], [[[3.1347229929956564], [0.579875365880635]], [[2.3598306059425918], [3.138936843993569]]]], [[[[0.3530895015339739, -2.9161381086329574]]], [[[-0.62051835255778], [-3.084950816220546]], [[-3.6404927168813557], [0.07426973720346626]]]], [[[[-4.602261274105689, -0.09821727524346177]]], [[[1.5532598337735155], [0.9386122208544802]], [[1.3560581801722826], [2.9515271671945924]]]], [[[[-0.4410817229010179, -1.4097210747541984]]], [[[0.2885012260264116], [0.09975113446916792]], [[-0.050279556617170866], [2.0939992007372163]]]], [[[[-0.011498707995301755, 0.136416289670526]]], [[[-0.013922350563747816], [-3.1514958681473586]], [[-2.2240542083681683], [0.0005454686954898699]]]], [[[[1.5393868488855769, 0.09557113031718666]]], [[[1.5405227765659166], [2.3844613415151925]], [[1.8485054096192615], [0.898604827689675]]]], [[[[-0.9112196761257927, 0.051721546934459094]]], [[[-0.09242063845481689], [-1.85357013229613]], [[0.8114239502810712], [-0.4646223837587483]]]], [[[[0.6766298463524644, -2.8085776639418802]]], [[[-2.4551297726105448], [-0.293027314196636]], [[1.1611049186530455], [-3.218777366979674]]]], [[[[2.7385161293486844, 1.1339201474408243]]], [[[-1.6674342452518003], [1.5090667682640257]], [[-2.2237667943294426], [3.5002741456379796]]]], [[[[0.2855392782177757, -0.8274065146341518]]], [[[-3.340900546184654], [2.9876249118860816]], [[3.0648803095846042], [1.9784577962191727]]]], [[[[-1.7393162248664957, -3.015288196566148]]], [[[-3.5334706943392935], [-1.0907807718216684]], [[-0.9395508898119986], [2.0395717216027642]]]], [[[[-1.2071104744727887, 3.1380924253062545]]], [[[0.7094004794596444], [2.060041584639698]], [[1.3789525082677259], 