{"noise_params": [0.0, 0.01, 0.02, 0.03, 0.04, 0.05, 0.06, 0.07, 0.08, 0.09, 0.1, 0.11, 0.12, 0.13, 0.14, 0.15, 0.16, 0.17, 0.18, 0.19, 0.2, 0.21, 0.22, 0.23, 0.24, 0.25, 0.26, 0.27, 0.28, 0.29, 0.3, 0.31, 0.32, 0.33, 0.34, 0.35000000000000003, 0.36, 0.37, 0.38, 0.39, 0.4, 0.41000000000000003, 0.42, 0.43, 0.44, 0.45, 0.46, 0.47000000000000003, 0.48, 0.49, 0.5, 0.51, 0.52, 0.53, 0.54, 0.55, 0.56, 0.5700000000000001, 0.58, 0.59, 0.6, 0.61, 0.62, 0.63, 0.64, 0.65, 0.66, 0.67, 0.68, 0.6900000000000001, 0.7000000000000001, 0.71, 0.72, 0.73, 0.74, 0.75, 0.76, 0.77, 0.78, 0.79, 0.8, 0.81, 0.8200000000000001, 0.8300000000000001, 0.84, 0.85, 0.86, 0.87, 0.88, 0.89, 0.9, 0.91, 0.92, 0.93, 0.9400000000000001, 0.9500000000000001, 0.96, 0.97, 0.98, 0.99, 1.0], "max_scores": [2.8284271247461907, 2.7865939859292332, 2.745917715912862, 2.7063569099078006, 2.667874122769596, 2.6304356899935644, 2.59401158515071, 2.5585753124552237, 2.5241038338791713, 2.490577530723322, 2.4579695711014033, 2.42629909128479, 2.3955249733860215, 2.3656522531927457, 1.9999844242760672, 2.001334718295075, 2.281444956016815, 2.2552015354373616, 2.229893823549461, 2.2055436123756023, 2.1821788024841124, 2.1598255263094304, 1.9999994137731156, 2.1183884799413737, 2.0992193899294103, 2.0816612321116885, 2.065247030022746, 2.050295154689555, 1.9988372356433994, 1.9999998547080617, 2.015072688458651, 2.0077328871492437, 2.002605504961557, 1.99994219522608, 1.993712313831717, 1.9999999999722666, 1.991678110033431, 1.9993692067925142, 1.9998928456266878, 1.9990754759164784, 1.9997084852679088, 1.9984812105961978, 1.9999937312527378, 1.9919954152362964, 1.9999938912846171, 1.9961123015947533, 1.9966286725147047, 1.9999999999891025, 1.9968776498999197, 1.999608516187982, 1.9993402964350284, 1.990432824630113, 1.9848586495983302, 1.9938955806197174, 1.9985194982114844, 1.9966754973859588, 1.999953662093748, 1.9999957199213156, 1.9982313880799043, 1.9751308318081697, 1.9999851571953937, 1.1755158462199935, 1.999974717395551, 1.9999999899635266, 1.999999999908896, 1.9995621512320214, 1.9999491005100132, 1.9175008234455222, 1.9999241285580267, 1.999774515453557, 1.9999999995933566, 1.9999978085731742, 1.9998985095896364, 1.9999949737973308, 1.9999999999991744, 1.9999829572487333, 1.9999350461175962, 1.9999961525490577, 1.9999869496162437, 1.9999956104807652, 1.9999973436833802, 1.9998535946009275, 1.999999995725545, 1.9999773878650484, 1.999999952598376, 1.9999917571505839, 1.9999788862181755, 1.999998101796796, 1.9994286997671034, 1.9999973316787947, 1.9961362453397427, 1.9997383386525354, 1.9999792250305086, 1.9977654463911674, 1.9986567454314617, 1.9977736836409732, 1.9981578007681806, 1.9900203993967578, 1.9969115137449382, 1.9945715012971617, 1.9999174028975522], "opt_settings": [[[[[2.4312963749814114, 3.0641018511805886]]], [[[-2.4358004011100367], [-0.09399566181524358]], [[0.5764760131208386], [2.9944449868848144]]]], [[[[-1.5563218425313161, -0.0050550368519671745]]], [[[-0.7288456607433446], [-2.289439023055293]], [[1.5101181298599344], [-0.0626447946446816]]]], [[[[-1.5689627799407022, 3.13818012011454]]], [[[0.9028134628580692], [-1.4183014715425029]], [[-0.9281499427965643], [1.3977113296394548]]]], [[[[1.5632336939668594, 3.1404090215673697]]], [[[1.7263115763302705], [-1.9430871593977306]], [[2.279803196247933], [-1.405263937625484]]]], [[[[-1.5494694636057005, 3.1403200120816077]]], [[[-3.119788586803519], [-1.809977854654871]], [[3.9003624739146514], [2.0476239777270178]]]], [[[[4.30481259254299, 2.6711478024978805]]], [[[-1.1858582784381428], [-0.5467918802687874]], [[-0.7317408527292673], [2.743909435467971]]]], [[[[1.3157554707155068, 0.22921899783026148]]], [[[-0.1868410113457456], [1.2225350416031642]], [[0.4444900948125776], [-0.94423204718189]]]], [[[[-0.5585667367582904, -2.3278478996308833]]], [[[3.3473079234381107], [2.833272594066303]], [[-3.160100482745248], [-1.7207688759555908]]]], [[[[-1.263999634516463, -0.19787910999119362]]], [[[-2.3542147576981005], [2.597260679418236]], [[-3.2129800178114882], [1.3461591723941633]]]], [[[[-1.2689379907352831, 3.049379844035333]]], [[[-1.499739319184348], [0.021622281285602854]], [[-0.6667344795222774], [-2.3946206540079684]]]], [[[[-1.0436590190382269, 2.0278849644725354]]], [[[-0.2159661293989108], [-0.20915163793865174]], [[-0.12954310096302843], [2.411279658128999]]]], [[[[-1.4150314325804145, 3.1267919777662576]]], [[[2.5951913683508003], [-1.9981091320788236]], [[-2.777601412621707], [1.8231210717981159]]]], [[[[-1.4654851663022495, 0.0031304019027325217]]], [[[1.0189784364653263], [-0.9845653129090557]], [[0.27706537205881515], [-1.6658655976400616]]]], [[[[2.5661998908824204, -1.3397915352682137]]], [[[1.5445976865423028], [0.062408384123915375]], [[0.17137893666658374], [-3.168053033469995]]]], [[[[-0.9348151154623148, 1.4886301431068447]]], [[[-3.155547101835731], [0.05884872817996906]], [[-1.5981051930021561], [3.1356907824917752]]]], [[[[-2.3706858048354236, -2.497915787583964]]], [[[0.010624012486449494], [0.11587637244180755]], [[0.021114883609967015], [0.1349267802319323]]]], [[[[-1.5871997319198754, -0.441259555949155]]], [[[1.6275129623124172], [-3.505431850631078]], [[-2.342948353159258], [-0.15294066458674474]]]], [[[[1.4108237122918619, 0.1229206606488431]]], [[[3.4353623972457585], [-1.4636556919933628]], [[-2.17087874846103], [-3.6591548407127474]]]], [[[[3.5638054295510777, 2.1310316465634727]]], [[[2.6898540211541615], [-1.5850769717820166]], [[-3.0281750295797494], [2.8006356278797107]]]], [[[[-1.213511505739231, -3.1365152460796977]]], [[[1.5700856222048103], [-0.009113867875755646]], [[0.7669109224805923], [2.364877829859405]]]], [[[[3.4288335329818573, -2.6374836542959814]]], [[[-0.17698230690556502], [-0.8297711139903599]], [[-0.2701008281252645], [-0.45347414919049805]]]], [[[[0.5205364931690979, -2.8266088308635138]]], [[[3.4126469289501187], [2.7732618504178204]], [[3.161959253460745], [1.683794868844761]]]], [[[[0.026958990197777963, -1.6529651289381528]]], [[[-3.1375264842556723], [-2.922522774051841]], [[-3.1410779046697805], [-2.2056196216521036]]]], [[[[1.070392309340571, -0.04922979242658407]]], [[[-2.2702092508325293], [2.6150504272454747]], [[-2.9882017198470847], [-1.3770696865813796]]]], [[[[3.4777749210121582, -2.0574164567848685]]], [[[1.2310983355287755], [-2.03297614077829]], [[1.2525382569770018], [2.50738403883139]]]], [[[[1.2766833708362446, -3.1241858130985825]]], [[[2.917420750986075], [-1.9089979732793474]], [[2.525171864035654], [-1.8988149736078284]]]], [[[[4.837562666960062, 3.1308273386464807]]], [[[1.6735461177320665], [-2.633949960111507]], [[2.342340610945191], [1.1967362983383147]]]], [[[[1.2344339928578965, 3.134793607413798]]], [[[-0.7311442182028078], [-2.039022432107676]], [[1.3183720608720917], [-0.0023294702381651683]]]], [[[[0.30515834689973925, -2.273269227126922]]], [[[2.670540457071647], [0.06203155296042678]], [[-0.6901055593476759], [-3.1072703838012954]]]], [[[[-0.10961351583051643, -1.3915894110636493]]], [[[3.135691444913068], [-0.2244754632131368]], [[2.093577453885142], [-3.135278625360257]]]], [[[[1.2738032367326846, -3.1407109245740354]]], [[[1.6120768055799943], [2.91485350340578]], [[-2.1841668600225317], [-0.9004730189540673]]]], [[[[1.108093597305103, -0.6469488015698444]]], [[[-0.29257991558854823], [-2.0362192990237165]], [[-0.772739566272032], [0.12413697758005532]]]], [[[[-0.49724677604482537, 2.834151818026527]]], [[[1.6878913693025803], [-3.1185668665285045]], [[2.8624340133666735], [0.3875869780408652]]]], [[[[-0.009355434347727662, -2.0636163945519304]]], [[[0.7193882755850955], [0.003071858248624484]], [[-0.0031575347009764835], [2.922261161162025]]]], [[[[1.0753046521465266, 3.0890282074497]]], [[[0.5894412265720104], [-0.9700580771105906]], [[0.12653159225819952], [-1.3342624339691218]]]], [[[[0.1813697850424437, 1.7687634283506175]]], [[[-3.1363114228558873], [0.13745494988561313]], [[-1.6561863707584084], [-3.1453592818104443]]]], 