{"noise_params": [0.0, 0.05, 0.1, 0.15000000000000002, 0.2, 0.25, 0.30000000000000004, 0.35000000000000003, 0.4, 0.45, 0.5, 0.55, 0.6000000000000001, 0.65, 0.7000000000000001, 0.75, 0.8, 0.8500000000000001, 0.9, 0.9500000000000001, 1.0], "max_scores": [1.4142135539356349, 1.396559862780344, 1.3789100747049754, 1.3614287714147317, 1.2599210482462255, 1.3267619532803905, 1.309792900434974, 1.293195362318592, 1.2781914480489474, 1.2658715448538411, 1.259904437665552, 0.5846480306842863, 1.2599201822367696, 1.2598164748924894, 0.9907402748523088, 0.9999652030439681, 1.2599210492375368, 1.2599210498880355, 1.1696070952706612, 1.2164403991146022, 1.2599210498875837], "opt_settings": [[[[[-1.593698852222427, 3.1266655082217754]], [[2.8470593024477906, -1.4122166771614726]], [[-2.481194463166513, 2.218095895655057]]], [[[2.570352592709493], [1.1753106624057288]], [[0.0021303594296046297], [1.3972962092275982]], [[-1.767761750416422], [-3.162803465464336]], [[-1.2426413641492169, 0.04443838890157062, 3.3265003949165752], [3.390955992525765, -3.140767965260605, 2.837337862042413]]]], [[[[1.522741519575699, -3.139216207061145]], [[1.567433701877466, -0.012118083575138865]], [[1.5722029577338312, -0.011693990292467269]]], [[[2.8593184273475187], [1.2991031254239738]], [[-2.556286254635374], [2.166684099832122]], [[0.5536574083605565], [-1.0065575009633219]], [[1.0762458534313046, 2.949069992217617, 2.91670319453506], [2.619115764543935, 1.3736118381320572, -1.7988785500352638]]]], [[[[1.4379760686063854, -3.11712052498449]], [[1.5623229623034514, 3.1333954550797296]], [[-1.5724717800804604, -3.1399179845497747]]], [[[-0.5376037406461744], [-2.120281194531752]], [[-0.14224096938701913], [1.4404364707476223]], [[-0.46247806899154476], [1.1201977730133579]], [[1.3267653522001468, 2.492500028676984, 0.326692639208758], [2.901485052020328, -2.219911819527933, -1.2398979653779842]]]], [[[[1.4601559321027702, -3.119680455928543]], [[1.084636466221941, 2.5406142859746987]], [[1.5560717142224725, 0.018497843113573748]]], [[[-1.8470446152030189], [-0.2963823238226635]], [[1.595009194358554], [3.145688498419759]], [[-0.3447291489107194], [1.205965417252185]], [[-2.0683173273493076, 0.4350913689874982, -2.7122141039671313], [-3.642123150788098, -0.45200737357053156, -1.138835469622389]]]], [[[[-0.024974182405432005, -1.345228531703325]], [[1.5684927905747514, -3.1361964142355943]], [[-1.5723705330625475, 0.04267157207004027]]], [[[-1.5476689596947442], [-8.78335549487747e-05]], [[-1.2585700916706788], [-2.806153468672098]], [[-1.6521171301499342], [3.0834694354719194]], [[0.005921724347088884, -1.118702770164188, 2.4427553897225307], [-3.1361200067103363, 0.47208813049329107, -2.3049618335334032]]]], [[[[-1.1577053167798972, 3.123594223925717]], [[4.659526275359817, 3.098888648887727]], [[1.5683388211088398, -3.1355601785093308]]], [[[-0.051391328735904705], [-1.6232537806635998]], [[0.28953935671539965], [-1.282310221643252]], [[-1.6826316087264357], [-0.11077595723298196]], [[-0.747541158373896, -3.6029862088011053, 0.905087371752371], [-2.499145747889372, 1.0399875339651015, -0.6824459826121746]]]], [[[[0.6621859072761166, -2.673604407119985]], [[1.7765077788357795, -0.1766976834317426]], [[1.6099368646650682, -0.05586317942218657]]], [[[-1.2558326814537133], [-3.0458782335089296]], [[1.0901778248083127], [2.8802338824580573]], [[-0.8227487923787916], [3.6703817442171163]], [[2.5620762521108125, -1.0256909273813852, 1.4559350645555162], [-2.915470026203747, 0.3425813671859229, -0.16028227308318213]]]], [[[[1.1192594718713933, -3.1230755212755446]], [[1.6368636591579493, 0.007615436224778399]], [[1.561485147867329, 3.1316769520397973]]], [[[1.1470533985448763], [-0.37403253793516844]], [[1.1295501807801454], [-0.39154868734036913]], [[-1.1956294823162474], [3.5664694885254336]], [[-0.3422394004291499, 3.4834143611183785, -1.1807878067118118], [-2.0025136546375335, -1.1691483548907016, 0.37964741773489047]]]], [[[[-1.0284398325316977, 3.062505068615246]], [[1.6130103751423095, -3.1094263500733765]], [[-1.7811288095137758, -1.9410471297426894]]], [[[-1.417046070934328], [3.2840683757464557]], [[1.6010851523584813], [0.01925506037017636]], [[1.5474228652017807], [3.1292694181041902]], [[-2.3002013804140655, 2.3491195432918093, -0.21293998023396918], [-0.5418665537008996, -2.3979387622067314, 3.2956288059053716]]]], [[[[-0.5636355223368628, -0.3541162185240543]], [[-1.6275780251314713, -0.06082618063520276]], [[-1.5841194255930928, 3.1002028329197637]]], [[[0.07863445010998088], [1.7730098763562394]], [[-1.2463200595912134], [-2.9406983282108965]], [[0.08033690740584395], [1.7747204196657533]], [[-0.5258400946664379, -1.0087862659164721, 0.9014437658175947], [0.24443626254106268, -2.6439472784063853, -0.6271981395504636]]]], [[[[-0.08644726875886914, 0.20418249401567018]], [[-2.590998114737286, -1.9117857317965625]], [[1.5678566521930923, -3.107201044756227]]], [[[1.4611827909679844], [-0.002523787587776831]], [[1.6836596228875191], [3.147447090696098]], [[-0.6517815815702446], [0.8120054846676779]], [[-0.03750916799793133, -0.10187484921262108, -0.062477324535826606], [-3.0531252065715564, 0.1590527174050313, -1.6780157385029946]]]], [[[[3.1731047485936763, 1.8254347602006338]], [[1.0273286775684234, 0.4740948466519096]], [[-1.470720360235511, -3.010775944399387]]], [[[1.095670917413647], [-0.01009943865475281]], [[-0.7304335619594758], [0.5482282101819154]], [[2.415944169065869], [-2.796516802207584]], [[-0.09497855024235982, -3.093523428442653, 3.0187843575175837], [0.057626443987135324, 1.519151940473411, -2.120662358831529]]]], [[[[0.0892898923396372, -0.20121384890075342]], [[-1.8791234363351819, -1.210995816659472]], [[1.310591985945374, -0.40121301351723854]]], [[[1.1360138565341018], [-0.0041798093665051965]], [[-2.006217903000171], [-3.1462467245304704]], [[-3.335522824279969], [-2.1954846151640655]], [[0.02966813661173232, -0.13680066831905738, 3.4216537041516104], [-0.1408555806780477, 3.347924942927168, -0.9372827865083501]]]], [[[[-2.279412453135672, -0.010009461212350955]], [[1.5776310356803025, -0.011161159955084123]], [[-1.6104700167579764, -0.060442233957957336]]], [[[0.4952376620705844], [-1.376258155686325]], [[1.0803002343028174], [-0.7910154103417172]], [[1.3676182989815815], [3.238590302360881]], [[2.402191206389388, -2.91119579724501, 0.8062135184747962], [-1.6470631292287803, -1.4537451178922016, 2.4206633061415324]]]], [[[[2.4306734398286305, -0.017268792758951785]], [[-1.3025049069037393, 2.969764614360466]], [[-1.5736178658610294, 3.074338918657623]]], [[[2.0095262813118455], [-2.5132159507697476]], [[-1.2066592580182502], [-2.969039881698069]], [[0.9398003577241387], [2.7019554518501936]], [[-2.761204706007784, 0.8881378075756119, 1.7796919547270822], [-1.4512839634368073, -0.4132650829185362, 0.26956990310280804]]]], [[[[-2.6918527355351625, 3.0970302320501903]], [[-1.5702568208501784, -0.001055679850564353]], [[-1.6055081703954528, -3.0687789679800472]]], [[[1.53042425300461], [-3.156963105631115]], [[-3.6257100943882286], [1.0636757251019129]], [[-0.941873427879947], [0.6525392655604815]], [[-2.528941806580182, -1.8705288962956594, -0.07483703773194467], [-0.5606737364355353, 2.8582738796361347, 1.3659930546107306]]]], [[[[0.11379279110684595, 0.13461014259183965]], [[2.822329606684678, 2.1147605107932748]], [[2.1978092383883365, -0.617963506742208]]], [[[-0.8973418838822633], [3.154142192503646]], [[-2.2351301447385996], [-0.0034477081003004163]], [[0.8064591360511544], [3.0380900709366023]], [[3.5230861452641884, 0.14157595519955768, 2.4414449327927357], [3.1166519478017842, -3.207558615473197, 3.3345396409388224]]]], [[[[0.007452769414601557, -1.7392901470078594]], [[4.317735002221171, -0.08400553336117417]], [[-0.7562396705367693, -1.0893332697469233]]], [[[-1.3005615496512826], [3.276752467001435e-05]], [[-1.3884041509677292], [-0.08749760041871305]], [[-1.8425004339378306], [-3.1430838925663274]], [[3.138298429246098, 