{"noise_params": [0.0, 0.05, 0.1, 0.15000000000000002, 0.2, 0.25, 0.30000000000000004, 0.35000000000000003, 0.4, 0.45, 0.5, 0.55, 0.6000000000000001, 0.65, 0.7000000000000001, 0.75, 0.8, 0.8500000000000001, 0.9, 0.9500000000000001, 1.0], "max_scores": [1.2968509410927118, 1.4009459830132716, 1.3876700823647754, 1.3743699520892656, 1.3611860149245163, 1.348099100480431, 1.3351539071808505, 1.3224389791960056, 1.3109198879000745, 1.2227257593464083, 1.2956426132881185, 1.2927444925466203, 1.2968352614758647, 1.2968328368953173, 1.2968322148751472, 1.1892070129148178, 1.1413637125414593, 1.2968395546169504, 1.2264751269554166, 1.296839554306096, 1.296839554445385], "opt_settings": [[[[[-0.3686549994617828, -1.1856961162836268]], [[1.2141494714644407, 0.44654768349644197]], [[1.4924302582879128, 2.961385333562661]], [[0.04251697596334617, 1.4580933623615457]]], [[[-1.6150134807381462], [0.013143565789603247]], [[3.128181670856673], [1.4974193545938985]], [[3.152851253559859], [-1.4967092042721941]], [[-3.14138415915453], [-1.5090439622121095]], [[0.019870706738361908, 2.574741944843855, -0.7531741470277808, 0.016752010641747188], [-0.12843132995548284, 0.5116896791202489, 0.6785732654235791, 3.0797499244821056]]]], [[[[-1.6316063318453362, -0.0224714203665198]], [[-1.5529248203702135, 0.00461524164834461]], [[-1.6132570670057926, 3.0971991242470827]], [[-1.5519113757855867, -0.024816375144365133]]], [[[-2.777208076435193], [1.950974126312993]], [[2.1022307839650933], [3.6569640221983177]], [[1.8989946878486363], [0.3439911462450902]], [[-2.4210345573519287], [2.30735667023299]], [[3.509868256698335, 0.28179875940862503, -2.0416851200018176, 3.1809527394108015], [2.032882128501049, 1.8111567444624201, -0.42563533905868567, -1.495005609063719]]]], [[[[-1.5060131354546147, 0.07599397128317235]], [[0.2011080129739066, -1.9253349252089058]], [[1.367253972314846, -0.185049935420885]], [[4.54321519379347, 0.06325806503270484]]], [[[-1.1905025074412057], [-2.7554240496516074]], [[3.1428632354475723], [-1.574166416719255]], [[3.0324287499149367], [1.4686137560259551]], [[-2.8238403809123707], [-1.2599490468281644]], [[1.9885442468305063, -0.08234915846290405, 2.360735522089775, -1.0124999361649085], [0.38478566162697997, 3.1820257190238452, -2.5797588884919818, 0.3740501243855545]]]], [[[[-1.4461588219812882, -6.279559695941288]], [[1.6558992358845204, -0.05007913015250728]], [[1.6276116885415126, -0.1370011851765941]], [[1.8458390895037746, 0.036217247470640236]]], [[[-2.4890167940310817], [-0.9852424244589301]], [[0.021488831855740596], [-1.4826858840428256]], [[-0.2250030055493583], [-1.7290559962631988]], [[-3.3667707604140276], [-1.8627830856196774]], [[-1.409762089208313, 2.4394147710161236, 2.2348061108254607, 3.5424856794918074], [-2.9691750029284103, -2.336519026471659, 3.6418277061970334, -0.9026380345169208]]]], [[[[-1.479074831315295, 3.1313670435251897]], [[1.525436604314886, -2.2422533410054375]], [[-1.4670595456549527, -2.8920267009408476]], [[-2.533159978951616, 0.9109186604063415]]], [[[1.2091054841633442], [2.385964671287663]], [[-1.9794616661349875], [3.1266121500542168]], [[-3.5425344540208625], [-2.3656742659838974]], [[2.006700565455031], [-3.0963738211815253]], [[1.737513284649776, -0.2605702468918531, 3.2750222419640616, -3.0080882934104998], [-2.719257843266497, 0.382509296863066, 1.944062399017439, 2.7356729657780985]]]], [[[[1.9795159017035302, -2.657643967273852]], [[1.5416426900889058, -0.41460813718214773]], [[-1.2425347615133417, -2.7294015919888834]], [[-1.8982036674570137, 2.791793976414596]]], [[[3.3073334285212885], [2.036565529371011]], [[-2.0045398726689485], [3.0068943864960844]], [[2.9544710307576407], [-2.0432604726040786]], [[-0.9416046186082067], [0.3285511703188234]], [[0.28771851596959036, -2.7548588974779076, 3.473902738250525, -0.2337053654058641], [-0.7838956029661066, -0.8282366525539315, -0.9444037189612644, 1.1491413126971735]]]], [[[[-0.7775974152142291, -2.5977581650483685]], [[-1.590532900951083, 0.003902458360446076]], [[1.5776201396223901, 0.004791647954562465]], [[-1.6301529061451523, 3.0997784242422783]]], [[[-1.590441474268926], [-3.1361576290440834]], [[-1.9517212277466325], [-0.4056094424844777]], [[-0.32544817055656344], [-1.8711696504113038]], [[0.38645857113496285], [-1.1600202772413848]], [[-2.7095735326497565, 1.1929602113840088, 2.031808891857938, -0.34855685629236755], [2.713855797291152, 2.733210872559663, 0.4849990794914289, 1.142034477535458]]]], [[[[1.1235503652125365, 3.128803539490597]], [[1.505389461943333, -0.4853300158639178]], [[-1.242945357864095, 0.6981374792702221]], [[-0.4942235353858064, -2.0472223981737967]]], [[[-0.3556876151166372], [-1.9604071977914677]], [[-3.3324836449968567], [1.3392718821040697]], [[1.5037768679052363], [3.107639628537947]], [[-0.0021600569100629226], [-1.6060342463406478]], [[-2.024741401285335, -0.7605509225929025, 0.46754425574468855, 2.9316728953160296], [-0.3641323100102972, 0.3164777503669523, -0.37809813818785964, -2.9498761878424515]]]], [[[[-0.3675581140479018, -3.0610797335059265]], [[-1.611387120546141, 0.02612090193897442]], [[1.7302396825651725, 2.93434873563999]], [[-1.5585632162990017, 0.017898862534963228]]], [[[-0.019851534066965795], [-1.6382611774633078]], [[-2.0041266936122732], [2.6605824318753526]], [[-1.3589751040020452], [-2.976337576739522]], [[-2.903344521101638], [1.7617663523745257]], [[-0.28736918596456984, -0.3128486179262705, -0.8504746830541502, -2.5421874392358554], [3.331657309804909, -1.9109149379695856, 3.6251468463864227, -1.0232174051585512]]]], [[[[1.192166061666389, 3.125896379523965]], [[-1.4952260301773626, 3.074478202576194]], [[-3.0661535813485603, 1.2452044040413204]], [[1.460029685524864, -0.09424603534026815]]], [[[1.1598261555076332], [2.699477415676249]], [[1.7430470994672647], [0.19968014427788078]], [[-0.0039721494313503265], [-1.542268076694854]], [[-2.9708048520633143], [-1.4283892746070583]], [[1.319575585575889, 0.9583236570433872, -3.0560449379620493, 0.9140075925940867], [2.671446573164092, 2.5558311353379533, 0.055319958563141314, -0.6020555517697121]]]], [[[[1.3633143366707114, -0.0020506877096444255]], [[1.4063573877360067, 0.21591719311624868]], [[1.6310661614378554, 3.1077628221286813]], [[2.2186754169030243, -1.549249838954685]]], [[[-1.3932901018482349], [-3.2461943770953785]], [[1.487544550430304], [-0.36786732216616336]], [[0.7166933650991222], [-1.1337343221226555]], [[3.1393718959918235], [-1.2880565105785182]], [[-1.8598271909881468, 3.3882679127962807, 3.1461952845896897, -3.0799672324570118], [-0.9647882384638062, 2.2544564591176472, 1.8504978058706332, 3.1473033976252913]]]], [[[[0.945016996331133, 0.03586718205897591]], [[-1.5602683386072727, -0.023125164598432533]], [[1.5882155023327833, 3.1027316600687502]], [[-1.6020871570878394, -3.1299000787042264]]], [[[-0.451955382211754], [-2.05618476961948]], [[0.9249702835390272], [2.528598216115925]], [[-1.9007294820426521], [2.77873273945228]], [[-2.1096256507949933], [2.5698691930851862]], [[5.0945893224515455, -1.692383317224974, -0.44369473776431473, 0.2374129410732211], [-2.900410794932256, -0.1878109752116213, -2.0054946598079675, -1.3477797550053452]]]], [[[[0.18728512975544023, 2.80495706412718]], [[-1.7689639926849945, 0.17770453407659126]], [[1.4912112282217393, -0.07974005313041946]], [[-1.6020353577355375, 0.009710397439014237]]], [[[3.145274278924019], [1.6348433598897267]], [[0.2834540153469764], [-1.2268108990817903]], [[-2.9468446523909706], [-1.4365755980449466]], [[-0.47771553132891775], [1.033744567144055]], [[0.128915067283132, 3.5048016264917696, 0.914478038282026, -0.3007678048270832], [-0.1704285159486485, 2.159231800859669, 2.564649297452029, -1.8192659433197156]]]], [[[[-0.447193344904472, -2.826975957137351]], [[2.0246699340577754, 0.29722715782125886]], [[-1.5591331848602685, 3.0786604208512176]], [[-1.367693893657164, -3.130718471102083]]], [[[1.2598281666982154], [-0.12730273745188816]], [[1.9286325163528748], 