{"noise_params": [0.0, 0.05, 0.1, 0.15000000000000002, 0.2, 0.25, 0.30000000000000004, 0.35000000000000003, 0.4, 0.45, 0.5, 0.55, 0.6000000000000001, 0.65, 0.7000000000000001, 0.75, 0.8, 0.8500000000000001, 0.9, 0.9500000000000001, 1.0], "max_scores": [1.4142135623730951, 1.3965346859053975, 1.3789190361794095, 1.3613432025965646, 1.3440347093107259, 1.3267617959318474, 1.3097952168498124, 1.2931408176445363, 1.2780596777463664, 1.2652914069164485, 1.2595239385267059, 1.2599193087823082, 1.2597672803832698, 1.2599061016254627, 1.2599166017632628, 0.9999999999666054, 1.2599210498947515, 0.9966158615932474, 1.1696070952851372, 1.2599210498947537, 1.2599210498939881], "opt_settings": [[[[[-1.3580720936791786, -0.2007242758563667]], [[1.2831249298733316, -2.851198372099432]], [[-1.583502520084339, -0.01571709592917995]]], [[[-1.9742518499616966], [-0.2697451367638482]], [[-2.9723824518462516], [-1.2680272824725507]], [[-2.971791023541457], [1.6068307315420902]], [[0.998271303487626, -0.8380682374777416, 0.716319994742531], [2.784676295125472, 0.405998591702701, 2.2340457818903894]]]], [[[[-1.5322651377429042, -0.006650114425453734]], [[1.5366493122576281, -3.111758922076501]], [[1.619636406744801, -0.045902745585599286]]], [[[-0.716725349851437], [-2.2386605698037716]], [[1.9670634753526688], [0.44512770223594816]], [[2.2153593905861966], [-2.545881831256026]], [[-1.6838214244819734, 1.9711639316514182, 2.98395473964919], [-3.210835044576897, 0.32049570982405623, 1.3964669795709002]]]], [[[[1.4690601582688572, 3.133351175196601]], [[-1.5635290171686536, 3.134695001696324]], [[-1.5031957079640386, -0.04819918969078926]]], [[[2.055133433004085], [-2.642902506889384]], [[1.2803502597169476], [-0.30479897126194616]], [[0.20404027344988895], [1.7891894531862138]], [[3.4430271549035476, -2.658621534649475, -0.9566083164165282], [1.8571175835018587, 2.0631029122168814, 3.6773893851783694]]]], [[[[-1.4236726277658305, 0.010263084529173015]], [[-1.4235042426100994, 2.9808747716278656]], [[1.5808014373064438, -0.011042673730248446]]], [[[2.2662167615698645], [0.7130443502422965]], [[-1.5191481482376388], [0.034027567323520344]], [[-2.2876024581625183], [-0.734421165791073]], [[-1.503507740666028, -0.6451254557683781, -1.5126365267818729], [0.09468821534790602, -2.415402677087715, 0.0615354695390378]]]], [[[[0.7647169236061091, -0.32060612379778547]], [[1.5728894907319677, -3.1381210189862476]], [[-1.5714627177604992, -0.001225741998285252]]], [[[1.502346271306462], [3.107979844258499]], [[2.090138831916301], [-2.587413985443022]], [[3.337708471670479], [-1.3398444024871712]], [[-0.47275236606739984, -2.88806220775975, -1.0074613462935806], [0.3733882559814442, 1.8152336743483117, 0.5791944319824143]]]], [[[[1.3317019967421657, 3.137451409224663]], [[4.073768897315204, 2.8841293481288504]], [[2.0122766139449473, 2.6467242543961635]]], [[[0.09767222357506296], [-1.536311637443399]], [[-0.02076205392650611], [-1.6547577739077197]], [[-1.6746966216584689], [-0.04057711815374759]], [[-2.393777099470148, 2.648539300639691, -2.589398766226801], [2.264640746279098, 0.42196145434099475, -0.4332399437073286]]]], [[[[0.6902974775705548, 2.9847203477331674]], [[1.5651373012486274, -3.139650894518159]], [[-1.5508515597779549, -3.080737774641571]]], [[[4.623714697344695], [3.1147197534331252]], [[1.5045981087433027], [-0.0043953805337251465]], [[1.0931266951552367], [-0.41586628972687617]], [[-0.37031781950459897, -0.7533572920085653, 3.4597556538927163], [6.7472759977611005, 0.8249871215375556, 1.9353360425382558]]]], [[[[-5.083390952568971, -0.03186678389481282]], [[3.532977743146938, 2.6958015464455505]], [[1.575329495706045, -0.007543672749685521]]], [[[1.1238588483792322], [-3.6350425653430314]], [[1.6234090894651154], [3.147530522549724]], [[1.8519769212176325], [0.32787946232601184]], [[-1.2427633354755683, -0.17092855166274468, -2.034108521063831], [0.2996673948240428, -2.9350177702833267, 2.6389599756489166]]]], [[[[-0.9438903619810581, 3.053471666284377]], [[-1.5865414072519697, 3.132501898050789]], [[-1.5501521386845905, 3.152800309534469]]], [[[3.3303612082646334], [-1.3226199946264316]], [[2.3180959776285652], [0.687895622561735]], [[-2.9566432152314555], [-1.3264448978567351]], [[0.8523381182268098, -1.6421773183057244, -2.1479011806189376], [-0.4131179822606657, -0.0650070192824865, 2.5758773258392935]]]], [[[[5.246523800571096, -0.03298819042447489]], [[1.3114812100040845, -3.0697459071057356]], [[-1.6029205107868891, -0.035621816621489694]]], [[[-3.4102953744680193], [-1.8378306973890222]], [[1.6416959427918845], [0.06924268477860833]], [[3.2021501542320476], [-1.508529782723845]], [[-0.46110750783170523, 2.416439828065304, 2.324784882813725], [1.000041668900539, 3.7245405128628897, -2.446889211197265]]]], [[[[-0.6392518955710202, 2.9280281145142664]], [[-1.5608121445717684, -3.127173150380697]], [[1.6000315968998553, 3.1094292470252665]]], [[[-3.017747577457719], [-1.3408310339672669]], [[0.19599039865741283], [1.8729072337694568]], [[0.6536140087089206], [2.3305289479430407]], [[-2.498596205574172, -2.1067799718523665, 1.6454295658654143], [2.8713797058555195, 2.605069242654423, -3.0602224255369457]]]], [[[[-0.2607630850783467, -0.6216742338479243]], [[1.3359007558235438, -2.7044971356363185]], [[-1.5935191963033986, -3.130415803512837]]], [[[-1.4960138758483943], [0.007792080373372376]], [[1.6987866812585226], [-3.0805686740804044]], [[1.619739544771249], [0.11600434797630223]], [[0.16771223574460395, 3.6142036739644765, -2.2755390655597316], [2.9123727106479333, -0.6351364977632293, 2.4409249619633386]]]], [[[[0.7359413098051015, 0.030026692081440515]], [[1.611502347572634, -0.04872919283684969]], [[1.5687323120403347, -0.001284047279150382]]], [[[1.046429656514618], [-0.32231219192558563]], [[3.464457705148437], [2.0957196390855537]], [[-3.197310181298032], [-1.8285715278688521]], [[3.2962071333023726, -0.35469791607432255, -2.498417556462375], [-1.0222831066358589, -1.9459978408362684, -0.9743327689145803]]]], [[[[-1.4326675249081011, -0.0007544099472522995]], [[1.5631578004757811, -0.015401564639723515]], [[-1.4735148222290917, 0.06066798095297333]]], [[[-0.02547358533228673], [1.619543024904248]], [[-0.7087802378114321], [0.9369656950366745]], [[0.8544789756064602], [2.5010810608719507]], [[1.8294586775547204, -3.0302311669980013, 1.4021923815099822], [-1.9473081517584312, 1.6879690533321963, -3.2002306068923665]]]], [[[[-1.9514709691434986, 0.0029425176217258413]], [[1.642684838138928, 3.079635753635577]], [[-1.5515511902836905, 0.07683714820757469]]], [[[-0.0744299795821455], [1.5694595766538675]], [[-2.2832341023971687], [-0.6402437449801869]], [[1.0260174578689993], [2.670877604945915]], [[1.3500602101295178, 1.4464643101625045, -1.9219551670281605], [-1.3948958544085095, -0.09842652208373424, -3.363427045275972]]]], [[[[-3.1505659376020465, 2.3603798562773264]], [[-1.5800491636621075, 0.005366903036964736]], [[-4.542538401688184, -0.04658624866127843]]], [[[1.6827952451297854], [3.1418137812634104]], [[1.7645890527165198], [0.3057550601394245]], [[1.7730699259064981], [3.2319485766207885]], [[0.01048434244602848, -1.0480591257309086, -0.573834612053876], [0.04083393252015116, -2.5847975443458187, 0.8381235688621183]]]], [[[[-0.0061965928069019245, -2.0396158030682554]], [[-1.5681870088465417, -0.0019405828015750337]], [[-1.571872140701707, 0.002033062750992427]]], [[[1.4680559476852748], [-3.1416107565464415]], [[0.10530648646989973], [-1.5682126037265693]], [[-1.4259866639289094], [0.24753271486442852]], [[-0.015905319206499687, -2.380973941767294, -2.525239614027046], [0.0059718527482307765, 2.2834702085701415, -4.1406196265204755]]]], [[[[2.505550316909502, -0.007784868128282211]], [[3.1005910184653, -1.5821884158703672]], [[-1.4171031458774963, 2.933457222831931]]], [[[-0.5549746155861506], [1.0016967222543043]], [[3.1409699285858648], [1.5861388298541503]], [[1.5195748805872125], [-0.03700368624239528]], [[3.0190251017987286, 