{"noise_params": [0.0, 0.5, 1.0], "max_scores": [1.4142102631646725, 0.6965618453123913, 0.9999975818354311], "opt_settings": [[[[[-0.4193774867163819, 0.2136156095807698, 3.6850957706568725]], [[0.060664934261915125, -1.6482063070744741, 1.9907895691396842]], [[1.2382637604679079, 1.881281508192319, 3.3394252153825787]]], [[[-1.8733000500324353, -2.6817134896686987, 3.0070160843267812], [2.559082431856944, -1.3034325307700665, -2.253496509211702]], [[3.120875266556813, 4.113270735734728, -2.166826438290487], [1.9632939442237756, -0.6449634126732805, 1.4131152919094958]], [[-1.6868481366111718, 0.23910528527379718, 1.4122759642808298], [3.339563952002698, -1.6275922107227727, 1.9899278047589521]], [[-0.0350111889592717, 4.1662065648374424, 1.056083103413781, -1.9174281375037696, 1.4445352795900455, 1.8482673544778092, -0.7264177064635307, -2.3929786018897947, -1.702737026472266], [-1.9717655465333535, 0.4923835030280108, -0.3656455215399183, -0.1985798419436128, -4.320944058125304, 2.8548060977051426, -2.5954782998250168, 2.683058613375313, -2.582688336307751]]]], [[[[-0.803282793549649, -1.3247663334823763, 0.8414464559029948]], [[-0.16533905745332433, 0.9071456338330744, -1.4468106957303108]], [[-1.4283270313973735, -0.64623257277588, -1.3276949028940184]]], [[[1.985908011443537, -0.43578589998452477, 2.480869379796626], [0.7726703546813747, -1.7515539922325183, -2.131739922894819]], [[1.0325692561910502, 2.5986710872942878, 2.170529276801822], [-1.7256703677147227, -0.6752799283330995, 2.3004133100604145]], [[0.5758196899707403, 0.8119181265387289, 2.6329113153213557], [-0.09452339502224665, -1.2291869185928104, -1.7144562442037499]], [[3.02257350588152, 0.6201634633233636, 1.5789612493871104, -1.574455701384474, 0.3188972311465229, -1.0437695747928935, 1.9319816817336195, -0.06359993034902446, 2.269605390499819], [-1.5286260459224612, -2.2858843063311016, -0.0760019673701825, 2.6244318473744515, -0.3777293356488942, 1.6378099436110853, -0.3696071982163906, 2.1666952613863275, 0.8254078531391831]]]], [[[[1.5020975239254808, -2.149589209214196, 2.9653405480017465]], [[-1.4406402561265492, 2.550741192834738, -2.3621112364033046]], [[0.7485191095345337, -1.1851180024556627, -2.1102884649458105]]], [[[2.1274929998407783, 1.8378543922448989, 0.4289356788532173], [0.6321426301909938, 0.023485449307045894, -1.2851390863199703]], [[0.5365486441897588, 1.2959431800947885, 0.6658407115416863], [-1.1586640177592837, -3.131684588656838, 0.5304770953788807]], [[2.5176979722220487, -1.3585211971546727, 1.6985853171153626], [-1.0221826359745754, 3.1262792995823667, 0.534235218406568]], [[-2.9647702744810154, 3.0938010249646632, -1.2241825772401795, -2.9424750154684998, -2.9065975756141795, -2.480691588002369, 0.1150600802313322, -2.961380757433404, -0.6925131856607799], [3.0687747646009145, 3.1414131756113974, 0.7072598058975166, 0.10743669030122201, 0.10052730478919206, 1.4964333421283742, -0.011124582164367977, -0.1657435627136062, 0.5033992966074017]]]]]}