{"noise_params": [0.0, 0.05, 0.1, 0.15000000000000002, 0.2, 0.25, 0.30000000000000004, 0.35000000000000003, 0.4, 0.45, 0.5, 0.55, 0.6000000000000001, 0.65, 0.7000000000000001, 0.75, 0.8, 0.8500000000000001, 0.9, 0.9500000000000001, 1.0], "max_scores": [1.414213562373095, 1.379133340128031, 1.345288975495221, 1.3119669699857797, 1.278350834351341, 1.249954660040695, 1.2204308818594805, 1.1926495263692993, 1.16613515065642, 1.1396177252697353, 1.1180318689019133, 1.096584515026287, 1.0770172658885901, 1.0594810050099448, 1.0440306467280427, 1.0296824147292785, 1.019803902714466, 1.011035515134882, 1.0049683727256653, 1.0012469052967357, 0.9999983411773549], "opt_settings": [[[[[]], [[]]], [[[2.750577544292509], [-1.9586716039769434]], [[-2.7432761767838842, 1.6002212996997005], [1.9644155834974626, 0.02727605527883322]], [[-0.7554845486939812], [-2.3294207076041156]]]], [[[[]], [[]]], [[[0.02987711751301863], [-1.509392227616076]], [[-0.7132415894668964, -3.151112317757417], [0.8028174300397639, 1.5567424520419446]], [[-2.3837211435795345], [-3.922990488708635]]]], [[[[]], [[]]], [[[-0.6822324469763975], [-2.3468597865907377]], [[1.6322482981761313, 2.0056392709809874], [0.05139229100807684, 0.36734074753007684]], [[-2.0037168449792513], [-0.33908950536494514]]]], [[[[]], [[]]], [[[-2.6177788044671284], [-0.9536644276612711]], [[-1.8177513046889362, -2.2801253633510177], [2.9575452512244325, -0.5603079071819728]], [[-3.0327242282307516], [-1.368609851470949]]]], [[[[]], [[]]], [[[-4.24942950616488], [0.4443011904027909]], [[1.174061622037465, 0.36799179790771297], [-3.398369611357686, -1.0228987082171324]], [[2.8126280346920365], [-1.8811026663229218]]]], [[[[]], [[]]], [[[-3.024693585189992], [-1.4260166418605031]], [[0.7807889295796573, -2.5420999142019887], [2.625029196438827, 2.457877344486697]], [[1.5483591326891328], [-0.05031786259581449]]]], [[[[]], [[]]], [[[0.9873172806430992], [-0.3927613292197164]], [[0.20741388278743136, -0.4755990408546614], [1.9661305297444585, 0.7526826174144008]], [[0.06731240757280904], [-1.3127662024442253]]]], [[[[]], [[]]], [[[-2.7397901137585534], [-0.7680213781588018]], [[1.2962337676483122, -1.6478686306944348], [3.019250804128683, 3.1030079633523466]], [[-2.6116349025638512], [-0.6398658815354904]]]], [[[[]], [[]]], [[[-2.7259709178241787], [-0.7149332951836628]], [[-1.8150822682416023, -1.1376925930363049], [-3.229954677020269, 0.1655701246037983]], [[0.8330901068277776], [2.844127822879249]]]], [[[[]], [[]]], [[[0.36732762441353856], [1.8544813190488203]], [[-2.1862339103475046, -0.016846103391555196], [-3.3409411817253067, 1.544530695679227]], [[-0.7647464212299733], [0.7224027390816689]]]], [[[[]], [[]]], [[[-0.09600076533742628], [-1.4430133728141958]], [[-0.5106648340469416, 0.1666685997232702], [0.37474426257355403, -1.0136089350560205]], [[1.040672535622983], [-0.3063443842343093]]]], [[[[]], [[]]], [[[-0.4672570432887423], [-2.7695345444842028]], [[1.4489903113316123, -1.6101761142307252], [-0.018625191741154287, 3.128524697325433]], [[2.698602275165584], [0.3963247755457918]]]], [[[[]], [[]]], [[[0.37706654778616083], [-0.405337840891475]], [[-0.005230124475073837, 0.03730137767902759], [1.5345913304036884, -1.3422266869054444]], [[-0.2979603415167372], [0.4844541679060819]]]], [[[[]], [[]]], [[[-0.007993999124777258], [1.7336296963706292]], [[0.3480744077926631, 0.4883225415279681], [-0.314934759295622, -3.3811990058984684]], [[3.1998817020981125], [-1.3416794355958581]]]], [[[[]], [[]]], [[[0.21694555865105564], [2.1031494769779324]], [[0.899508083954727, -0.07703908617178418], [3.027542378622693, 2.6211036220349846]], [[2.9364076935722827], [-1.4605760704498536]]]], [[[[]], [[]]], [[[2.8123181057118685], [0.2150465430946775]], [[-1.7609642458562855, -0.040700785783100116], [-0.014582858436549821, 3.0606622265439998]], [[-3.166467744829643], [-0.5692408133170096]]]], [[[[]], [[]]], [[[1.1672311041152714], [3.1128153838020576]], [[-0.3611146406485179, 0.28576149325850453], [0.1218362747947012, -3.271550155217782]], [[-3.1261944107557875], [-1.1806016009126086]]]], [[[[]], [[]]], [[[-0.546217134028942], [0.0629399046898507]], [[-0.03836576402035585, -0.05394230194428798], [-2.364802636238949, -0.1284707543910493]], [[2.5137563137589227], [3.122939791617702]]]], [[[[]], [[]]], [[[-3.1953768443100183], [-2.936179004857524]], [[0.009267670054780689, 0.0047156481516124355], [-1.0846052339107768, -1.3530583244582066]], [[3.051935051008884], [-2.97200515683329]]]], [[[[]], [[]]], [[[3.1396635803549944], [-2.3922190225581943]], [[0.02042827829734451, 3.160956117459964], [-0.10546833425793803, 2.709637940051949]], [[-2.4024689527345977], [3.1293611346395807]]]], [[[[]], [[]]], [[[-2.9428800291501185], [-3.141480283308013]], [[-1.4527993048881182e-05, 3.141574811979696], [-0.7117834368021434, 2.3665341635996735]], [[-3.7124204432010246e-06], [0.1985942577786687]]]]]}