{"noise_params": [0.0, 0.05, 0.1, 0.15000000000000002, 0.2, 0.25, 0.30000000000000004, 0.35000000000000003, 0.4, 0.45, 0.5, 0.55, 0.6000000000000001, 0.65, 0.7000000000000001, 0.75, 0.8, 0.8500000000000001, 0.9, 0.9500000000000001, 1.0], "max_scores": [1.414213562373095, 1.3790536112067202, 1.3451430500812123, 1.3123573808044673, 1.2806163904176948, 1.2499440473661236, 1.2206346408841169, 1.1925925804518935, 1.16619037625162, 1.1412712198813697, 1.1180294752876934, 1.096580191237373, 1.0770329614267784, 1.0594808735519028, 1.043540417836016, 1.030776406404415, 1.0198038912174676, 1.0111874208077782, 1.0049875579532732, 1.001249219725039, 0.9999999999999868], "opt_settings": [[[[[]], [[]]], [[[1.0679252740337066], [2.6389243851478335]], [[1.8536133874249408, -2.0123512330363216], [0.2824400993974182, 2.6998150156480234]], [[1.914629564635324], [0.3436304535211976]]]], [[[[]], [[]]], [[[1.6161566119228765], [-3.0733941988545013]], [[2.4388092386619884, 1.6573694546410564], [0.8176252527432877, 3.219065214351385]], [[2.449648510114373], [0.8560140137121642]]]], [[[[]], [[]]], [[[-1.698731802962755], [-3.273308376590313]], [[0.6046206486203201, 2.2226959031234643], [2.275607056512514, 0.5554497655823433]], [[-1.7537050257842977], [-0.1791284521567372]]]], [[[[]], [[]]], [[[0.27177352788348835], [1.9078388138293076]], [[1.0223846444928766, -2.307452684615334], [-0.4160786569653484, -3.7196818041078825]], [[-1.4065620590813948], [-3.0426273450272214]]]], [[[[]], [[]]], [[[0.8871501221984835], [2.6651400835693972]], [[-1.3157128242393856, 1.7290509757816706], [0.1651917199587564, 0.1005967561471655]], [[-2.3333377673755855], [-0.5553478059667111]]]], [[[[]], [[]]], [[[-0.0399114343798979], [-1.7128807507940467]], [[2.4174507912510936, 2.1769360658769994], [-2.577239989880205, -2.7676571467445923]], [[1.2217716147284674], [2.894740931053999]]]], [[[[]], [[]]], [[[0.1464950506939163], [-1.2240632686405746]], [[2.7402509728978544, 0.2844976543576464], [0.8568422988609553, 2.1070340427867382]], [[-2.0559498057847065], [2.8566771825651274]]]], [[[[]], [[]]], [[[-2.730386328311554], [2.1605475713237587]], [[-3.3189639982163937, 0.5813917508902009], [-1.9630449442849076, -0.5556843554150002]], [[-3.078034411234946], [-1.6857830039480268]]]], [[[[]], [[]]], [[[0.012832118235216612], [1.6252623929105456]], [[3.708431053406751, -0.5866101391019704], [2.6287387831042714, 3.6344155876079864]], [[3.1111885871991265], [1.4987583199731975]]]], [[[[]], [[]]], [[[1.551284624038649], [-3.1331850166462583]], [[-0.4983587942990235, 2.5975541464669014], [-2.6384647809745, 3.6028500702925483]], [[-0.02848282945940225], [-1.6271984580233008]]]], [[[[]], [[]]], [[[0.980914359385384], [-0.1292428674220083]], [[0.22995629692301348, 3.285696474119135], [-0.8016853725136669, -1.0667996860777962]], [[-2.2973818067255976], [2.875646254519031]]]], [[[[]], [[]]], [[[2.964388439618289], [-2.352659578714688]], [[3.2832792728557525, -3.034567104341019], [2.211338419068917, -1.1064672244889238]], [[-2.4247520489301575], [-3.390889196083753]]]], [[[[]], [[]]], [[[-1.6159833912152326], [0.0027200025535041323]], [[2.7527536542666473, 0.42824675221571845], [0.37716464879566364, -3.4806636649483744]], [[-3.117459818719452], [-1.4987563533577661]]]], [[[[]], [[]]], [[[-3.187912975468993], [0.9622676230325838]], [[-0.5189494943239468, -0.8613587809815811], [0.17873620870028248, 3.2644345774872887]], [[-0.15508476392807366], [-2.2880890959012787]]]], [[[[]], [[]]], [[[-0.4307004218181512], [-2.8198478828254454]], [[1.4453219270466777, 3.4966612576949303], [-3.1573497048265624, 3.0191776790854052]], [[0.01731408661175275], [2.4064619264638014]]]], [[[[]], [[]]], [[[-1.832492524557688], [-0.014216789927689037]], [[-3.450142660662659, 3.436581007483196], [0.1869895426124833, -0.18633344876326613]], [[1.830172366803991], [0.011897266974408264]]]], [[[[]], [[]]], [[[-3.170114072952926], [-2.2455776355907604]], [[0.09765228797726733, 3.2256521674317145], [2.735873747238201, 2.539394622132577]], [[-0.06123779657177687], [0.8633050434280644]]]], [[[[]], [[]]], [[[1.1204917748468508], [-3.157996292401326]], [[-0.2863549570224357, 2.871360512607227], [0.09174629758424384, 0.09488685103650735]], [[-0.013863040273858625], [-2.0185612950692917]]]], [[[[]], [[]]], [[[-0.8344509625690645], [3.152984202020876]], [[-2.876856692607777, 2.798142403091061], [-3.1857244870657815, 3.18497463179626]], [[-2.312255370604501], [-0.016505031954230257]]]], [[[[]], [[]]], [[[-1.4544032763720378], [3.140388227882791]], [[3.1720708149162777, 3.083133450556864], [3.0910464533022872, 0.050371218081877715]], [[-3.141638867923872], [1.4531371965767723]]]], [[[[]], [[]]], [[[1.9678018832470952], [-3.141592413685118]], [[-3.1415293814417757, -7.747041289583592e-05], [-0.028352529625041454, 0.034161721433414595]], [[-1.173790184990928], [9.853746832852306e-08]]]]]}