{"noise_params": [0.0, 0.05, 0.1, 0.15000000000000002, 0.2, 0.25, 0.30000000000000004, 0.35000000000000003, 0.4, 0.45, 0.5, 0.55, 0.6000000000000001, 0.65, 0.7000000000000001, 0.75, 0.8, 0.8500000000000001, 0.9, 0.9500000000000001, 1.0], "max_scores": [1.4128202716417677, 1.3784805378262974, 1.3404863046713626, 1.3044416281188207, 1.2788805764529165, 1.233911998015507, 1.2189505963328746, 1.185267178535579, 1.1599596279404751, 1.1347000727618286, 1.1176697488547573, 1.0964084229635311, 1.0742758967446604, 1.0581246264687119, 1.0364642480216477, 1.0292508647827852, 1.0190289666689203, 1.0098976282607177, 1.0026380738589635, 1.0007032101414726, 0.9999999999997797], "opt_settings": [[[[[0.11148946498566223, 4.881091865705359, 4.583831634341422]], [[-1.9643379167923931, -0.4431076810426473, -0.36012917139395084]]], [[[-0.7036589960401031, 3.170907578947286, -2.4341097744267635], [2.0168339544043175, 1.5776643781310988, -0.25706062187662576]], [[2.4274130489402563, -0.32752688100205607, 2.2864934304135742, -0.2047415168207369, -1.492080257846062, 1.5444264284717413], [-0.22455603236349414, 1.8506981342335254, 1.2345809477858396, -1.7550440787131611, -2.577073185277078, -1.1599845090938796]], [[3.4498540255791146, -2.2943136335425, -0.550636217400074], [-1.028831254731063, 1.3387753506868583, -1.4724199993405735]]]], [[[[0.36689843014178314, 3.33735878019929, -2.8208233899810287]], [[2.7645586081708617, 0.9013928957409074, 1.930924392796688]]], [[[-1.4348844929288465, 0.42933581654280256, -0.7005967061414873], [-5.06269953518729, -1.9511621697500323, -0.43968523864261894]], [[1.2391537359757985, 7.431249923934697, 2.7884662263571407, 0.9204143745173459, 0.990355506623276, 2.84031704641638], [-1.863456508051454, 0.3873734131823791, 1.5530632023974877, 0.8984587229090463, -3.6717045175606446, -1.4258928553294716]], [[-2.4312719359665755, -1.0059793838978568, -0.97832249616714], [3.394378765054225, 0.6090644239580516, -2.502373091349014]]]], [[[[3.017216886020847, 2.262855856400654, -0.4193862505226626]], [[0.16520058837913043, -0.5743349411416581, 1.1042666430062669]]], [[[-0.5312504385788149, -1.438003130777122, 2.091461699565079], [1.9383917977391467, 3.040141370548704, -0.31525130979617344]], [[1.3000162478457427, -2.362194685356445, 2.169821770943675, -1.2443830874654385, -1.4692189100101967, 2.0899228997216266], [2.70950737425399, 1.7856802274528654, 2.0866724102211354, 1.7637998133855248, -0.12293403793353692, -0.5761123538688246]], [[-0.07227169163361355, -1.2751031015706116, -0.91673596601885], [-2.9577758411759696, -3.4098816535126906, -2.362861840455661]]]], [[[[-1.4944473527224775, 2.2125388207247547, -3.0581854079001975]], [[0.01943692122475127, -2.6226998388581255, 2.148668047893028]]], [[[-0.106015837114026, -0.9178170106143978, 1.0049880686436428], [-0.7592659090467402, 0.7612463538287396, 0.08704922203313939]], [[-2.0589297903365305, -2.3941824248137795, 1.9842250989982233, 3.3145040718019394, 1.2447010742766125, -1.915244248648696], [1.0330798299364754, 0.75627503010536, -1.62281812395564, -1.4908869453111797, -1.1260994960896606, -2.2495243573305683]], [[1.2914413319896387, -0.8660198918068154, 0.20016849072138895], [-0.10935670640980538, -1.6115783040056133, 0.9772932345812116]]]], [[[[4.903041470301159, -0.02945339496401174, 1.0967676413341507]], [[0.9739677318260137, -2.4770368481800276, 3.047881344871251]]], [[[-1.5769039044647701, 4.80443137438542, 1.0105733782692121], [-1.1474591219968702, -0.0037963738185738324, -1.2539168360128952]], [[-1.5134417011658918, -2.4777946900337953, 2.3004520679761593, -2.6839097051689436, 2.123811530668348, -3.081920238883949], [-1.0240438760092647, 5.650181739192181, 0.6131622128524616, 1.810864895851639, -0.9815710583162293, -1.9811974202387324]], [[0.13121382689800826, -1.2323394476987033, -0.3142663242479159], [0.7787469417703656, 0.323852450062699, 1.4233687314651104]]]], [[[[-0.8085731384730525, 2.868315380743325, -2.6229713144611058]], [[1.1764269716066336, -1.5521088251298418, 0.992162393789869]]], [[[-0.42081074700839427, 2.5084253913099674, -0.34337263454978956], [-3.0244715843698775, -0.8948033795191987, 2.869487674439158]], [[1.2192696830394845, -2.0556101105290034, 1.4200437562534916, -0.31842095670883774, -0.11404055532070978, 1.4410674330544175], [1.769507318452712, -0.32423209664754105, 0.7672416605825814, 2.3522513003114858, -1.4312228576702954, 1.758853206758336]], [[2.1252043823602205, 0.8431346529738531, -2.0576254745472746], [1.6227654145771968, 2.4698423672061303, -2.43784368683547]]]], [[[[-1.4597546760300188, -0.2355161765532297, -2.850134531770688]], [[-2.595782825914977, 0.7279567047296486, 3.31736797408176]]], [[[1.3975807559730704, -0.7593039398745999, -2.9220465628852645], [-0.9088878692021477, -0.568345632180957, -2.9018064444136256]], [[-0.007311536367126792, 0.14709416292800762, -2.1194407814491925, 3.116561355422772, 2.716183272882798, 1.8690267195737569], [-0.567617994336834, -1.2469711658885996, 2.3349671162289543, -1.1935295709861664, 1.6697882681976546, 0.06740990612542337]], [[0.24939427096904013, -0.8936453387823053, 2.6932015944549907], [-2.0363017720449506, -0.4272622844317812, -1.4631130388942526]]]], [[[[0.7302664133452883, 1.1490646022437832, -3.4530880020102805]], [[1.3294926387669959, -3.054155609680331, 1.5212660482180507]]], [[[0.6921429902032793, -2.6304156545499247, 2.035338967515121], [-2.054353117409643, -2.234622757444498, 0.06481155499930047]], [[-0.8991383834462938, -1.9889146780303235, 0.635587388267035, 4.141003387873315, 0.38912261568754913, 1.1681753537101816], [0.7128130971806762, 0.5705509376667578, -1.04484684630873, 0.4303664571166851, -2.277916055886748, -0.5382891999971703]], [[-2.2954177265863565, 1.2738283283040879, -0.45305999802378866], [-0.554185997094532, 0.22210046605273642, 2.084703760516387]]]], [[[[1.6132125881822603, 2.062927610118521, 2.9533920900996593]], [[-1.7718975675495443, -3.126693819811551, 2.6067105276440232]]], [[[-2.233923623503287, 0.07595619180160218, 1.0263742603439514], [-0.2237334537214963, 1.9246697300303681, -2.589552688464004]], [[-2.0847297582087596, -1.9586466093706623, 3.0517142583613337, 2.412062714597326, 1.109610252363429, 1.8262609764561122], [1.9276648372837768, 0.554893158266216, -1.6281104477072008, 1.485150410028734, 3.0009156992101444, 2.3187062740742164]], [[0.36727111381273286, 2.25466750064279, -2.2065193395851437], [-2.3605122745600817, -0.3569344388860872, 0.7510946221427838]]]], [[[[2.055037746086727, -0.36089735976591836, 1.1719061762102665]], [[-1.3684514221301636, -2.0959605593747495, 1.045745167586974]]], [[[0.7298520256158425, -3.426309472052093, 0.4522733687679885], [2.7088610728760645, 2.0539648809642586, -1.3348318477680394]], [[-0.5070530084217387, -0.10295045934244049, 2.6809867995734944, -0.47255782729296186, -0.15525598724426573, 1.1414590583856574], [0.21856666723605783, -1.9271825211343374, -2.7902723191930194, -1.5536929328719304, -1.3546224778451492, -2.768492947480809]], [[1.7613798791610613, 0.541777679121805, -2.4343917296104065], [0.9322989911903381, 1.6353872938103666, -0.9042955527288488]]]], [[[[-1.6646947679249302, 0.14402930368233463, -2.4282892520077866]], [[1.6824562526790845, 2.9006804447579975, -2.8829151110210534]]], [[[-0.06305380993777822, -3.0165852575760854, -1.2379111283144286], [1.1725938657028274, 1.5542177522228453, -2.0190701216490115]], [[1.961116771820199, -3.242985830655465, -0.962002888194065, -1.8078291877873074, -0.5592837487757841, -2.4601537916861496], [-0.32887977798894164, -3.637792034470585, -2.381050181288897, -2.5373880680924628, -2.7203910304813026, -3.0464466191510997]], [[-0.3675336349638587, 1.3727614535772241, -2.3463171085333663], [-1.2313740707588647, 3.0027031920199487, -2.9826413811291133]]]], [[[[0.9915468963546057, 0.3852009731102936, -2.192927374757356]], [[-1.3489408281348918, -3.053608769773879, -0.20254536590836772]]], [[[2.4438238780880703, -1.6336861697762801, -0.834237855438455], [-1.3691442055274683, 3.2256995921434104, 