{"noise_params": [0.0, 0.05, 0.1, 0.15000000000000002, 0.2, 0.25, 0.30000000000000004, 0.35000000000000003, 0.4, 0.45, 0.5, 0.55, 0.6000000000000001, 0.65, 0.7000000000000001, 0.75, 0.8, 0.8500000000000001, 0.9, 0.9500000000000001, 1.0], "max_scores": [1.4142135623663363, 1.3767567976941433, 1.3422262814950199, 1.3078657119898782, 1.2721115042406819, 1.244704947453556, 1.2174847347113653, 1.1913502875074176, 1.1581476808500402, 1.1409402918149194, 1.1178474010974675, 1.091735267567031, 1.0724722908612114, 1.0592373214912374, 1.0417331361153375, 1.0290123202814123, 1.0185254654470413, 1.0093736424166506, 1.0025324250174519, 1.0010156092117084, 0.9999999999999993], "opt_settings": [[[[[2.768926180755162, 2.859195755303474, 2.1762963713729335]], [[2.2795571474221665, -2.8934169869743798, 2.4817710305603793]]], [[[-0.14847603862578101, 2.0603434142898904, -2.254672744845146], [0.14055054190524913, 0.5086107436563747, 2.5944191900319673]], [[2.5515364273244447, -1.442218608557156, 1.732575347485124, -2.509168851391011, 2.416835683789705, 1.92077236338237], [-1.8152887925632657, 2.749149991775278, -1.8370583575288495, 0.7913084376520648, 2.288760172853799, -0.7354793905677207]], [[-2.215035441870163, -1.3053212926059896, -1.6403952036488174], [1.1826208325635041, -0.2729875992463397, -2.460735582902286]]]], [[[[1.6601494975979996, 0.10740034896634269, 1.729424654299038]], [[3.0579847173001973, 1.2202562168322963, 1.0924351563779973]]], [[[-2.0830916393224634, 1.4899524369409365, 1.1935780705551533], [-3.0932165503268623, -0.11584707938864384, -0.9114525051092524]], [[1.7050992096053557, 2.3451801775991306, 0.2047281474737433, -3.228604338049486, -0.855812652481128, 2.179022361405135], [-1.1686923861298184, 2.399654230771845, -2.1973916285219968, -1.4118216456552914, -1.2757278882376448, 1.4673814738477073]], [[2.3091793066638275, 0.9779225599297094, -1.643087786266017], [2.8281772346874763, 2.4749837825280343, 2.7037152846419055]]]], [[[[2.499522339939856, -1.1990683298449352, -1.9519531222139508]], [[-2.472872551511082, 2.723081659502287, -2.3570986844946282]]], [[[-0.8906766053274984, 0.7568758234841401, 0.12462331479774638], [-1.1027804266811163, -0.774262357497604, 2.707411496480283]], [[0.543084047617273, -1.9840740193215152, -2.42588845448509, -3.2706729938773402, -2.700328502261905, 0.7356123488117349], [0.12131572291291794, -3.5408802483316952, -0.8584075853549167, 1.0335636757971567, -1.8343676868380112, -0.0060212136357672185]], [[0.9605163488430112, 0.4526896180592031, -3.099907910780158], [1.0467551354690818, -1.069695385262555, -2.896502771875129]]]], [[[[1.5475474209157576, -3.100098807239309, -0.800856028639109]], [[-2.7121266130916237, 1.4430306501156385, -2.56255128878567]]], [[[1.8223476475944083, 1.579122192474316, 0.5196356490509637], [0.4534407019495134, 2.888049017106283, -2.463820040986242]], [[2.35311072753522, 0.718692256097265, -2.566399664445523, 2.996369178953755, -0.6088891846578708, -2.9004153352461164], [-3.393772837243153, -0.7385297271739508, -2.5045167583918864, -3.020748233719003, 0.9543700656355362, 0.9884751780793996]], [[2.5261200655337355, 1.50473671626689, 0.8324818824394451], [-2.1697211633237505, 0.592578624375984, 0.27112982819468184]]]], [[[[0.6395028689558171, 1.2742628427549572, 2.0438107665896714]], [[-2.588009216342402, -0.6789247401174047, 0.49915200590010655]]], [[[4.26174972989363, -0.2956863917930357, -1.4738635458874991], [1.1715562216354691, -1.3381744123089405, 0.0961811826754671]], [[-0.6757386329573095, 1.722859782912326, -0.9299071069450664, 3.6665495179744796, -1.1608748954283625, 1.4521915904481768], [-0.28457334679245494, 0.18737064626440142, -0.2159221231027153, 1.9785133309465632, -0.5393791478147575, 0.11908263438760937]], [[-1.8114922578811197, -1.847484078508323, 0.03727544746177852], [0.6140325923296899, 0.27589098950434265, 1.2933833520419598]]]], [[[[-2.022644477945757, -1.0584350385379484, -1.4927400516729128]], [[-0.6044928956114364, 0.024228570404182373, -2.2945896307369065]]], [[[2.308474093617035, -1.5830589064863843, 0.31488150067769005], [-2.2905339497584603, 2.3873575715892086, -0.809658870610139]], [[0.12080686630935485, -2.942857109389399, -2.107359329608921, -1.942207324762384, -0.5478495176164017, 0.03332334384265991], [-2.122605379268012, -1.7795952091347993, -2.7119175794587456, -2.0754631174075673, -2.3939397330049035, -0.8688311724538961]], [[1.7697788245850725, 1.428176519859671, -2.7823988074127812], [-0.3852490287905709, 0.08407198048179185, 2.6203010933268462]]]], [[[[3.2489016690630295, 0.47563253551782836, 0.1897362118052525]], [[3.3486132057015556, 0.3618753588285909, 2.928480222173436]]], [[[-1.1382184085433207, -0.18005409318670038, 0.5130060835631424], [2.8543066156902293, 1.552709232481386, -2.082039713955653]], [[0.6740574302789926, 0.26754538070127615, -1.453264625666433, -0.9558670461564185, 0.31160146895796625, 3.0031119084448097], [2.957623602568809, -2.0878714229584783, 0.38888340014660266, -1.9180805686768798, -1.0473052133082483, -0.8897771753826955]], [[-1.3112968854192517, 1.8970668684158525, 1.743238247127235], [1.1166900141985616, -3.3614404598430143, -1.3800491134252515]]]], [[[[-1.4850155196269317, 0.16533681727935332, 1.4375366327720713]], [[-2.8230751153377467, -2.828254830942115, -2.526493239549501]]], [[[-2.7275723402786167, -2.119094845993551, -0.5001114600902262], [0.38960717235352815, -2.945831554497258, -1.6562417877248503]], [[-0.9126650649060987, 2.7901943781606464, 2.684802076293294, 1.2685293552974184, -0.10310422016487764, 0.15436799039627414], [2.930882621920069, 2.25886576319199, -1.765168459596873, 0.4759132820205348, -1.7820820504034645, -0.7815636272774337]], [[-2.557867143009336, -2.2352897925945134, -0.6629692749762702], [1.4523833787763512, -2.753645016401946, 0.665182305480776]]]], [[[[-2.7734060295416403, -0.8487693128737889, 0.11868217935800376]], [[-0.563098118762864, 0.8088165102908539, 1.4969535461461227]]], [[[1.7186722758636246, 2.7413429794209345, 2.8490082864904283], [3.169770995192938, -1.44364224178639, -0.6702636176264313]], [[2.3864385913151622, -1.7002759641143228, 2.704893074643592, -0.3282680003459712, -2.683255586912102, -0.9580387372447632], [1.0629387200046898, -3.2748299086373747, -0.5550681635406329, 1.4916638215469114, 1.0394344814070058, 1.5949142370441614]], [[0.3865063843279984, 2.133726394009642, -0.7512216627249394], [-0.2850473352941748, 0.4352853999366431, -1.4153773429809966]]]], [[[[2.8202744180759822, -2.955316185664561, 2.267029002372659]], [[0.08649675679919655, -0.2307701793907247, 0.9217850778319355]]], [[[2.4890420063805356, -1.3687191087125867, -2.340353103542025], [-0.5322009981168931, 3.043800980126631, -2.906712549867429]], [[-0.8985735191444822, -0.678144953046056, -0.7365395923094237, -0.5769005303743688, -3.4552349462530394, 2.0454589088592465], [1.2867072755481492, -0.3902862767202769, 0.7607069533641546, 1.8842874089052795, -0.6117947021221269, -2.949704912372553]], [[0.09577269578592373, 1.4006959315148613, 1.624313177960098], [2.29549593014718, -3.016787765763243, 2.33656556115277]]]], [[[[2.707396619670145, 2.9359908390555525, -2.021122251497576]], [[-1.1726112491638778, 3.1025747418751397, -1.139308636754405]]], [[[-0.013362656907504026, -0.3125717582146887, 2.5427116772588185], [0.15019247510414063, -1.93276635104773, -0.6585458193818758]], [[-1.304226542294747, 0.8639208659691144, 2.0912565672769885, 1.8017124239407762, 3.367404998815, 1.255241357063242], [-2.0971535347224517, -0.30557219376696465, 3.0947678426814527, 1.4889719963686185, -0.7283755755261826, -1.3517750061487763]], [[1.645061476262523, -0.261375338054451, -1.287292799983804], [1.5067044798064337, 1.358831484011976, 3.0572691917234023]]]], [[[[2.826081433080509, 0.07533258910894623, 0.5196687730837339]], [[2.4407790447452724, 2.355449622469017, 3.3917900695794487]]], [[[-0.687146850406904, -3.0738568276476688, 2.819496126746376], [0.17086003845539455, -1.0830186595437923, 0.14480450652458776]], 