{"noise_params": [0.0, 0.05, 0.1, 0.15000000000000002, 0.2, 0.25, 0.30000000000000004, 0.35000000000000003, 0.4, 0.45, 0.5, 0.55, 0.6000000000000001, 0.65, 0.7000000000000001, 0.75, 0.8, 0.8500000000000001, 0.9, 0.9500000000000001, 1.0], "max_scores": [1.4142132692394425, 1.3094846314459523, 1.2074767078498672, 1.1082643914327615, 1.0119288512519296, 0.9185586535432404, 0.8282511670613483, 0.7411140101351636, 0.65726450756942, 0.5768445981046688, 0.49999213727332237, 0.4269067597253601, 0.35767189161326873, 0.2926414304096788, 0.23201028031327087, 0.17141132609694804, 0.12545201312187224, 0.07765082638372242, 0.04265222250530429, 0.012518742355239074, 0.0], "opt_settings": [[[[[-2.720546551497818, 1.0692575840996361, 1.0362646336187191]], [[-0.755908228523243, 1.5113074080047098, -1.9859424120317795]]], [[[-2.444219076932353, -2.1669731579394904, 1.4022812723065279], [0.9450467153846733, 0.5705710691303371, 1.3363524341398776]], [[1.2882800065654607, 1.2656381574889923, 2.8631171106782354, -0.7632184184462067, -0.717405019926384, 0.9145878225867765], [-3.2198449886327056, 1.0413690361466643, 1.7674012780222084, -1.6445185585825712, -2.1160520020503175, -0.7993231686212053]], [[1.226194772897343, -0.30599535474559514, 1.067999490842583], [0.2597267545524141, -1.8289154614321077, 0.9641832708716969]]]], [[[[2.6645117795903133, -2.3607145115183443, -2.791544781634743]], [[2.5140485434264623, -1.5794101014068709, -0.9229913018486533]]], [[[0.5279592525625837, 1.1036335031682352, -0.6082822350344136], [-1.406550119892647, 0.7961011799892969, -1.3900794223207968]], [[2.674020651238313, 0.12932008211131535, -2.215339350253908, -2.6738125688141414, -0.9824744888155522, -1.3715029957445], [-1.335571047886595, 1.613575760740873, 1.8929429116308318, 1.554033468335344, 2.341062444232927, 0.9835588718250915]], [[-2.0967349355659515, 3.2058430375607627, 1.187118483268824], [0.07020720848170911, -1.7448799858068103, -1.677712116111949]]]], [[[[1.787566451544934, -1.208575909045326, 3.050347990125513]], [[3.448899243664115, -2.7055602988777157, 0.012148099308329725]]], [[[-2.6867332763909038, 0.5718754531094387, -2.405724751320214], [-3.287972668160245, 2.0307739102725266, 0.2598645262170222]], [[-1.6770744338371202, -3.054830151016867, -1.4505728382722112, -2.774949724181363, 2.433644576898464, -2.357379470490797], [1.6515511939808285, 1.4929060272079993, -1.3816078723626166, 3.047768524843542, -2.330138335139509, 2.6038141777067656]], [[-0.15496201821754987, 1.1926505617273566, 2.7828292089647126], [3.2223127526487017, -2.7236537439341286, -1.439130021315675]]]], [[[[2.2864556468125743, -1.5681580435678786, -0.1263844682450674]], [[-2.9818574979704566, -0.8931826517105037, 2.640253173436139]]], [[[0.20910509888286646, 0.6391707151724803, -1.7840481828597705], [-1.1450762892542217, 1.6986664313373572, -2.864858107117319]], [[3.075146576282684, -0.8997877034384275, 1.057701791212665, 0.5500955467729154, 1.495081166332663, -0.8144021920916238], [-1.4699225445795652, -1.347772025582259, -2.5023825637947175, 2.813202888395717, 3.172423375968199, 2.1924445440645304]], [[-2.136637319153905, -0.04594384573640392, 2.0064020842495207], [2.9414897767268804, 1.4948139240011944, -3.097443513280353]]]], [[[[-1.663068518419809, 2.277652967146103, 2.1574964605378977]], [[-1.641011744463003, 2.3901165954622927, -0.9745864786153057]]], [[[-3.2369096949061986, -0.5546162729081133, 2.3432679547033617], [-2.703921281879948, -2.0408434473288892, 2.6608823942106534]], [[0.8991459875521264, -1.9197662167776353, 1.8556260289687598, -0.9301260547695389, -2.452352361251717, 0.19511967226108365], [1.6096112326124843, -0.4991504600505322, 1.133229611789349, -2.082171009948491, 1.8386774297061965, -0.2506390796647282]], [[-0.2367880256387845, -2.731368354917733, -0.7884639621144007], [2.162191413628543, 1.2796218130382904, 1.9340507202199566]]]], [[[[-0.5896718683010154, 0.23966952510978956, 0.8912753381644473]], [[3.032398291775295, -1.3334437858910562, 0.5436163363621084]]], [[[3.438840030549853, -1.9746612092100608, 0.1453951546045231], [2.1459521325437447, -1.149158238902106, 1.623197961643844]], [[0.050996341495816985, -1.3822412159662119, -0.8146232425119391, -0.5595665079975904, -1.1721307583890115, 1.1076998873201545], [1.5032151392301054, 1.0798902722498716, 1.0582748120328587, 2.477550088598671, 2.767990495812815, 0.6515733951269745]], [[0.09030322175602383, -1.3768004672530687, -1.7005089552432249], [-0.22880287009627934, 0.13702950356183627, 1.2745466542468193]]]], [[[[0.5793611364980047, -2.2742301163463208, 2.443146605002538]], [[-0.2516650206274219, -0.7880614539633581, 1.3889685377224605]]], [[[-2.0523193069566035, -0.3831068326902003, -2.8168133971833473], [-1.4156805005152593, -1.9025669039871185, 0.43999123240417537]], [[-2.1395600913051114, -2.424826663365096, -2.6855057886617164, 2.3236225247894744, -1.4490802529349611, 3.0671344034038324], [3.0631846564139953, -1.0031439933823014, 2.083500622366002, 0.3587828234675054, 2.584187983767692, -1.5841061333312378]], [[-1.1841579922058976, 0.01023128323188894, -2.1850879271262227], [2.594924702591369, -1.560927547739947, -1.3772287200658935]]]], [[[[-1.162606417807376, -3.056174443494765, 0.716089978174645]], [[1.749982397165212, -1.9019142597964716, -1.3967642910610443]]], [[[-0.9941445362695834, -2.650780521568067, 0.3664350232209275], [0.9648040499641967, 0.9843510568553405, 1.9625685450615675]], [[0.07770916117107968, -1.7272921754497486, 0.2843882135637621, -0.9332457208102869, -0.8300651527326247, 0.3637019174199714], [2.178104998884902, -2.643579484076407, -0.22486556304588617, -2.3328751598584727, 1.4258968289647016, 1.7176211546271265]], [[1.16298068798552, 0.6376884230883401, -1.369678577656381], [2.507835957716929, 2.099196119698527, 1.7417193565544018]]]], [[[[0.9543090672561599, -1.1636474980793545, -2.186785992999806]], [[-2.309400687890614, -2.2460312673541956, 1.2637004001013015]]], [[[-1.5425482440161302, 2.5512577709153117, -2.6470823202696585], [-0.4768075603467985, -1.4873423290621264, 2.9726920174402043]], [[1.3722311898548885, 1.8585567021250413, -0.7470456636911389, -0.9068405015216627, 2.3314384756953412, -2.455941695474046], [-2.9241688912306034, 3.301793884705391, -1.6779760230962104, -1.260081896640745, 0.5290994593232912, -0.6144248396815453]], [[2.174185781923257, 0.8837355262400264, 0.22831860467870116], [-0.6307702925565563, 0.9924883968537788, 1.112821066854945]]]], [[[[0.7562546743585236, -0.9431035387704061, 1.4366136544541723]], [[-0.22296151449498047, -0.4608556452975054, 0.7746126704661666]]], [[[0.666088513416308, 0.7343960877912986, -1.3185976760676985], [-2.343480350220238, 0.9143582130925094, 2.021056450843271]], [[-0.8797811230828539, -0.8021036892844361, -1.8125576313935188, 1.885788532057794, 1.2843715975116243, 0.9324143336356183], [0.39739208094668255, 1.1185245901746925, -1.6291823205652212, 2.2976449347581833, -3.2652124208086843, 0.6961590940299875]], [[-2.62296788260645, -2.169614254140473, -1.5037170407664542], [-2.135532503690098, -0.5716644151783271, -0.3054948040070764]]]], [[[[2.2032213538961836, -0.15237160748115755, -0.6205948390287175]], [[1.4737108113388497, 2.392919203128165, 0.2922111653293534]]], [[[-2.3249903439661748, 2.725816722760333, 0.9945294523222996], [1.651490092847679, -1.5269611809010408, 1.0028939296965875]], [[-3.056883731614776, 0.9188242720069417, 1.9072081704716917, -1.5576599950550245, -0.5941247296589887, -0.2595409463230732], [2.7954444876851348, -0.9078854886209454, -3.1360911347302696, 1.8511698179402962, -0.8941141734168894, 0.8181946625561625]], [[-1.546533862358719, 2.535502861925541, 1.458027009525761], [0.6061752347928093, -1.4581769061022842, 0.698330027744329]]]], [[[[2.761513595569469, -1.3653831736414481, -2.272290395319711]], [[-1.6885805074896765, -2.786329752547871, -2.044831275895858]]], [[[2.047428876383638, -1.2207878413671003, -2.85845317820554], [0.2701094266773379, 2.5934291797758324, -0.18984949866354173]], 