{"noise_params": [0.0, 0.05, 0.1, 0.15000000000000002, 0.2, 0.25, 0.30000000000000004, 0.35000000000000003, 0.4, 0.45, 0.5, 0.55, 0.6000000000000001, 0.65, 0.7000000000000001, 0.75, 0.8, 0.8500000000000001, 0.9, 0.9500000000000001, 1.0], "max_scores": [1.4142135623730847, 1.3207272490016562, 1.228867363832574, 1.1386936499920828, 1.0502716606777898, 0.9636737169642123, 0.8789801144927908, 0.7962805753275177, 0.715676198484702, 0.6372822499980038, 0.5612308041937852, 0.4876620472517339, 0.4167877026376905, 0.3485804371079597, 0.2838437866744803, 0.22202950998339713, 0.15853575670686065, 0.10978409684219449, 0.06082041531957223, 0.015137727413831664, 0.0], "opt_settings": [[[[[]], [[]], [[]]], [[[3.612695220062562], [2.0291759828794778]], [[-0.013428493190706771], [-1.597359492760411]], [[-3.0118764288104702], [1.6863353803594832]], [[-0.2601830445486126, 2.3764848699208945, 2.5029468526885834], [4.3348290418468185, -2.414058551666893, 0.8862461751482612]]]], [[[[]], [[]], [[]]], [[[2.7388186859056476], [1.2200950935931398]], [[2.3727595711627516], [0.8545703304775223]], [[-2.335180557513989], [-0.8166944084007899]], [[-1.1140477389433796, 1.6401277897182316, -1.5652101643761365], [3.488723197430896, 0.008354636841794192, -0.018670387318793273]]]], [[[[]], [[]], [[]]], [[[-1.1068217529654447], [-2.705534556841728]], [[-1.0899305706752769], [-2.68691728087749]], [[-2.139367582933917], [2.5470337420673914]], [[1.2078907026034027, 1.1998409151421605, -2.9419552330253014], [-0.3120937944258103, -3.4128531985743535, -1.362041856113487]]]], [[[[]], [[]], [[]]], [[[-3.05636638383639], [-1.5653196659559316]], [[1.5915287927045048], [0.0955213438439581]], [[-0.7989229246318856], [0.6919183048001684]], [[0.8519442270504085, -2.3467339510041607, -3.1444664106494917], [-0.7681893154208242, -0.6553062425113725, 1.4418377556294408]]]], [[[[]], [[]], [[]]], [[[-0.7926229001107794], [0.706482074524711]], [[-0.3371348599410727], [-1.838007880118596]], [[2.4746830530248056], [-2.29831630029222]], [[-0.046181874560184875, 2.0102617196055075, 3.160015556137419], [1.5417707708342734, -2.6043344862458206, 1.75607896459008]]]], [[[[]], [[]], [[]]], [[[-0.1953412069356674], [1.689256119484077]], [[1.6077449383252052], [-0.2688068272622661]], [[-0.7399553167191607], [1.150149917939082]], [[0.40352905262117345, 1.0109986541702398, 3.237607213515209], [-0.6891819915315885, 2.106949131007434, 1.8198446012524645]]]], [[[[]], [[]], [[]]], [[[-2.474535033638226], [-0.8638444558760622]], [[1.209179311552992], [-3.4365060757965256]], [[-1.5106629224709436], [0.12296672867812883]], [[-1.8065642360528644, -0.9603692943027704, -0.7499999919242439], [-3.1329312669304, 3.473567430805177, -2.21184549307468]]]], [[[[]], [[]], [[]]], [[[1.8583200293997484], [0.5703469354089363]], [[-2.7056000495419474], [-1.409326188581863]], [[2.0339498700807246], [0.7428353350022637]], [[-1.7736113201408608, 1.1225002331020058, -1.7436034182952227], [2.4592568653200724, 2.6157273776003533, -0.09386840405154408]]]], [[[[]], [[]], [[]]], [[[3.115276817058837], [-1.3028482053110246]], [[2.3295276721663862], [0.4752350744382127]], [[-0.31937295749545225], [1.4829191744731536]], [[0.6685332968626222, -1.5466618911823153, 3.4462337571744683], [-0.6009078286789975, 2.8677784901085257, 2.227591761135835]]]], [[[[]], [[]], [[]]], [[[-0.9975298799976157], [-2.7003872843993615]], [[1.0736484888446511], [-0.5251862746324444]], [[2.3189944074678097], [0.6546949847677263]], [[-1.866950857068433, 0.11243529096765038, 1.6362229071931884], [-0.35656212240555807, 1.9790155589390594, 3.0058281947481666]]]], [[[[]], [[]], [[]]], [[[-1.4749939384796593], [3.2394936138676704]], [[0.2656330188250661], [1.8633546286577551]], [[-1.8726597034893715], [-3.440358371839329]], [[-2.350211795192653, -1.9942647612275244, 3.5099070555810683], [2.620733791527341, 2.6695943875240697, 2.014971807800025]]]], [[[[]], [[]], [[]]], [[[-0.8718814785815759], [-2.0532526867198495]], [[3.723848884799616], [2.6648198540007946]], [[-1.5862370534242205], [-0.5247600712864269]], [[1.8188795028729328, 0.09202503065174426, -1.0431108673661424], [2.8358751114393126, -1.1112710284126972, -2.9087387170627452]]]], [[[[]], [[]], [[]]], [[[2.4579503279719472], [0.8346551160695577]], [[3.209657675565384], [1.9388303133366953]], [[2.3911252687428757], [1.0115923037277021]], [[1.4274372058799156, -0.9121404962194346, 1.937930968105965], [-2.8758758732994174, 1.194396755852265, 0.38458720096005616]]]], [[[[]], [[]], [[]]], [[[0.727358703856526], [-3.2694513665889757]], [[0.3177614781323553], [-1.8926946304700598]], [[-1.2081395554849867], [2.9243344870290624]], [[-1.336679164811551, 2.800248719810356, -1.4637596155242298], [-2.931505858906042, 0.9407054257400086, -0.9770499665895421]]]], [[[[]], [[]], [[]]], [[[-2.9736090064240424], [-1.7758669010436703]], [[1.1531761486894487], [2.2270131726523474]], [[2.026102967212827], [-2.5895376505622623]], [[-2.51331677574308, 1.4441147026124332, 0.20105832326869366], [-0.9265304803845935, 2.858445281358751, 0.8360650297720023]]]], [[[[]], [[]], [[]]], [[[-2.5041703420796444], [1.5942339631225646]], [[-2.6153836824180137], [1.3811139369314476]], [[-0.8495209962892663], [0.7226261002250918]], [[2.7553518651464564, -3.2787739483659175, 0.6072638926017093], [-2.1179648150670554, -1.9878740324515143, 1.1520761650341376]]]], [[[[]], [[]], [[]]], [[[-2.4112688107176194], [1.2178035220732246]], [[1.5842450873160963], [-1.0844118569577945]], [[-2.58169522815675], [-0.5242041877866958]], [[2.3218363336953014, 2.504799558909466, -0.36902301656876507], [1.4362999118863482, 1.5750503540330048, 2.6024839660831276]]]], [[[[]], [[]], [[]]], [[[-0.9937422043005201], [3.0788128725818202]], [[2.4172662737615487], [1.6756634162957424]], [[1.113779992990728], [0.4673116174437535]], [[1.0125715686586771, -0.2819460735254419, 1.5867961294199846], [-1.2018839214905854, 1.234233953161392, -1.011816107002674]]]], [[[[]], [[]], [[]]], [[[-1.0758059171349852], [0.6580029150282203]], [[0.5752867783016636], [1.2336358086019927]], [[0.8942343043388454], [-0.7183561130634142]], [[-2.794870043923223, 0.4847883095145454, 0.28742305560663567], [0.19948350663322761, -0.1752161787914367, 1.6637389370701423]]]], [[[[]], [[]], [[]]], [[[2.5027595956871087], [-0.9284501530692905]], [[0.9079074924024699], [0.615749780972213]], [[1.7540464280128765], [2.3429112428465424]], [[-0.44065756200278505, -1.974946959315072, -0.2595786834347373], [0.42501411005031575, -3.113868701815443, 1.13752133797666]]]], [[[[]], [[]], [[]]], [[[2.357906863063848], [-2.6615030346881694]], [[-1.8304944191783286], [-2.3828826555616978]], [[1.2338410433223403], [-0.5024009075525324]], [[0.597805892439633, -1.1630743943281951, -2.422709063234966], [0.9146903095066801, -2.0016929190999004, -3.0481985447132387]]]]]}