{"noise_params": [0.0, 0.05, 0.1, 0.15000000000000002, 0.2, 0.25, 0.30000000000000004, 0.35000000000000003, 0.4, 0.45, 0.5, 0.55, 0.6000000000000001, 0.65, 0.7000000000000001, 0.75, 0.8, 0.8500000000000001, 0.9, 0.9500000000000001, 1.0], "max_scores": [2.8284270295357663, 2.463741468302083, 2.120950512670132, 1.4188389160892692, 1.5154700335195024, 1.2537105123558274, 1.008449551289878, 0.7928092876308411, 0.6132467555763107, 0.3114935649523416, 0.1745018471747866, 0.13734880248663553, 0.021930529563631812, 0.003798577110509793, -0.0051759371597856485, 0.0, 0.0007441063859033037, 0.0046590521125740025, 0.06267222204016204, 0.18503547413032562, 0.29113360546939504], "opt_settings": [[[[[-2.9261899872535215, -0.12026524874203506, 2.9094350204588237, -0.1976909403423375, 1.0851626797267246, 0.2649944131191022]]], [[[0.812705497899272, -0.5679447379853323, 0.5576524259386799], [2.4240507437169128, -0.7128419058233627, -0.09785900717278252]], [[0.3716257792104541, 0.3222775481965283, 1.442810260753042], [-1.6551480199842632, -1.98971283799873, -0.2025016314129826]]]], [[[[1.7092318863873521, 1.7741813223064162, -3.043583858730729, 3.045511328047735, 2.9206477006726628, -1.6262326186582743]]], [[[-1.7272520327217336, -1.5000417577896665, 1.6160992183256297], [-2.2389748870948476, 3.07893975256588, 2.5211103694555215]], [[3.2711450297412297, -2.9359160026500994, 1.6642236156164003], [-0.4934109606496339, -3.6100431758047584, -2.648980525759258]]]], [[[[-1.8858990168557324, 2.4099457797349144, 0.9086564044477509, -0.6386116080954227, 1.0589652786880028, 2.427418721106489]]], [[[-0.02457946352101721, -3.7769879424551696, -2.8196324125957886], [-1.928722363804835, 1.8449958937495825, -0.8757194292354438]], [[-1.371668697421504, 2.2909783556727703, -3.0815430349956268], [-2.4065393570840987, -2.2541715464055296, 2.365682784590037]]]], [[[[0.2671178618299764, 1.8828252175948357, -2.413847344047417, -0.14522653525265003, 3.239575506960083, 0.4136992842593326]]], [[[-0.28660668882956947, 1.8525755919586044, -1.2950999881114926], [-0.3616657222161208, -1.389163839460001, -0.9221413428921124]], [[2.0149532658961014, -1.5878347141686524, 1.7840185300307443], [-2.0119884512966255, -2.198911586685028, 1.0736692047909733]]]], [[[[-3.012788320037381, 3.1236235469941107, 0.6565183837600689, 1.87441707399817, 1.424489514346986, -2.2478103767056665]]], [[[-3.169602095031364, 2.707775287432611, -1.1744306069613588], [0.22860236393559658, -2.286172448185092, -2.6083701667129247]], [[-1.4603499265491315, 0.6408478717994136, -2.905308668264407], [-2.6742898125502084, -2.54770953493222, -1.8295585998155732]]]], [[[[-2.915110204604365, 0.2445104291339979, 1.48133267634708, 0.7623046108305609, 1.0809995400612458, 0.19754722952867546]]], [[[1.8247657515506999, -0.1992139183312541, -2.220084009191327], [-0.1255702908881241, 2.6342755362066925, -1.8304548073114728]], [[-0.7195379594581989, 0.7579293534660653, 2.999974361160432], [1.6403849551013332, 1.8860186449286096, 0.6328231457962423]]]], [[[[2.0913583273222827, 1.8204429273106066, -0.25315302707001947, -2.0250413773910885, -0.44881623604953996, 0.6401938225621054]]], [[[-2.8774049473575056, 2.530800127160638, -1.1920133115850868], [0.9562547927516761, 0.13926516376065154, 1.3774459152439862]], [[2.2351552253092613, -2.431561083915797, 2.3941040373335856], [1.815330803312041, 0.00043325916834575234, 2.493218457412679]]]], [[[[2.7190386657597645, -2.9843201420452794, -2.9601162503554015, -2.782858532892071, -1.197069551814075, -0.7522089073777176]]], [[[1.5422581766705414, 2.5271294565058366, -1.2234322983180992], [-0.27693426851538905, -0.995602299906577, -2.3331529574109737]], [[-1.6787572323061162, -2.3031606504540694, -0.6566157697735369], [-2.9880652526580596, -3.108004569748905, 1.222264885434992]]]], [[[[1.797872379013861, -2.4342403444147016, -0.930199535122919, 3.0820646739976616, 1.9217368109825277, 0.30313160731405353]]], [[[-0.8273273313113352, -2.3476577106881735, 1.1678664122547495], [0.13458776852669407, -0.34628569556435945, 2.086561278417035]], [[-3.0261162079923336, -0.41074712398076485, 0.24231065652192285], [-2.7363429973187774, 0.974425901823716, -1.0773166192049697]]]], [[[[3.209820861002783, -0.48970470238212666, 2.9184282140787015, -2.7331889399710225, -1.7028177241027065, 0.6927777086599988]]], [[[2.4197764786934655, 2.346689559940216, -1.2249616355035968], [2.9104340850963077, -2.7518608919193266, -0.35915474695650795]], [[-1.666444330992006, -0.8170426037927646, 2.22554869559014], [0.28761094794558534, -1.1662276708878774, 2.785928488980761]]]], [[[[0.22826131825265164, 0.7524990438138455, -1.9970875463268305, -2.7414373002807464, 2.4165064124682445, -2.086059061293743]]], [[[0.0406749127664122, 0.4179298038283613, 0.4189829142768904], [-1.6998332026421643, 1.0139258628106347, 0.2565176480936304]], [[0.10679141403140738, -0.4406473456273862, 2.4819950882945747], [1.4711216233074633, 3.1127477413986515, -0.08136787076641294]]]], [[[[-2.5527070810494457, -0.4671510640569077, 0.41202618873256713, 2.680893627062441, 1.0898812386069892, -1.3255418182870387]]], [[[2.6158534907869955, -0.258013293436743, 1.7002692400646762], [-0.616733463997464, 3.0160925420587636, 1.7301083023227752]], [[1.931449426569424, 2.357134856654068, -0.23399641220470446], [-2.013358032636952, -0.26189215432896595, 1.0268878730681408]]]], [[[[-1.4362150226413388, -2.2907742634066084, -1.1937962632506032, 0.3357942010838586, -1.1992057709515827, 0.07114253161148054]]], [[[0.828244191049874, 2.732822308087876, 2.2232346655883326], [-0.23546642296932244, -2.2620035371592992, 0.9051430549614281]], [[-1.5775242145617512, 3.098151992673786, -0.8865683237596498], [1.9216424161099765, -2.676061223888256, -3.112845093765606]]]], [[[[-2.6601587423738784, 1.554653530716485, 0.04714912452476752, 2.6990394899127015, -2.4057032151330913, -1.4680757336439583]]], [[[-1.8028470326740251, 0.8412926077103129, -1.8202680152440867], [2.7840453673220633, 2.944555833196261, -3.042909135768717]], [[2.7499355082534294, 1.1637161231891278, 2.572240347341758], [1.2409083230211213, -0.8412389809187542, -2.724655807446037]]]], [[[[-1.5079419983871258, -0.14023307496767926, 1.1810130055409584, -0.989596871789602, 0.9145696453905436, 2.9280983592495518]]], [[[-1.554367234419929, -2.027627292732628, 1.2676995866114709], [2.6157976723351544, 0.34199367955490306, 2.5185432478631533]], [[2.8286620389807484, -2.986085541402534, 1.2079268074517095], [-0.3042574066354731, -2.2663182830353286, 0.05378002416017447]]]], [[[[1.3283959965815582, -2.4827035812485065, 0.9247408523711842, 2.5143869187542762, 1.0700088554638274, 0.3484012937610719]]], [[[2.397651735413522, 2.2979637969722884, -0.8005342302296983], [-0.9573932776805205, -1.8042883930634805, 2.661037113120182]], [[1.9115268600643782, 2.772247917751276, 0.3951530308592548], [-3.0243760942302993, 0.3311044218836252, 1.1686087521651292]]]], [[[[0.24345554355193458, 1.0872184456897354, -2.553772548676235, 1.0813709443386659, 1.8081771804496314, -2.376353396361705]]], [[[2.0746041208136674, -0.08410041254578435, 2.836289436551094], [2.25705341495029, -1.1910295443826646, -2.8693905737263035]], [[-3.04095984534352, -0.1483550021745898, -0.44140448662737874], [0.543604942613567, -1.6519841360993313, -1.045091448129119]]]], [[[[-2.574014167179866, 2.27950443921079, -2.4829271200006535, -0.8445101219691903, 0.09110531310352582, 2.4793280902922]]], [[[0.7295387831318856, -2.5573152668076102, -2.332545906657534], [2.083277893958329, 0.17607093807653817, -0.3964335768655123]], [[-1.2855529548314684, 0.19606410869271834, -0.057275240189655005], [-1.8853466219189516, 0.910054424411592, 1.4626456648535742]]]], [[[[2.5977037043735955, 0.9037474565888306, 2.0504178417670906, 2.2572335581669196, -2.349414982685822, -1.8281550496806136]]], [[[2.375558997288236, 0.8997916384335515, -1.4253623549048384], [0.036885536634210916, 0.6105352256722116, -0.7475056904405313]], [[3.0119568352641273, 1.0137257766123133, -2.478519825823824], 