{"noise_params": [0.0, 0.05, 0.1, 0.15000000000000002, 0.2, 0.25, 0.30000000000000004, 0.35000000000000003, 0.4, 0.45, 0.5, 0.55, 0.6000000000000001, 0.65, 0.7000000000000001, 0.75, 0.8, 0.8500000000000001, 0.9, 0.9500000000000001, 1.0], "max_scores": [2.82842712474619, 2.4638742953344575, 2.1244630403649154, 1.810193359837562, 1.5210652537523943, 1.2570787221090696, 1.018233763897595, 0.8045303776635956, 0.6156961877341295, 0.32227615022213296, 0.3129605032968982, 0.19950847450010134, 0.09553148658083829, 0.008059988888798053, 0.00795922842296301, 0.0, 0.001243028529138629, 0.04897165632634698, 0.0642989293899642, 0.14353011567002982, 0.31413879315826637], "opt_settings": [[[[[1.9425456433543076, -0.45997970708213565]]], [[[-1.876321510809377], [-0.32641263142314797]], [[-1.0425046564093106], [3.5467771238886034]]]], [[[[3.008401499430958, 0.7602974038081536]]], [[[-2.202532656169746], [-0.6378404954690755]], [[-1.4095357228758643], [3.2811581762001265]]]], [[[[-1.8522383091155163, -1.136702898888366]]], [[[-0.22337861401732623], [1.3559518137828719]], [[0.5697072235646771], [-1.0077592205396435]]]], [[[[1.796318386040789, 1.5765983216474373]]], [[[-1.0174311697169436], [-2.5627146079306184]], [[-1.775668865612699], [-0.23604256283549765]]]], [[[[-2.0508118665542163, 1.9964248615463989]]], [[[1.1173242038288003], [-0.38902849559530017]], [[0.33367299873507805], [1.977588387975236]]]], [[[[-2.054104220813081, -1.8109228044447137]]], [[[-2.17558974007508], [2.383995769077386]], [[3.1845311231929814], [-1.438084573630617]]]], [[[[1.0136506671181484, -0.10539875551253575]]], [[[0.7498356457235753], [-1.29062468317149]], [[0.22334102820108276], [1.1669197536926499]]]], [[[[2.3508122212049027, -2.192786760149188]]], [[[-1.1768623040158879], [0.4938758560793883]], [[-0.5080913759067357], [-1.8197510552700216]]]], [[[[-2.832834246618394, -0.4112101864250106]]], [[[0.605883223402791], [3.94594573822325]], [[-2.2220451682718387], [0.8612047097718797]]]], [[[[1.8612323588573014, 0.7465909518836522]]], [[[-0.3499257016158739], [-0.4971255910390617]], [[-0.2942897302995318], [-0.4928784557583098]]]], [[[[-1.8059332737838012, 0.8714982809126708]]], [[[0.9967421482273529], [1.6424013968683056]], [[1.2435437842567532], [3.0661655165717794]]]], [[[[-3.00360362786938, -2.894695207265888]]], [[[1.5741137478562282], [-3.076949644671902]], [[-3.213082179323204], [0.14436771263094972]]]], [[[[-2.187750438744942, -1.1386921528426068]]], [[[2.438248225502721], [0.7658183185535491]], [[-0.639824809100199], [1.4407536390284446]]]], [[[[-0.7047059607622161, -1.4289971304317273]]], [[[-0.04240772770780314], [-2.1206994757555986]], [[1.3784270701400259], [-1.2791272917932688]]]], [[[[-0.3631094297128148, 0.7186474074676035]]], [[[-2.3125949250460716], [-1.3540919361492298]], [[-2.8188573644627493], [-2.5346149449732587]]]], [[[[-0.3907454094450653, -2.6147364230995276]]], [[[-1.9148722050881446], [2.9319658514160807]], [[-1.1216838259836122], [1.3613067432532224]]]], [[[[1.291963875858583, 3.0175951930728564]]], [[[2.0983311270476928], [-1.3325396126806037]], [[-1.6780499060851006], [0.23704222029240507]]]], [[[[2.4976444285537323, -2.4092944606032343]]], [[[-2.8612430164812848], [1.7891804145786403]], [[1.9941382539315233], [-2.2763541190251804]]]], [[[[2.1898836191472126, -2.2810247171764715]]], [[[3.2489902751878836], [-0.9551176931166133]], [[-2.3749031252625707], [-0.6786172169201178]]]], [[[[1.4648992971579595, -3.1392288692696493]]], [[[-2.54093837640851], [0.597698045857096]], [[0.3940511692189867], [2.549217064952165]]]], [[[[2.5619390113849354, -1.1979303358906368]]], [[[-0.024187014639197042], [0.9456048255097855]], [[0.7762885146103831], [-1.3467973671010072]]]]]}