{"noise_params": [0.0, 0.05, 0.1, 0.15000000000000002, 0.2, 0.25, 0.30000000000000004, 0.35000000000000003, 0.4, 0.45, 0.5, 0.55, 0.6000000000000001, 0.65, 0.7000000000000001, 0.75, 0.8, 0.8500000000000001, 0.9, 0.9500000000000001, 1.0], "max_scores": [2.82842712474619, 2.463874295334458, 2.1244630403649154, 1.8101933598375617, 1.5210652537523899, 1.257078722109361, 1.0182337648607738, 0.8045303591391885, 0.6159682478173228, 0.4521554446539713, 0.310063910291806, 0.16175731881067873, 0.10743717639414604, 0.0420370256954104, 0.004225814168484832, 0.0, -0.007909939143062705, 0.034420243362090985, 0.1002009039214064, 0.19703858317815345, 0.22641190604822206], "opt_settings": [[[[[-1.0120501396423345, -1.0974829420710641]]], [[[-2.7385027178127404], [-1.2286285780762043]], [[-1.9580599235368004], [2.6954490515467735]]]], [[[[-2.0339619880172823, -0.714877190184446]]], [[[-2.4592028384390288], [-0.9217810878735302]], [[-1.7058295997436879], [-3.2431747614890853]]]], [[[[-2.654485254512455, 1.1498393504037958]]], [[[1.0389284432109915], [-0.41277939532492985]], [[0.26595205645405984], [-4.319498913223826]]]], [[[[-1.322693464980736, 1.4193600812022762]]], [[[1.1534732661415692], [-3.6239055437042245]], [[1.942593790843641], [0.28512656435175787]]]], [[[[-0.4971222986114543, 1.150696386222788]]], [[[2.4161337988255625], [3.7781862082809523]], [[-3.2491833764972777], [1.6746992974365909]]]], [[[[1.2399568321186818, 0.5336453117356328]]], [[[-0.2551518925613598], [1.375370273081839]], [[0.5852995374052977], [-1.0256533040945492]]]], [[[[1.4984632094685262, 0.502951624761049]]], [[[-1.2428135257024169], [0.14814412155623435]], [[-0.5721041018527406], [-2.044927844206523]]]], [[[[2.9113757732772623, -0.6027107311914595]]], [[[-2.5068098607176035], [-0.608359834288809]], [[-1.2325067270699377], [2.9904184077802305]]]], [[[[-3.092178684050136, 1.645836396696839]]], [[[-0.6516937974531117], [-1.903598525723662]], [[-1.0692365535522708], [0.16089212343132236]]]], [[[[-2.6507176982774165, -2.1088590048981866]]], [[[-2.0459138566796287], [0.9731318058805493]], [[-1.486102596523571], [-2.1517003292536936]]]], [[[[2.3235809308208593, -0.2715292635245934]]], [[[0.3543415217553234], [3.529946960545185]], [[-0.16900079541837135], [0.5836145026533482]]]], [[[[-0.7438930950934775, -0.09649331801867733]]], [[[3.0696004578673386], [-0.28609320522800863]], [[-0.2755541907649436], [-3.1589912087848013]]]], [[[[-1.6559284779089019, 2.9613648849348735]]], [[[0.3655994626685186], [-2.862913977889756]], [[1.9728560297771773], [1.1706200321328004]]]], [[[[1.402592523028721, 0.5914144166933752]]], [[[-0.0658608528958769], [0.41511199535852594]], [[-0.7977628495462906], [-1.018828700136911]]]], [[[[-1.3658574800322492, 2.731032917103513]]], [[[-0.23072666195984112], [2.5279591959382457]], [[2.493726952493579], [-1.7228892956282273]]]], [[[[-1.5784933585974426, 2.5350244654578615]]], [[[-0.7587480913989197], [-1.565625583508001]], [[1.0354706947652046], [-0.31178992828013596]]]], [[[[0.6026723735936179, 3.118052844209177]]], [[[2.230421947935573], [-0.2320531203202028]], [[-1.1568327345593796], [-0.04012637653662934]]]], [[[[0.4638187009026442, -0.8835054474359456]]], [[[-2.41644968798185], [-2.1498281927190175]], [[3.19580794085173], [0.8055125339921536]]]], [[[[0.6173783448062178, 1.0330493009092914]]], [[[1.084944583040407], [-0.2571745230660695]], [[0.9451068760794596], [-2.5707075858139246]]]], [[[[1.5712184982364343, -1.9990382536694171]]], [[[-0.505679914980614], [2.7298764520600094]], [[-2.5692713262911777], [-0.4434919139399616]]]], [[[[2.6013326580984932, -0.6856645554252339]]], [[[-2.4871951302913966], [2.4155661400395725]], [[-2.5742381879527954], [2.4371373045041125]]]]]}