{"noise_params": [0.0, 0.05, 0.1, 0.15000000000000002, 0.2, 0.25, 0.30000000000000004, 0.35000000000000003, 0.4, 0.45, 0.5, 0.55, 0.6000000000000001, 0.65, 0.7000000000000001, 0.75, 0.8, 0.8500000000000001, 0.9, 0.9500000000000001, 1.0], "max_scores": [2.8284271247460158, 2.463874295320435, 2.124463040364914, 1.8101933595358022, 1.5210651096983827, 1.2570787033703983, 1.0182273831549034, 0.8044382491429668, 0.615955232501814, 0.44527156879649066, 0.31347815480987445, 0.19260324078592922, 0.10653779926129295, 0.023262999688284325, 0.002997035788897845, 0.0, 0.011607842245368843, 0.04021296008430317, 0.08115216089758004, 0.19700550557503935, 0.3077972362929192], "opt_settings": [[[[[2.9297367106799785, 2.1801891223924392, 2.6770634434393097]]], [[[0.33436824765218875, -1.719534552264153, 1.5905038162352927], [1.1529434314100793, -0.1846542117013596, -0.5896149119332974]], [[-0.7865646533989604, 3.1329862155014117, 2.263473360434319], [3.1796334847649312, -1.6224365546305783, 0.32505998288587323]]]], [[[[1.0379499634344027, 0.4821245798442726, -1.2602904918536446]]], [[[0.27685210984024705, -2.729950032863686, 2.342851124198776], [0.7300911287827608, 1.8610950862369902, 2.562650046375887]], [[-0.7463823356814874, -3.1155765147168033, 0.6130939288661404], [-0.42881466424571824, -1.6605769102049535, -2.802160968016673]]]], [[[[1.8446395050286468, -1.2473720827684487, 2.801285408675988]]], [[[-1.1550690076917227, -1.170612793032254, 2.440676424374584], [1.464944140534941, -0.4712592521725272, 2.7055683584913988]], [[0.8615382312683417, 1.0830766342663543, -2.6455400001182254], [-0.5819212165963227, 1.7651162163548777, 2.291183542199258]]]], [[[[0.9727042087122812, -1.7840654162835947, 2.8477712552939938]]], [[[-2.6772396737193414, 2.042925291273547, -0.833716800316505], [2.667041930092518, 0.3955406278506371, -3.033285104086674]], [[-1.0746973799913266, -0.5768457639860495, -0.07192715850204177], [-1.2794201277457726, 0.9657317242752868, 2.2219584657534543]]]], [[[[-0.395179429723363, 2.277819536562221, -2.588783268739745]]], [[[-2.1921340034754384, -1.605477520717419, 0.4083926960187756], [-1.6360138212504292, -0.36470463357578503, 2.9951267493086267]], [[-1.8357434429389552, -2.139962350706614, 1.82290645414216], [-2.864340867010551, 0.6462179182708139, 2.0302253737088414]]]], [[[[0.06451137037094393, 2.1468969006988377, -0.028866461425141418]]], [[[1.5710662808937095, -0.1841597666643106, -0.72702294393995], [-1.1578656487755283, 1.4464251139390865, -0.3092141253178484]], [[0.9967844134027015, 2.150976085350474, 1.8070349328161885], [-0.8216792861696572, 1.5829282631537906, -2.686180862054274]]]], [[[[3.0292152757226236, -1.867561346597654, 1.9127618346836397]]], [[[0.8845037278977197, -3.1909762019369583, -1.6746102142522787], [2.496424795071548, -1.6612154004363158, -1.855450835972441]], [[-0.7491145856094156, -1.2325765934282054, -1.2763519463288548], [0.9499841919359486, -1.7511293327612607, 2.984142083060081]]]], [[[[0.1768494050772425, 2.1969904628579218, -2.4454162244268676]]], [[[-1.7940446419461273, 0.021608307555496715, -1.0384427763802182], [2.5977512897868555, 1.427351150106596, 0.8012764966288675]], [[0.8594042165526141, -3.1312119262577096, 1.6898578486837756], [0.006712388721740244, 1.1532222166811166, 0.34775298466319304]]]], [[[[-0.04086496680975439, 1.7986395262666897, 1.959425078508386]]], [[[0.6845228480797004, -0.7831212657684392, -0.9571433600609964], [1.5261115148279063, -2.292732332022626, -2.151709608710964]], [[0.9520360354432447, -3.116838274327811, 1.1018663852493145], [-2.673904863660513, -1.8135867202233524, -1.1581754761206333]]]], [[[[1.8179219430751064, -1.5877785392798927, -1.8969038563323217]]], [[[0.7395598871238644, -2.5143521958152553, 2.094418784113752], [2.537410890066313, -3.284049138193109, 1.4957239851801205]], [[-2.308771371967042, 1.6807801312656796, 0.6896198548074457], [2.2586109455486523, -1.9884455932754173, -1.058113209275756]]]], [[[[-2.8031040837482153, 2.7918360954171506, 0.5468143578599506]]], [[[1.7981321911382504, 1.448079496759575, 2.9666503930718227], [2.916861656973869, -3.066807937982436, -2.327045625954943]], [[1.8357471300052897, 0.9173497933766575, 0.0854066977324064], [2.3323642028986225, 2.3034331426706145, -0.1959237398201927]]]], [[[[1.2421004801946927, 2.778280921282573, -0.5603099276901454]]], [[[2.003420116931314, 1.2708284411789736, -1.4250975895518163], [-1.3813836865650309, -1.6039942350013776, 0.9570048830962588]], [[0.3933864588851919, 3.3713557559325897, -0.4290796875024392], [1.6212834690003533, -0.5755887005358293, 1.5111949684284731]]]], [[[[-2.3964837412524735, 1.1617358089359993, 2.3739990397131336]]], [[[-0.5789998927462316, 1.4669348980147567, 0.5775708219786821], [-1.2064431310103703, 1.1499923655572288, 1.0657177676645038]], [[0.8472803937628597, 1.1585620756297017, -1.3875879607497577], [-2.76985697408496, -0.0915065328868024, -0.9548655308441547]]]], [[[[0.04544288816123459, -1.7502480328595194, 0.9818151321170314]]], [[[-0.44204521415889225, -1.280418682540794, 2.278461679845946], [-1.5365776567536207, -1.127851469597139, -1.5099527993359818]], [[-1.8198781507753419, -1.317051098315004, 0.7490827424636644], [-0.6570244731531658, 1.6825867366371796, -0.16254516579838588]]]], [[[[0.48048646105337345, -1.2281334437448805, -1.7360604159582604]]], [[[-2.402971382549125, -0.2506135260635491, 2.8271717432344943], [-0.16202969040786244, 1.4869772126393899, 1.6740732954562025]], [[2.4082021557813915, 2.294005899478281, -2.270355837015472], [-0.37628818852388074, -2.904286445854188, -1.7692419569106836]]]], [[[[1.4100020328322467, -0.05828894307330801, -2.4974080147728746]]], [[[-1.7660369142944619, 0.36693180849868057, -1.2342515274684838], [-2.2076267989290486, 2.886239505177845, 2.6981405683461874]], [[-1.9187089298784379, 2.21667370434431, 2.1216304647793125], [-0.1598677969040856, 2.1526581779380463, 1.0711195472411577]]]], [[[[1.0027651545176464, 0.9844659712824192, 1.0357638093854826]]], [[[-0.19278511872534537, -1.4885779237139276, -2.410373877094923], [-1.36107455158818, 0.5879726439045166, 0.020214981623741125]], [[0.5034492293819267, 1.04214726453923, -2.542041920396803], [-1.5924641012271343, -1.572315993036704, -1.1139613614364268]]]], [[[[2.81841743406496, -0.2065933365356737, 0.4010257160045381]]], [[[-0.4853174262073691, -0.21349319927790622, -2.9485115231300365], [-0.5286597783716118, 2.904253604605213, -2.664052390099055]], [[-3.070164301788376, -1.6003878700595755, 0.8757303842532842], [0.1491938449149544, 0.20178821945252343, 2.335905784526344]]]], [[[[2.210016366843146, -1.5061420672059087, -0.30228096030701296]]], [[[-1.1720177684797615, -0.0808739669849883, -0.4566346703684152], [-0.7819210505752731, 0.6096355492515448, 0.2037279504653303]], [[-2.939398238534389, 3.1877748742990506, 0.7500299260134997], [-2.30693809068702, -0.35708358964704573, 3.1407562157429822]]]], [[[[0.48445543492551124, 1.5707826528871678, 2.5052855159194234]]], [[[0.08160457950836031, -2.3998313189648894, 2.9106438732997333], [-0.744188880568593, -1.7558799432790488, -3.1365984136033043]], [[2.549228319286246, 2.8859342526638354, 0.6296681650332303], [-1.7035036058736246, 1.498809696030703, -2.056884432752431]]]], [[[[-2.969458210934987, -0.47674326757915503, -1.818284840213347]]], [[[2.3008816353037633, 1.1127787828114155, 2.7254216013957633], [3.0008343380194624, -2.9326462042957258, 1.0421694018456185]], [[2.510709574593952, 0.7240176899518863, -3.13693360505352], [-1.3558795455044423, -0.1689877648191356, 2.678404878228938]]]]]}