{"noise_params": [0.0, 0.05, 0.1, 0.15000000000000002, 0.2, 0.25, 0.30000000000000004, 0.35000000000000003, 0.4, 0.45, 0.5, 0.55, 0.6000000000000001, 0.65, 0.7000000000000001, 0.75, 0.8, 0.8500000000000001, 0.9, 0.9500000000000001, 1.0], "max_scores": [2.8283785689807535, 2.687005707320239, 2.5455796057183835, 2.4041629621149347, 2.262469999456288, 2.1212658851287447, 1.9798972789841685, 1.8384773707566129, 1.6970561791622858, 1.5556349186103395, 1.4141324137017208, 1.2727921789198395, 1.1308765613453762, 0.9898631850413449, 0.8477547313019811, 0.7058015523103278, 0.5616861262141306, 0.30681699211735003, 0.22882463540975756, 0.10558216505246762, 2.7755575615628914e-17], "opt_settings": [[[[[1.6740494342679102, -0.3341448394172555, -2.5005891499041812, 2.5346724450292926, -1.586228860312572, 2.5035272492211758]]], [[[-3.675560548367299, 1.0163461414279737, -0.16791364978305767], [-1.2209941342835384, -2.473054529361516, -2.3136514755263127]], [[1.2931845373716415, 1.5270031302209184, 2.860511130049236], [2.885604360051756, 1.2831493510201328, 0.950922313250941]]]], [[[[1.0522791974817973, 0.24334624017136464, 0.031136079261308198, -1.8209616293275084, 2.7888551935557007, 1.5322504282277072]]], [[[2.2838211990272375, -1.6727864070316893, -2.8860573151099835], [-2.342561176031494, 0.40044796229686436, 2.9380010367612215]], [[-3.625643439067453, 2.1271918293888095, 0.3723984680248069], [-1.6993805664845563, 2.224013627885573, -0.7394652652278895]]]], [[[[2.0554491433729027, 0.24843419112728007, -1.1560896969239383, 1.526801979471172, 1.5904102667121964, 2.7138064954502625]]], [[[-2.814708688689773, 2.342147508268221, 1.5487466867424144], [-0.21166754538261606, 2.2418252730547086, 3.007954337512734]], [[-2.360802934779088, 1.4545965705183457, -2.881408434145202], [2.5388954296576216, 3.173409936088183, -0.9544189074889382]]]], [[[[0.34383910112567506, -0.4582152024689318, 2.8318378649749745, -1.6762864870381255, -0.7349624221391124, 1.5259240861301206]]], [[[-2.5522663808798387, -1.3574471033848792, 2.7078784191305436], [-2.8761136725958782, -0.14584199500672493, 0.6256274762116067]], [[-2.668482967149341, 0.8755415073137179, -1.0167060428628805], [1.7122454066816415, -0.8726676476035283, -1.795916297917177]]]], [[[[-1.5843532918072751, 2.004053627590994, 2.8755869474599915, -1.7795140322157075, 2.0874635199317972, 1.2981047402480363]]], [[[-0.3270480820508034, 1.4617934345926402, -1.679064251023158], [1.3072610045039768, -1.8703954959890337, 2.0737142189841276]], [[-1.1927855298443422, -1.2718774005338482, 2.178759889108311], [-1.898360197072181, 0.3957416482125859, -1.8714590348889335]]]], [[[[-1.2343649535753014, -2.966753011844925, 0.16327360788749454, -0.979333797717614, -2.741547221687025, -1.6213498492217036]]], [[[-1.8847999175655514, 0.02189063127121841, 0.09817051053710062], [0.8274836353539441, 1.358325497189453, 0.47034982342515086]], [[-2.067733240635623, -1.1714690998086041, -1.7239693574004564], [-2.573093753483669, -2.5847774122330924, -2.75290649378092]]]], [[[[1.5575739948272593, -1.7056106167542722, -0.14205136863251525, -2.5786970562092875, 0.9739656784277122, -1.7407824577242073]]], [[[2.9858591982513545, 1.535345692690048, -2.9716029068566288], [1.4318644290000135, 3.840908786362459, 2.8227792240996115]], [[-3.1999751649467685, 2.3699303391420203, -2.263928318687193], [1.5444108855111045, 1.4229653756596978, 1.7162040182656897]]]], [[[[0.6377795665887654, 3.118502082910901, 3.0799825010269686, 2.7660213883383946, -3.6025562538023177, 1.4721802130311166]]], [[[2.4736983291580343, 0.008224032454791459, -2.730012981463074], [-2.18208766658157, -1.9105713848737618, -0.9679550223950226]], [[2.8751630397195225, 3.057739477610398, -0.5628063902812497], [3.7695180988302988, -1.9130344714301257, -1.1653374415681672]]]], [[[[-0.019680423777062573, -3.0870194804790687, -2.456877125660261, 0.13029287322237282, 2.134019929502214, -2.483709792156384]]], [[[-0.7819919617642972, 1.4710310504017574, 2.1673695042888266], [1.4719043921524442, -2.6475002676946415, -2.1574986233884137]], [[2.0655505212407657, -1.7461433864320806, 0.5066752242695118], [2.558513798440766, 0.037571870708912145, -2.7411600025395204]]]], [[[[-0.24459777315875664, 0.0323710415932226, 1.7399947140555279, 2.34971678807475, -1.5686880363487743, 3.1811579672854746]]], [[[1.7735994678285996, -2.2100371672802632, 2.590378131739345], [-1.2436637070513772, 0.7780433849249965, -3.1036293030629847]], [[-0.18057864305158253, 1.3433433053339494, -0.38619729620691995], [1.3987414893611185, -1.7725204425425158, -3.0188672316723792]]]], [[[[-2.9357650341084414, 0.13832936920450545, -1.6109075346199342, 1.2794530422764132, 1.4918438475594815, 0.04730392609380483]]], [[[-2.806066297995867, 2.5581341990338395, -2.919796837210038], [3.238837430672157, 1.1135692840919953, 1.624405718728104]], [[2.468317357187127, -0.05687721800187976, -2.352017513057225], [1.3351288797328746, 1.9575735730173722, 2.4951724620497693]]]], [[[[-1.699787477702289, 1.309608455423357, -1.5375885071440016, -0.6462842096490712, 1.9016913862325118, -2.9992784160640658]]], [[[1.3308288809122633, -1.6112394711026246, -0.5759644205916734], [0.6902128944210126, -0.36733862172712506, 0.1079155746045135]], [[-1.1058861796934738, -1.8800785979853885, 2.832526670824569], [-2.4836811497180618, -1.5182100636104314, 1.3502152415545439]]]], [[[[-0.32410787161682053, -2.5414700896869773, -0.756467662834975, 2.97930557104517, 0.3886577582638895, 2.417063145735187]]], [[[1.3999441096989047, -3.0953661046443166, -0.21909914159924962], [3.1895823432542443, 2.231089707410619, -1.754623978577424]], [[-1.3329052966652928, 2.3531214853943507, 1.0534047870689776], [0.3200922299439921, -1.2445628375347548, 2.860716432417739]]]], [[[[1.1785586228163851, 2.945195527298504, 1.7335878139773617, -1.1597180728231307, -1.88131467530728, -1.5160693552291569]]], [[[-2.4007153036762507, -2.730075130867562, 1.1129260411253483], [1.693874700859675, -0.7127901191909499, -2.880262933763442]], [[1.5182481464491382, 2.611384215706777, 2.299924162290889], [3.406730763801481, -1.2623019156865984, -2.0155212374889357]]]], [[[[-0.6041979737319424, -2.5959288715270485, 2.2983435053530106, 0.5527494992062691, 2.0691721531173415, -0.833687328384716]]], [[[-1.9464022418796456, -0.9091337919591853, -2.2828331980917014], [-0.210595346264188, 1.0520013789456415, -2.7053612513955274]], [[2.7477219319161024, 0.8320451970952881, -0.9823257283090463], [-0.41812039274350293, -2.6519321440270764, 1.070666433609686]]]], [[[[-0.6754530025802887, 2.8489443544526027, -1.4248361517439774, 1.5320400937978471, -1.3371181540601802, -2.9138534759165164]]], [[[0.8888554718029585, 1.816472833324161, -0.8038484722415298], [2.816173428157693, 2.5939452929959086, -2.8564155096811796]], [[-0.8866000475522313, 2.4550853897635934, -1.3208019906473527], [-0.8918592846000436, 2.451638041271145, -2.330552455232162]]]], [[[[-2.3651643972341625, 0.8229379854537693, 0.04365068285634978, -1.2226888231051078, 2.919263636614889, -2.1417119264890387]]], [[[1.3785841523410665, -0.4455527235520505, -2.2470739201628844], [0.21324413775526474, 1.4756974553700435, -1.3105913874803987]], [[1.4693804087063125, 0.510133681906232, -0.7958039637085781], [-2.504836630235155, -2.7995292118745776, -2.1681718114464648]]]], [[[[-1.0116578928454367, -1.9323065159830977, -2.1252091217644087, -0.03819143134306981, 0.20369628411430704, 0.8924368223967447]]], [[[-2.835155616612321, 2.5126589236452785, -1.3115524093495992], [-0.006041143026509186, -1.0097979813198343, 1.476606058601834]], [[-1.712079627728427, 1.5618406649212278, 2.66444472534683], [2.658570211603649, -2.1408896232065646, 0.7339553077492109]]]], [[[[1.4142778575991275, -2.563349517744559, 2.329783423964752, 2.4399717096064277, 1.3789408335608222, 1.456498315969478]]], [[[-0.9181524330134255, 0.18163611396136461, 0.6189128086756184], [0.8340703807223149, -0.769071400976636, 0.4293332375133989]], [[2.4777546492169997, 0.9138088687880186, 