{"noise_params": [0.0, 0.05, 0.1, 0.15000000000000002, 0.2, 0.25, 0.30000000000000004, 0.35000000000000003, 0.4, 0.45, 0.5, 0.55, 0.6000000000000001, 0.65, 0.7000000000000001, 0.75, 0.8, 0.8500000000000001, 0.9, 0.9500000000000001, 1.0], "max_scores": [2.8284271246297923, 2.687005768508875, 2.545583967506432, 2.404163056031872, 2.262741699434283, 2.1213203179636837, 1.9798272554332645, 1.8384775924762877, 1.6970562747803342, 1.5555556317516168, 1.4142135621145684, 1.2727911296634642, 1.1313697474469788, 0.9899377653656048, 0.8482529535054045, 0.7055373256044535, 0.5636561082466954, 0.42406114684959023, 0.2674816932986456, 0.12741848490188878, 0.0], "opt_settings": [[[[[-1.5846198723335871, 1.665874585850839, -3.0445847843640954, -1.8683349174132724, -2.6238919969545518, 3.5665365525374932]]], [[[1.5504286606933169, -2.0335070876439167, 0.3803034417397965], [0.509404738341822, 2.919437208336013, -0.9078365156342199]], [[0.1357142854217499, -1.7619783974789744, 0.06942733147732924], [-3.501846506597459, 1.8682980638134514, -0.9236456353568712]]]], [[[[-2.456081942283445, 0.0025552827521170226, 0.00679818752689055, 2.5818540873974762, 0.07344654931538648, -1.5690838434873884]]], [[[-2.176434510244896, 2.8861266751960755, -0.05847808120129549], [-1.7453172963629322, -1.7692035149251333, -0.6515682654520458]], [[2.86100691650398, 2.5881762239019532, -0.7334441324431538], [1.6352871992696307, 1.36659048396709, 2.638686326401526]]]], [[[[-2.2762582869858976, 2.4479532116965017, 1.1029859696987203, -0.38013324145645716, 1.5982370757599265, -3.0123699471117935]]], [[[2.8012756517497066, -1.261481504921557, -2.429869032483443], [-2.3185229483170646, 2.84967492604109, 0.1431824682343606]], [[0.2514811188178428, -3.0010306986254114, -2.4270588325727114], [-3.7846120411724455, 2.101173895814124, 2.767946045937766]]]], [[[[2.9216303213625303, 0.002400676245433688, 1.9344216432687924, -1.8052693481021005, 1.584344308890931, 0.35661593001239145]]], [[[0.24721787690738667, 0.8719919068643311, -1.301327186865499], [-2.484692502118906, -2.4210385293991075, -1.1129853500334588]], [[2.8845836656357418, 0.44861086148658713, -2.267606017248178], [1.2162015428433104, 1.4838579859016725, 3.0131436473325968]]]], [[[[-2.7218445649218324, -0.022231038975509966, 0.7854723669580743, -0.2941091997523219, -1.4095475057640576, -2.8161458779735447]]], [[[0.48526060835282164, 1.1506838198221228, -2.7832992584752128], [-2.2528055246780627, 3.508070335323146, -2.8222960221705673]], [[0.17465453230485992, 0.24711247117833088, -3.0360716041658744], [-1.1768050266381056, 1.9181612976635207, 2.2283400736081775]]]], [[[[-0.6494823087690671, -3.1228016344350773, -2.8307589163744664, 3.318268957887813, -1.5490644544493481, 0.48925671191154435]]], [[[0.6329832538996911, 1.4871811661539867, 2.063660386735636], [1.817320044021946, 0.08879463413598469, 1.5402296523633652]], [[-3.739980499431128, -1.7462584278769393, 0.11932401232808318], [-2.246567425877518, 0.32594335287484877, -1.535244378181622]]]], [[[[-1.463324401578876, -0.15239340146958574, -2.6688169840555203, -3.061771793404917, 1.5694947112846762, 2.996971743207876]]], [[[-0.3507519049772391, -0.7753027338387687, -1.066321408574317], [0.6716811152222358, -2.0149231334029896, -1.3272479365430145]], [[1.3067572274364179, -2.2558289795242157, 3.0131952137305156], [3.463597263721353, 0.9064228577754216, -1.7899523608641126]]]], [[[[1.519549742960413, -1.2854676167662678, 0.07965251608091867, 1.7605537635557391, -0.1991663091895584, -1.5268889043149023]]], [[[-0.19838561905954713, 1.721867830812638, -0.28981964847127634], [1.4677172260211169, 0.3976026765107341, -0.7450900268469969]], [[-1.8339268605818073, -2.468064603062299, -1.4798105599910136], [1.4438721086053272, -2.281467028115365, 3.1385599627330656]]]], [[[[2.3628322531359207, 3.0850059774300576, 1.4767650869454825, -2.0765761167915553, -1.5760599168032277, -3.0710128827601535]]], [[[0.8420122246598303, -0.28899492151916834, -1.9067957131538873], [0.6873445591567421, 1.2850885037515167, 1.193711407701743]], [[-0.4998563972749434, -1.1592583707060515, -1.325859146604937], [-1.6972918150262502, -2.3257902545399873, 1.8552106999439228]]]], [[[[1.4877078106254182, 2.011669733733368, -0.5787692773501725, -1.985993731500691, 1.719215129313673, 0.9813469149709081]]], [[[-0.20742831646182128, 0.03843803831584423, -0.8507710550570806], [3.1952475210562263, 1.678783866972923, 3.1013874315177983]], [[0.6936888482841622, 0.7301820276513173, 1.019940151572797], [-0.24466481783483393, 2.305420706058371, 2.4677687832002935]]]], [[[[0.39859064580724296, 0.08697494046415091, 0.3131195700833128, 0.14772552188994847, 1.4751405057851734, 0.2071094140614698]]], [[[2.440871737238633, 2.103828439177988, 1.8372457287950041], [3.8689469770443745, 1.3780772233163536, -1.5581277234594053]], [[1.3579458666541049, -2.159174012959706, -2.730387235597464], [3.381984783277563, -2.4583720508221565, -2.7407546639590463]]]], [[[[2.0494809162829086, 1.236410324897531, -0.7926618785214689, 2.8405760593975034, 0.32928875489753784, 1.8306785884009555]]], [[[-2.4580970869027254, 0.33652022178214536, -0.5231089721349069], [-2.646736031131334, 1.4377027127646285, 1.3670562328133826]], [[-0.9400406458226569, 1.850793319497463, 1.4193037653926561], [-1.7234773717524314, 0.72778619814885, 2.484873840286271]]]], [[[[2.2899780799324265, -2.8967875233022515, -1.9698858902117877, -1.2790478819697133, -1.3709844113176055, 0.17976820187728282]]], [[[-0.28986676665597844, -0.4718330504891135, -0.22301160865597858], [2.0811428446116835, -1.0184586608223989, 2.3110406334431097]], [[-0.8736980124067287, -1.750900868188262, -0.07074133375818906], [0.24835065646247245, -2.1754738515878955, -0.11885402630650481]]]], [[[[1.738358902554657, -0.05289310350214298, -1.5598494992904686, 1.981805259687194, 1.5596604380530767, -0.0010778234747036946]]], [[[-2.7798905166253163, -0.1467668258234807, -1.9461908624738833], [-0.05992208243606958, 1.6685080646099824, -2.311022806789008]], [[-0.11939386243021827, 2.520620326797413, -2.0901508390290466], [-0.252040243132315, 0.8331578920497369, -0.05619076025334154]]]], [[[[3.0314421130495317, 0.02264294210272452, -0.05264429345609383, -0.5821793387669926, -1.8736703150607295, 1.7850119227804004]]], [[[2.1084676995612237, -2.2429791509468164, -1.1736052987353216], [0.3717557632722318, 1.5042939367522696, -2.0345239856973443]], [[1.1109823418359253, -1.7287291827351563, 3.037656531512372], [-0.2994247168141693, -0.8236528138985034, 1.1310996385265755]]]], [[[[2.0714730068025915, 0.10924098096167033, 2.321002633969136, -0.7492216701255461, -2.56086011846523, 1.2211843865160823]]], [[[-1.0264216163688382, 0.517836575668185, -0.13900636706073533], [-0.32987369659488, -0.01031388238881508, -2.9697296550186816]], [[-1.021187674067991, -1.3259551859977137, -2.239349980384517], [1.1106706585889312, 2.75180776736604, -0.9788096924898433]]]], [[[[-0.6961093253867886, 0.5083537302322604, 0.33234929736000257, 2.864092315739566, 0.7178700101252435, 0.9829827799743461]]], [[[-1.2140354472852273, 0.8890162969354927, 1.0164036792464257], [-0.45588023644867476, -1.5389416762963717, 1.7921338272267402]], [[-2.20966116290235, -2.4529296614858387, 2.040721289413911], [2.9387557723269433, 1.1166095030993337, 0.7325161990183511]]]], [[[[-3.4314103426871707, -2.924797841105263, 0.05308425416886415, 0.5213333148621384, -0.05600519201913269, -1.7212437596350878]]], [[[3.087591085779891, 1.8246685742005224, -1.9487962534789192], [0.9609399710132757, 2.325096385486936, -1.3230195538564893]], [[-0.5598665924272622, 2.9993127700270574, 2.4116721480058985], [2.52705821776887, -0.34696824281302496, 1.2511189312550322]]]], [[[[1.7286547248030333, -1.4762747255362774, 0.43611411208387496, 0.28548848259507037, -2.3065301444037676, -0.00014150508752798496]]], [[[0.4907549393420122, -2.72460458394126, -2.773174346862287], [-2.808451891196826, 2.0447422878533916, -1.2912713599292032]], [[-1.9517473650223869, -1.1209817779954898, 