{"noise_params": [0.0, 0.05, 0.1, 0.15000000000000002, 0.2, 0.25, 0.30000000000000004, 0.35000000000000003, 0.4, 0.45, 0.5, 0.55, 0.6000000000000001, 0.65, 0.7000000000000001, 0.75, 0.8, 0.8500000000000001, 0.9, 0.9500000000000001, 1.0], "max_scores": [2.828427124746187, 2.68700576850888, 2.545584412271571, 2.4041630560342617, 2.2627416997969525, 2.121320343559643, 1.979898987322333, 1.838477631085023, 1.6970562748477143, 1.5556349186104041, 1.4142135623730947, 1.2727922061357808, 1.1313708498979897, 0.9899494936586033, 0.8485281344281214, 0.7071067714733509, 0.5656833550710441, 0.423849491428851, 0.2827929637274897, 0.12989995319100076, 0.0], "opt_settings": [[[[[]]], [[[3.0133492063005867], [-1.6990383659491732]], [[-2.4886803022532753], [2.2237072668259303]]]], [[[[]]], [[[-1.6677233560379472], [3.0445726597190332]], [[-2.443921322610013], [-0.873218344957202]]]], [[[[]]], [[[1.1708333505247397], [-3.541554605223235]], [[1.9457630279820548], [0.3749850397167996]]]], [[[[]]], [[[-3.3373982606804624], [-1.768031029262934]], [[3.7275599668486925], [2.1565971869636984]]]], [[[[]]], [[[-1.782114002185975], [2.577398893322535]], [[3.2759673760144077], [-1.08354552101384]]]], [[[[]]], [[[1.1304014638816895], [-3.2086925219147138]], [[2.3854502945195004], [0.44152190358733145]]]], [[[[]]], [[[1.2347143261678424], [-0.3212119626096428]], [[0.4479577420035491], [-4.2465126521666265]]]], [[[[]]], [[[1.6229225247830859], [0.006505868718484534]], [[0.790141897776549], [2.4063462209691258]]]], [[[[]]], [[[-0.5227353717383455], [1.0874844619696342]], [[0.30164044252540695], [-1.304934412066714]]]], [[[[]]], [[[-2.573992370688383], [2.3911899366004588]], [[2.967116693315216], [-1.4624035487166136]]]], [[[[]]], [[[-3.3611364662332597], [2.1673137480015936]], [[-3.653843631987364], [3.3514999287909]]]], [[[[]]], [[[0.8558903450578903], [-1.3151879761101983]], [[-0.5108742452360261], [1.3753280757863007]]]], [[[[]]], [[[-1.917848757463492], [2.235602855534558]], [[-2.502370511958578], [-1.5023960772116105]]]], [[[[]]], [[[2.1937842405523917], [3.5356876165375937]], [[-3.4911928158388594], [1.4710890917775887]]]], [[[[]]], [[[0.5871987283578463], [4.293604805112445]], [[-0.031790472315557705], [0.8957571253951128]]]], [[[[]]], [[[-0.588395633457525], [-1.7913802652955884]], [[-1.068307940407528], [0.029156736577616665]]]], [[[[]]], [[[3.8191204183723153], [-3.15395253402963]], [[-2.7136564272340373], [-2.0067016642313162]]]], [[[[]]], [[[-3.3710176690768408], [-1.1160505827161493]], [[0.23633526077940564], [1.985970804611302]]]], [[[[]]], [[[1.6299894960760888], [-3.469997508382903]], [[2.004244348917986], [0.12638206713647826]]]], [[[[]]], [[[-0.9104526002629821], [1.1466838936367638]], [[3.061171178230756], [-2.372834357193696]]]], [[[[]]], [[[2.3726328423987217], [-2.7115446417455416]], [[2.841535123959744], [-0.760931207985283]]]]]}