{"noise_params": [0.0, 0.05, 0.1, 0.15000000000000002, 0.2, 0.25, 0.30000000000000004, 0.35000000000000003, 0.4, 0.45, 0.5, 0.55, 0.6000000000000001, 0.65, 0.7000000000000001, 0.75, 0.8, 0.8500000000000001, 0.9, 0.9500000000000001, 1.0], "max_scores": [2.821134205129813, 2.6870057653404715, 2.544321826520153, 2.4041630560341547, 2.2627416997968828, 2.1213203435304835, 1.9798989873222363, 1.838477631085023, 1.6970562727350809, 1.5556349186023686, 1.4142135623729575, 1.2727914892372731, 1.1313699655996932, 0.9899494907305668, 0.8485274754264728, 0.7071066213132603, 0.5643268937849898, 0.4241152916096129, 0.27992913326026503, 0.1390333996436546, 0.0], "opt_settings": [[[[[-0.7118181332959792, -2.1194047905812914, 0.8905619456890616]]], [[[2.340231421896273, 0.7820365249273995, -0.6711011336129871], [1.7950444815947015, 0.9617386408432104, 2.2448148801235535]], [[1.8996580256339766, -2.868372502014533, 1.4699190712741297], [1.6953836876123813, -0.8399386075309845, 2.9045949256171815]]]], [[[[1.4617655995056091, -2.846145517897998, -2.1305477026369157]]], [[[1.2239657385762326, -2.145485765858841, -2.5299192253453517], [-1.4526814043663157, 3.7284504926655058, -1.214220893307146]], [[1.1091493309032963, -0.5690875257512356, -1.8854158908932188], [-2.3195147090916306, 2.139821440991167, -0.11955830698456314]]]], [[[[-1.699797159692539, 2.5649914953359674, 2.6624523405329024]]], [[[2.0445056146388905, -0.9351604463312919, 0.1304097709607551], [1.5659771633139417, 1.2190162046491118, -0.5658951628372523]], [[-1.543674612457475, -2.1220855958668516, -1.2564943344061617], [0.018765760777892253, 1.856452215445762, -2.8030378477399456]]]], [[[[3.1043960360168468, 2.680843589974307, 2.8411402193408124]]], [[[-1.3755622231087128, 2.7315650330268397, -2.8423603008409666], [-0.4517144836121628, 0.9703018775128589, 0.8926948084161027]], [[-1.3513957846302818, -0.9054516025595494, -0.5017362434761776], [0.047520142218257684, 0.7812941699495722, 1.591277834249711]]]], [[[[-0.19475670329288006, 1.8467799522155717, 1.335225541406512]]], [[[2.1519955535427218, -0.416535881245849, 2.0306825572034812], [1.691353698101017, -1.9322459098571134, 0.9200989323892806]], [[-2.3983047954324697, 3.202120160604446, 1.2096811626923838], [0.028064126820058023, 1.367342673747948, -2.439638224390794]]]], [[[[1.2988574805577702, -1.1159259109350586, -0.5581422326421738]]], [[[0.6406611166743496, 1.9637565779891104, -1.1121858907713715], [-2.572713189639627, -0.4078816258052909, 0.30625122531241417]], [[-2.5257837004745265, 0.06786191960839899, -2.3724617648095707], [1.7961889008946657, -1.6770759934098245, -1.4568907987071875]]]], [[[[-1.5828894484983582, 3.1423196374147717, 2.989899628069614]]], [[[-2.52428626529277, -1.1111238397707353, 1.6073950336653713], [-0.4006938002786621, -0.6663522542416969, 0.04023104604881278]], [[-0.4195932713253662, -2.578994326043239, 2.1363528495488646], [-1.4768869088761618, -1.348115087595034, -1.005494145290048]]]], [[[[-1.5659872738868468, -1.6936496380447255, 1.5670712185523619]]], [[[-1.2107998711195531, -1.0907272775104597, -3.0537151958297737], [-0.8433471183211697, 0.467398609679975, -0.07730721997215365]], [[1.564357134852222, -2.0249838275567793, -0.31219062120088037], [-0.7906303660344721, -2.484434611067495, 2.173096374246895]]]], [[[[1.2920573607762957, -0.19093516645518518, 2.1808784796144174]]], [[[-2.7578231558759376, -2.1463267844426777, 0.510381292708245], [1.570206724118808, 0.5031958357101762, -1.0030117558865186]], [[-1.1856075303267366, -1.3294196011593138, 2.441517213457879], [-2.5034300462274897, 2.753241381524312, -0.4316155032213818]]]], [[[[-1.9820805041023204, 1.1786725320377163, 1.2972120191675842]]], [[[-2.5493597029926396, -2.4318551342818506, -2.90140642277918], [-1.1128194582940134, 2.09657671982418, 0.8042045386566863]], [[-0.47160502879872895, 2.3581069706463027, 0.2074734500052098], [-0.5657580502905281, 0.6163408773584911, -1.5921094160003373]]]], [[[[-0.8402368075312198, -1.4752501107382239, 1.558459808049029]]], [[[-2.2134038926331017, -1.5936148597363915, 1.9752012334529727], [-2.5648409548135462, -3.082287730857344, 3.0877582081060213]], [[-2.9091797965552173, -2.232738026474191, -1.8538980406787584], [-1.8265044645523099, 2.0823652578323317, -2.950522703049718]]]], [[[[2.7964133978358277, -1.7727425514519135, 0.28613147372169806]]], [[[2.4690276117962404, 2.690546833490335, -1.1491748243196145], [-0.4999592204552544, 1.5386734939305362, -1.207620262812466]], [[1.553559544708009, -0.20391520054211087, -2.3929730525096455], [-0.16716345484655645, -2.5655637375457765, -1.3799059334404762]]]], [[[[1.1259359464003207, 2.492193226003896, 2.5566728196440134]]], [[[0.25667490982909696, -1.2261730723134885, -1.0271045401579841], [-2.2345195996004885, -0.20932733735472767, -0.5225721678219459]], [[2.529238045267504, -2.891540028985018, -2.914859908283199], [1.800037180135426, 1.6516819243542236, -2.205334730180086]]]], [[[[-0.45980165444405446, 0.5942693300929611, 2.669218208891121]]], [[[-0.5217825133945001, -1.377242485487767, -2.9601081680519257], [0.1684223339011319, 0.16035088277605275, 2.267939022414609]], [[-1.9633993211695322, -1.1054382520698096, 0.6267735072697356], [1.7854653518562473, 2.3484758501508516, 0.14840803810383857]]]], [[[[0.12432798556224992, 1.2087822147081198, -1.7365685876666563]]], [[[0.8129571580393862, -3.1956697715857887, -0.5433433688491327], [-1.8540753717879959, 0.7279229999878803, -1.2423472098000343]], [[-0.009509269683850873, -1.4946178415245759, 2.9013779844715826], [-0.28298433876145457, -2.138567618118215, -2.7824836497006373]]]], [[[[2.0350926492386323, -0.8810164382503565, -1.9241533659481047]]], [[[1.746525948890194, -0.9100999887489305, 1.16466729051061], [-1.8367038419970037, 2.151295097737992, -1.7946971027253984]], [[1.6637536990050203, 2.264025248882903, 1.8859993555124834], [-2.4603016210503146, -1.1268480298034762, 2.173217146634479]]]], [[[[0.21151452101095858, -0.7633498604972825, 1.6727348993701552]]], [[[-0.9105748413111394, 1.072462304044958, 1.7377707338742647], [-0.8294839711306758, -1.0902809041902972, 0.5499191599593662]], [[-2.0746762516239707, 0.4329456429274129, -0.12267454156949364], [1.778208872504654, -0.8990018158919824, 2.75309321459814]]]], [[[[2.199080875762434, -2.9541676236525642, 0.8243616817388194]]], [[[1.9274535830337955, 0.6978491027070934, -2.5125927141778512], [-3.1053042092586494, -1.307864492452081, 1.4860404020553108]], [[1.3677384631115161, 2.816739214661687, 2.283983764578342], [-1.8149847204209142, 1.9696898643479184, 0.5075196501984616]]]], [[[[1.758659351186932, -2.481763608775245, -1.7345584089083772]]], [[[-1.2788590721442554, -1.9874450066328622, -1.368092543329561], [-0.7472811974484284, -1.1101554276019379, 2.9752400991204313]], [[-1.4619540906685504, -1.0078160975936468, 1.5088194587457675], [0.9424739455886967, 0.10942973232853494, -0.0856031725314721]]]], [[[[-1.9878016476682814, -0.28623006034202564, -1.3185538712263651]]], [[[-1.5975966728413036, 0.8649903380375112, -0.0428288296558601], [2.2271787308518967, 0.7470265629449699, 1.8201133603046529]], [[0.7935894617980469, 0.034960900844534966, -0.43233138115391956], [1.197887527869681, -1.9502868463044274, 2.9479637525219493]]]], [[[[0.7729648753489684, -2.828865542454767, -0.2993195090647216]]], [[[0.3198713501560384, 2.4445673351115618, 1.6491830431716696], [-2.53517884870103, 0.1918721809852908, -0.36646006429082867]], [[1.9905282945420142, 2.6178414917401724, 2.2757042866075716], [-2.8781020583084165, -1.6264798121946245, -0.15437862465932106]]]]]}