{"noise_params": [0.0, 0.05, 0.1, 0.15000000000000002, 0.2, 0.25, 0.30000000000000004, 0.35000000000000003, 0.4, 0.45, 0.5, 0.55, 0.6000000000000001, 0.65, 0.7000000000000001, 0.75, 0.8, 0.8500000000000001, 0.9, 0.9500000000000001, 1.0], "max_scores": [1.4142135623730951, 1.3878003829240004, 1.3616932910790316, 1.335799607341995, 1.3101584800168793, 1.2850789560037004, 1.260488488905198, 1.2367093699525018, 1.2152770500287893, 1.1932363316306194, 1.18909792713695, 1.1891510839202444, 1.1880286833427722, 1.189202214847294, 1.1892071150015937, 0.8408840809386426, 1.1892071150024808, 1.1892071150024148, 1.0636591793829884, 1.128180927925229, 1.1892071149999985], "opt_settings": [[[[[-1.5789274698939642, -0.0005650878613660916]], [[-1.5923392116349, 3.1153296636392596]]], [[[1.722307314987728], [-3.0124421037118685]], [[-2.4883040403603163, -0.2611933773501208], [-0.9347859747638333, 1.3156074961934843]], [[-1.0325628232144273], [0.5158722239525086]]]], [[[[1.5230060935049794, 0.003927769771240411]], [[1.5694165549652102, -0.0009997202964245437]]], [[[-0.5261741169012586], [1.0538986742687428]], [[3.408713871350505, 0.08985796948067838], [1.8313996377585093, 1.6581236854910646]], [[0.8786056746863531], [-0.7014671166009265]]]], [[[[-1.4707147304950678, -3.141501951542637]], [[1.571911834646594, -3.1405661854725384]]], [[[-0.165604823949237], [1.4115042634180284]], [[-2.499963228422204, -1.4836539779463034], [2.1750836173883226, -3.054217288296509]], [[-0.8695021256202727], [-2.446611212974827]]]], [[[[1.413488431816249, -0.002935257253019299]], [[1.5736154760185028, 0.0035775546066259636]]], [[[-2.8741021528833977], [1.8298766689663868]], [[2.6024379025381315, -0.31799897216149514], [1.0657899632750825, -1.8938763207723304]], [[-1.1101839958154585], [0.4690224876437319]]]], [[[[-1.356145669908258, -3.1408155299559133]], [[1.568492043730476, 0.0015785750793474301]]], [[[2.333843865371384], [0.7877376343174103]], [[1.564562990334756, 1.971442584597921], [3.127720965617376, 3.5357163659744355]], [[2.741401168795229], [1.195294936847151]]]], [[[[1.3006471648572704, -0.0009980852806371033]], [[1.5716522506805082, 3.1395471776065196]]], [[[1.298586350028382], [2.8632863751821103]], [[2.0671912200172184, -2.581008042719438], [0.5238775216227435, 2.131410902387707]], [[0.22175058086542443], [-1.3429494436513802]]]], [[[[-1.230538823725273, 0.0011602025056919256]], [[1.5707396472833481, 0.0005264530084272594]]], [[[1.010035407882105], [-0.5588591454779239]], [[-0.22373030570198685, 1.0580703450170834], [1.34335696810564, 2.630039099348943]], [[3.4158005728870893], [-1.29849017085584]]]], [[[[1.1762831330991175, 8.759528386244733e-06]], [[1.5630327776015873, -0.005416210861030787]]], [[[-1.183826624960021], [0.38295666885288576]], [[-0.3934539599855321, -2.0261091883075686], [1.1633273023816135, -0.45155671306251666]], [[1.9007456022759932], [0.3339620476847002]]]], [[[[-0.8514896677025175, 0.017419702281836445]], [[1.5634103243269928, 3.1347708601855344]]], [[[1.4060043546082748], [3.0426959119568933]], [[0.6970173202370791, -1.4284066347447957], [-3.580459236749174, 3.2774230264776163]], [[2.2504714351459953], [0.6137797977130437]]]], [[[[-1.0329585103087309, 3.1383639172950795]], [[-1.5716001732656655, -3.1360708314462555]]], [[[0.46785529642697], [2.1023193152916555]], [[1.2465843940638186, -1.9532089058977995], [-0.24642803252058385, 2.7628051673387617]], [[-2.768412882684926], [-1.1339492354060299]]]], [[[[0.3505229933612702, -2.784194171416431]], [[1.5729807911122948, -0.001982949586412389]]], [[[-3.128201374751866], [-1.5051017278412355]], [[2.8562339853425485, -0.2963058309762702], [3.355506312821568, 1.274977528350794]], [[0.5155139012669189], [-1.107585658856506]]]], [[[[0.37338415842433886, 0.30455526271718847]], [[-0.9896921402393664, 2.4545540161179993]]], [[[0.01928375668782073], [1.7233594002416293]], [[-2.7974654664644816, 3.551000179243182], [2.916420409952422, 2.771838469930242]], [[1.7045999209074207], [0.0005265969699521506]]]], [[[[-0.8538002583677062, -0.0048834989241578475]], [[1.5714710693942637, 3.1406587197566647]]], [[[0.844602171140765], [2.5981374441348564]], [[1.371874494482125, 2.3411014324679362], [3.0418228000323535, -2.355326241374114]], [[1.6666648627324256], [-0.08686922159000143]]]], [[[[-0.4472219580196776, 0.13160364809201283]], [[-3.5038991642678154, -0.9817300789188005]]], [[[-0.8012413985895033], [-2.9768290493289324]], [[-0.9197710745734811, 0.16367471219376672], [0.09328962792572137, -0.09232676288782916]], [[2.1775641565996193], [0.0019606146742713413]]]], [[[[0.0018581952491050812, 1.345753688789868]], [[-1.5795663133967122, -0.025227539869143042]]], [[[-2.376037119201061e-06], [1.475835717247689]], [[0.0010285434202141146, 0.10447209873384276], [3.134907836736816, 1.682788836491399]], [[-2.5111860403133566], [2.2961607927322305]]]], [[[[2.8216053414553177, 2.997760101987283]], [[-1.5497602084583542, -3.0208006450212883]]], [[[-1.803812786905015], [3.0522469923010656]], [[-2.8810570827916413, 2.385850974246556], [-0.5824289131269508, -2.4546383763461392]], [[-0.09078422120010793], [-1.5174239062609103]]]], [[[[-0.0260551986662401, 2.9128450747639563]], [[1.563181140283222, -0.0017138840269567963]]], [[[-0.00024203849795115611], [-1.6143928035642159]], [[-3.178953929958234, 0.9832979043495924], [3.163557460133802, 2.5583871475660502]], [[-2.9630286612497514], [-1.3488786336134586]]]], [[[[0.015172347356908821, 0.43015180439292733]], [[-1.5640900287502353, 0.006792275200319898]]], [[[-1.5213287013567105], [3.1417456587264057]], [[-3.111680265424978, -0.5275555079126772], [-0.011989314428581442, -2.111141814697992]], [[1.3446717381995428], [-0.2754390756092179]]]], [[[[-3.142101653873016, 1.4506059019980901]], [[1.5561749089396817, -3.1263281867671973]]], [[[3.141592627697674], [-1.6407301744868124]], [[-0.0004305501465324213, -3.2797743640630173], [-3.128128123076218, 1.4334596016338734]], [[-0.6125955804632528], [0.8882688248339279]]]], [[[[3.139104179433225, -0.02780529248429795]], [[-1.5736186073319292, -3.1393136790213987]]], [[[9.682966948008752e-06], [1.6133061740435766]], [[3.131462203810224, 0.8798844228629329], [3.1437797260922564, 2.4484506861537203]], [[1.6853132015757906], [0.07201726752114265]]]], [[[[-3.1415925624894165, 2.552437680392514]], [[1.5647037705596665, 0.00048190335078169335]]], [[[1.4237121876476104], [2.941753740531758e-08]], [[3.141486505844179, -0.8358567289105732], [-0.042246494324647776, -2.4288973836350713]], [[-1.555583511019073], [-0.13187137092863477]]]]]}