{"noise_params": [0.0, 0.05, 0.1, 0.15000000000000002, 0.2, 0.25, 0.30000000000000004, 0.35000000000000003, 0.4, 0.45, 0.5, 0.55, 0.6000000000000001, 0.65, 0.7000000000000001, 0.75, 0.8, 0.8500000000000001, 0.9, 0.9500000000000001, 1.0], "max_scores": [1.414213562373095, 1.318644242576811, 1.237478742160782, 1.1587461651113342, 1.0871626602861277, 0.9708814935637855, 0.9676855728896183, 0.9208216087289871, 0.8830646964086388, 0.84547893243892, 0.8343359233094133, 0.8250166098922906, 0.8217515949029621, 0.8229372242974342, 0.830906764956892, 0.8413524042179653, 0.8582389990777489, 0.861673019540162, 0.9051418122425119, 0.9462230274763648, 1.0000034658824781], "opt_settings": [[[[[]], [[]], [[]]], [[[-1.6552687748089316], [3.0597466360967567]], [[1.9813220398971079], [0.41310673853065355]], [[2.456450134655671], [0.8883467385437297]], [[-2.4139789769740227, -1.953132687785478, -1.464711742435927], [-0.8942880239322956, -0.36480725934682523, 0.09723200042449574]]]], [[[[]], [[]], [[]]], [[[-2.240729089113823], [2.5115196575652754]], [[0.7769208784022573], [-0.7535512601232672]], [[1.746103067543533], [0.2158292665031519]], [[0.11189859165894081, 0.02878896865478659, -2.174306119533592], [-1.4064314318170066, 1.5612708137809137, -0.5727979541974307]]]], [[[[]], [[]], [[]]], [[[0.7920300355458384], [2.486469062082091]], [[0.1411902170180311], [1.8437466233589705]], [[1.1887090874660824], [2.891053083162511]], [[1.6851588296076638, -2.237388331272058, -1.0097446427676933], [3.184140396769184, 2.6126894432923335, 0.41736575659814107]]]], [[[[]], [[]], [[]]], [[[1.0322524619452054], [-0.5534631042646905]], [[-0.11987923882299702], [-1.7149727642482142]], [[-0.9411427932177536], [0.6541137219983875]], [[0.22502981316563941, 2.2125518787333482, -3.259387502063194], [1.8237735741180734, 0.6637788341998541, -1.737605945561816]]]], [[[[]], [[]], [[]]], [[[3.1734559012911956], [1.586981850867368]], [[2.356848465996203], [0.7535989501936143]], [[1.2734304154740386], [-0.3304149674053108]], [[2.346212233972252, -1.592167605250091, -2.658615686978607], [0.8420602631025506, -3.1519827632430863, 2.0324496913484005]]]], [[[[]], [[]], [[]]], [[[-3.0974352732530206], [-1.512314757796946]], [[2.5294219016864172], [0.6956775787398826]], [[2.3100421607554975], [0.4770644181614858]], [[0.8815648238829357, -1.4491768189134995, -1.6038595824159039], [-0.7747795672156073, -3.124676346715399, -0.23045378719310125]]]], [[[[]], [[]], [[]]], [[[0.15511601469116992], [-1.724783930347342]], [[-1.0881982540976156], [3.1204628749443812]], [[2.48294142167112], [0.39547980605618255]], [[-0.6318993519106537, 1.3531732806380317, -1.8310716161468343], [0.739347785397145, 2.527555642047762, -0.10837232727942127]]]], [[[[]], [[]], [[]]], [[[-3.6452279868915016], [-1.9155834303984216]], [[-3.1475152001483675], [-1.3519899566825113]], [[-0.1705889915176135], [-1.9949428318059637]], [[3.4347968883147124, 0.9021398263664252, 2.016654708416205], [1.955582192503087, 2.455322150525726, 0.5140547576104446]]]], [[[[]], [[]], [[]]], [[[-1.7758113676066887], [-0.14877332884997468]], [[0.3930786364526979], [2.105532787918869]], [[-3.0388570612580827], [-1.3206348432884036]], [[-1.102174117778888, -1.794300025909895, 0.9445111454393815], [-2.4203353653572703, -0.3636720879212127, -0.5944629899589178]]]], [[[[]], [[]], [[]]], [[[-1.1071706595498194], [0.9777486593547209]], [[0.11219102980595373], [3.4202910774200235]], [[3.155278916211369], [0.4048067972640593]], [[-0.5026598593990811, 0.6740848468050235, -1.2364104751403546], [1.5957191937731205, -2.931211744681467, -2.9201353838530557]]]], [[[[]], [[]], [[]]], [[[-2.8255501070769076], [-1.0419533716688436]], [[1.4747169462204812], [-0.9612048703856892]], [[-3.1721222546038588], [-0.9637605235870265]], [[-1.7248470172443382, 1.1812983136252424, -2.0934641753670364], [2.689117030276105, -1.4359290053390477, 2.603485644777526]]]], [[[[]], [[]], [[]]], [[[1.2336544724188512], [3.328772751049423]], [[1.853477262959593], [-1.6914428366493717]], [[1.4824442327569243], [-2.2980235724761866]], [[-3.0571365540786983, -3.1762478823116083, 0.7698427093031558], [-2.4974646443437054, -1.5408011225628055, 1.161601547918826]]]], [[[[]], [[]], [[]]], [[[0.0271089240414771], [1.5846232893451533]], [[-3.111592491764456], [-1.2875434174391278]], [[-1.1284871863175034], [1.3611599069470173]], [[0.5157863161180343, -1.0299378022409507, 0.6351714739147637], [-0.7577344713169042, -0.8543648273005747, -1.6750219803032675]]]], [[[[]], [[]], [[]]], [[[-2.748708994678593], [0.8225994648349099]], [[2.0483964212535497], [-0.8471180323910963]], [[2.728330413487719], [0.5405866087669623]], [[0.9997771131286638, 0.18016628606034957, -3.1936459930030674], [0.7274149856697921, 2.2744795538618163, 0.021888199968932785]]]], [[[[]], [[]], [[]]], [[[2.240345201288126], [-1.3166505648344569]], [[-0.7118280585474164], [2.6062938375760853]], [[3.296067802802655], [1.2270870006339056]], [[-1.9889186544825923, 0.8001538667643321, 2.4064637078145106], [-1.1988421896213683, 2.515102375319773, 0.8786166500723391]]]], [[[[]], [[]], [[]]], [[[0.46570071597596396], [2.6421915251971093]], [[-0.2295742163969325], [-2.3283716844240545]], [[-1.8739031935308785], [-0.49145717395059507]], [[2.7865971371350846, -2.3288387331366582, 0.65392767621444], [2.7127042795172587, -2.382478817551733, 0.7555265587802383]]]], [[[[]], [[]], [[]]], [[[0.10266419313966874], [2.053754532109024]], [[1.0405934160621233], [-0.15037539071116185]], [[0.3853275768195911], [-2.929916391185376]], [[-0.7861015250679597, -1.3054215385205459, -2.3522529584648364], [-0.5349207376382906, -0.5507314754921552, -2.6824441827855465]]]], [[[[]], [[]], [[]]], [[[-0.9278268603074664], [-0.5099870367235826]], [[-1.6455678575408508], [-1.278261751839954]], [[-1.1305315175420236], [-2.0325883261097286]], [[1.7999730887194323, -0.4881067453519456, 0.10193978422965341], [2.716348339287023, -2.737074440848444, 1.183299418185835]]]], [[[[]], [[]], [[]]], [[[1.972113874111663], [1.1012990611591296]], [[0.5926346998208455], [2.9794198883338243]], [[0.6348147333826484], [1.1335113329138968]], [[1.0515634895568058, -0.8460989502439973, 1.9771557041841832], [2.5128695241888535, 2.502151352667564, -2.785769470705573]]]], [[[[]], [[]], [[]]], [[[3.019450900475127], [-0.2766419926364013]], [[2.162372822416111], [1.6305792040727063]], [[1.820569032828115], [-1.2638449518164423]], [[-1.053698011292605, -1.3423984901686978, -1.078280876285957], [0.4704636065554973, 1.2116203769065377, -0.23937313738377913]]]], [[[[]], [[]], [[]]], [[[2.2005035907492356], [1.2610290180670551]], [[1.6977754376307956], [1.1740884068592852]], [[0.6232801787484803], [0.06636880344701268]], [[-0.6475939084852538, -1.2032034250427304, -3.04495185591432], [-0.42435602888610635, -3.1046854319277983, 1.3754469816580697]]]]]}