{"noise_params": [0.0, 0.05, 0.1, 0.15000000000000002, 0.2, 0.25, 0.30000000000000004, 0.35000000000000003, 0.4, 0.45, 0.5, 0.55, 0.6000000000000001, 0.65, 0.7000000000000001, 0.75, 0.8, 0.8500000000000001, 0.9, 0.9500000000000001, 1.0], "max_scores": [1.414213562373095, 1.3207272490017345, 1.2288673638328813, 1.1386936499985318, 1.0502716607127522, 0.9636737200689405, 0.8789801169437679, 0.7962806091600696, 0.715676348510448, 0.6372823878580367, 0.5612310194921803, 0.4876763161538421, 0.41680020140612334, 0.3488202061724862, 0.2840007025799057, 0.222607875534997, 0.16521978350279076, 0.11048237986636675, 0.05748858742893122, 0.021305605620479028, 0.0], "opt_settings": [[[[[]], [[]], [[]]], [[[0.7400676238956704], [2.312956095688666]], [[-1.6341700335758627], [-0.06104326220899679]], [[0.8782103023568182], [-3.8321314697503563]], [[-1.6424817684247015, 2.2838601571959862, 1.6908267523993803], [-0.0172173241194208, 0.7331374982302247, 3.2095454829376195]]]], [[[[]], [[]], [[]]], [[[-1.081648294464595], [-2.6320319351633787]], [[3.0415609069935265], [-4.792062050612547]], [[-0.5503082151837861], [-2.1006852071551694]], [[-1.8353279587179496, 2.27626594431871, -1.31086622406493], [2.8315319427021315, -2.45713556078819, 3.370514254395257]]]], [[[[]], [[]], [[]]], [[[-1.940621531521109], [-0.3960977555939255]], [[1.9954543705796504], [0.45088455914610037]], [[1.2236528574269292], [2.7680619568829448]], [[1.983572658523139, 1.241579135252569, 1.9788968318828621], [0.3901284271746077, 2.772723762012586, 0.4445986440370614]]]], [[[[]], [[]], [[]]], [[[-2.3705492169522637], [-0.8041104625293342]], [[-1.4454187159560405], [-3.011694923343804]], [[0.17329260771862126], [-1.3929728314271277]], [[1.5301839842956375, 4.02755160639126, -0.6067689310876598], [-3.1334322729196877, -3.7715923451894673, 0.9580580522049968]]]], [[[[]], [[]], [[]]], [[[1.2333714368585522], [2.841542142720808]], [[-0.8569603508276807], [-2.46507967028483]], [[-0.9535734706531707], [0.6544547125585309]], [[-1.0657420873276024, 1.4793504715884453, -0.12719462413243993], [0.43522585511882306, -3.2304119194866536, 1.4029028903130811]]]], [[[[]], [[]], [[]]], [[[-1.475196050044966], [0.014683339807928283]], [[-7.400811673098493], [3.6727494164051686]], [[1.306409405012764], [-0.18373512141808304]], [[-0.6705147294562218, -1.8282933355614606, 0.592318397678342], [3.8958086480916236, 2.796261642807305, -1.0570518457685847]]]], [[[[]], [[]], [[]]], [[[-1.5150249147673966], [-0.055818759205325225]], [[0.8490254698662815], [-0.6033485626821355]], [[-3.4528530428982385], [-2.0003581135088386]], [[2.3109785953751225, 3.182941416222387, 0.42489996073427777], [-2.2763001899425186, 1.82525405561528, 1.963392568529049]]]], [[[[]], [[]], [[]]], [[[-2.3829582349289407], [2.196410870875743]], [[-0.6669494180880714], [-2.3755973326740896]], [[1.3626323971646939], [-3.212017826317132]], [[-0.02926427093094319, 1.7407891634498487, -0.989790653027864], [1.4472721887750355, 3.1230108124086065, -2.4651139558813786]]]], [[[[]], [[]], [[]]], [[[3.842728491579683], [-0.8301817928137305]], [[-2.0812069580567223], [-0.4722799210654469]], [[3.152622572385401], [1.5621750656055065]], [[1.4837916333863412, -1.201763615657663, -0.8172762909748332], [-3.17271846662345, 3.369678368891854, 0.8010829792475159]]]], [[[[]], [[]], [[]]], [[[1.793307920968157], [0.04074109072420239]], [[0.24611881144245204], [-1.4921493534246497]], [[0.5813048819958361], [2.3171283383281476]], [[0.8084781091317369, -0.7002460675658687, 1.2448371490942798], [-0.6146238176385108, -2.1655219094160767, -3.155277401575408]]]], [[[[]], [[]], [[]]], [[[1.8022116379313164], [-2.9487339286974774]], [[2.286321294432239], [-2.504487260581911]], [[-2.4846911028864227], [-0.9626729795933383]], [[2.421855794949068, -0.05006259040584232, 1.3566155060511167], [1.1648290442543079, -1.7877566717173352, -0.14081785011774428]]]], [[[[]], [[]], [[]]], [[[0.3398140518863943], [-1.1597210888097709]], [[-2.0655798001738397], [-0.5617745680496563]], [[0.14141139917425827], [1.5844723819481903]], [[-3.43117579530277, -1.3614541594977505, -2.3239358719574112], [1.0823890060704122, -2.726459241317634, 2.3562342340646847]]]], [[[[]], [[]], [[]]], [[[-2.674865970699879], [1.791875014119296]], [[-0.7881987320459758], [1.0260750869708553]], [[-0.3442055130476596], [1.4173300648311424]], [[2.583008315096191, -2.749082147897019, -2.735744345495119], [-1.8910586114991303, 1.579001443523051, -1.0361246477346149]]]], [[[[]], [[]], [[]]], [[[-0.04552450676831945], [-1.7903434530969426]], [[0.335074557878343], [1.959255671134872]], [[1.2098269675177076], [-3.251377801198182]], [[-0.6015997168246688, 1.3671246378700475, 2.4912918948303733], [0.4876071606589189, 2.6444911976988092, 0.3505466722101342]]]], [[[[]], [[]], [[]]], [[[0.4804366772833583], [1.8235357334038003]], [[1.562298392237213], [-0.10734730883649453]], [[2.1305538875499335], [0.6076115093949996]], [[1.1627747280471694, 3.4917866649549487, 0.9833899241157562], [2.6511904839559093, -0.5597302448852396, 0.12109768343463673]]]], [[[[]], [[]], [[]]], [[[-3.0192089511638556], [1.8370750304176238]], [[-3.08656616432391], [-2.0809971136333196]], [[-2.882136078680872], [-1.234930212538548]], [[2.38224182126025, 0.16379317313424058, -1.8358027420918768], [-1.5195274715516323, -0.9387195723537458, -1.1585630079072902]]]], [[[[]], [[]], [[]]], [[[-0.453630157733817], [-1.9656116324896886]], [[-0.7409401931151971], [0.5909430216058199]], [[-3.2173660868250717], [1.0551006457836436]], [[1.530060566045623, -0.023355921665626226, 1.762734847088562], [0.9703729289867558, 1.817551162553622, -0.07051266594589306]]]], [[[[]], [[]], [[]]], [[[2.5525484795198228], [-1.2543099198592662]], [[2.7685878698481776], [-0.9651977789620108]], [[2.609525693584264], [1.7480350008520982]], [[-1.761927365080043, 0.680386332800585, -2.0983354976101323], [2.730920151605602, 2.1797586397658097, 1.5209857305200425]]]], [[[[]], [[]], [[]]], [[[-0.2602947768207352], [2.0879749857198324]], [[0.3645116371343835], [1.7166419943228284]], [[-2.0510837481767323], [0.32583371896002694]], [[2.8984387899796658, -2.85088414761868, 1.4616284638058046], [-2.762873349671298, 0.2798012773355859, -1.5841930546226595]]]], [[[[]], [[]], [[]]], [[[0.7404435021347707], [3.0677846453165336]], [[1.374770336471688], [-2.392720287720753]], [[0.03272904879584516], [0.46329309795295137]], [[-1.9708736291645665, -2.583842150588305, -2.4634966382922663], [-2.60572381113475, 2.09768805852727, -0.6926073122914299]]]], [[[[]], [[]], [[]]], [[[-2.855612323825972], [1.0882014180393726]], [[-1.5677128712362478], [2.4042438884696526]], [[2.514273261652267], [-2.752433332887516]], [[0.20977682139186538, -2.336355679481694, -0.5508995901947822], [2.275884120055548, 2.077464012988015, 2.3625218776050296]]]]]}