{"noise_params": [0.0, 0.05, 0.1, 0.15000000000000002, 0.2, 0.25, 0.30000000000000004, 0.35000000000000003, 0.4, 0.45, 0.5, 0.55, 0.6000000000000001, 0.65, 0.7000000000000001, 0.75, 0.8, 0.8500000000000001, 0.9, 0.9500000000000001, 1.0], "max_scores": [1.414213562373095, 1.3210816681653776, 1.2202125763030849, 1.11838513034496, 1.0555618769220918, 0.9708814935642409, 0.9676855732181765, 0.8818608177362288, 0.8830647129651898, 0.4981159054994034, 0.8329239480857157, 0.824995715154217, 0.8220026074171491, 0.8236235576367167, 0.8312341944430759, 0.8436101867041527, 0.855272286133261, 0.8823053672220942, 0.9109189545589522, 0.9474185288050176, 1.000003027727226], "opt_settings": [[[[[]], [[]], [[]]], [[[-2.959227699553294], [-1.398533555937249]], [[-1.4427982926647231], [-3.003447173202777]], [[-0.11893232921336673], [1.4418248733425656]], [[-2.191917942666519, 0.9094816854534041, 0.6467717670887735], [-0.5943410851248532, -3.784363528020679, -0.8938608498504895]]]], [[[[]], [[]], [[]]], [[[-1.1751739726506898], [0.41369596550822724]], [[-3.254927801536581], [1.4344055329919194]], [[-2.8793742942327913], [-1.2855229446668468]], [[2.764496400761946, 2.244682851684379, -2.0725306077765584], [1.186704268397675, 0.6487927283040512, -0.5204630159323592]]]], [[[[]], [[]], [[]]], [[[-2.028580632826713], [-0.5070643602571236]], [[2.4601220049922734], [-2.3045001436002814]], [[2.1206239283728063], [0.602138717581909]], [[1.904253389423053, -3.0362413760880367, -1.7882565799177532], [0.2638907525385028, -1.5287793891411583, -0.1988829387287357]]]], [[[[]], [[]], [[]]], [[[-1.5565027484455591], [-3.101003667639171]], [[-1.8690491095366324], [-3.4050472362568014]], [[1.3374217710460947], [-0.19875479632231033]], [[0.8095330730058496, 0.5124421813939665, 0.5893501064930948], [2.387071808328857, 2.0659280198735095, 2.116763432495383]]]], [[[[]], [[]], [[]]], [[[-1.174668757535502], [0.35629379444014325]], [[2.8815532485120188], [1.2451151675026026]], [[0.8831781243068126], [2.5198081345896317]], [[2.7275328713219125, 2.0145656601993136, 1.7284254624343207], [1.166791188924914, 0.5304124163780046, -3.030557733371063]]]], [[[[]], [[]], [[]]], [[[2.125847732895403], [0.6182752788579764]], [[-2.426117740683437], [-0.7266352726330709]], [[0.5470306482684787], [2.2529845629911596]], [[-1.775649882145361, 1.4332751597867543, 4.403996058107388], [2.9493735414649804, -3.0653355323060465, -0.08512228374556591]]]], [[[[]], [[]], [[]]], [[[2.8151890869510567], [1.1959361134389428]], [[0.07846058202144067], [-1.595641959850411]], [[1.7828639215971827], [-2.8154130417213317]], [[2.0876755560320612, 2.4352910604726574, -0.40654912368553836], [3.506406876941433, -2.3678971782008276, -2.1623740785468075]]]], [[[[]], [[]], [[]]], [[[-3.8440317089894824], [0.3849293175844313]], [[-1.074691207570407], [2.0903446861219184]], [[-1.2593496296243063], [1.8042886930719888]], [[1.1487108141249889, -1.5839259314055683, -1.5638266061166077], [3.0305772008847773, -1.0665407669217735, -1.2937110847192377]]]], [[[[]], [[]], [[]]], [[[1.2263077472698674], [-0.5238264310983118]], [[1.591916991562521], [-0.16502303235883065]], [[2.888632423551094], [1.1310541209493277]], [[0.5733904541948078, -2.439166567996141, -1.3401859967686558], [-1.3388237496231188, 2.3038414104515934, -2.599763603705928]]]], [[[[]], [[]], [[]]], [[[-2.668620777721871], [1.2738952165071862]], [[-2.788728306499302], [-3.6020572538169797]], [[3.9501014985035092], [3.136772561100153]], [[2.6701083776926287, -3.174271015673832, 0.3780021707642046], [-2.235588170128196, -1.8985808939274469, -4.00478731747662]]]], [[[[]], [[]], [[]]], [[[-2.9582000181732684], [-0.957137410048669]], [[0.6730827111232232], [-1.9980241146096]], [[2.750668333115571], [0.2984399972148131]], [[-1.5072681589955532, 2.4713714262126443, -2.6069341090125104], [-0.4673003674861255, -2.250549770214256, -0.01907618793416012]]]], [[[[]], [[]], [[]]], [[[2.180475019735431], [-0.5169137568914831]], [[1.0945148063535917], [-1.5479588965620001]], [[2.1301172512478983], [-0.1674460269389611]], [[1.7883483522313266, 0.9465494946749933, 2.4223124850045132], [-0.8143043794214258, 1.3412250751375197, -0.6236693163427567]]]], [[[[]], [[]], [[]]], [[[1.976065041155489], [0.0777287551463533]], [[1.404132509034212], [-1.3385046298922099]], [[2.3418912230837567], [-1.4512022745740707]], [[1.4760598341893942, 1.138432617086025, 1.5927068739482713], [2.6120810643543333, -1.6444919023018805, 2.1069231434426245]]]], [[[[]], [[]], [[]]], [[[2.071520155879209], [-2.2715196592147677]], [[-2.663720771306702], [-0.37779717751238245]], [[-0.9081367774576847], [1.47934260463092]], [[-3.018936293041929, -1.1484128713046204, 0.862513090487138], [-1.6737665851799381, 0.15805965612649456, 1.9990557673107012]]]], [[[[]], [[]], [[]]], [[[-2.097431820837906], [0.4355371433294834]], [[3.179680913937213], [1.2582107478302456]], [[-1.167340415841928], [0.783308469191522]], [[-0.2135358863718499, -1.7904969273976756, 0.9463936616904399], [-2.1630071574275833, 0.6328835315981828, -1.8118325712939185]]]], [[[[]], [[]], [[]]], [[[-2.0946369287786926], [-0.14484373336428127]], [[-2.6460103969708864], [-0.540582443634536]], [[1.3327092555895699], [2.859485193638064]], [[-1.299606629000642, 2.9436592890664213, 2.9154786995978856], [3.203386554745186, 3.0104523780321046, -2.5983747764456626]]]], [[[[]], [[]], [[]]], [[[-0.4795374125103124], [0.4116814642489374]], [[-2.4559434672742753], [2.4426292638138927]], [[-0.6468440117721385], [1.0319185023972324]], [[-2.5734360394865186, 0.8876950673470508, -1.5989213645468254], [-1.970658151364992, -2.4261473428939917, -2.2709281826017924]]]], [[[[]], [[]], [[]]], [[[2.6191838328668067], [-1.7338082307805434]], [[-1.8357501680334194], [-0.4752543577186435]], [[2.2291341569549226], [-0.6271111104023757]], [[0.3852055143121017, -2.991316780938477, -2.824529462260316], [-0.5100713546487442, -0.02595567285704386, 2.45227672068412]]]], [[[[]], [[]], [[]]], [[[-1.3642373132152392], [-2.669525337286765]], [[1.11560668670622], [-1.3186627093108723]], [[0.6627790559146335], [-2.2878616294238183]], [[1.6174777796632351, 3.1380576910330116, 1.381348260926423], [-2.8661992773542133, -1.42821734913341, -1.4425565799921856]]]], [[[[]], [[]], [[]]], [[[-1.800214766375702], [2.3102027671988234]], [[-0.786002606889168], [0.011809372709502577]], [[-2.829705770334191], [-0.38128583160958157]], [[-1.8366017204520004, -1.2162492779228786, -2.3348275848001347], [-2.4275052925376954, 0.6448939517515051, 3.104420986285286]]]], [[[[]], [[]], [[]]], [[[1.6590463790148657], [-0.7036827643037253]], [[1.9653071701092335], [2.3323329907371626]], [[2.2260618413442383], [0.7257400526728839]], [[0.730140264860268, -1.6204050177094673, -2.862563914371819], [3.116116484212954, -2.612068094347083, -0.7475161126141834]]]]]}