{"noise_params": [0.0, 0.05, 0.1, 0.15000000000000002, 0.2, 0.25, 0.30000000000000004, 0.35000000000000003, 0.4, 0.45, 0.5, 0.55, 0.6000000000000001, 0.65, 0.7000000000000001, 0.75, 0.8, 0.8500000000000001, 0.9, 0.9500000000000001, 1.0], "max_scores": [1.414213562373093, 1.3421861268725386, 1.2672183436239344, 1.1395536202347245, 1.1305409237888233, 1.1011666593638605, 1.0315699982650053, 0.9042459845303445, 0.9690290707187112, 0.6961782374557228, 0.912381445777078, 0.8895716319046623, 0.8827095092140024, 0.8741832429872516, 0.8768746134801237, 0.8819126480393535, 0.8893270771794488, 0.9075240034970173, 0.9266885331326093, 0.9550878492138826, 1.0000803267830172], "opt_settings": [[[[[]], [[]], [[]], [[]]], [[[-2.217766328037564], [2.5531054258202466]], [[-1.5058047989564995], [0.006572523765915354]], [[0.11261399708204951], [-1.3997666750477158]], [[1.8908428587092745], [0.37777269354925536]], [[0.14226682727248716, 2.374656065002723, -0.6659635821303641, 1.0923760297505445], [-1.3681830326369413, 0.8456236429137374, -2.1835534713451894, -0.380321169628261]]]], [[[[]], [[]], [[]], [[]]], [[[1.8449481596033874], [-2.8813919590727095]], [[3.091325560339383], [1.4822644259680269]], [[-1.2832945685285948], [0.27348281322678447]], [[-0.7077538529711355], [0.9024143244683114]], [[-0.5164076352351559, 2.3116662217193835, 2.624636405357883, 0.09585006301189479], [1.0499917774874648, -2.447516173608749, -2.0622789895144087, -1.4730106142134287]]]], [[[[]], [[]], [[]], [[]]], [[[-0.08010515446488879], [1.5889045107302715]], [[-1.43885300821219], [0.4069849820677737]], [[-1.0518334096957616], [-2.7206301761899754]], [[3.96131258073008], [-0.4756423156098528]], [[-2.409845190812563, 2.6629045591700025, 1.197813347124895, 1.718692898133075], [-0.8013532409550499, 1.0408462646290109, -3.42023940822713, -2.959941700872851]]]], [[[[]], [[]], [[]], [[]]], [[[-1.0903418150050852], [0.7514509421860878]], [[-2.1558971671912617], [0.7361309243475868]], [[1.3044362360848898], [3.1019327597354556]], [[-0.15920234410319703], [2.8228189264287304]], [[-0.21014297197252094, -1.9444935265115955, -1.0339027042000148, -0.012494070738541082], [-1.7273669761947008, 0.8573315185156295, -2.4655772347054707, 2.903494278372083]]]], [[[[]], [[]], [[]], [[]]], [[[-2.5737201924648554], [2.079000029756956]], [[1.688754976340212], [-2.342886891883285]], [[-1.3368651096094106], [3.2345869844231183]], [[-1.4903926013609332], [-3.6115872267393945]], [[-0.27462702253994004, 2.1795075767485286, -2.2058009251712924, -2.794785517377415], [-1.7886460090828986, 1.3497005898257899, -3.7442418734640555, 2.170893947588165]]]], [[[[]], [[]], [[]], [[]]], [[[-0.9769051475494689], [0.5624582107890502]], [[-2.055810796246304], [2.485346204630783]], [[-0.5465050728733668], [-2.072320700879218]], [[1.0694651648576323], [-0.6408030628215193]], [[-0.09294882428489143, -2.9017331729574156, -1.2646383048715786, 0.026733233587799558], [1.2297492393548297, -1.4048452874942166, 3.334645720632552, -1.2509961352612817]]]], [[[[]], [[]], [[]], [[]]], [[[1.0265718441235934], [-0.8258919098214057]], [[0.3000831862504505], [-2.4653947084961327]], [[-3.2205747109063583], [1.1964106701695798]], [[2.525471378414691], [-0.5110546774114748]], [[-0.02043716180145101, -2.2441004172366816, 1.9650555086214307, 1.2141021759928388], [-1.435432169378822, -2.6495407640838353, -2.5376306284526287, -0.5474452304638879]]]], [[[[]], [[]], [[]], [[]]], [[[-2.437794907095569], [1.8835778714802807]], [[-2.9769686410881206], [1.0635827601022625]], [[-1.6082188533050739], [-0.24050887916882516]], [[1.500409674860461], [3.4622990613606026]], [[-2.96314055038669, 2.347789323213599, 2.1797697214659126, 2.82517137001768], [1.110825736252322, -2.4709046477190166, -2.411942481077193, 0.8062777263740281]]]], [[[[]], [[]], [[]], [[]]], [[[1.965683613042026], [-2.6700818278518845]], [[0.9761467194144368], [-0.8328258642894701]], [[-0.8532384521287166], [0.8877768477043653]], [[-0.06794577548171929], [-1.9008827129388064]], [[2.7745755827901903, -0.10778731090843957, 0.2048300880709477, -0.8205115288179591], [1.180273777743604, -1.480736335466686, 1.4663159055976607, 0.4865387058816475]]]], [[[[]], [[]], [[]], [[]]], [[[1.1303636872977572], [-1.925407163945011]], [[-3.07182013176601], [-1.0425701194027606]], [[1.2635099630790143], [2.2777821920185284]], [[0.470683010965208], [3.2624004803472273]], [[-2.2907257542110555, -1.144194580940358, -1.402329336886783, 2.8010480123078674], [-1.761714794166949, -0.3895875289413672, 0.4141404006914428, 0.4296957292404671]]]], [[[[]], [[]], [[]], [[]]], [[[-0.36679337334752915], [1.618616767600962]], [[-2.216237721091248], [1.9813125275473034]], [[-1.5983800608415668], [0.7117452105102209]], [[-2.1149602887241743], [2.001782152610167]], [[0.930494787228903, -3.176244288257456, 0.4089315802914295, 2.684141878308119], [2.0590088034506886, 1.4775351002534418, -2.208663695946466, 1.623885546938994]]]], [[[[]], [[]], [[]], [[]]], [[[-1.9735951366729967], [0.91753544994097]], [[-1.6265647171684625], [1.9103678949292946]], [[-1.0569683155242369], [2.5250811543906364]], [[-2.315685959483113], [-0.12115347780121255]], [[0.8928949210140509, 0.7737366593967433, -3.0985168413555155, -3.2134763389528627], [-2.2467154810705083, -1.3925743436666322, -0.7140416559586579, -2.706190055943379]]]], [[[[]], [[]], [[]], [[]]], [[[1.2601417140374256], [-2.9399727233581436]], [[2.0811937498971824], [0.38410224321858266]], [[2.8842026443691253], [1.197798203162226]], [[-2.0878487805852224], [2.0784814696229765]], [[1.5477556204284546, 1.4636751266679848, 1.6343297191347563, 2.8020495787601423], [0.6578926398034137, 2.824570442525517, -2.719763036075364, -1.729307711683477]]]], [[[[]], [[]], [[]], [[]]], [[[1.4344455065180484], [-0.28570132788451896]], [[-0.4605070862309295], [3.153751989941848]], [[-1.0303418544555318], [0.788666728274698]], [[2.5847827895062974], [0.5842136230354832]], [[2.021445047242868, -1.9363838900883454, 0.6627570282215927, 2.7223715350122166], [2.253195250568318, -3.264927344471334, -2.05302281347131, -2.9233351386706965]]]], [[[[]], [[]], [[]], [[]]], [[[0.9145560731723797], [-1.116024444383775]], [[0.7350641362251403], [2.5657207073795396]], [[2.8125293820797115], [-1.2823208886179915]], [[-1.0558196085108587], [0.38810911816840193]], [[1.2912582651043305, 1.5761990801628165, -2.1012099914561926, 0.2955492615507308], [1.7679702625615838, 0.4877569942615251, -1.205842187167338, 0.8632241595607356]]]], [[[[]], [[]], [[]], [[]]], [[[-0.036369941803685996], [1.7227505541465005]], [[-1.2927136832777342], [1.961591071777947]], [[-1.6213930634294096], [2.731470240381119]], [[-0.5466442170703706], [1.7782748754307651]], [[0.5539304546489013, -3.079262002965633, -2.2439391910661315, 1.898061797982483], [-0.4447467774342642, 2.1292972053319823, 1.8230169651987413, 2.295168801480345]]]], [[[[]], [[]], [[]], [[]]], [[[-3.1527105872352763], [-2.099426681184703]], [[2.045266916718733], [-1.6629704898865476]], [[-0.13509925605937473], [-1.2504297570073313]], [[2.570360045963868], [-0.4682468061464798]], [[0.8895545985458624, 1.140418367329485, -0.4004802968824207, -2.9938172972412738], [-3.425191324372674, -0.7276294223551497, 0.4432185453735462, -2.932997688786588]]]], [[[[]], [[]], [[]], [[]]], [[[1.953886062194942], [-0.6749948058748125]], [[-2.2275785415297213], [-0.7035545606106365]], [[-1.7369245846035224], [-0.8432921610677488]], [[0.03427271329615909], [-3.412512916697608]], [[-1.2222976953471643, 1.8367148637319899, 1.6722871759672158, -1.4649333789624648], [1.5449891787902061, 0.22661924980134687, 1.113015598716246, -0.6910226409890842]]]], [[[[]], [[]], [[]], [[]]], [[[-0.005293264476865681], [-0.6526662111975308]], [[0.769518558033129], [-1.7969822605188037]], [[2.2434145931677136], [-1.9076041753363266]], [[1.0312081005830256], [-0.8487291190850553]], [[1.3853929397758147, -2.985611978133818, 1.9801253895618192, -2.0809315618886846], [0.21423126608704307, -1.3142177651338038, 1.6656645027135157, 