{"noise_params": [0.0, 0.05, 0.1, 0.15000000000000002, 0.2, 0.25, 0.30000000000000004, 0.35000000000000003, 0.4, 0.45, 0.5, 0.55, 0.6000000000000001, 0.65, 0.7000000000000001, 0.75, 0.8, 0.8500000000000001, 0.9, 0.9500000000000001, 1.0], "max_scores": [1.414211021701559, 1.3207272490017348, 1.2288673638328813, 1.1386936499953102, 1.050271660712733, 0.9636737195231859, 0.8789801169403364, 0.7962806091647103, 0.7155588799977345, 0.6372823857090777, 0.5612310136559611, 0.43588823396825604, 0.41672215367261917, 0.3488170227719266, 0.22572651350457015, 0.2222394292970663, 0.1636162194462859, 0.10545475118926584, 0.05280101807315704, 0.015000687787142104, 0.0], "opt_settings": [[[[[-1.638899768739062, -0.055038007510245596]], [[-0.2495157054670912, -1.415249324774939]], [[1.6084369224262849, 3.137708161051364]]], [[[-3.126616196609887], [-1.5719680870252646]], [[1.553452168632643], [-0.001256489337719434]], [[-1.005996532512283], [0.548729730907844]], [[-0.7483140757471909, -3.1574360066848657, 0.20317799347702778], [3.87315341929105, -3.090829778117604, 1.826408445851655]]]], [[[[-1.6126167644101514, -3.1120519837533434]], [[-1.5680743876401417, -3.103018684025777]], [[-1.538476558755934, 0.0323212937415486]]], [[[0.9208122828109423], [2.492642289169369]], [[1.1267410510123346], [-0.4450840713116371]], [[0.3351719190249122], [-1.236655507357515]], [[-1.4041293195267863, 0.3232573366310653, 0.4481275009326082], [0.10449848133115514, -1.2128849105249613, -1.1172693365566493]]]], [[[[1.5867969549968155, -0.09405411806720129]], [[-1.5733258517857704, -0.0011204617487571582]], [[-1.3821598214577213, -3.0280096120769877]]], [[[0.6483572922261513], [-0.8348088607678749]], [[0.07742418261974336], [1.5602727758353963]], [[1.1207584035604512], [-0.3619015804308287]], [[-3.220573035948679, 2.3027764965628656, 0.29790187060486434], [1.4580617777078373, -2.358986403822409, -1.0914053807709052]]]], [[[[1.6351619399939439, -3.109002079936571]], [[0.6167461768500868, 0.9939204612322394]], [[1.5686613757385752, 0.0003037140000398354]]], [[[-0.3613687781010903], [1.1919458925355315]], [[1.5825724661838447], [3.135627933480981]], [[-1.0043865691117622], [-2.55754973017309]], [[-0.39184870348872175, 2.920833342333118, 1.3632389006341719], [-2.0102667788315993, 3.3398583510335786, 2.929128204357752]]]], [[[[1.3465847149720078, -3.0603401403102564]], [[-1.5910206658382064, -0.03812192341398704]], [[-1.5253802999039874, -3.134499271373281]]], [[[-3.344418119105911], [1.3688448183909896]], [[-0.6802883961821796], [-2.249886895108846]], [[-4.218784325374197], [0.49238147650945896]], [[0.8757245004697802, 1.4513858389569059, 1.29950180327702], [-0.46061907807313096, -3.2301497488268436, -0.31648796675250046]]]], [[[[0.21262067686458186, -0.11707279503603385]], [[1.4358069260811197, -2.9293776934938123]], [[1.4326510980762024, 0.08074156361605403]]], [[[-0.0035923718498337876], [1.3858496795406778]], [[-0.3282748993655769], [1.059972227613559]], [[1.4073226594736081], [0.011057596042950018]], [[3.224860877425917, 2.8270360326465336, 0.6577145430215365], [-0.12371777122507849, -2.011636691087738, 2.3805743498680356]]]], [[[[-1.571603414425687, -0.023215328295928487]], [[-1.2956665771082185, 2.99813571417468]], [[1.5836175644086292, 3.1184876066043876]]], [[[-1.9047129215712102], [2.7501882487816816]], [[0.30274759520081057], [-1.3223096336470694]], [[0.8877682871766834], [-0.7399609077726897]], [[-0.4249467760569822, -0.3105437165989398, -0.08835716125005448], [-1.9895298188886563, 0.9166233388219035, 1.5049998415914818]]]], [[[[1.615889797070795, -3.133576632901987]], [[1.5383181555998546, 3.132625196704308]], [[1.6326020427747239, 3.038758496948567]]], [[[-0.4664748953376697], [-2.04621538321405]], [[0.7728048335503329], [2.352556392460186]], [[-2.7061394502118676], [1.9925774736275146]], [[-1.9199522271615486, 1.534250594779431, 0.30160753169903626], [-0.27752090478075386, 0.04603420753896339, 1.971481660118913]]]], [[[[-1.4677607849046492, -0.08884612544544905]], [[-1.9710430486037598, -0.5797816848122699]], [[-3.2859924716547124, 1.0212298880556703]]], [[[0.26673558426032307], [2.1734529124135906]], [[0.12081447061821729], [2.039687068420414]], [[-0.006531131976326629], [-1.9288227844246362]], [[-0.897359739580339, 2.284230554862111, 2.9855416037835347], [3.3835291004216557, 0.3135793351003746, 0.06577266480693283]]]], [[[[1.6334306446360998, 0.23899137020642636]], [[-1.6254031022530466, -0.08229895517512953]], [[1.63284883706489, 0.3090843577508647]]], [[[-0.15910530892031302], [-1.804825683834153]], [[1.7309800234942154], [0.04323083455369953]], [[-3.0297516972465606], [-1.3842484232003487]], [[2.22508415096649, -1.0223523237596737, 0.7971550406022225], [0.4898961244053664, 0.7651701242483132, 2.5801527859971642]]]], [[[[1.443384889880108, 0.18658357315796217]], [[1.7149154993473321, 3.0946057427384646]], [[1.5694706771575873, 3.059433886800877]]], [[[2.7869607845929036], [1.4019713558634042]], [[3.756146126988698], [2.3914297837221423]], [[-1.796656205800691], [-0.441204015486412]], [[2.0891423987082693, 0.09296645255971432, 1.1416782361811857], [0.5739429148079839, -1.649342384382748, 2.676174319429482]]]], [[[[-0.26598362977541723, -2.0602694648735347]], [[-3.2567394315531684, -1.2047832034572525]], [[-0.7347056179056051, -0.03604441068894703]]], [[[3.132345956767511], [-1.8983747793614218]], [[-1.3451387470332066], [0.05341882517387088]], [[2.958327498389099], [-2.1412617471293443]], [[-0.056664711245237774, 3.017105521814353, 0.052485597140709495], [0.04508729865336028, -2.6391255883026417, 0.508577478487095]]]], [[[[-2.0091536211456944, -0.27982655727165767]], [[2.3603928778874548, -0.5877867695131701]], [[0.7490881417569386, -1.0596290589942432]]], [[[-0.36092976464678134], [1.0124550863283353]], [[1.4927688134398136], [0.18342517884948042]], [[-1.3207820178454674], [0.07207466679966647]], [[-3.241163872962492, 0.5085171466377904, -0.15271294452014464], [1.2029681770277525, -0.6101460967241368, 0.6254755380403524]]]], [[[[1.7277129582864454, -2.9141703358371682]], [[-1.7210626785015442, 0.48528723661508105]], [[-1.7700214072636389, -0.39144471056354035]]], [[[2.428627606297336], [-1.9791014647315308]], [[0.2327360402442407], [-1.4322747725438458]], [[-0.39114380459171066], [-2.1249844016056283]], [[2.752906000319172, 0.6978149507705107, 1.4997412959927794], [-1.5781567083938637, -0.8040272841724756, -0.5130579212960159]]]], [[[[0.010458109476423715, 2.0020873634742977]], [[-2.9828790854151355, -1.310603097630824]], [[1.496015147189731, 0.3523268507599336]]], [[[-1.6234028601048347], [-0.03852737229886318]], [[-2.004405679456004], [0.08330264087418102]], [[0.8256537253478345], [2.7575550909260116]], [[2.49125351609889, 3.0862940294861567, -1.073558964936831], [2.864880193504855, -0.34394631305031764, 0.1796060286835863]]]], [[[[1.1547251296307282, 0.020700526887811353]], [[-1.3379467079185337, -0.36623248182915785]], [[1.1253234308515954, -2.625834403218534]]], [[[-0.600156888041401], [-2.693043048755221]], [[0.0764253208169234], [1.7828496044807498]], [[-0.8631977700747616], [3.1185982897160454]], [[-0.7316657400167316, 1.6314059609840432, 1.3622112992506072], [-0.52493384685189, 0.34326347542218516, -2.3779237567855636]]]], [[[[-0.7855005031084814, 2.360094082957044]], [[1.0286478751208263, 0.12004374872697654]], [[-0.8050058524869409, 0.5372867874847906]]], [[[2.216653997581935], [1.0531102540693567]], [[-1.47648760438539], [-2.7539028637739107]], [[0.03731945645710942], [2.167711131527121]], [[-1.7549296208192977, -2.7466606682745636, 1.7809501541003556], [-2.9736345077804325, -0.15802647059654956, 0.17972297127319656]]]], [[[[1.1063546757051754, 2.196095449242037]], [[1.7411871024888355, 2.915236229693757]], [[-2.4072100935553267, -2.480962038626245]]], [[[1.9010592485053386], [2.925950900692402]], [[1.1457082074721843], [-0.7854900034362072]], [[-0.05865221387575063], [0.6780083402193484]], [[-2.251555083319249, 0.06945131949911416, 2.742876019958996], 