{"noise_params": [0.0, 0.05, 0.1, 0.15000000000000002, 0.2, 0.25, 0.30000000000000004, 0.35000000000000003, 0.4, 0.45, 0.5, 0.55, 0.6000000000000001, 0.65, 0.7000000000000001, 0.75, 0.8, 0.8500000000000001, 0.9, 0.9500000000000001, 1.0], "max_scores": [1.414213562371863, 1.326384702579863, 1.2397043771968206, 1.1542201584081577, 1.0699844836944132, 0.9870554829567455, 0.9054000714255404, 0.7568839908936511, 0.6851496353394301, 0.6698356977576944, 0.5946026294270292, 0.520683011376801, 0.4304548040808567, 0.37981923846342047, 0.2915260756936009, 0.22762450843203388, 0.17056586482636765, 0.11899378158953133, 0.05926147510377479, 0.017373052152585455, 0.0], "opt_settings": [[[[[1.5850927946045912, 0.057910917647659294]], [[1.5403396029773306, -3.100042374685765]], [[1.597413114612939, 0.12226579040295399]], [[3.7803670640265277, 0.21038884480697198]]], [[[-1.4950717769931237], [0.06866730100014747]], [[0.019128636225759086], [1.5810160727080411]], [[-0.34342909937914085], [1.217862193171656]], [[3.1600102882703687], [1.597566459024044]], [[2.4617387479192363, -0.7828180736820657, 0.3670683311653527, 3.428101281870068], [0.8227779994846522, -2.3871175416769534, -1.064866434874694, 2.792519535930429]]]], [[[[-1.4275837307627646, 0.06108141699159986]], [[1.5024799313279462, -3.1122846934835886]], [[-1.646411370909788, -0.08233920552429232]], [[-1.4992118810416732, 0.029746245027836585]]], [[[-1.7594786832104512], [-3.320308143393403]], [[-0.11025326750463078], [-1.66781992410785]], [[1.7111414319290694], [0.1520291729729021]], [[-3.23767565728549], [-1.6800704114758207]], [[-3.67810388275286, -2.25819533692683, 2.231790187021047, 2.4879195670596994], [0.90615747032624, 2.46403784120863, 0.6171292628436115, 0.8601634308609812]]]], [[[[-1.6109941761987425, -0.10195221667616503]], [[-1.5490551057958306, -0.02601828437358949]], [[1.5253213068113538, 3.007686152315914]], [[-1.5599804468876401, -3.099834086176393]]], [[[1.0407882695561192], [-0.4555078556131187]], [[-2.1144507267279837], [-0.6187587521542031]], [[0.7241585476695009], [-0.7727201185645283]], [[-1.8201052182873276], [-0.3179777819567525]], [[-0.24072013270415005, -1.727500723305354, 3.12755046647488, -1.0491106531736856], [1.2073059431560644, 2.8692844272429805, -1.50323435519588, 3.6087594961755323]]]], [[[[-1.586231826589531, -3.1332020798488096]], [[-1.67355322607202, 3.079994127772527]], [[-1.5074625380018847, -0.0840028080330465]], [[1.6017458122208328, -3.047603573983833]]], [[[-1.466582452454723], [0.13332028007465302]], [[2.830760226565496], [1.2400836117192766]], [[-1.5919738255646567], [0.007977459265673285]], [[1.0180091860613714], [2.6096823455402043]], [[-0.707307002956373, 2.063620682505281, -2.3719917454951194, -1.833106974639024], [0.9345421230020031, -2.702526071091836, 2.3922242598085632, -3.357059126448416]]]], [[[[-4.125688805522272, -0.4492274969324153]], [[-1.9269452432793412, 0.33504081558754484]], [[-1.2146913604032024, 0.4021748776893836]], [[-2.335763670953238, 0.9067033648405086]]], [[[2.1542606493189753], [-2.95943352805844]], [[0.9539303407153603], [-0.22961031569785992]], [[0.19011357265656023], [-0.9702382648449073]], [[2.999059044231527], [-2.0995952198404217]], [[2.894231396772261, -3.428698648044943, 0.23756756694110245, -0.04564074374305461], [0.9041716243471298, -2.0029935644973036, 2.3159331557101805, 0.6702672025879507]]]], [[[[-4.219809684214028, -0.4001728243620127]], [[1.7369341932882394, 1.1939501250033477]], [[-1.3282440022165019, -0.266430104532516]], [[-1.1302067653430026, -0.10468287356493507]]], [[[1.7355085592845225], [-0.011283983352404336]], [[0.054772535017759034], [1.8433514520283]], [[-0.8157254696987949], [-2.597918884501264]], [[0.25214945353173984], [1.9902381977364874]], [[-2.478006549515387, 0.4300971118330056, 1.7152389609623746, 2.2167076729305135], [-0.5345161933208219, -3.131921831846824, -2.9992136230556334, 0.2758606032609727]]]], [[[[0.46282312129899583, -1.8218316041954665]], [[-1.1546327266986105, -2.763939296516744]], [[0.6735921739959236, -1.3542030950502]], [[-1.0339308500597182, -0.31307946487192934]]], [[[1.2988532120523868], [-0.02365301738062626]], [[1.7566469156401932], [0.42674893685555393]], [[3.1118245879692292], [-1.7430680086316643]], [[-2.221188123589247], [-3.540530276132232]], [[-3.1746486916412096, 0.9337090102312925, 3.1222616262284317, -3.106915981311644], [-2.8938257347144747, -0.012984373803438205, -0.3672526359772623, 0.9937303230371051]]]], [[[[1.9529886478467797, -2.795131855357543]], [[2.74694912541538, -1.5651899782645127]], [[1.4294604354285854, 0.18504131988008793]], [[-1.6618926423973044, 0.03230335894697819]]], [[[1.8329998964198864], [0.3375030560632383]], [[-1.407819995275555], [0.019934574663865202]], [[-0.15997453121668873], [1.2570591192481995]], [[-2.6619591527990987], [-4.050457064283296]], [[2.202375596515094, 0.1334442500003826, -2.4921311023087043, -2.875285646809338], [0.1412438863463616, 0.10377982449329466, 1.9775157975680935, 1.8326935410624388]]]], [[[[-1.2597522357476985, 0.26799381778173204]], [[-3.147736684953883, 2.0265218097117352]], [[1.8140206823201919, -3.1065672847180603]], [[-1.276590370334493, 2.670151503859353]]], [[[-0.8018389629555734], [0.7068043252223768]], [[3.156544172435217], [-4.68320743127214]], [[2.352689539194847], [-2.4478425327111912]], [[-0.2928267786650989], [-1.891714464556813]], [[-2.87868851278981, 0.23485253433844144, -0.08968519558337762, -0.7986024227611287], [-1.6146783310005677, -2.9910520918996224, -1.4204862825215765, 3.222826572109141]]]], [[[[1.761327776091159, -3.001503395072976]], [[1.6766942334347843, -0.22073829312558593]], [[1.6086109789508092, 0.13362992333893178]], [[-1.5272745871442779, -2.9896066631173768]]], [[[0.9644545913021926], [-0.8589256714847217]], [[1.6446287545921097], [-2.776428208492839]], [[-2.7730349834913266], [1.6446414874496424]], [[-1.212033882767499], [0.653076998576261]], [[-3.0765197167082774, 2.645160333309646, -0.8510898835695442, -0.3996911662664605], [1.506524489883018, -2.1672287587409467, -2.0310053808362674, -1.775252572122983]]]], [[[[1.8720698087632566, 0.10118977688044067]], [[-1.941119306443985, -0.29780746453529305]], [[-1.9601112424872602, -0.0829173650871741]], [[-1.6354075179801475, -2.9686324088089218]]], [[[-2.343893154031962], [2.42560020377527]], [[-1.5637348983126245], [-0.16671376726104944]], [[-1.0540715498317144], [0.530576966311261]], [[1.5961365174036295], [3.0436450845754925]], [[-2.9406900734729, 0.7088740923359447, -2.863678963920183, 2.32574256820962], [-1.529401278284227, -0.44629903439127583, -1.2992334634485974, -2.2366314899567294]]]], [[[[-1.9365744278353287, 3.0133634299709855]], [[-1.4955784445022906, -3.0290211047233724]], [[-3.2964197172774927, 2.787053544327098]], [[-0.6732620936015709, 2.5598084439885462]]], [[[3.7523170816681537], [-0.4814674615635943]], [[-1.4354713804416075], [2.9827211402067806]], [[-2.022792363864673], [-0.048305224308478424]], [[0.05149659646142789], [1.987205086257143]], [[2.1643482243104892, 1.2203451732954391, 0.46044097230506636, -2.660835578780064], [3.03805556373515, -0.7992469191317834, 0.21896610715574022, -0.1780724197014358]]]], [[[[-1.7625260927663315, -3.0698359046931825]], [[-1.5445060279364191, -0.40255426664700067]], [[-0.17342601522671752, 2.220452769487531]], [[-0.9713511145445735, 0.1999323680581057]]], [[[-0.85807384600146], [0.9549845388131635]], [[2.654948998235939], [1.3348550379668762]], [[2.9103166633089628], [1.6151731366621478]], [[0.21924119986025575], [-1.5833998354185537]], [[-2.901187774917068, 0.8177705707059062, 2.630417752655494, 0.2444631569382227], [1.2652675008666312, 2.97783567304391, -0.48380488020459944, -3.468845324753352]]]], [[[[1.7136799041787307, 1.9560447599041415]], [[-1.6687986732168927, -2.847313841580951]], [[-3.5676663157455604, 0.1681746398056351]], [[1.3329848591583047, 2.813654365118084]]], [[[-0.3437305270945891], [1.538050909841119]], [[1.0876765110127904], [-0.6959399295216896]], [[3.117105800440579],