{"noise_params": [0.0, 0.05, 0.1, 0.15000000000000002, 0.2, 0.25, 0.30000000000000004, 0.35000000000000003, 0.4, 0.45, 0.5, 0.55, 0.6000000000000001, 0.65, 0.7000000000000001, 0.75, 0.8, 0.8500000000000001, 0.9, 0.9500000000000001, 1.0], "max_scores": [1.414213562372222, 1.2777493166313239, 1.1576824045536165, 1.2091978305951523, 1.1675556406976528, 1.0171495643642785, 1.02114094051031, 0.8711658956025476, 1.179629058050495, 1.180684562527944, 1.1877954689640622, 1.1855461602978152, 1.1835732475263698, 1.1761706904126665, 1.165808748071223, 1.1484672780429168, 1.0988265345497297, 1.0954708758964942, 1.0671879795306318, 0.9757351298591651, 1.00006103515625], "opt_settings": [[[[[-1.845527158406517, -0.7467057210958009]], [[1.551949704623673, -3.019321110088276]], [[1.7235143743380799, 0.6241562014309406]], [[-1.4036906961047628, -3.032684017465031]]], [[[-1.4443215935437805], [3.1125365227496973]], [[0.4621961885379352], [-1.2645030421019117]], [[1.4180616769740948], [-3.1368330746347475]], [[1.0860863659138245], [-3.468808000438924]], [[-3.5162772200062933, 3.3864558633957973, -3.6239152858656314, 2.0020272898958655], [-2.7298305283218776, -1.086356984860144, -2.6989095943922954, -2.7998781105042463]]]], [[[[-1.6798098024662345, 3.1226210849481504]], [[0.21991372845626023, -1.7221684443641625]], [[-1.5178108856985613, -0.023905303364171543]], [[1.6663876633286332, 3.1255349250913587]]], [[[-1.4348101106329954], [-2.954231126078881]], [[1.577418509834072], [0.00019105136513625776]], [[0.833440954067051], [2.351824519568111]], [[1.0452362245157898], [-0.537320758512473]], [[-2.1722282096803607, -0.05934599677655256, -1.5761749310949125, -0.2203090748939376], [2.4832670477885808, -3.0946103236494733, -0.04504347094900248, 1.2837703856638065]]]], [[[[-2.7170614999988114, -1.0232618502865662]], [[-1.7675655852425551, 0.1142552493482538]], [[-0.359490030641648, -1.3303435807936328]], [[1.6088103372571483, -0.010557295800399538]]], [[[-3.194729799106995], [0.781682258474879]], [[0.9379075432219709], [2.720090325751057]], [[0.005466424552299776], [2.1108755975961784]], [[-0.27659099404497145], [-2.062556240903027]], [[-2.660072862417973, -1.9722515080109717, 2.86936615108194, 2.056894305194765], [-0.0528094598939341, -0.18042192601585394, 0.013608780506454013, 0.36260672752758644]]]], [[[[1.6610785058516935, -3.134092936111845]], [[-1.327796301219346, -0.09464357233046287]], [[0.6252248848746234, 0.89669572031064]], [[-1.5521729535749296, -3.0353076751252397]]], [[[2.596304132987018], [1.1243794022479157]], [[-1.5652490413919629], [0.1082429896918116]], [[-1.6244404144165951], [0.02313814014857149]], [[-2.9934955313831657], [-1.3273724280964483]], [[1.2686015249086633, 0.6251500696272809, -0.21359053189777402, -2.097214602654169], [2.8647864317704936, 2.3877394792314925, -2.857583622606393, -0.6310732592466726]]]], [[[[1.8571789166228627, 2.5869486807842375]], [[-1.2106783343726606, 0.4122910104111685]], [[1.4914295699342897, -1.46441385715293]], [[1.3075793718420825, 0.39926951525573656]]], [[[2.9555332985006855], [1.1657818686813004]], [[0.6302457408422641], [-3.2129812926797756]], [[-3.1511945348545773], [-1.4597578963530067]], [[2.7224440513313457], [-1.1633915020586292]], [[-2.4127760125500997, 1.7247992899244287, 3.086500542552836, -0.06649339762431662], [-0.25628491739050147, 2.8357229687007717, -0.13659511647620368, 2.467061909441086]]]], [[[[0.6973561814140293, 1.619763597575369]], [[1.0307214348925287, -0.4496178417676352]], [[-1.268241570487413, -0.15155199896627783]], [[-1.3504310931027164, -0.2197865839268478]]], [[[-1.7896508738252146], [-0.016816402615501696]], [[3.154614616226094], [-1.27755418431324]], [[-0.6274933792516167], [0.8846258081705088]], [[1.9593519959763253], [-2.4848314692995377]], [[0.16604932397819602, -2.3265659031306902, 3.054043321777468, -2.911229461855408], [-3.055360065740547, 2.6304240265228236, -1.814145539241978, 1.848629944541022]]]], [[[[1.1707518938151404, -3.085306509779753]], [[1.5758067137451852, 0.025948627773798538]], [[-1.4126726878167335, 0.02536750553156807]], [[-0.8793063856457667, 2.7053974374340934]]], [[[-1.1318107772585313], [0.5959271329644731]], [[1.728768057974226], [-1.804055083588344]], [[2.921619896924996], [1.1011454967296657]], [[0.093972289778989], [2.6072806554744883]], [[3.2704632343379374, -2.6942109961635845, -1.8345239390765753, 2.075596410965774], [-1.3171537693488367, 1.5224304951716303, -0.5322292048891949, 2.9102301537479156]]]], [[[[2.3002654984500865, -2.284825824346751]], [[2.538988029095333, -2.838794593454821]], [[2.0670031180434227, -0.01537705987664463]], [[0.26480821503011265, -1.431593798453743]]], [[[3.1373336702413654], [1.4132246840860927]], [[-2.511293278893419], [-0.04289695745886514]], [[0.7752670464479792], [2.2105094101386773]], [[3.0235434080908146], [0.45883138256400097]], [[0.20463911381515404, -2.477038843075824, -1.350303588074399, -0.4329002241494844], [-0.2718577443879759, -3.2747961494089837, -3.0587127416240114, 0.046172820720258634]]]], [[[[2.9841538036937236, -3.0113612404432497]], [[-0.3153690949341711, 1.8612230166020636]], [[-1.0115334902995907, -0.04793032265452274]], [[-0.6625665957507982, 2.11072769068327]]], [[[1.0272891098973365], [3.091327012897887]], [[-0.40093827153216205], [3.120118964401955]], [[0.9103444745492661], [-1.0006186540988329]], [[-3.096329670894253], [-0.2414607015397286]], [[-2.7436100254224107, 0.46902475054737414, -0.22533007610481653, -0.7990090272327588], [-3.0448990917053664, -0.06718680033352531, -1.5870772738412178, 0.011810767762047187]]]], [[[[-0.13751868267642556, 1.8419269517831107]], [[-2.904821891573544, 1.6986014382260457]], [[2.117746242392113, -3.017615233273822]], [[-1.4267101563982396, 3.1099615858850096]]], [[[2.023511250035631], [0.01828694262277141]], [[-0.6723786702455726], [-2.8327958204807957]], [[-2.196781116169176], [2.065856227155733]], [[1.9728022252743422], [-2.0512693189067703]], [[0.5222348772965351, -1.7598992333051546, -2.4470229594670982, -1.9876467931370758], [-0.7439544031514148, -0.12131724345668957, -1.4358252406425376, -1.6435074539225323]]]], [[[[-2.0562691108349544, -0.19618011815355435]], [[-1.841790498956032, -2.422175572294337]], [[0.8820073444268036, 2.5094785075266093]], [[1.162191765381845, -1.062908405253524]]], [[[-2.7731949441784938], [1.3016708104617143]], [[0.28106586228269087], [-3.2041392997146327]], [[0.43781001426717425], [2.3546565339456142]], [[-2.6224262136632377], [0.12419232482529621]], [[-1.6188721453428965, -0.15735793717341945, 4.679925870200144, 0.7855649632809478], [2.1649909978284847, -0.019021644882789044, -0.1277585918727621, 0.1448869959960394]]]], [[[[0.13238277491193676, 1.6756593782425246]], [[-3.0117556010723168, -0.9367314033609968]], [[-0.6733372916105488, -0.030025028723402552]], [[-1.4706362436564733, 0.9084858396685118]]], [[[2.587662459311483], [0.028651936901199413]], [[2.9999693769600406], [0.724138761606042]], [[-0.4681701138560949], [1.356557090357125]], [[0.6271912576424016], [-2.770863933559935]], [[-0.4604926361569802, 0.1454697607455568, -0.10387603087915837, -0.21510926462866523], [-0.32025054873082787, 0.134561253861875, 1.2531958548031974, 2.7221471408838753]]]], [[[[0.26079082411128685, 2.1365153822834535]], [[-1.7314780530408056, -0.2219477347630468]], [[-3.1514593134953444, 1.2816505422210651]], [[0.360853864333524, -0.46121838394332954]]], [[[-0.2618161772723147], [-2.8874590704703764]], [[-1.4117271514918786], [1.9526497457902712]], [[-0.8799497168970286], [3.088553892481259]], [[2.618080090776612], [-0.19827440446081213]], [[0.07179831962978432, -0.41230317184767984, 2.2777186382853944, -0.5120916129897193], [0.08932686997224071, 1.3557537967496738, 0.8544482920296447, 2.8924725346637556]]]], [[[[-3.329373898570853, 3.0434796022320687]], [[-2.8591466170800297, -2.892338818633675]], [[0.5202015776130074, 1.376560003791605]], [[-2.3924076074226264, 0.04039967355924849]]], [[[0.8606760315366269], [-3.04863670832882]], 