{"noise_params": [0.0, 0.05, 0.1, 0.15000000000000002, 0.2, 0.25, 0.30000000000000004, 0.35000000000000003, 0.4, 0.45, 0.5, 0.55, 0.6000000000000001, 0.65, 0.7000000000000001, 0.75, 0.8, 0.8500000000000001, 0.9, 0.9500000000000001, 1.0], "max_scores": [1.4142135623730954, 1.2377666585220168, 1.2288673638328815, 1.1386936499960874, 1.0502716607119464, 0.9636737194461928, 0.8782754350122863, 0.7962806081121483, 0.7156763478962538, 0.6372757773674509, 0.5612225648165192, 0.4876757364416927, 0.41679713377219363, 0.3086734127650266, 0.2651631700956366, 0.22248926973566113, 0.1512778732407409, 0.10826664528340174, 0.051317429121687116, 0.011602062670597614, 0.0], "opt_settings": [[[[[-1.6388580959351209, -0.049080487742895626]], [[-2.054839180951216, -0.7974841733497664]], [[-1.6047424887262214, -3.1172658010537173]]], [[[0.16151850285559852], [-1.3515193953262519]], [[0.026788694479095307], [-1.4863611127776715]], [[0.42746310256921577], [-1.0855883750576678]], [[0.5668034104541138, 0.3175345231521248, 2.8164354563788905], [-0.9410223334074517, -0.40892823500825676, -1.904598732700808]]]], [[[[-1.5743914234396499, -3.1384914375852864]], [[1.401888758806272, -2.976662081640865]], [[-2.935672507825916, -1.6530504431981208]]], [[[0.31641679024030867], [-1.4972071509334741]], [[-0.5125927072482973], [-2.3262148915433025]], [[-1.3269971614325782], [-3.140373296408956]], [[-0.5281332613850742, 1.3799626254128277, -2.9686936163148836], [0.9569295543072106, -3.2717328291258503, -3.13886418669748]]]], [[[[-1.5673267592620779, 3.1397982559534032]], [[-1.4208468800626102, 0.13125475398640524]], [[-1.5755309624840659, 3.1407453845129196]]], [[[2.5439713053007242], [1.0125000295992361]], [[-3.2170866998801384], [-1.6856153945441628]], [[2.8795812612337732], [1.3477258432865151]], [[-1.3612975532742428, 2.5340903424548618, -1.0541287130645594], [-2.936515036419827, 0.7871097373719887, -2.566655280890061]]]], [[[[0.7399957087882628, -2.1294671469658173]], [[-4.0722811357840705, -2.724237318882285]], [[-1.367964930899374, 3.016505404609601]]], [[[-0.011912966061928402], [-1.303831067081808]], [[-3.0258566905606816], [1.9570980559454898]], [[1.063587859313649], [-0.22834482200574865]], [[0.20403255285977495, 6.566701343903394, 0.3942776018104555], [-0.1972356513893333, -0.6908698742412323, -1.116099964338943]]]], [[[[2.159865490637675, -0.6119535208544685]], [[-1.5956094720342984, 0.02973974470491828]], [[-1.6404875487962902, -3.019051427120534]]], [[[-1.8169765241620206], [3.0086732500840965]], [[-2.4062878615893233], [-0.9537914515244589]], [[-2.0541418188945157], [2.774848761293995]], [[3.3783706850638495, 1.6555545664802327, -2.823268409314613], [-0.6254305787489093, 0.1548062594165322, -1.1461057061353617]]]], [[[[-1.9573206329769586, -2.7658825860798295]], [[2.0699766965317274, -2.423360028570507]], [[-0.5779125404922759, -4.194851851473385]]], [[[-0.4533041036371409], [3.5768208958788925]], [[-0.7173687908117833], [3.316043120946178]], [[-0.8372545142081947], [-3.085494759777364]], [[-1.3285230417047367, -1.067373041334862, 0.4433831050739107], [-0.03571389742051562, -2.981898187771279, -0.047333521371390325]]]], [[[[1.6208777113863413, 0.16667500161461873]], [[1.4854630007667082, -2.9734286644751013]], [[0.18233720052625343, 1.9504069307685044]]], [[[-2.8012605193997433], [-0.9558641255823778]], [[0.5935163448310297], [2.432792436401365]], [[1.836188373683934], [-0.006484277389640713]], [[-2.0365044436703026, -1.6360713798486655, -3.120416133345727], [2.8926330183522193, -3.039160546122616, -3.0908296949070553]]]], [[[[1.5038917727801142, 3.0417329118385363]], [[-2.2513047464306584, -0.5939072388280447]], [[1.410498628957798, -0.3043504245091645]]], [[[3.045118117292988], [-1.6957057660497923]], [[-1.7044507765859547], [-3.2293581503229554]], [[2.73361683589838], [1.1919218823579047]], [[-0.7125387705567722, -3.411655659927363, -1.0269599288481106], [0.9475532474001547, -2.5696162586174545, 3.3167476430647955]]]], [[[[1.188356649062716, 0.010087001695940278]], [[-1.675707696159775, 2.9735047018217418]], [[1.4661915666502725, -0.04223934656477283]]], [[[-1.8732618418853832], [2.901572769821467]], [[-0.5274087810504705], [-2.001494103019397]], [[-2.512814545885167], [2.2902766935709358]], [[0.34749186911099417, -1.1872507616032517, -0.0367659742832373], [2.2536004900990965, 0.16029468995171844, -1.772884396208976]]]], [[[[-1.2469233726307873, -3.038994557942516]], [[-0.6369123629782866, 0.5198404058500461]], [[-2.6888277252993373, 1.1101647501421055]]], [[[-2.970962447672704], [1.847360889741631]], [[-1.6256471004227648], [3.106041940781127]], [[0.014169366052945047], [1.4388662265070276]], [[-0.5868202852656537, -0.2894322711523585, -0.2985197847113686], [0.9585495227428137, -2.852779806607499, -2.8678183118804457]]]], [[[[0.8224717496039148, -0.3313997428442659]], [[-2.676339364515893, -2.5874419049653126]], [[-1.510514881844463, -3.062844902349851]]], [[[-2.2672638823624474], [2.7955771373847527]], [[-3.0438821950794583], [-1.969914699209366]], [[-1.9561025752386383], [-0.7861738642952447]], [[3.159645272472904, 0.21770962881701814, 1.6516430735098573], [1.9784706599022268, 0.033095539193043734, -2.4889788857109925]]]], [[[[-1.6256722301365174, 0.22920608269725304]], [[-1.99161078753737, 2.573421413408641]], [[-1.8779239547481696, -0.27055963136466116]]], [[[1.6809336749002861], [3.154504937464588]], [[2.988156276058027], [1.5572234174160238]], [[2.297436607628954], [0.9025906267835749]], [[0.8951204795208217, 2.3816334932183287, 1.526924195847912], [-1.0467721761774345, 0.43724211001211954, -3.1027804286714975]]]], [[[[-1.4111561033484314, -3.101313559127374]], [[1.0309462808751557, 0.5129304164416201]], [[-1.559674843616968, 0.002548029715974505]]], [[[-2.1572321541579287], [2.078085557254138]], [[0.7313139733488171], [2.4334065204879445]], [[-1.5498825111853465], [0.4935647947380224]], [[0.044745461582021744, 1.6933555104175826, -0.030006042371156824], [1.6238825672683084, -2.947882028650098, -0.805173496753667]]]], [[[[0.6921108916800212, 0.7568688515229178]], [[0.36058817869769866, -1.7171663091728042]], [[0.8015552762390356, -0.9124544700438708]]], [[[-0.47851579267740546], [-1.1905938666532379]], [[-1.149974740201466], [-0.182237927472417]], [[-2.709526000280858], [2.4784596458591777]], [[2.584431378154548, -0.16632635981042765, 2.697845187565284], [-0.6425382052608913, -2.3389871718419335, 1.321946074161009]]]], [[[[0.22700807599954528, -1.4035529391322956]], [[-0.7075423336552057, 0.4605326025330741]], [[2.5902448945538463, -3.0656754920924167]]], [[[1.8294776226524225], [-3.1371248056325354]], [[-0.30604786662419803], [1.1226670202034574]], [[-2.2812875584602503], [2.9174646328177194]], [[-0.42719390166932913, -0.40125522544067116, -2.920457354924901], [-2.3208003396310146, 1.056341175642446, -2.281688709784373]]]], [[[[-1.8194433356541277, 0.14782833590074626]], [[-1.1462859790494357, 3.0264269836670854]], [[-0.9917684613376087, -0.14208909734579026]]], [[[1.863661764088409], [2.9830061913548978]], [[1.8573799249793235], [-3.2030235310786113]], [[0.6453279014102887], [-0.45861417147900746]], [[1.1571111408787937, 2.156426254494528, 3.0779726904842066], [-1.5560048977519692, -2.142297281246428, -1.63603113182792]]]], [[[[-0.4886392243720072, -0.3556477731578277]], [[-2.150012976168902, 2.8481953126912605]], [[-1.0545970256017663, -1.7601879161398681]]], [[[2.391168768183554], [3.176070467353387]], [[-1.8518107209208858], [2.0822257928658785]], [[-1.3863268668728734], [0.615037179482708]], [[-0.8998586887421088, 2.354392391583325, -2.185031484710493], [-1.389244300623837, -1.138540310001529, -2.5625668784020723]]]], [[[[0.45371287568503643, 0.07549508675910069]], [[0.7274317048366994, -3.091997823376834]], [[2.3424028994715806, 2.2910006910133056]]], [[[-2.4402047222263654], [-2.9928612203057807]], [[-2.494372209314827], [1.842041318467825]], [[-1.835107015695204], [-1.2431277502452285]], [[0.4866627968232758, 0.9414634487950746, 1.640443321348766], 