{"noise_params": [0.0, 0.05, 0.1, 0.15000000000000002, 0.2, 0.25, 0.30000000000000004, 0.35000000000000003, 0.4, 0.45, 0.5, 0.55, 0.6000000000000001, 0.65, 0.7000000000000001, 0.75, 0.8, 0.8500000000000001, 0.9, 0.9500000000000001, 1.0], "max_scores": [2.8284271247461907, 2.639865316429776, 2.451303508113364, 2.2627416976773547, 2.0741798914805347, 1.8856180690195152, 1.6970562748302256, 1.5084944664529583, 1.3199206408209756, 1.1313202301726355, 0.9425883559899537, 0.7542459199565634, 0.5644004684206977, 0.3597542743023993, 0.18106602770372102, 1.1102230246251565e-16, 0.15428081588207224, 0.37429353347852745, 0.5610846625406982, 0.7542451524244657, 0.9428089452374326], "opt_settings": [[[[[-1.7347348898726591, -0.7091207138326577, 1.877887427029182]]], [[[1.4737063738293086, -0.41230729013677214, 0.6526669662741158], [-1.663329853394421, -1.0978752719544904, 2.9404358293089325]], [[1.6307228814771315, -1.0756720078959858, -1.0881539473293076], [1.3854595000965635, 0.5722955873645947, 2.052819701070785]]]], [[[[1.5556997526563645, -2.0797869004257135, -2.487228758277765]]], [[[2.3620086781168115, -0.9131775327522043, 0.5637778848741631], [-2.31586258784122, 1.6472772993417355, 3.0752743755903307]], [[-3.273969121707782, 2.349866401230483, 2.686739152772753], [0.3133693227394044, 2.566173843202332, -0.9288277888449707]]]], [[[[-2.3121016921719577, -0.17303308592281205, 2.997809238641273]]], [[[1.5332697790864287, -4.032993260934775, -2.154072602369749], [-1.1954431031434902, 2.541102354252324, 2.6694598604406083]], [[-2.554948613311868, 3.039752502442191, 0.43821230333954836], [0.7795647508543879, -1.3665378173160005, 0.04166348146947256]]]], [[[[0.2139700325857792, -2.4239830105484566, 0.33898598511825245]]], [[[0.30982438215413005, 1.5349301328037643, -2.729485703681556], [-1.58566686561008, -0.0045548618373170025, 1.155234124829228]], [[-2.93572415855592, 1.8038134314153877, 2.7892017024147195], [-1.5535004521422977, 0.423533091682705, -1.2523545232464308]]]], [[[[-1.2749953959634284, -1.146776083926347, 1.9641004466613539]]], [[[0.630626618887401, 3.4817834072763105, 1.6264789860583422], [0.9934464798717292, -1.1842286011442766, -0.3811855731359963]], [[1.5975683586793135, 0.8851168595657479, -1.9947780296361806], [1.259227575050318, 2.439565138736556, 1.5117085535527854]]]], [[[[-0.37719500266724987, -0.7895408230055678, -2.400071315522391]]], [[[0.4356775420197301, -0.15526405233315724, -0.7456985910272013], [-1.7302409720909186, -1.3179614350812405, 1.6316710993434258]], [[2.629230224132018, 0.5634804684057496, 0.6868291000951783], [1.1984676715760425, -1.4348282417175586, -2.4305331339387335]]]], [[[[-1.813025227826117, -0.3694348830653086, 2.7834461192804176]]], [[[-1.6959935603693521, 2.4036793825463727, -2.9299717718348925], [0.03225177478952148, 1.7113776513541967, 2.2005955737252885]], [[3.081717355082758, -2.4031130458478023, -0.16594516134348908], [-1.5197591172230185, -1.6390409235570738, 0.1167085666455829]]]], [[[[-2.0050606387054124, 0.5910614303478139, 0.7010904096224038]]], [[[2.1911781908491306, -2.4154113384291427, 0.9177420873592741], [-0.6132192637357878, -2.222122228117028, -1.279790980915383]], [[1.688180488579634, -2.4759745795134616, -1.5834207128923277], [-1.0250304597176763, -2.3098816212570106, -2.3106552207183366]]]], [[[[0.6803394570822204, 2.3601908423017326, -2.128384559858277]]], [[[-0.38727411188008953, 1.9131415344250582, -2.585469228327989], [-0.8540002702931635, -2.977019599651193, -2.0736063088121286]], [[0.942199300981249, 0.38096235135585765, -2.225151914565983], [0.02762050314969309, 1.1486238651544798, -1.7101156619776672]]]], [[[[0.5495544249224165, -1.6895579640094198, -1.3713195261822344]]], [[[2.6942880289983107, -3.0659291096693173, 0.5124577362834448], [1.1118605166175177, 1.1996460829398645, 2.4894587245200555]], [[-0.0735643621919569, 0.5570478269491946, 1.913034343614462], [2.492763254041457, -2.0009470823709874, -2.5177217454096885]]]], [[[[1.5707074645121288, 2.346220125721819, 2.69333367614277]]], [[[1.1982631619465345, -0.40069824076105176, 1.5733441752380344], [1.8290206742903325, 2.0763473303644613, 0.8265611354453006]], [[-0.16211532004096113, 2.249136686950566, -2.7528950223594886], [0.6591930046310199, -2.4570064129106055, 1.6118980868849935]]]], [[[[0.6114998065156538, -1.1672346051217852, -2.2477325065017864]]], [[[0.8461873722032892, 1.472925050367365, -1.125619699206641], [2.758298680477128, -1.7311705618441071, -0.3404616648556953]], [[1.0979766794647423, 1.9325826182673504, -3.0007915894039656], [0.6532454277452914, 0.58201590534258, -2.7819984341198505]]]], [[[[1.8979711959127006, -3.1552463131506108, -3.1190843034313684]]], [[[-0.3215487842752995, 1.9284570439255808, -0.41956303457972716], [0.3931620300024736, 1.4735992230129198, -0.36059014081714513]], [[1.130361036880765, -1.337896299027904, -2.284106924413707], [0.8692653654931671, -0.584176528498403, -2.6844835961158404]]]], [[[[1.9453017347466106, 2.686363964413025, 0.8171570530459058]]], [[[2.74887300981143, 0.9559841609808037, 1.2270279726704025], [-2.183287695955852, -2.6592670094977473, -0.37893620661862526]], [[1.9124181443933226, -1.9419604870532856, 2.948726951394886], [-1.7003742716705517, 1.6389869373607056, -0.5936495498368419]]]], [[[[3.0588964762978397, -2.598415721832019, 2.745636316866574]]], [[[1.1116199902404236, 3.190108351429017, -1.715648612101397], [-3.066822349149407, -1.668221403421565, 0.15155245429171946]], [[0.17862791645816203, 1.5122585968221567, -1.3919237017461514], [0.9179188965988332, -0.24807489067676244, 0.32734964275669887]]]], [[[[0.1346620114367134, 2.342259917140616, 2.464351736618192]]], [[[3.116454532469886, 0.8377390658517232, -0.8419180455729562], [0.6098173828738864, -3.0924789601652716, 1.350104280809818]], [[2.558713008778006, 0.7861733160516957, -0.8174788751448991], [-0.6788614161928965, 1.1980458061206383, 1.0562274686822395]]]], [[[[1.7410235509488428, -2.53220539872512, 0.8710310450462599]]], [[[2.3870651227040325, -0.8732693890972294, 1.902502465441759], [-0.6238743315913642, -2.2112160583944207, 1.994397942501812]], [[-1.861600758360187, -0.8701225920673155, 1.1448054663742147], [-2.1914897990629014, 2.2931350405537083, -2.337610026049861]]]], [[[[2.233160226730321, -2.366146910494714, 0.33918413411345616]]], [[[-0.17707107719226817, -1.033832662991788, 2.4287531224421324], [-1.977301689909688, -1.343517656504244, -0.49183687301392665]], [[-0.6777386130015651, 0.277940877669473, -2.647899078773113], [1.0241009048955694, 0.34074099207605785, 2.0506661580556225]]]], [[[[-2.5517394480713707, -2.9124401475637094, -2.3525785001782764]]], [[[-1.9477179489017722, -0.7836814361526115, -0.30188763179283334], [0.7795856538693305, -2.8195350985758627, -2.8025832510504842]], [[-0.8530995905504529, -1.4701754501418998, 1.0387299913413184], [-1.4236623957359429, -0.5519585476727815, 0.5915775083551993]]]], [[[[-1.688688653774652, -1.64590513038295, 2.756753743577597]]], [[[-0.06603546199648334, 1.262199554824002, -2.617121515527313], [-1.7425501719578451, -1.9303374541747138, 2.913436509199874]], [[-0.3129587520411411, 0.5729545724587768, -0.2166702821924554], [-0.3233314343266632, -1.5628183564632232, -2.6033617210628615]]]], [[[[-0.3416874067874231, -1.8126412898940703, 0.47759745420085487]]], [[[-2.7514028778147295, 1.1425764167825934, 0.4450218230293852], [2.0662971624943443, 1.727465961123335, 0.5095273044098132]], [[-1.2307419858362494, 0.13383442027137823, 0.9754301521654805], [-0.7642682043086004, 1.564954195794062, 1.1397037037824438]]]]]}