{"noise_params": [0.0, 0.05, 0.1, 0.15000000000000002, 0.2, 0.25, 0.30000000000000004, 0.35000000000000003, 0.4, 0.45, 0.5, 0.55, 0.6000000000000001, 0.65, 0.7000000000000001, 0.75, 0.8, 0.8500000000000001, 0.9, 0.9500000000000001, 1.0], "max_scores": [2.828339111213123, 2.6962307829108796, 2.614829410771638, 2.401096177430034, 2.403412146812754, 2.49018122588443, 2.163967590772705, 2.3633626322226515, 2.301084809819086, 2.18638185843558, 2.223062049625505, 2.1846124651452485, 2.1407709198901466, 2.093621827595256, 2.0045593406319493, 2.0275025020628106, 2.012168305487924, 1.8047155041975622, 1.8538019898660214, 1.9545065892572806, 1.9998960830494736], "opt_settings": [[[[[-1.2318483650889087, -2.286303311808733, -1.5733287435922472, -0.5160924831614604, 1.5077596564059423, 0.24251726426591744]]], [[[0.46006012116944656, -1.80963715389692, -1.4660589644753534], [3.043356127031789, 0.11848137210523024, 0.30316490814587066]], [[0.8109860787219403, -0.6077253377628159, -0.5270979730270193], [3.032545058550368, -1.1109225971523284, 1.148985880423945]]]], [[[[-1.7198561077458128, -2.4921551541777465, -0.631743287108186, 1.177302398331319, 1.4049675976283247, -0.7700970707789103]]], [[[0.445819788735543, 0.39399446980265584, 2.8274984573076063], [-1.062594512142944, -0.6393345427310081, -2.6439031207448362]], [[2.8023579171807356, 1.493298890753114, 1.8280684699936023], [1.6761847695400527, -2.8783546123216794, 0.7613185088948908]]]], [[[[-2.5213067188139373, -0.2799221990955202, -2.0466099100164152, -1.2136904717644552, 1.3509587932127323, -3.5443642227311636]]], [[[0.4748348983523063, 2.079822456957683, -2.8564634329775376], [-1.3238601646526673, 1.825902997234254, 1.0053826608216978]], [[2.3814885010984552, -0.7207794302873509, -2.006388203887424], [0.7835711675811081, -1.2896796975909945, -2.183367622231511]]]], [[[[1.8566705222491857, -1.3817215382764132, 2.4819311225807352, -2.090100164652302, 2.162513738328639, 0.6737727493417462]]], [[[-0.9263536608263196, -1.6831589487400698, -1.6893397272521389], [-1.7801277044450274, -0.4428919707884756, -1.5432827650073002]], [[-1.367838990486665, -2.3737446650044, -3.097804120844322], [3.253820275996545, 2.203901128852447, -0.7242047618389913]]]], [[[[-1.6485631182520513, 1.2088909349173458, 1.4591800320407373, 0.07181948720711025, 1.5665763614149832, -3.1160920983396894]]], [[[-3.387429620804928, -1.3106936084273768, -2.32000593655222], [1.3692810737002417, 0.7520753867820719, 2.706020507831016]], [[-0.5619358384574472, -2.410275525319957, -1.1538133840143499], [2.2729237875182493, -2.2730722896834035, -0.5898508071683279]]]], [[[[-2.273108370022162, -0.05570201466227803, 0.13460539310784828, -0.6124276116376379, -2.537191687939198, -1.6984492790182584]]], [[[-1.0126770152276017, 1.82324941190717, -2.4191023403559795], [0.6608015330031934, -1.261401174533456, 2.1985313225319203]], [[-1.80922977791041, 2.345006435929234, -3.010825496820789], [2.117645192631456, -0.8646816160660594, -2.6266441443153923]]]], [[[[1.6545931056802434, 1.520985809506046, 0.7426778804459903, -2.4045821010585753, -1.4212040173561467, -2.5771065169190868]]], [[[1.1695053002886213, 0.8906325803964945, -1.8780883021725887], [3.130367972440357, 0.675437781589494, 0.542028813174114]], [[0.36037933475138806, -1.7560701254405424, 1.8762417987978939], [-1.8697974037708978, 0.0024453498469103243, -1.1313578550755667]]]], [[[[-2.6780704396373847, 3.2146382123729644, -2.92221121203955, -1.5254844197216468, -1.3646163817887453, -1.7849075861927244]]], [[[1.2688085180898052, 1.5037807917900623, 2.198348101388091], [-3.533122982315267, -1.5270977707517666, 1.5957666207637908]], [[2.9116711846515355, -3.5340487488381127, 2.9210841194245045], [-2.7563013833327292, 1.117010746816877, -0.08670519465416548]]]], [[[[-0.9325371034894893, 0.3763790471774079, 0.026806366395841084, 2.409647825768538, -0.3430667411449266, -1.4272563324114724]]], [[[-2.8657630499654987, 2.2895747850452093, -2.089097876715604], [2.173786843171093, 0.031657519587679345, -2.9785833187341053]], [[-1.9479443098447933, 1.8056676023975762, 2.778976246359594], [1.7098466745431764, 0.5631376018888152, -3.1063144001563447]]]], [[[[2.08891506118574, -1.0543510958896716, -1.099295919196064, -1.4084938225440429, 1.0828082484986512, -2.51969269586442]]], [[[-2.682533840234692, -2.2930054731019043, -2.9906839496416144], [-0.37863066014979163, -0.7919600403548579, 1.7840146181696843]], [[2.466819891381571, 2.5746343981051565, 2.6181254724179457], [0.9960625043280884, -0.44941424232895966, 1.3486249178897936]]]], [[[[0.48666894676190536, 0.06899177979479405, -0.2506131699765063, -3.1508672487872, -1.4830245404694604, 0.2037178967168658]]], [[[2.7070016443798037, 0.09478408787477222, -1.505453416657522], [-0.19647874774703744, 2.127581610144337, -1.2780225529536715]], [[2.444616478306411, 2.2753317490718983, -2.6211370399315834], [0.6828136393792362, -2.7610838687206867, 0.26474390253859115]]]], [[[[0.4755466054687752, -0.22573921468577024, 1.8557662184456307, -1.173675678045264, -0.7213076719767259, 0.3527457001017199]]], [[[-2.1710040530404364, 0.04000726414315823, 0.0714521116731306], [-1.6723937928455046, -0.053922917536336906, 1.383515440214448]], [[1.249031467306483, 3.7530887474238335, -0.8257177641432603], [-1.0755497495026327, 1.218371877960561, -1.6334767505399161]]]], [[[[-2.306018756128848, -0.5624725498403522, -2.8125225440480595, -2.216026742969912, -3.241855280063174, -0.46572354298722135]]], [[[3.1808921425714267, 2.8699467107743954, 2.5051580731623577], [-1.89341222773932, 0.6258512474763697, 2.728917351054484]], [[-2.71541309163345, 1.460214886727572, 1.6739036013846667], [3.1809765634925276, -0.3582951688266285, 1.0520864627629116]]]], [[[[1.0868762590659269, -0.13984041142410145, -0.26838053047694127, -2.2229954888284515, -1.7479647609187074, 1.861297335033405]]], [[[-0.5997320676854153, 0.2768072457011503, 2.923021992889697], [-1.4439123304349513, 0.6686952542641934, 2.676608912967694]], [[-2.760864452571992, -3.5158418517427346, 1.9813856624243646], [-0.9992765819569813, -1.9494929334847098, 0.5441252495459614]]]], [[[[2.113445752013837, -2.3511144940565094, -1.3403437623252012, 1.842337617357539, 0.9104573893829132, 2.140673615238083]]], [[[-2.2253984347499363, -2.956746211412186, 2.432361657557121], [0.3468727320177437, -0.16219330672286256, 0.13732662028634124]], [[1.2388075246462686, 1.6550953470487515, -0.4429773052007331], [2.204769047257301, 0.33911803181649697, -0.2997637511214842]]]], [[[[3.0692083929486933, 1.0800458085928248, -2.714138473754779, -2.8838911292445046, -0.7146168827956988, -0.42162556445970273]]], [[[-1.1732680317843516, 1.6861776605840646, -3.114683304767791], [1.8358496670764275, 3.102615347060044, 2.516402356159431]], [[-0.4579018099444267, 0.18168189478515975, 0.3036224303154569], [1.6346401647365363, 2.860148468261421, 0.19415798856692673]]]], [[[[0.3691558407982343, 0.43067694271331014, -0.29462168901480845, -2.3163647595170755, 1.8602095368864957, 1.4498783231262373]]], [[[2.239283994487757, -0.19088996376978917, 1.8655073252432421], [1.8962857733380394, -0.5074385098812263, 2.8004367269279564]], [[-0.6359202091052312, 3.219763707344944, -2.855732309788943], [3.0262369822133515, 2.8501757488264614, -0.1634608755727074]]]], [[[[0.921611079507451, 2.426959348932301, -2.5125318664542875, 0.024296817335641097, -2.1501354478623553, 1.0770476087403429]]], [[[0.645892233797591, 2.8868556817934135, 0.25729182630060554], [2.8356220454789307, 2.6558485199748536, 0.715611524043259]], [[-2.3833178494131517, -0.1999796471245191, 2.7935718864991816], [-1.0525801290308825, -0.9858761943456364, -0.2447421645134496]]]], [[[[-0.8734419821735666, 3.0873642544339885, 2.055570474604637, -0.14371458963289865, 2.6188345158388358, 0.24599189284682232]]], [[[2.094728495392115, 0.04273819295823672, 0.05355322589233001], [-0.08742703514964814, 0.054868722638437256, 1.2257336156900251]], [[0.9205629555083772, -3.1483079937564633, 1.2114875995928918], 