{"noise_params": [0.0, 0.05, 0.1, 0.15000000000000002, 0.2, 0.25, 0.30000000000000004, 0.35000000000000003, 0.4, 0.45, 0.5, 0.55, 0.6000000000000001, 0.65, 0.7000000000000001, 0.75, 0.8, 0.8500000000000001, 0.9, 0.9500000000000001, 1.0], "max_scores": [2.828427124739668, 2.7018434546004677, 2.6883851821751366, 2.621608392468198, 2.238013965657904, 2.4972706927638524, 2.4309808638749777, 2.37578355787359, 2.332337730671741, 2.2671593150840077, 2.1528044927387064, 2.1872018942631613, 2.1382500685187518, 2.117930026466033, 2.0778090449647864, 2.0587278008631147, 2.039210209540107, 2.0131246580940307, 1.9939813412799776, 1.9874432327702625, NaN], "opt_settings": [[[[[1.749212646907394, -0.8940727579043125, -1.2305790811733113]]], [[[2.4081455454853167, 0.12983986969891062, -1.8875962529056598], [-1.982694376962432, 1.5508678236299436, -0.21151796424113212]], [[-1.6092963797148827, -1.671601582549971, 0.2725530400066053], [2.159514003154971, 0.06229055112193608, 1.835900282480738]]]], [[[[-2.604999631152512, -1.3948916912523053, 0.49251427404351356]]], [[[-1.1987543480194776, -1.2153479655864097, -0.6001062402720777], [-3.041115024858785, 2.314627968212528, 0.7514718694970806]], [[1.186886782261896, 2.9526437017269775, -1.3416302252539802], [-2.8904145485461563, -1.5760178782167225, 2.2422887624151278]]]], [[[[-2.385086540672327, 2.787567636580848, -2.8073035168603546]]], [[[-0.06751348659514234, 2.5368385517159266, 1.8241792756111588], [2.8341485512550038, -0.9025602787434958, 1.8525207563819794]], [[-0.5932905150308516, -1.0282466762311726, 1.03661948298764], [2.1195787910324713, -0.4722044571211998, 2.3118995252033034]]]], [[[[-1.050742208458493, 2.5351024968956706, -0.16269038932917812]]], [[[0.9389518617020035, -1.4314505484299347, 0.14309764967036065], [-3.1294206964422884, 2.751978012986114, -1.8106727096801292]], [[-1.185910295826842, -0.48930154213657334, 1.1947932491867048], [1.7900257532047084, 2.1849148512607255, -2.240835967768125]]]], [[[[-0.5901164079033444, 0.04829241080146463, -0.1959676239752101]]], [[[-0.6893172595196083, 0.9005391768251026, -0.5152740965894984], [2.2511509337928013, -2.2002189355209367, -1.978794428977594]], [[-1.5639260172956508, -1.5817483938994115, -0.6502489058441978], [0.005861607956029507, 0.17791561003253117, 0.8453483890313196]]]], [[[[0.3999397731887329, 2.2617207595667956, 0.6768323602305791]]], [[[2.723147485456715, 2.5548207765365074, 2.3983083234965523], [-0.8697119244104554, -3.9422661109670685, 2.1508505126392983]], [[-0.6381648752109577, -0.8011329174520693, 0.22748840699616898], [-0.26277461361885607, 0.47302932441588486, -1.6746946568443406]]]], [[[[1.5645245917050816, 1.5352196319473652, -1.6792897828113424]]], [[[1.7451585192061667, -2.096336808636136, -2.082311987452717], [0.750145411743393, -0.488963899740565, 0.8003276800250152]], [[0.9303762823517356, -0.31435245471265594, 1.3832947823843815], [-1.8706546964613413, -0.9945459160506587, 1.8690029057093982]]]], [[[[-0.02287608948959171, 2.481568446896553, 1.5025905486401243]]], [[[1.1802681855550772, -1.1222724445454435, -2.3990662883927], [-3.396742705524975, 2.469739832137666, -2.876662908277587]], [[-0.9369839358210682, -1.5442465968951151, -1.660224566893624], [-2.035258151158562, 2.9628081255124483, -2.867141127149392]]]], [[[[0.5944358973337506, 2.8756944222015903, 1.2492321468527352]]], [[[1.9134265252000635, 1.417713298873674, -2.7341693435646635], [2.506287993024873, -3.2366734905855377, -2.849938815444369]], [[2.628707873067079, -0.426843740764464, 3.0824140817583423], [-0.6106757032459426, 2.4866679195078647, 2.5013012304638886]]]], [[[[1.9017481395252684, -1.7596729321274287, 1.2082197523525244]]], [[[-3.3990815427770267, 0.5394798875068805, 1.535888894958278], [1.6258355365325408, 1.1807058110753204, 1.7188119010295244]], [[0.8718212946765429, 2.6521208636906817, -0.4817844145469484], [0.49361841247362503, 1.3264256567436015, 1.909179867199044]]]], [[[[-1.2165187211346837, 0.3440119732334574, -2.480296878624014]]], [[[3.058498383934523, -1.115617046242417, 3.1192909922060625], [1.5852996368807912, 1.3932787088699543, -2.227246292921968]], [[2.506880319029025, 1.6221203749075335, -3.0539212093011647], [-1.4024607092383763, 1.228457780651459, 2.9382609917528084]]]], [[[[-0.9985718875522206, 2.6477315773905112, 0.6346975231912086]]], [[[0.9753053912069448, -3.4723095413061507, 2.8464910210488608], [-0.5344841489437173, 0.43104368122965764, 1.9564039281865018]], [[1.5454967797849317, -2.2897321121594896, 0.44346767750574845], [2.2053611413318595, -0.1096315486441153, 2.447288326988291]]]], [[[[3.019032556926313, 1.7573608939208092, 1.192669403527429]]], [[[0.6385995328025775, 1.5734438616821365, 3.053287139278768], [1.760245790816058, -0.39071279860351216, 2.431549065390487]], [[2.727340910704105, 2.4010708192443393, -0.7371091639638663], [0.5924067865009922, 0.5826440842349933, -0.016981351966933216]]]], [[[[-3.399164335723983, -2.390780067865116, 1.6398337536397236]]], [[[2.6267623329953547, 0.3882639055471627, -1.0495497436765677], [2.893261282415692, -0.2622444123144814, 1.6597649857284456]], [[0.3150849069748136, 2.8351515859816363, 0.8478141370523273], [1.62991859118325, -1.4478545086675971, 0.018641331320598163]]]], [[[[2.6859827903758617, -3.0961835115685705, 1.1283060080182234]]], [[[-1.6751090833687827, 0.0948361998811707, 1.4518931206379495], [3.127027847235183, -0.2900500436167972, -2.6340451793350774]], [[1.5601509205125836, 3.0858032761144343, 2.368224005498397], [-1.2242901726113788, 1.635189032378187, 2.4447467410727652]]]], [[[[0.40512451510475717, 2.319033900568178, 3.1562909156402257]]], [[[-0.9027535000249778, 2.7871004860379873, -1.8207188180169251], [2.2747090338903235, -3.065649388823241, 0.5633249919391221]], [[-0.516698831282024, -0.191599094255808, -2.551720714908382], [-2.323505506994836, 2.425188324569831, 1.390645117233757]]]], [[[[1.975525968710922, 3.011421303607271, 2.072521793471503]]], [[[2.0605262232674253, 0.5330229740286548, 1.5730050540862734], [1.6618414459818576, 3.018530922044501, 1.5671587893586896]], [[-1.2640183940230996, 0.8561202377631794, 3.074278434358881], [-1.057813063979786, -3.200506170853485, 0.5521327734142232]]]], [[[[0.9096502868222753, -1.7271457432050812, -1.2528249189119527]]], [[[-2.3578059311032726, 3.332906254490277, 0.8659627679319337], [1.9687041972323316, 2.832720349850982, -2.270439709069893]], [[1.3162139742504726, -0.10658151876531906, -0.0684440306077692], [-2.944696589801455, -1.3594670677919853, -2.1844051840417222]]]], [[[[-0.21409948194105477, -0.9687249907412385, -3.1868449092317315]]], [[[0.7850862322036907, -3.0686500728102417, -1.006079868119523], [-1.1979444692529597, 1.8665891988378893, 2.3209901617766473]], [[-1.3377248268539494, 0.0912945485294094, 0.6298653945515889], [-2.4346664731976437, -0.13210235123452735, -2.863998081253546]]]], [[[[1.4264973039447102, 1.7119054502060784, 1.7878724704521123]]], [[[1.1505396730530024, 0.007562558027662085, -1.0494245491699057], [0.6440498933841932, 3.0462389294773122, 1.0236841124030658]], [[-0.15452202376431542, -1.8558460587875891, -0.009622468060557708], [-1.244642885082819, 3.089856330600309, 0.8834326186527912]]]], [[], []]]}