{"noise_params": [0.0, 0.05, 0.1, 0.15000000000000002, 0.2, 0.25, 0.30000000000000004, 0.35000000000000003, 0.4, 0.45, 0.5, 0.55, 0.6000000000000001, 0.65, 0.7000000000000001, 0.75, 0.8, 0.8500000000000001, 0.9, 0.9500000000000001, 1.0], "max_scores": [2.828427124746162, 2.618212159654115, 2.5396092319349033, 2.4037920341052685, 2.2626260189311105, 2.121315255187085, 1.9798989860112233, 1.8384776308041357, 1.6970562748235334, 1.555634917679746, 1.4142135623730872, 1.2668691459045331, 1.131367331091671, 0.9806176406662201, 0.999960076544002, 1.114241215410551, 1.2615702436597782, 1.4305494578262579, 1.6101315654324342, 1.8027280202898934, NaN], "opt_settings": [[[[[]]], [[[2.0156218615610646, 0.6258606041607943, 0.6583993952427377], [-1.207693946871821, -2.2564626545375632, 0.6010396784699396]], [[1.1676387452067514, -1.4039515428342082, 1.4950790805823102], [0.8985883933724315, 0.09228065226561921, 0.14679841507161]]]], [[[[]]], [[[2.7821440855795005, -3.388600270735543, -0.02519617974325956], [0.7928189780125715, -1.3988885625928147, 0.26484685378886175]], [[-0.09527251334039502, -2.5472094292476526, 1.1798625558471372], [3.673279593344953, 3.085123899359524, 1.1458652574233161]]]], [[[[]]], [[[-0.8640655494667026, 1.7188780015257807, 3.056250968123776], [3.054731100913025, 2.5553103490063114, 0.4894439210806883]], [[-1.2085555341472967, -2.6467585640127136, 0.964058723877022], [0.5324980142246692, 1.0600271376669759, 2.9344550071402695]]]], [[[[]]], [[[-2.182095145087373, -1.1224328484565205, -2.913846933964593], [-0.8930304998450488, 0.6264280145386292, 1.4844541550032169]], [[-0.0005300243272320648, 0.5635987486811671, -0.5789539120845895], [1.7519366814810151, -1.8723953603311343, -2.9256794550223084]]]], [[[[]]], [[[-0.7313609262704959, 1.2784372225740606, 2.875767922648804], [-1.5863752322824547, -3.8202930067744196, -0.1302491334321405]], [[1.0376665579966515, 1.816506942999324, 0.5311513266302068], [0.21637917934378867, 0.6678282559797457, -1.9534620406175782]]]], [[[[]]], [[[-1.4102298435936647, 2.0589079942045077, 0.5215777239259305], [1.0289455067732207, -1.0558445812593034, -2.391863036842878]], [[1.7487323298176862, 1.583010398851364, 2.021359744710878], [-2.717140225967808, -2.6005062465282864, 1.1002561008223815]]]], [[[[]]], [[[-0.6998229625809, 1.467248774914706, 0.6124829518278707], [-2.3306917909839644, 1.5438443705707678, 1.5611569947994868]], [[-1.6385717324249818, -1.464291980645867, 2.1876376569548457], [-3.1884518767608965, -1.5189451500003752, -0.6522294193412055]]]], [[[[]]], [[[-1.9598703891246045, 1.446656249472033, 0.3663689154580857], [-0.3572792743684272, -1.7203447852551648, -3.0201882270727425]], [[2.7129691254667683, 1.6011740578379996, -2.888951593452597], [-1.970931003222942, -1.3891791085537373, 1.4594118493285624]]]], [[[[]]], [[[2.4340021716855915, 1.715868115508673, 0.11874045586321497], [-2.1238946282916142, 1.3922673438432283, -2.373524897258591]], [[2.924831420752977, 1.3905764324706307, 0.7850350451160253], [1.4475816106548214, -1.737406721584684, 0.1556546864559807]]]], [[[[]]], [[[-0.39377154908323314, 1.3512673003101812, 0.4672452908829383], [-3.079044448201499, -2.349896975682724, -0.7443777949528463]], [[0.23092502852328514, 1.562739339306041, -0.8512340031359216], [0.7901802330337688, 0.7363732339049587, 0.2230938579551615]]]], [[[[]]], [[[-1.2848303835546255, 1.5474079331496429, 0.6343641365248192], [0.24831081931657467, -1.502166631277337, 3.03926181034909]], [[-1.0420123103414185, -1.5250002994794782, 0.68306271266085], [3.6519773704967, -1.5889555480739364, -1.169194021333724]]]], [[[[]]], [[[1.812063453720187, -1.636046594460897, 2.8091708004922946], [1.1692711614758167, 0.05133314641912169, -1.680172131292315]], [[-1.8953639195613472, -1.875068408189017, -1.088695984387137], [-1.7034388076503204, -1.0951655349541753, -2.527355499373523]]]], [[[[]]], [[[-1.2526910293111175, 1.6185306615591022, 2.954492129751446], [3.1146633688682277, 1.1517963609303938, 0.90947539386835]], [[2.131603799353871, 1.970016737722877, -0.210469212776973], [0.6654581818103371, 1.314037946388466, 1.9700876213888607]]]], [[[[]]], [[[0.9769494676117662, -2.3496997334923257, -1.112108235975342], [2.8684162274706826, -1.821767088603375, 3.0079518953572038]], [[0.8239697793206945, 0.8672780692897979, -0.6663222424624751], [-0.15333003355195893, -1.3089284169282696, -2.780750661715727]]]], [[[[]]], [[[-2.9868626055594856, 2.4408112952919363, 1.610200874073474], [2.8669123488410384, -2.4661037159586843, -1.5630301456923668]], [[-0.2057629610818291, 0.2455746777554078, 2.602756711830634], [-2.983645747629163, 1.862552832862542, 2.4071549473046554]]]], [[[[]]], [[[1.8779558489826824, -2.450828534936205, 2.2105159855924716], [0.79671485282416, 2.900012565274217, 0.19682863673242992]], [[-2.141890460257366, -0.1933721871482931, -1.0823730553628774], [1.4382052898157829, 1.8032498387745999, 2.20030864272191]]]], [[[[]]], [[[1.1526080035718436, 1.8290693484512779, 1.7709676215341092], [1.9685657132597143, -0.041006886902659925, 0.3685586180980055]], [[-0.45016739566701086, 2.8248000412646332, -2.171502778307076], [-1.5886442519057908, 0.24760816817223863, 0.592302299171696]]]], [[[[]]], [[[0.716653732937934, -2.94194131776902, 1.0929438429607305], [-1.9898846511279598, 0.10631445962694296, 1.3422938671156919]], [[-1.5559864958285425, -2.1283122349888024, -2.3192445608904526], [-1.41720914586098, -0.004328422919641985, -0.8513130871426805]]]], [[[[]]], [[[-2.303323671825895, -0.8573057326561235, -1.6423023927086753], [-0.6243260521019611, -3.1303589427827334, -1.084205656072546]], [[1.7742747146758067, -0.5142915724034856, -0.9561881807665467], [0.7248403157228397, -3.124496322616196, 2.7395193794726103]]]], [[[[]]], [[[2.073368918331598, 0.04719618634343763, 1.8978239789980895], [-0.85037760156725, 0.04775229472898125, -0.20174767681002065]], [[-1.872310661675021, -3.1408738939336645, -2.0050404841601237], [-2.2503717244617505, 1.2535071679945269, -1.1368727954687219]]]], [[], []]]}