{"noise_params": [0.0, 0.05, 0.1, 0.15000000000000002, 0.2, 0.25, 0.30000000000000004, 0.35000000000000003, 0.4, 0.45, 0.5, 0.55, 0.6000000000000001, 0.65, 0.7000000000000001, 0.75, 0.8, 0.8500000000000001, 0.9, 0.9500000000000001, 1.0], "max_scores": [2.82842712474619, 2.6852792427859367, 2.461813785844212, 2.403984897819106, 2.2626797426684644, 2.121320319543326, 1.9798987810444117, 1.4400003474515544, 1.6970561805833688, 1.5556348102231445, 1.4142135623730847, 1.272792202409332, 1.1313355544798924, 0.9232327821427065, 0.9903273645910995, 1.1156158545057069, 1.2592443016303918, 1.431524809704634, 1.6075516073687117, 1.8000216899696206, 1.9997482615655908], "opt_settings": [[[[[]]], [[[0.17639327083438225, 1.2319628696245308, -2.3339598062078286], [-0.5897002514944539, -0.5303972839570478, 0.9967503138301037]], [[2.2256333368416312, -0.48500991734112725, 2.2636672556848874], [-3.0265442051796847, 4.295108120500894, -0.32042607272327484]]]], [[[[]]], [[[-4.416690051358839, 1.0888436276733007, -1.9612220406240315], [3.4220131519925814, 1.5792039128238786, -2.244863224075401]], [[0.434026367966468, -1.2463388494124765, 1.4772018633096478], [2.1346079534708573, -1.230533210724991, 0.3769031074396675]]]], [[[[]]], [[[-1.4522604942158037, 2.280604846186367, 2.951624484478393], [1.9851978734433688, -0.8500871373187602, 0.49038818092945896]], [[1.3066856427829723, 1.5856463992531442, -0.5026930567190644], [-0.6488042814462323, 3.308187962317509, -0.10263055331517279]]]], [[[[]]], [[[-0.8148278795173525, 4.11924349737516, 0.32852832460999004], [1.181493655958896, 1.101282610293087, 1.1554467307789391]], [[1.4041552105815969, -1.6599120149955113, -1.4234091138387337], [-3.310200206144753, 2.402497848802529, -1.2618188866796178]]]], [[[[]]], [[[1.5200041771356818, -1.7147207465081173, 2.1197832527625886], [-2.6415414617198714, 0.6465692967765859, 2.483140136291439]], [[-1.1707996185553309, -1.2126192858468556, -1.8987405587261368], [1.1333006133174297, 2.3022252623637707, -0.9191873493983933]]]], [[[[]]], [[[0.4059901270316701, 1.5385367448941778, 2.467701293126436], [-1.1424098828804663, 1.702811577983151, -2.6579853429782383]], [[-2.7638853400419747, -1.6427404490779767, -2.2153150514459234], [-1.2134535111519933, 1.4495405144192914, -2.4705647448302823]]]], [[[[]]], [[[2.8207668960983887, 0.7589795716269221, 2.076733712787812], [1.735288661717673, -1.4850508462317642, -0.32929143338875194]], [[-1.2683453394389514, -1.039940573233249, -0.07051134668125282], [1.0391032701873633, -1.3099045302423724, -1.3332350705884164]]]], [[[[]]], [[[-4.106327305667061, 1.5676112506737545, -1.7342288606655765], [-1.3696286380339397, 3.1673781103984284, -1.094217335307147]], [[-2.088095122717574, 2.0408540862592845, -2.8705775538922937], [0.8821266286512196, -1.1157252532655948, 2.3932344234769163]]]], [[[[]]], [[[2.0108483296936925, 1.8392891090287211, 1.7329705863789338], [1.6825846598158063, 1.204464379959028, 1.1839295022624805]], [[1.2797211265292998, -1.5629657013566005, -0.11469573874182305], [-2.460610683447173, 2.7886068965495547, -1.6879895472375441]]]], [[[[]]], [[[-1.831029521653322, 1.9075875722990938, -2.1842181898150277], [1.1044808560795785, -1.7250776638213579, -0.07210685190584037]], [[1.9648121267801684, 1.6386472303209065, 2.3495896217264045], [2.0524706069965273, -0.5979383276108197, 0.7039051788503619]]]], [[[[]]], [[[2.437408744292712, -1.583598737884901, -0.9460567681069216], [-2.3031586165033016, -1.5030108331777818, 1.3587514304201838]], [[-3.1791289133290386, 4.651901863911283, 2.2803593097306036], [1.468113172598821, 1.5800833403407821, -0.13137460497810635]]]], [[[[]]], [[[-0.778583942113195, -1.1498928342208776, 3.120653370337389], [1.3157985121461668, -1.7830686980985564, -0.7336564187378789]], [[-3.158916843637011, 0.7614046349845135, -0.6525194404635184], [1.3786500157909294, -1.7356546736836167, 0.46983633747960285]]]], [[[[]]], [[[1.2118889234222343, -1.4890413472622879, -2.9401402920014785], [0.4968200774073873, -2.1552888548283726, -2.247302738184128]], [[-0.9202998738139706, -1.4021204135504846, -0.390502435375895], [-1.6913517751267595, -2.2265085867426597, -1.6339218600566552]]]], [[[[]]], [[[-0.5063440266066322, 0.0054935610245712, 1.059795557095196], [-1.8458769922961844, 0.18591937664687824, 1.4537554865136464]], [[0.24358098448225635, 3.1368086493553298, 0.3149720757882646], [0.8213588360084124, -0.00038737547503190153, 3.016310716747255]]]], [[[[]]], [[[0.18152183766325808, -2.043558794643784, -2.1972066074409313], [-2.1110160852418858, -0.827280471286969, 2.259582534647688]], [[1.726700903935525, -1.7596093131484647, -1.6299821438003572], [-0.5766590029512029, -0.9131196107009903, 0.7779761560441312]]]], [[[[]]], [[[-0.012872191066248314, -1.4352991789122493, -2.5385059288159826], [-2.5695413811793237, 2.855549818494472, 1.282791527003174]], [[0.18606148671648526, -0.6471847216570715, 1.5982989019514742], [2.4393547451985063, -2.9614354823545552, 1.3364067510465967]]]], [[[[]]], [[[-0.28579888165842066, -0.020604154679846685, -2.5204973344398423], [1.087264760399444, -2.1226285590693696, 1.2990211159849192]], [[2.1837530269972785, 2.58723946032151, -0.5940149306709954], [1.2630490832583747, 3.2220615454949826, 2.82473239693289]]]], [[[[]]], [[[1.7314938093945045, -1.8008052482987649, -0.6831992539284739], [0.33287946983005395, 0.003498013901311134, 1.2047701455311373]], [[-1.8157806892103667, 3.272683094122393, 1.1964576000701381], [-1.555772554614788, -0.1500634832024171, 2.3883904010306223]]]], [[[[]]], [[[-1.7948554535590897, 2.914183874764411, -2.1202113043291733], [2.9918037792309895, -0.03535113500112093, -2.9169859322193736]], [[-1.3779479818080393, -1.6710707123937225, 1.882580848148102], [-2.709606249645763, 0.0010023561466537163, 2.3251314737685673]]]], [[[[]]], [[[2.395970672826053, 3.107445443916455, 2.0353384917395614], [-0.8970865299138367, -0.01448404932210269, 3.0303069123113433]], [[2.350918470904199, 1.6083176544135749, -1.4464486486289774], [2.679037654634759, 0.000262086214520797, -1.4749279894334275]]]], [[[[]]], [[[-0.8291914296316936, 9.960132266004977e-06, 1.6916656856686583], [-0.07877420851252517, -2.6893163122075165, 0.7940766856820365]], [[1.4221337401410796, 2.8354272058646197, 0.42885736398623076], [-2.186148759045878, -3.1415893133053863, 2.7515686479489982]]]]]}