{"noise_params": [0.0, 0.05, 0.1, 0.15000000000000002, 0.2, 0.25, 0.30000000000000004, 0.35000000000000003, 0.4, 0.45, 0.5, 0.55, 0.6000000000000001, 0.65, 0.7000000000000001, 0.75, 0.8, 0.8500000000000001, 0.9, 0.9500000000000001, 1.0], "max_scores": [2.82842712474619, 2.6172504656604794, 2.408318915758459, 2.2022715545545237, 1.9999999999999996, 1.802775637731994, 1.61245154965971, 1.431782106327613, 1.2649060983646359, 1.1180339887473116, 0.9999999997023474, 0.9219543858432637, 0.8944271362068055, 0.9219544447195301, 0.9999436904474523, 1.118033988739458, 1.2649110602917224, 1.4317821062454208, 1.6124515496597078, 1.8027756377319937, NaN], "opt_settings": [[[[[]]], [[[-3.280558357580042], [1.3024446248140897]], [[2.0682508483121373], [-2.509938751688913]]]], [[[[]]], [[[-2.022178275344632], [-0.6433344619269563]], [[-1.2854381727951674], [3.2813093958984356]]]], [[[[]]], [[[-1.0180504369001993], [0.8986947434537184]], [[0.12054420325069413], [4.592925667038955]]]], [[[[]]], [[[1.5435008608950838], [0.14079062029126568]], [[0.9722867287501076], [2.2103587226642114]]]], [[[[]]], [[[-2.1295401484269663], [-1.2490786955342301]], [[-1.5973070002905894], [2.528933022460203]]]], [[[[]]], [[[-2.267908210056638], [-1.0097090564417932]], [[4.6408641547608545], [-3.2015798638367956]]]], [[[[]]], [[[1.2479416078374213], [-0.7492056168033386]], [[0.43976172536095753], [1.697896553457967]]]], [[[[]]], [[[0.9673885275771203], [1.837280758187607]], [[1.473554076575253], [-0.2776404748365987]]]], [[[[]]], [[[1.5307937726189655], [-1.3256733044641782]], [[1.346928495461733], [1.5893247399546435]]]], [[[[]]], [[[1.722665849786259], [1.3129441347901099]], [[-4.6906423245362125], [-3.1495631353078855]]]], [[[[]]], [[[3.2002118038596636], [1.5354769842368854]], [[1.7382684390020564], [-1.4913271545499556]]]], [[[[]]], [[[1.6752095253296064], [-1.6867577845262547]], [[0.3722797182283754], [1.57755170334833]]]], [[[[]]], [[[3.0393453323685216], [1.08956061001192]], [[0.7372073239495192], [-0.5287863084937061]]]], [[[[]]], [[[-1.175332619164374], [0.21090237339008652]], [[3.587198845539773], [-1.0106804656168882]]]], [[[[]]], [[[0.186304891529453], [0.3259676638430243]], [[2.9376678824510583], [2.894248124098987]]]], [[[[]]], [[[-1.6063921264168923], [-0.05673128630689091]], [[-2.538486976471353], [-0.5215905443660493]]]], [[[[]]], [[[-0.012220037414389873], [0.7654283471157453]], [[2.9185133184118603], [-2.025041917904014]]]], [[[[]]], [[[-0.02937188723049148], [-2.214746303012719]], [[-2.73534034889219], [3.0349321667606524]]]], [[[[]]], [[[0.004597828317725571], [-1.7040032071393112]], [[3.242205433603374], [3.016624006481414]]]], [[[[]]], [[[3.1959815558371387], [-0.03819902381616303]], [[-1.7964540507550122], [-0.0003658816582508991]]]], [[], []]]}