{"noise_params": [0.0, 0.05, 0.1, 0.15000000000000002, 0.2, 0.25, 0.30000000000000004, 0.35000000000000003, 0.4, 0.45, 0.5, 0.55, 0.6000000000000001, 0.65, 0.7000000000000001, 0.75, 0.8, 0.8500000000000001, 0.9, 0.9500000000000001, 1.0], "max_scores": [2.82842712474619, 2.7586228448267436, 2.6907248094147413, 2.6248809496813377, 2.5612496949731396, 2.499999999999999, 2.44131112314674, 2.3853720883753113, 2.332380757938119, 2.282542442102664, 2.2360679774997427, 2.19317121994613, 2.1540659228538006, 2.1189620100417077, 2.0880613017821092, 2.061552812808829, 2.039607805437012, 2.022374841541314, 2.0099751242241686, 2.002498439450047, NaN], "opt_settings": [[[[[]]], [[[0.22239001622744492], [-2.418796617838764]], [[-1.0016151447281352], [2.606113033312688]]]], [[[[]]], [[[-1.036014858496879], [3.6314272329420616]], [[-1.2832533168993896], [3.400917159925247]]]], [[[[]]], [[[0.1388546899219487], [1.7451605202673064]], [[2.24928092844101], [-2.5606640384320656]]]], [[[[]]], [[[-1.7287369781128146], [3.004062829353498]], [[-0.5474469922087972], [-2.29776055576629]]]], [[[[]]], [[[0.292202968139154], [-1.076290998603155]], [[-2.835372150800037], [2.0794917956404877]]]], [[[[]]], [[[0.15629355412480136], [1.860387477802702]], [[2.2530568180551476], [-2.6849605300736923]]]], [[[[]]], [[[1.7565660228081637], [-3.036381327212021]], [[0.5213530428915985], [2.334780064607265]]]], [[[[]]], [[[2.4354155895130436], [0.4367103210365368]], [[1.7515751316201047], [0.09929784916626662]]]], [[[[]]], [[[0.48982800148475103], [-0.10911364953486538]], [[-3.335133035643478], [1.884276670178819]]]], [[[[]]], [[[0.7968738601650122], [2.8231261923257276]], [[1.1883668576353665], [3.0005709480114406]]]], [[[[]]], [[[-0.2657720160439601], [2.4502338301541275]], [[-2.691051763935557], [-2.83086696014958]]]], [[[[]]], [[[2.4186839461700207], [-2.8782748178875877]], [[0.11325506904919684], [1.9906064674285922]]]], [[[[]]], [[[0.11824371792595877], [-0.9206794730832609]], [[-2.973499276373501], [2.391683512096802]]]], [[[[]]], [[[3.224779456173808], [-1.0186057462268068]], [[-0.6254948562940734], [0.1740667187218475]]]], [[[[]]], [[[-0.3276558207510691], [3.383428355563586]], [[-1.3967190724084104], [-3.1306574163285057]]]], [[[[]]], [[[-3.3126564724937233], [3.4426787411089377]], [[-0.013788553118259725], [1.2371192800461137]]]], [[[[]]], [[[-2.761887804069922], [-3.2583128180921572]], [[-0.031266246928330604], [-2.0120449272502214]]]], [[[[]]], [[[-0.024295705037491438], [-2.1805708819780354]], [[-2.7704025223849023], [-3.2182699638019825]]]], [[[[]]], [[[-0.18420743126483838], [3.211104146311872]], [[-1.2200014623409854], [3.148393044416954]]]], [[[[]]], [[[1.211231963215535], [3.1383009050442885]], [[0.12684942542931912], [-3.173278835558254]]]], [[], []]]}