{"noise_params": [0.0, 0.05, 0.1, 0.15000000000000002, 0.2, 0.25, 0.30000000000000004, 0.35000000000000003, 0.4, 0.45, 0.5, 0.55, 0.6000000000000001, 0.65, 0.7000000000000001, 0.75, 0.8, 0.8500000000000001, 0.9, 0.9500000000000001, 1.0], "max_scores": [1.4142135623410246, 1.3961944236546753, 1.3774493070003784, 1.3579060686099642, 1.3374806094199765, 1.3160740127404176, 1.293568727463613, 1.2698234321359019, 1.244665954123363, 1.2178832837286362, 1.1892071111782636, 1.1582921798990768, 1.1246826465793474, 1.0877572810730427, 1.0466350901553385, 0.9999999889360898, 0.9457415595735259, 0.880111167425289, 0.7952697980443291, 0.6687304390524977, 1.9862523478514223e-05], "opt_settings": [[[[[]], [[]], [[]], [[]]], [[[1.4385701945304508], [3.008166765199193]], [[-3.1768511037831564], [1.5274798774714153]], [[1.9743071485409442], [0.3934143111342376]], [[2.9958653194718186], [1.4176569962070553]], [[2.23476527733006, -0.8040319343895269, -1.8501323933083635, 2.2571474628992387], [0.6301946783580014, -2.42404379282987, -0.4919542793760091, -2.5513912488177284]]]], [[[[]], [[]], [[]], [[]]], [[[-1.4866912789531634], [-3.0929504157383336]], [[-0.5810635359806389], [1.0392523392546187]], [[-2.051375691291161], [-0.4297788828272512]], [[0.408379788611852], [-1.217131892800166]], [[0.903422716454488, 0.33671356591444196, -1.1405688116657178, 2.595507948413414], [2.392022932825679, -1.430942233872369, 0.24332734522024457, 4.4282065424028145]]]], [[[[]], [[]], [[]], [[]]], [[[-3.0077679128311865], [-1.776804652647908]], [[-1.430522417570322], [-2.66038757730706]], [[0.8384650682779113], [2.0689847388061424]], [[-2.2115764935829483], [-0.9778603438949203]], [[-2.337092124252859, -1.9575867361962338, -1.7353506429170271, -1.4820363757569313], [2.159628564766863, 2.3795449157494386, -3.0831918495654844, 2.7884270395138944]]]], [[[[]], [[]], [[]], [[]]], [[[1.738937146350512], [0.14353606334738603]], [[-0.4862189159880572], [1.0951894232187265]], [[1.9879061344508269], [-2.697223524094467]], [[-2.6167586334640385], [2.075124326765833]], [[0.8973975390136202, 3.339682232881094, -0.2594804573912127, -0.3085974552045175], [-0.5835617881738698, 1.9742701385889427, 1.132180357519609, -1.8194614423010758]]]], [[[[]], [[]], [[]], [[]]], [[[-0.3478621887322466], [-2.103485332372916]], [[-1.7426273427316832], [-3.4948206698867947]], [[-1.3158891075466328], [0.4418109544696374]], [[-2.573765324505822], [1.9555240701364507]], [[1.7048843331484551, 0.4080199722212715, 2.7853914456031355, -0.1975249712073166], [0.4563890243869534, 2.1402693295983553, -2.0458970287564506, 1.20614224302524]]]], [[[[]], [[]], [[]], [[]]], [[[-0.2979225310375988], [-1.925488424882835]], [[-2.7297216974701897], [1.929737941253398]], [[-2.868608112422144], [-1.2418023572212904]], [[1.3096952955633883], [-0.30494036919254447]], [[-1.0000748024121313, -3.4792155394623276, -2.0872163887203077, 0.40265053100373893], [0.36638786910666776, 1.130677960581542, 2.675255885971831, -4.1349278128855325]]]], [[[[]], [[]], [[]], [[]]], [[[-0.21058824481045352], [-1.7501646625538696]], [[-0.6240060092179756], [-2.1680188450544438]], [[-2.637601499283983], [2.1145198135595256]], [[0.02753942141280584], [1.5624291724563566]], [[2.1402863966446066, -1.43967025077057, -0.23716112355015578, 0.87705218525522], [0.6226973914647169, -2.9092336154991236, 1.2878546962210593, 2.2696798849221085]]]], [[[[]], [[]], [[]], [[]]], [[[0.3808386640626726], [-4.371907973495125]], [[-1.4520473695495915], [-2.9539424326124433]], [[0.5203118220365179], [-0.9815144442045461]], [[-1.1113246954966696], [-2.631397086111182]], [[-2.045662789885506, 1.000267283270748, -3.390060123403162, -1.9542984501978233], [-0.36562197524778395, -0.7050486188290855, 1.392572577102037, -3.3424224341798006]]]], [[[[]], [[]], [[]], [[]]], [[[-1.9609837297101929], [2.7201412849189808]], [[0.31422672857717465], [-1.256720452919838]], [[-2.905845023990845], [1.7798746076697558]], [[2.2296677684352395], [-2.460024541257654]], [[3.3857262801356924, 2.7037371320663164, -0.5683062487515128, -0.11755698959684807], [-1.0622810800127656, 1.0588473810968029, 1.0402086793793102, 1.4725122760225355]]]], [[[[]], [[]], [[]], [[]]], [[[-2.0475101885373603], [-0.3625751076959797]], [[0.8120123645081774], [-0.8667091075729916]], [[-0.611237237458186], [-5.218354745062867]], [[3.1358960233637676], [-4.7620405631375675]], [[-1.1163582419586946, 0.027573971413951372, 0.22680026210755172, 2.093554330617055], [0.3243221754946596, 1.5630893900424225, 8.045093848434925, 0.9376655668209101]]]], [[[[]], [[]], [[]], [[]]], [[[-0.732428637505418], [3.7989801713762215]], [[1.2063628662430195], [-0.5393532708604027]], [[-1.075056426020306], [3.455929612755596]], [[2.870613590643633], [-1.675636642662467]], [[1.6200680362387656, 3.3538838701488083, -1.721205308404187, 0.6355744234239955], [-0.06090841522448695, 1.9529953146516499, -0.5080914181198979, 2.1456192648114474]]]], [[[[]], [[]], [[]], [[]]], [[[-1.2366911775553517], [0.4740899035986045]], [[-3.3419582511190504], [1.2303466486314072]], [[2.724505912969211], [1.0556541537106152]], [[0.7379322098592481], [-0.9440856380373042]], [[-3.3196660866929912, 1.8990668812660425, -1.178179730782219, 3.02268579340839], [-2.0819041105049623, 0.6407540069742471, -2.873079737897751, 1.4588861374829498]]]], [[[[]], [[]], [[]], [[]]], [[[0.4691162228244542], [2.137947916927948]], [[1.2219205353850242], [-3.397176866326925]], [[1.466973561324454], [-0.17449338372962644]], [[-3.925811317526284], [-2.317314370792793]], [[-1.8763711725404493, -0.9006659745649266, -2.537795268789595, -0.03144219290861909], [2.9080141461479467, 0.3576095539919956, -0.8967361163507207, -1.5675249995523426]]]], [[[[]], [[]], [[]], [[]]], [[[-0.2963565224443764], [-1.7078468142684748]], [[-2.2391348475481343], [-3.642010464198012]], [[-0.7072113025227021], [-2.1774044347401023]], [[-1.127495315538627], [-2.56185499098695]], [[-0.9618645013893691, 0.35499163601422484, 1.5333930720563982, -1.9243383974466242], [0.4377583415016954, 1.5233271235960915, -2.75467313208996, -3.252719729447185]]]], [[[[]], [[]], [[]], [[]]], [[[-1.234729361977454], [3.291446026653393]], [[2.293595307495407], [0.5542401155029986]], [[0.28359138667182243], [-1.4810582070172833]], [[1.7458299513431912], [3.440292033506766]], [[1.2118158903335279, -1.47092478202545, -0.44180083672148124, -3.397863341066418], [-0.6031884169084664, 2.86434707150284, 0.9023067750764292, 0.8491904598063098]]]], [[[[]], [[]], [[]], [[]]], [[[-1.4959491388504695], [-3.0392624666713175]], [[2.0544593688067003], [-2.699143308333099]], [[1.8816696553163663], [0.40946419644114096]], [[1.6504514011175604], [3.117411762544725]], [[-2.216005575478721, 2.8256203809932603, 1.2376945090983316, -0.7210300836565177], [2.318930608598124, -1.881697265969525, 5.783629394437941, -2.2894272995097786]]]], [[[[]], [[]], [[]], [[]]], [[[-0.8449328940287236], [-2.3858335402606383]], [[-3.256116902545384], [-1.7946969467423866]], [[2.049735112860634], [0.574233947352755]], [[1.949390456784314], [0.4997775585190085]], [[1.4044040266393434, -2.5359913460679535, -1.8136274869628124, 1.206632298549139], [-2.982207171538018, -1.065128202340033, -0.3718779399257411, 2.6954016398568577]]]], [[[[]], [[]], [[]], [[]]], [[[-1.2672772211369034], [0.13087894258044638]], [[-0.29923094234730585], [1.059659015312076]], [[0.13302797353324164], [1.4578001521939608]], [[0.5758073346481948], [-0.7693712798099761]], [[-0.3827575994457495, -2.679814322040521, 0.8803442519488558, -0.35901892261805485], [0.7642893068639626, 2.0344455272103334, 2.218513406668857, 1.8781305619675306]]]], [[[[]], [[]], [[]], [[]]], [[[2.5919493365400403], [-2.1592502135460645]], [[-1.8825094256507295], [2.8294115738413583]], [[-0.9844520369303881], [-2.508046468368851]], [[1.0880850893565652], [-0.34338898110072025]], [[3.1927874556526645, -2.607682955040003, -1.8319192214001565, 0.6264319825831247], [2.0103299955922105, 1.8456998333795374, -0.09121732461753276, -1.4753216971421035]]]], 