{"noise_params": [0.0, 0.05, 0.1, 0.15000000000000002, 0.2, 0.25, 0.30000000000000004, 0.35000000000000003, 0.4, 0.45, 0.5, 0.55, 0.6000000000000001, 0.65, 0.7000000000000001, 0.75, 0.8, 0.8500000000000001, 0.9, 0.9500000000000001, 1.0], "max_scores": [1.4142135623730838, 1.390239209475492, 1.3654081820365012, 1.3396395882335523, 1.312839575890777, 1.28489829342506, 1.2556858813496663, 1.2250470910296665, 1.1927939142173605, 1.158695252822635, 1.1224620482978396, 1.083725192178203, 1.0420014617557827, 0.996638544420856, 0.946721156765651, 0.8908987142943482, 0.8270371045071717, 0.7514129848583588, 0.656419722967227, 0.5209942509433967, 0.0], "opt_settings": [[[[[]], [[]], [[]]], [[[-3.170010486023231], [-1.6460453634395733]], [[-1.1707891702071593], [3.587628161974629]], [[0.9781072045697926], [-0.5460801122946193]], [[0.6958756905548632, -1.9503782768392117, 0.1714211490016586], [2.3516302138000293, -0.34012104567502444, 1.8423359665605616]]]], [[[[]], [[]], [[]]], [[[3.116730080568095], [1.5681509844971329]], [[-2.2528715477641716], [-0.7046107959799434]], [[-2.870067983958709], [1.8638286149871472]], [[-0.7672651306929993, 1.7082631718920318, -0.456896770747518], [-2.405274869613116, 3.183192587741418, 1.0163996312201882]]]], [[[[]], [[]], [[]]], [[[0.5814128270807236], [-0.9490011739080919]], [[-2.6306922357533367], [-1.0997983401184002]], [[-4.138875017270693], [3.6729465403496477]], [[-3.29312207981284, -1.8145686749924546, 2.8815015102185533], [-1.7950134995643383, -0.35632489679369295, 1.3725800209516643]]]], [[[[]], [[]], [[]]], [[[1.411643930121006], [-3.282497016302943]], [[3.3524271190662294], [-1.341100433341016]], [[-0.6001647033655143], [0.9892138581082709]], [[2.2162121535423567, 0.9750035609812358, 0.17058509090586318], [0.6262581203861175, 2.6041824123590245, -1.354852818683684]]]], [[[[]], [[]], [[]]], [[[1.0872403968848856], [2.744489010024646]], [[0.8666966799445913], [2.5247024758040943]], [[-2.474234023767798], [-0.8160578139534974]], [[1.982797589535201, -1.4793939752354108, 1.452775382983266], [-2.8407437818764323, -2.9944940411432355, 3.0951173286732345]]]], [[[[]], [[]], [[]]], [[[3.2480173833664474], [-1.404802579778003]], [[1.348608969052019], [2.9779031718861493]], [[-2.161209291597382], [-0.532627947568988]], [[-2.192646383645038, -1.0611544519878047, -1.3045308903751216], [-0.6670656808069203, -2.485255842295679, 3.3331375403427757]]]], [[[[]], [[]], [[]]], [[[-1.6172267741671738], [3.0702840030396237]], [[8.14788502842611], [-9.104837737403885]], [[-1.7917545783809283], [-0.19614628066509998]], [[0.7126505434897661, -0.48951732811279397, 2.124800369024734], [-3.9715309184357768, -2.037159076693172, -2.5427241042936446]]]], [[[[]], [[]], [[]]], [[[1.4502134492958498], [-0.05779132439651659]], [[-0.1605617350812304], [-1.667924494129231]], [[1.0792303410085964], [2.591937299450043]], [[-2.3923677665703336, -0.8944614881196707, 1.912346077997919], [2.1952636258448353, -2.5142128238726253, 3.30658967664808]]]], [[[[]], [[]], [[]]], [[[-1.5909142250624855], [3.117358038470339]], [[2.4736150046958048], [4.052124505752195]], [[-3.1566925411291757], [-1.5827181816930678]], [[0.7587704217815483, -2.952272507977565, -2.388566698383045], [-0.8004001444815356, -1.5191769797965151, 2.3554203376840697]]]], [[[[]], [[]], [[]]], [[[-1.1334089233062663], [0.4224973652499393]], [[1.9300452603990017], [0.3777744521524997]], [[-1.4142567963235448], [0.1373236036228334]], [[-0.3625223256553069, 1.1293150047336764, -0.5797546869117333], [-1.916503241065485, 2.74865483307565, 0.8685433396322836]]]], [[[[]], [[]], [[]]], [[[0.636388524141973], [-1.017477876654894]], [[-1.8389811108787062], [2.7894069253845624]], [[1.5938098257022688], [-0.058237985172929635]], [[-0.2985134765136336, -2.6303594068379894, -2.3164260835567823], [1.456226096375717, 2.0218750639349414, 2.302614445872595]]]], [[[[]], [[]], [[]]], [[[0.7520653933007598], [-0.7011492979299171]], [[1.27055701808782], [-0.1813694909564308]], [[0.8666273017623232], [2.312896308999514]], [[0.10032253475191993, -2.4871865356903693, -1.447423478298516], [1.4749507033015534, -1.1975509229394552, -0.14558951583890611]]]], [[[[]], [[]], [[]]], [[[2.5738444592441714], [1.1058663812114435]], [[-0.35098099706118163], [-1.8196208213125158]], [[1.3511811222835077], [-3.439169733488119]], [[-1.341891315194477, 1.9321227200156375, 2.211140530101071], [-2.81875830238576, 0.659834184159861, 0.36564246913989695]]]], [[[[]], [[]], [[]]], [[[-1.7974982681018628], [2.957448809854605]], [[0.9156448210095697], [2.4446958323508756]], [[-2.2394853532047088], [-0.7005407093034949]], [[0.5273859580506881, 1.6261178849935924, 1.703748888836384], [2.2259587602849233, 0.1824924235994784, 3.2044106622131348]]]], [[[[]], [[]], [[]]], [[[-4.8675895456610165], [-0.14789656208817634]], [[1.4862311477460326], [-0.10884189852381262]], [[-1.2724512521955222], [0.29381386126152986]], [[-2.4926234152866513, -2.321440281560626, -0.5463604963185333], [2.222436489995568, 2.1338364771145963, 1.1179435004642093]]]], [[[[]], [[]], [[]]], [[[-1.066006962331799], [3.431014190312145]], [[-1.7759508096451277], [-3.5581410391020905]], [[0.39271052556637587], [2.157520689052837]], [[0.9834690125668738, 0.5790623644071174, 1.4292274421646256], [-3.42587039134034, -1.1447147040828691, -0.3488117804376804]]]], [[[[]], [[]], [[]]], [[[-1.7339622952033291], [2.9428645737666854]], [[2.100003735907213], [0.4878048194526101]], [[0.062039732607666], [1.6527785740302918]], [[-2.6438199954721733, 1.1668924173271047, -2.209612652596463], [2.2680440825646397, -0.18255919448727123, 2.40224801747904]]]], [[[[]], [[]], [[]]], [[[2.0374975181129127], [-2.615478970141202]], [[-1.440322157573319], [0.20757658372750504]], [[1.0886204458055422], [-0.5945948002624826]], [[2.5686615494163942, 2.2768779664327807, -2.6555531140947646], [-1.6309548711511908, -1.9919591215251853, 1.615344746162017]]]], [[[[]], [[]], [[]]], [[[-2.556370897754864], [5.270131421034005]], [[1.7245031191185574], [-2.948313669705418]], [[0.9337447498027709], [2.484088765968045]], [[1.2626529788963559, -0.4571685790358285, -1.3988988255411066], [-3.280849402141584, 0.8726290540044066, 3.201291340787273]]]], [[[[]], [[]], [[]]], [[[3.2347411247527247], [-1.0801177259479298]], [[1.862690967169931], [-0.04150323779248072]], [[-3.105025544038727], [-1.4436186218434726]], [[-1.6550118398610645, 0.5038636421098921, 1.2215100565907167], [-0.6705742186410932, -0.5295372981552904, 2.4654336171229336]]]], [[[[]], [[]], [[]]], [[[1.300280570316942], [-0.013540154561424433]], [[1.3220569475008412], [0.4912609910414245]], [[-1.9955362965708243], [-0.7801467630753405]], [[2.669935684682204, 1.000744995990666, 2.7367888138115086], [-1.7737638043200195, 1.2827622934696938, -0.2986938177293159]]]]]}