{
  "datetime": "2022-01-30T14:04:48Z",
  "opt_score": 0.7443740207830892,
  "opt_settings": [
    [
      [
        []
      ],
      [
        []
      ],
      [
        []
      ]
    ],
    [
      [
        [
          3.027850529708009
        ],
        [
          0.7937884640293065
        ]
      ],
      [
        [
          2.58800994181857,
          3.223327108604896
        ],
        [
          -2.6892060348792173,
          -0.7241095818098622
        ]
      ],
      [
        [
          -2.5572482548826754,
          1.8428676107655781
        ],
        [
          2.42495943664026,
          -2.269675576936216
        ]
      ],
      [
        [
          3.1679840580667387
        ],
        [
          1.145832373880217
        ]
      ]
    ]
  ],
  "scores": [
    0.6529925027001873,
    0.7443740207830892
  ],
  "samples": [
    0,
    1
  ],
  "settings_history": [
    [
      [
        [
          []
        ],
        [
          []
        ],
        [
          []
        ]
      ],
      [
        [
          [
            2.884093719976314
          ],
          [
            0.6628370575530842
          ]
        ],
        [
          [
            2.706595354074884,
            2.920802545782121
          ],
          [
            -2.56221971483762,
            -0.6580300681680211
          ]
        ],
        [
          [
            -2.2286349013635114,
            1.8117718804405891
          ],
          [
            2.385107734366735,
            -1.9988734245583517
          ]
        ],
        [
          [
            3.064583881999435
          ],
          [
            1.0265124183187497
          ]
        ]
      ]
    ],
    [
      [
        [
          []
        ],
        [
          []
        ],
        [
          []
        ]
      ],
      [
        [
          [
            3.027850529708009
          ],
          [
            0.7937884640293065
          ]
        ],
        [
          [
            2.58800994181857,
            3.223327108604896
          ],
          [
            -2.6892060348792173,
            -0.7241095818098622
          ]
        ],
        [
          [
            -2.5572482548826754,
            1.8428676107655781
          ],
          [
            2.42495943664026,
            -2.269675576936216
          ]
        ],
        [
          [
            3.1679840580667387
          ],
          [
            1.145832373880217
          ]
        ]
      ]
    ]
  ],
  "step_times": [
    439.20837903022766,
    439.20837903022766
  ],
  "step_size": 1.6
}