{
  "datetime": "2022-01-30T14:04:48Z",
  "opt_score": 0.7443740207830892,
  "opt_settings": [
    [
      [
        []
      ],
      [
        []
      ],
      [
        []
      ]
    ],
    [
      [
        [
          3.027850529708009
        ],
        [
          0.7937884640293065
        ]
      ],
      [
        [
          2.58800994181857,
          3.223327108604896
        ],
        [
          -2.6892060348792173,
          -0.7241095818098622
        ]
      ],
      [
        [
          -2.5572482548826754,
          1.8428676107655781
        ],
        [
          2.42495943664026,
          -2.269675576936216
        ]
      ],
      [
        [
          3.1679840580667387
        ],
        [
          1.145832373880217
        ]
      ]
    ]
  ],
  "scores": [
    0.6529925027001873,
    0.7443740207830892,
    1.0362711768859543,
    1.0399937257124687,
    1.0746293538483547,
    1.0699684535161762,
    1.0648241208629108
  ],
  "samples": [
    0,
    1,
    2,
    3,
    4,
    5,
    6
  ],
  "settings_history": [
    [
      [
        [
          []
        ],
        [
          []
        ],
        [
          []
        ]
      ],
      [
        [
          [
            2.884093719976314
          ],
          [
            0.6628370575530842
          ]
        ],
        [
          [
            2.706595354074884,
            2.920802545782121
          ],
          [
            -2.56221971483762,
            -0.6580300681680211
          ]
        ],
        [
          [
            -2.2286349013635114,
            1.8117718804405891
          ],
          [
            2.385107734366735,
            -1.9988734245583517
          ]
        ],
        [
          [
            3.064583881999435
          ],
          [
            1.0265124183187497
          ]
        ]
      ]
    ],
    [
      [
        [
          []
        ],
        [
          []
        ],
        [
          []
        ]
      ],
      [
        [
          [
            3.027850529708009
          ],
          [
            0.7937884640293065
          ]
        ],
        [
          [
            2.58800994181857,
            3.223327108604896
          ],
          [
            -2.6892060348792173,
            -0.7241095818098622
          ]
        ],
        [
          [
            -2.5572482548826754,
            1.8428676107655781
          ],
          [
            2.42495943664026,
            -2.269675576936216
          ]
        ],
        [
          [
            3.1679840580667387
          ],
          [
            1.145832373880217
          ]
        ]
      ]
    ],
    [
      [
        [
          []
        ],
        [
          []
        ],
        [
          []
        ]
      ],
      [
        [
          [
            3.0232672785065384
          ],
          [
            1.019260483381787
          ]
        ],
        [
          [
            2.3836339371554702,
            3.3772035575451467
          ],
          [
            -2.7565202268945557,
            -0.722894333445378
          ]
        ],
        [
          [
            -2.706255912576104,
            1.9240518741137458
          ],
          [
            2.430665820264794,
            -2.432888715974976
          ]
        ],
        [
          [
            3.1801243488968054
          ],
          [
            1.1826523379061877
          ]
        ]
      ]
    ],
    [
      [
        [
          []
        ],
        [
          []
        ],
        [
          []
        ]
      ],
      [
        [
          [
            2.986049315681828
          ],
          [
            1.0995909663456829
          ]
        ],
        [
          [
            2.3015313880691233,
            3.442652445559212
          ],
          [
            -2.7196822229201842,
            -0.7299086219313303
          ]
        ],
        [
          [
            -2.7607966525878256,
            2.0169793028970755
          ],
          [
            2.4263533317882455,
            -2.4948222854213102
          ]
        ],
        [
          [
            3.087801406257294
          ],
          [
            1.2034469099962297
          ]
        ]
      ]
    ],
    [
      [
        [
          []
        ],
        [
          []
        ],
        [
          []
        ]
      ],
      [
        [
          [
            2.9721846360068604
          ],
          [
            1.2011326902763295
          ]
        ],
        [
          [
            2.207670002160014,
            3.475460658404223
          ],
          [
            -2.7048014292566904,
            -0.7215348419844898
          ]
        ],
        [
          [
            -2.7761386226232627,
            2.098567112777835
          ],
          [
            2.4278467447723955,
            -2.5221304085600513
          ]
        ],
        [
          [
            2.9804168339769617
          ],
          [
            1.2172070717724262
          ]
        ]
      ]
    ],
    [
      [
        [
          []
        ],
        [
          []
        ],
        [
          []
        ]
      ],
      [
        [
          [
            2.9615222966220234
          ],
          [
            1.1912493689396952
          ]
        ],
        [
          [
            2.1615898547033066,
            3.478196667159465
          ],
          [
            -2.6658669812874347,
            -0.7133076223243197
          ]
        ],
        [
          [
            -2.7913306712378962,
            2.1416952507880977
          ],
          [
            2.435146953766631,
            -2.5805320805139353
          ]
        ],
        [
          [
            2.981742686944317
          ],
          [
            1.2392470758759746
          ]
        ]
      ]
    ],
    [
      [
        [
          []
        ],
        [
          []
        ],
        [
          []
        ]
      ],
      [
        [
          [
            2.9240494114107958
          ],
          [
            1.2615866606998527
          ]
        ],
        [
          [
            2.1168674480850616,
            3.4772839649835827
          ],
          [
            -2.6430548538455616,
            -0.7162565070911959
          ]
        ],
        [
          [
            -2.7883117332715153,
            2.171322967574439
          ],
          [
            2.4429364606980024,
            -2.577583195747059
          ]
        ],
        [
          [
            2.9296459555683896
          ],
          [
            1.2650515092658214
          ]
        ]
      ]
    ]
  ],
  "step_times": [
    439.20837903022766,
    439.20837903022766,
    2330.9324810504913,
    2551.0719480514526,
    1200.3434829711914,
    1330.6970100402832,
    2000.799124956131
  ],
  "step_size": 1.6
}