{
  "datetime": "2022-01-22T16:17:50Z",
  "opt_score": 0.6275617887574017,
  "opt_settings": [
    [
      [
        []
      ],
      [
        []
      ]
    ],
    [
      [
        [
          1.475732819926386
        ],
        [
          -1.9487198633753067
        ]
      ],
      [
        [
          -1.8321063432038105,
          0.06561622802840485
        ],
        [
          1.6706218997212556,
          -1.887714634583526
        ]
      ],
      [
        [
          0.16544092560518475
        ],
        [
          3.0818546565009273
        ]
      ]
    ]
  ],
  "scores": [
    0.34296983802272996,
    0.6275617887574017
  ],
  "samples": [
    0,
    1
  ],
  "settings_history": [
    [
      [
        [
          []
        ],
        [
          []
        ]
      ],
      [
        [
          [
            1.550699465951567
          ],
          [
            -2.0124832127080063
          ]
        ],
        [
          [
            -1.8845870436428773,
            -0.028039490042376602
          ],
          [
            1.765208759665299,
            0.4281572738553443
          ]
        ],
        [
          [
            -0.8604164672380596
          ],
          [
            1.853905068121274
          ]
        ]
      ]
    ],
    [
      [
        [
          []
        ],
        [
          []
        ]
      ],
      [
        [
          [
            1.475732819926386
          ],
          [
            -1.9487198633753067
          ]
        ],
        [
          [
            -1.8321063432038105,
            0.06561622802840485
          ],
          [
            1.6706218997212556,
            -1.887714634583526
          ]
        ],
        [
          [
            0.16544092560518475
          ],
          [
            3.0818546565009273
          ]
        ]
      ]
    ]
  ],
  "step_times": [
    390.895183801651,
    390.895183801651
  ],
  "step_size": 1.4
}