{
  "datetime": "2022-01-22T13:30:55Z",
  "opt_score": 0.8556144276845683,
  "opt_settings": [
    [
      [
        []
      ],
      [
        []
      ]
    ],
    [
      [
        [
          0.5000858745098206
        ],
        [
          1.9709965456546021
        ]
      ],
      [
        [
          -1.8497793965530251,
          1.2951926490605932
        ],
        [
          -2.0706467632818484,
          0.7821631763861807
        ]
      ],
      [
        [
          -1.3542365825312896
        ],
        [
          -2.7153680641884863
        ]
      ]
    ]
  ],
  "scores": [
    0.5072389635344234,
    0.8556144276845683,
    0.9782315688196511,
    1.1014391116086502,
    1.1094249242424046
  ],
  "samples": [
    0,
    1,
    2,
    3,
    4
  ],
  "settings_history": [
    [
      [
        [
          []
        ],
        [
          []
        ]
      ],
      [
        [
          [
            0.16284954894823844
          ],
          [
            2.265182782677366
          ]
        ],
        [
          [
            -1.769563643229343,
            1.4642554657891829
          ],
          [
            -2.0091672028855996,
            0.9860543747315527
          ]
        ],
        [
          [
            -1.2258545966768675
          ],
          [
            -3.138464188604365
          ]
        ]
      ]
    ],
    [
      [
        [
          []
        ],
        [
          []
        ]
      ],
      [
        [
          [
            0.5000858745098206
          ],
          [
            1.9709965456546021
          ]
        ],
        [
          [
            -1.8497793965530251,
            1.2951926490605932
          ],
          [
            -2.0706467632818484,
            0.7821631763861807
          ]
        ],
        [
          [
            -1.3542365825312896
          ],
          [
            -2.7153680641884863
          ]
        ]
      ]
    ],
    [
      [
        [
          []
        ],
        [
          []
        ]
      ],
      [
        [
          [
            0.8208271591694225
          ],
          [
            2.1034796061475594
          ]
        ],
        [
          [
            -1.8764639509948167,
            1.2276115755696968
          ],
          [
            -2.5794930350278,
            0.6670848651751986
          ]
        ],
        [
          [
            -1.3080007986029518
          ],
          [
            -2.564464410422874
          ]
        ]
      ]
    ],
    [
      [
        [
          []
        ],
        [
          []
        ]
      ],
      [
        [
          [
            0.9040659575570483
          ],
          [
            2.1087081536809613
          ]
        ],
        [
          [
            -1.8183273767630856,
            1.221694257092916
          ],
          [
            -2.7363837542889935,
            0.4143548812845536
          ]
        ],
        [
          [
            -1.2409376827701148
          ],
          [
            -2.3577868164395546
          ]
        ]
      ]
    ],
    [
      [
        [
          []
        ],
        [
          []
        ]
      ],
      [
        [
          [
            0.8704820816639945
          ],
          [
            2.1432303718520287
          ]
        ],
        [
          [
            -1.7311669279604698,
            1.2756697643789394
          ],
          [
            -2.827297213238043,
            0.2664672674369872
          ]
        ],
        [
          [
            -1.1427238601444845
          ],
          [
            -2.374327415703896
          ]
        ]
      ]
    ]
  ],
  "step_times": [
    742.1839139461517,
    742.1839139461517,
    387.25877809524536,
    1241.6616399288177,
    437.52994990348816
  ],
  "step_size": 1.4
}