{
  "datetime": "2022-01-22T16:17:50Z",
  "opt_score": 0.6275617887574017,
  "opt_settings": [
    [
      [
        []
      ],
      [
        []
      ]
    ],
    [
      [
        [
          1.475732819926386
        ],
        [
          -1.9487198633753067
        ]
      ],
      [
        [
          -1.8321063432038105,
          0.06561622802840485
        ],
        [
          1.6706218997212556,
          -1.887714634583526
        ]
      ],
      [
        [
          0.16544092560518475
        ],
        [
          3.0818546565009273
        ]
      ]
    ]
  ],
  "scores": [
    0.34296983802272996,
    0.6275617887574017,
    0.973021516852197,
    0.9371999384659809,
    1.0297723553332156
  ],
  "samples": [
    0,
    1,
    2,
    3,
    4
  ],
  "settings_history": [
    [
      [
        [
          []
        ],
        [
          []
        ]
      ],
      [
        [
          [
            1.550699465951567
          ],
          [
            -2.0124832127080063
          ]
        ],
        [
          [
            -1.8845870436428773,
            -0.028039490042376602
          ],
          [
            1.765208759665299,
            0.4281572738553443
          ]
        ],
        [
          [
            -0.8604164672380596
          ],
          [
            1.853905068121274
          ]
        ]
      ]
    ],
    [
      [
        [
          []
        ],
        [
          []
        ]
      ],
      [
        [
          [
            1.475732819926386
          ],
          [
            -1.9487198633753067
          ]
        ],
        [
          [
            -1.8321063432038105,
            0.06561622802840485
          ],
          [
            1.6706218997212556,
            -1.887714634583526
          ]
        ],
        [
          [
            0.16544092560518475
          ],
          [
            3.0818546565009273
          ]
        ]
      ]
    ],
    [
      [
        [
          []
        ],
        [
          []
        ]
      ],
      [
        [
          [
            1.5362363089194093
          ],
          [
            -1.9616929532845828
          ]
        ],
        [
          [
            -1.8742419961756835,
            -0.07224508315141269
          ],
          [
            1.5643168520617265,
            -2.8190608388453904
          ]
        ],
        [
          [
            0.4004979089766197
          ],
          [
            3.750652294505676
          ]
        ]
      ]
    ],
    [
      [
        [
          []
        ],
        [
          []
        ]
      ],
      [
        [
          [
            1.5312136561863372
          ],
          [
            -1.8537071331841062
          ]
        ],
        [
          [
            -1.8660933674474771,
            0.0662816052280955
          ],
          [
            1.4381891920113339,
            -2.6733310844801945
          ]
        ],
        [
          [
            0.33469082757307017
          ],
          [
            3.5694120053066847
          ]
        ]
      ]
    ],
    [
      [
        [
          []
        ],
        [
          []
        ]
      ],
      [
        [
          [
            1.4717436534406967
          ],
          [
            -1.8458627172290805
          ]
        ],
        [
          [
            -1.853760636475386,
            -0.13004751524696695
          ],
          [
            1.4238253605156284,
            -2.7361050933517572
          ]
        ],
        [
          [
            0.43133724001654467
          ],
          [
            3.636448159680637
          ]
        ]
      ]
    ]
  ],
  "step_times": [
    390.895183801651,
    390.895183801651,
    401.57690715789795,
    771.5954918861389,
    380.2591688632965
  ],
  "step_size": 1.4
}