{
  "datetime": "2022-02-14T21:31:01Z",
  "opt_score": 1.6736666666666666,
  "opt_settings": [
    [
      [
        [
          2.9205704995139143,
          2.6250488755964945
        ]
      ]
    ],
    [
      [
        [
          0.437769183537393
        ],
        [
          3.0818295091688404
        ]
      ],
      [
        [
          2.6467411770178177
        ],
        [
          0.10705074466620075
        ]
      ]
    ]
  ],
  "scores": [
    1.5416666666666665,
    1.6736666666666666,
    1.7406666666666666,
    1.7606666666666668,
    1.825,
    1.7996666666666665,
    1.7730000000000001,
    1.798,
    1.8153333333333332,
    1.8353333333333333,
    1.8156666666666665,
    1.8353333333333333,
    1.8253333333333335,
    1.8399999999999999,
    1.8726666666666667,
    1.8836666666666666,
    1.956666666666667
  ],
  "samples": [
    0,
    1,
    2,
    3,
    4,
    5,
    6,
    7,
    8,
    9,
    10,
    11,
    12,
    13,
    14,
    15,
    16
  ],
  "settings_history": [
    [
      [
        [
          [
            2.838345499513914,
            2.6250488755964945
          ]
        ]
      ],
      [
        [
          [
            0.49344418353739306
          ],
          [
            3.0322295091688405
          ]
        ],
        [
          [
            2.6075411770178176
          ],
          [
            0.17642574466620076
          ]
        ]
      ]
    ],
    [
      [
        [
          [
            2.9205704995139143,
            2.6250488755964945
          ]
        ]
      ],
      [
        [
          [
            0.437769183537393
          ],
          [
            3.0818295091688404
          ]
        ],
        [
          [
            2.6467411770178177
          ],
          [
            0.10705074466620075
          ]
        ]
      ]
    ],
    [
      [
        [
          [
            2.9897454995139143,
            2.6250488755964945
          ]
        ]
      ],
      [
        [
          [
            0.40126918353739305
          ],
          [
            3.1196045091688402
          ]
        ],
        [
          [
            2.671116177017818
          ],
          [
            0.056175744666200754
          ]
        ]
      ]
    ],
    [
      [
        [
          [
            3.0404204995139144,
            2.6250488755964945
          ]
        ]
      ],
      [
        [
          [
            0.378794183537393
          ],
          [
            3.14462950916884
          ]
        ],
        [
          [
            2.684941177017818
          ],
          [
            0.025875744666200757
          ]
        ]
      ]
    ],
    [
      [
        [
          [
            3.082620499513914,
            2.6250488755964945
          ]
        ]
      ],
      [
        [
          [
            0.361844183537393
          ],
          [
            3.16052950916884
          ]
        ],
        [
          [
            2.691341177017818
          ],
          [
            0.006650744666200761
          ]
        ]
      ]
    ],
    [
      [
        [
          [
            3.120595499513914,
            2.6250488755964945
          ]
        ]
      ],
      [
        [
          [
            0.350319183537393
          ],
          [
            3.1663295091688397
          ]
        ],
        [
          [
            2.695016177017818
          ],
          [
            -0.0026742553337992386
          ]
        ]
      ]
    ],
    [
      [
        [
          [
            3.148295499513914,
            2.6250488755964945
          ]
        ]
      ],
      [
        [
          [
            0.340244183537393
          ],
          [
            3.1646295091688397
          ]
        ],
        [
          [
            2.694216177017818
          ],
          [
            -0.012649255333799238
          ]
        ]
      ]
    ],
    [
      [
        [
          [
            3.176095499513914,
            2.6250488755964945
          ]
        ]
      ],
      [
        [
          [
            0.333444183537393
          ],
          [
            3.1632545091688398
          ]
        ],
        [
          [
            2.691891177017818
          ],
          [
            -0.013349255333799239
          ]
        ]
      ]
    ],
    [
      [
        [
          [
            3.203270499513914,
            2.6250488755964945
          ]
        ]
      ],
      [
        [
          [
            0.33139418353739303
          ],
          [
            3.1616295091688396
          ]
        ],
        [
          [
            2.6876411770178184
          ],
          [
            -0.01082425533379924
          ]
        ]
      ]
    ],
    [
      [
        [
          [
            3.235995499513914,
            2.6250488755964945
          ]
        ]
      ],
      [
        [
          [
            0.330419183537393
          ],
          [
            3.1554295091688394
          ]
        ],
        [
          [
            2.682766177017818
          ],
          [
            -0.00884925533379924
          ]
        ]
      ]
    ],
    [
      [
        [
          [
            3.265620499513914,
            2.6250488755964945
          ]
        ]
      ],
      [
        [
          [
            0.33384418353739304
          ],
          [
            3.1477295091688395
          ]
        ],
        [
          [
            2.674466177017818
          ],
          [
            -0.0013992553337992411
          ]
        ]
      ]
    ],
    [
      [
        [
          [
            3.297095499513914,
            2.6250488755964945
          ]
        ]
      ],
      [
        [
          [
            0.339094183537393
          ],
          [
            3.1382295091688395
          ]
        ],
        [
          [
            2.660291177017818
          ],
          [
            0.002050744666200759
          ]
        ]
      ]
    ],
    [
      [
        [
          [
            3.3337704995139137,
            2.6250488755964945
          ]
        ]
      ],
      [
        [
          [
            0.352769183537393
          ],
          [
            3.1321545091688394
          ]
        ],
        [
          [
            2.6430911770178183
          ],
          [
            0.0051007446662007586
          ]
        ]
      ]
    ],
    [
      [
        [
          [
            3.3706454995139135,
            2.6250488755964945
          ]
        ]
      ],
      [
        [
          [
            0.363794183537393
          ],
          [
            3.1204795091688395
          ]
        ],
        [
          [
            2.625641177017818
          ],
          [
            0.012500744666200757
          ]
        ]
      ]
    ],
    [
      [
        [
          [
            3.4115454995139136,
            2.6250488755964945
          ]
        ]
      ],
      [
        [
          [
            0.381069183537393
          ],
          [
            3.1084045091688397
          ]
        ],
        [
          [
            2.606016177017818
          ],
          [
            0.020650744666200756
          ]
        ]
      ]
    ],
    [
      [
        [
          [
            3.4563954995139134,
            2.6250488755964945
          ]
        ]
      ],
      [
        [
          [
            0.406744183537393
          ],
          [
            3.0915045091688396
          ]
        ],
        [
          [
            2.580916177017818
          ],
          [
            0.029575744666200755
          ]
        ]
      ]
    ],
    [
      [
        [
          [
            3.4958954995139133,
            2.6250488755964945
          ]
        ]
      ],
      [
        [
          [
            0.43976918353739297
          ],
          [
            3.0717295091688395
          ]
        ],
        [
          [
