{
  "datetime": "2022-02-15T13:35:08Z",
  "opt_score": -0.579,
  "opt_settings": [
    [
      [
        [
          -2.1996095196861924,
          2.2344149696511026
        ]
      ]
    ],
    [
      [
        [
          1.5811795502884145
        ],
        [
          0.9322343646651752
        ]
      ],
      [
        [
          -0.37653044382681633
        ],
        [
          0.01376804341409741
        ]
      ]
    ]
  ],
  "scores": [
    -1.4883333333333333,
    -0.579,
    0.44033333333333335,
    1.3573333333333333,
    1.7500000000000002,
    1.8820000000000001,
    1.9713333333333334,
    2.046333333333333,
    2.1916666666666664,
    2.2046666666666663,
    2.274,
    2.340333333333333,
    2.385,
    2.405666666666667,
    2.409666666666667,
    2.4543333333333335,
    2.4690000000000003
  ],
  "samples": [
    0,
    1,
    2,
    3,
    4,
    5,
    6,
    7,
    8,
    9,
    10,
    11,
    12,
    13,
    14,
    15,
    16
  ],
  "settings_history": [
    [
      [
        [
          [
            -2.2462095196861926,
            2.2344149696511026
          ]
        ]
      ],
      [
        [
          [
            1.8542462169550813
          ],
          [
            0.9621343646651752
          ]
        ],
        [
          [
            -0.649897110493483
          ],
          [
            -0.012331956585902581
          ]
        ]
      ]
    ],
    [
      [
        [
          [
            -2.1996095196861924,
            2.2344149696511026
          ]
        ]
      ],
      [
        [
          [
            1.5811795502884145
          ],
          [
            0.9322343646651752
          ]
        ],
        [
          [
            -0.37653044382681633
          ],
          [
            0.01376804341409741
          ]
        ]
      ]
    ],
    [
      [
        [
          [
            -2.1818761863528593,
            2.2344149696511026
          ]
        ]
      ],
      [
        [
          [
            1.2462795502884145
          ],
          [
            0.8975676979985086
          ]
        ],
        [
          [
            -0.0749304438268163
          ],
          [
            0.04843471008076408
          ]
        ]
      ]
    ],
    [
      [
        [
          [
            -2.2293095196861925,
            2.2344149696511026
          ]
        ]
      ],
      [
        [
          [
            0.9185462169550811
          ],
          [
            0.8806010313318419
          ]
        ],
        [
          [
            0.20906955617318368
          ],
          [
            0.07383471008076406
          ]
        ]
      ]
    ],
    [
      [
        [
          [
            -2.3194428530195257,
            2.2344149696511026
          ]
        ]
      ],
      [
        [
          [
            0.6875128836217478
          ],
          [
            0.9003676979985086
          ]
        ],
        [
          [
            0.4053362228398504
          ],
          [
            0.08010137674743074
          ]
        ]
      ]
    ],
    [
      [
        [
          [
            -2.400876186352859,
            2.2344149696511026
          ]
        ]
      ],
      [
        [
          [
            0.5597462169550811
          ],
          [
            0.9467343646651752
          ]
        ],
        [
          [
            0.5179362228398504
          ],
          [
            0.0495680434140974
          ]
        ]
      ]
    ],
    [
      [
        [
          [
            -2.4312095196861927,
            2.2344149696511026
          ]
        ]
      ],
      [
        [
          [
            0.48654621695508105
          ],
          [
            1.0132343646651751
          ]
        ],
        [
          [
            0.5751362228398504
          ],
          [
            -0.004998623252569279
          ]
        ]
      ]
    ],
    [
      [
        [
          [
            -2.446609519686193,
            2.2344149696511026
          ]
        ]
      ],
      [
        [
          [
            0.42981288362174774
          ],
          [
            1.0981343646651751
          ]
        ],
        [
          [
            0.6065695561731838
          ],
          [
            -0.06619862325256928
          ]
        ]
      ]
    ],
    [
      [
        [
          [
            -2.4465761863528592,
            2.2344149696511026
          ]
        ]
      ],
      [
        [
          [
            0.38377955028841443
          ],
          [
            1.1858010313318417
          ]
        ],
        [
          [
            0.6302695561731837
          ],
          [
            -0.14003195658590262
          ]
        ]
      ]
    ],
    [
      [
        [
          [
            -2.440742853019526,
            2.2344149696511026
          ]
        ]
      ],
      [
        [
          [
            0.34691288362174777
          ],
          [
            1.2688676979985083
          ]
        ],
        [
          [
            0.657502889506517
          ],
          [
            -0.22043195658590262
          ]
        ]
      ]
    ],
    [
      [
        [
          [
            -2.431742853019526,
            2.2344149696511026
          ]
        ]
      ],
      [
        [
          [
            0.31334621695508114
          ],
          [
            1.3542676979985082
          ]
        ],
        [
          [
            0.682002889506517
          ],
          [
            -0.3022986232525693
          ]
        ]
      ]
    ],
    [
      [
        [
          [
            -2.423042853019526,
            2.2344149696511026
          ]
        ]
      ],
      [
        [
          [
            0.28684621695508117
          ],
          [
            1.4283676979985083
          ]
        ],
        [
          [
            0.7105362228398503
          ],
          [
            -0.3725986232525693
          ]
        ]
      ]
    ],
    [
      [
        [
          [
            -2.4219761863528593,
            2.2344149696511026
          ]
        ]
      ],
      [
        [
          [
            0.2564128836217478
          ],
          [
            1.4916343646651749
          ]
        ],
        [
          [
            0.7285362228398503
          ],
          [
            -0.440165289919236
          ]
        ]
      ]
    ],
    [
      [
        [
          [
            -2.4163761863528594,
            2.2344149696511026
          ]
        ]
      ],
      [
        [
          [
            0.2320128836217478
          ],
          [
            1.5420010313318415
          ]
        ],
        [
          [
            0.7477362228398503
          ],
          [
            -0.49743195658590267
          ]
        ]
      ]
    ],
    [
      [
        [
          [
            -2.417609519686193,
            2.2344149696511026
          ]
        ]
      ],
      [
        [
          [
            0.21221288362174778
          ],
          [
            1.5833676979985083
          ]
        ],
        [
          [
            0.7663028895065169
          ],
          [
            -0.5357986232525693
          ]
        ]
      ]
    ],
    [
      [
        [
          [
            -2.415709519686193,
            2.2344149696511026
          ]
        ]
      ],
      [
        [
          [
            0.1919462169550811
          ],
          [
            1.6109676979985084
          ]
        ],
        [
          [
            0.7779362228398502
          ],
          [
            -0.564865289919236
          ]
        ]
      ]
    ],
    [
      [
        [
          [
            -2.402709519686193,
            2.2344149696511026
          ]
        ]
      ],
      [
        [
          [
            0.17637955028841446
          ],
          [
            1.6370010313318417
          ]
        ],
        [
          [
