{"noise_params": [0.0, 0.05, 0.1, 0.15000000000000002, 0.2, 0.25, 0.30000000000000004, 0.35000000000000003, 0.4, 0.45, 0.5, 0.55, 0.6000000000000001, 0.65, 0.7000000000000001, 0.75, 0.8, 0.8500000000000001, 0.9, 0.9500000000000001, 1.0], "max_scores": [2.828426874332166, 2.569745660993564, 2.3592640367170947, 2.198736202737715, 2.000392109605679, 2.0238768321750764, 1.9999365460310994, 1.9999274734304702, 1.9999630932089443, 1.9992236028015677, 1.9999948757883583, 1.999280231825558, 1.9926840960712475, 1.9867951114940472, 1.9931473883406525, 1.9981557797827554, 1.9893337688958082, 1.9935356976768697, 1.974997438533762, 1.9896067037112137, 1.9999999999999964], "opt_settings": [[[[[-1.1823159051252399, -0.8673260164588841, -1.6037542059807794, -0.8782643716572216, -1.734414779958964, 2.965826744018017]]], [[[-2.8194607202779136, -1.061222689821827, -0.8703141303792776], [-2.138665825434727, 0.03769863870078871, 1.2523929407499415]], [[2.5870449296213653, -2.0587718137608753, 3.1099455831321183], [1.5545420653696806, -3.0010554886026304, 0.45551583099601134]]]], [[[[1.6262776692427305, 0.6728091687243449, -0.21243736716643302, 3.5016336744065306, -2.0237268469707583, 1.9051126205167406]]], [[[2.155223083394682, -2.2489278395558925, -2.2735924636418456], [-0.8801225187984787, 0.597543717494326, 1.887575234480268]], [[-1.6768888362582963, 3.381004102419864, 1.8957641147602287], [-0.45363382539580743, 1.7868172415835353, -0.5379485108751445]]]], [[[[-0.4400477148381797, -3.3789317180207106, -3.170041994504074, 0.589191263889044, 1.7221287334742892, 1.9493800234784175]]], [[[-0.7820336652125783, -1.5610376262677585, 1.0604618036947029], [0.7806516049648359, -0.5495098232187916, 2.479384467738866]], [[2.591813488057736, 0.7192895405120202, -3.041212261211981], [-0.8315332374188514, -2.2164211765814845, 2.767277731460963]]]], [[[[0.8683189247644013, -3.6459565555514826, -3.2494378550623138, -2.853723691024509, 2.7976694758406127, 0.41649475237867833]]], [[[-1.1135756295356243, -1.0876641553303008, -0.1537928193539871], [-0.5746930082229855, 0.43118866705881603, 2.6733556588947884]], [[-0.514299087192776, -2.931360954422733, -0.02400648066470227], [-1.8376695535097183, -3.530216468236865, -2.76809783743443]]]], [[[[0.13033555104503275, -1.5787507589066525, -2.902724797475775, -0.10245202892405882, 0.4062829183813531, 0.04120160119349017]]], [[[-0.12349429604053584, 1.598195423563594, -2.573851814710699], [-2.905259524765335, -0.05707635899781374, 2.6809157827298478]], [[-2.519713295902234, -3.3222519742939047, -0.18995317636550538], [1.0637316539302026, -2.855332369133163, -0.4078140126652063]]]], [[[[-1.7989270238712882, -2.317225484702669, 3.347937073376547, 3.8363005718244825, 0.681561545263073, -1.2939519971197933]]], [[[-3.1225569418932504, -1.803293103644161, 2.940501714861628], [-1.2861772729714107, 1.4900276326680635, -1.243926885383325]], [[-0.4564597891730705, -2.8701845196172893, 1.5015850542779035], [-1.173416292653357, -1.6821642734288234, 2.8764050378117902]]]], [[[[0.6845525356676809, -1.9131507818210294, 1.6428321580448229, -0.47279479930345714, -1.1105716600094333, 1.410064932541125]]], [[[-0.3996846533241605, 0.9169431952902722, -2.0103092689093045], [-0.22594001984983872, -2.293222852497477, -1.8018851613496352]], [[0.6159328466640186, -1.5260870485318536, -1.0580829902252549], [0.3427752154148197, -1.690101583353823, 2.8635551717727044]]]], [[[[-0.8110201517136134, 0.18726828177497495, -0.362533521522332, -1.384437722653341, -0.8165986087776279, -2.850719567499204]]], [[[2.9032939923361134, 3.012742019100699, -2.462974761336521], [-1.8330141695501323, 0.10019528403545004, -2.9041457348759785]], [[2.6604430334388263, 1.813356395086943, 1.1690532025727576], [-0.15410574712388325, -1.708257820592155, 3.1151772569988214]]]], [[[[-3.1048547086984457, 1.4415892251351343, 0.4924292342646914, 2.1028384352589304, -0.09176110158357391, 2.1448310098811065]]], [[[-0.21673349417462232, 1.4220462507969875, 1.4574057213889082], [-0.05989734993261913, 1.607372201130256, -2.225417629915509]], [[1.5614621871407213, -0.44750895554159337, -3.110742720225423], [-2.1713217321771987, 2.8423096046731735, -2.807938152003495]]]], [[[[1.2097990088374648, -2.064850901327407, 0.5718153389566305, -0.9637981131757962, -0.10024445438195104, -0.19284435654240323]]], [[[1.8465659113033794, -1.897029050708733, 2.583625215485596], [-1.0015672914353457, 2.0618400932981826, -1.6556176934644602]], [[-0.7080128581210595, 1.0482904152601054, -0.668556140955762], [0.33581852060251943, 1.9107440926836066, 3.098774304728801]]]], [[[[1.3606410597167788, 2.5388011909164665, 1.3570050598462307, 2.5681405130874846, 2.906864879262282, 0.10952670703059272]]], [[[-1.3921135224747367, -1.339583153015287, 2.9767722030251518], [2.1760114968058852, -1.4723021819007207, 2.907789159570208]], [[-1.0847741799018085, -1.1849133901960722, 1.1390814680643926], [2.134910346021278, 2.0237942807994624, -0.9184469733886562]]]], [[[[0.17255478236755423, 2.9056550564880466, -1.2589069005546187, -0.5948984615117134, -0.023394285530656443, -0.22719547158109976]]], [[[1.085437681639855, 3.5693238944605126, 0.5888903026856598], [0.829570400908621, -2.532085846977347, 1.6912757136778849]], [[-1.7497722145455121, -1.334352917032422, 2.69907821633044], [-3.119410020976463, -0.5175326062906349, 1.7666582970495872]]]], [[[[0.18405792913222158, -1.6674013123102722, -2.8667296251551297, -1.3609998938117847, -2.690662694729615, 1.7641627836135365]]], [[[0.7150333609068033, 1.1394880983104942, 1.2542474943612714], [-1.5670044262946259, 1.3000588464731575, 2.4012479430829394]], [[-3.256457066514844, -0.6983789012094308, 1.1444775849437478], [0.44401452178701795, -1.2669623913497643, 0.6084153554879488]]]], [[[[-0.9166559068235717, 2.2084796833719125, 0.767681413384222, -0.15790031602414933, -0.5501662178538852, -3.168728989127808]]], [[[-2.474472441398448, 1.6540905847712117, 2.5764174257751415], [-3.102105409722175, -1.4239149989205642, 0.1286915041567256]], [[-1.0887756675806697, 2.2017677925111325, 0.6874146270046557], [-0.7173940908228885, -1.4976472662671512, 2.2791704265129207]]]], [[[[0.5665832972791977, -0.6263458613885152, 0.14579685420243477, -0.17248437595917374, -0.4488516430795892, -0.423190656216098]]], [[[-0.6729262928604909, 1.2107965176192237, -1.524227768862541], [-2.0413785196371856, 2.4524188481480453, 2.9686158383476258]], [[1.4055007975858642, -0.26797858402411345, -2.1154852496555305], [-1.652028052870246, 1.9926695497194824, -2.3638333707066868]]]], [[[[-0.2330170030772032, 0.29367856553530436, 0.17491055800667316, 1.6213761972685814, 1.990546969271991, 3.0532753920821247]]], [[[1.782647869512984, 1.2947194072423365, 0.7490352786670617], [-0.5917238823283277, -2.1964722698215424, 2.484658432314424]], [[-2.9159681316550934, -1.5979959030302056, -0.3306787949794633], [2.230950409104685, 1.5319837528361624, -2.9926147022415974]]]], [[[[1.430893269293676, 3.121454351563095, 0.812968861162605, -1.4882968907772498, -2.2326589739181424, 2.9160375818133657]]], [[[-2.04676218658277, 1.7703803448801712, 1.0028479813707847], [0.037758033375907926, 0.30861864699257324, -0.42505918358340367]], [[-3.1224136901484685, 1.6448459483379652, 1.1901476424846198], [0.4086075544275658, -2.6676710320253187, 1.947260074471446]]]], [[[[-2.366835615412842, -1.9953693768266627, -2.2924540892743654, -0.2548769596624553, -3.4808474287090614, -2.182694918307541]]], [[[-1.037515801066452, -2.247188090980242, 2.857147722715177], [1.6901381080014855, -0.5514495648560295, -2.4943201077613124]], [[1.0982289369263725, 2.878835804319199, 1.6553149350815328], [1.8405769464290982, 2.4158107443870462, 2.721316156991924]]]], [[[[-1.5345289848475265, 2.130525317289331, 1.1982837305343683, -1.7861319411780912, -2.0122142019908646, 0.03134745690387539]]], [[[2.5709618933142244, 2.864627243788762, -2.609451373022729], [-1.1642074078877547, -3.1333669927999366, 0.38555380575253434]], [[1.4044179325408939, 0.20650652246915974, 