{"noise_params": [0.0, 0.05, 0.1, 0.15000000000000002, 0.2, 0.25, 0.30000000000000004, 0.35000000000000003, 0.4, 0.45, 0.5, 0.55, 0.6000000000000001, 0.65, 0.7000000000000001, 0.75, 0.8, 0.8500000000000001, 0.9, 0.9500000000000001, 1.0], "max_scores": [2.828427013521652, 2.5697047244958298, 2.3596305664689163, 2.1987578213538197, 2.003858100333656, 2.0236363272842937, 1.9752695068614161, 1.9965125923110132, 1.9964241941000458, 1.9976970589863896, 1.9999978882557063, 1.9999312641831657, 1.9985260410253711, 1.9968618044726352, 1.9989772067546734, 1.9885422781488216, 1.9909954154968537, 1.9742850053321759, 1.996996060356218, 1.9964359511506362, 1.999999999999997], "opt_settings": [[[[[-2.071239712309004, -0.13656146065716016, 3.1225154834380615, 0.4139672184992318, 2.9679379744985743, -1.5724238323666204]]], [[[-1.3400014954134212, -2.2820446129725647, -2.9930918869867638], [2.8978217915408946, -2.056949069531362, 2.145929089026721]], [[-2.3482356348547615, 2.036084899496662, 1.62048608259596], [-2.4911208880677536, -2.668312104870206, 2.1245624841092834]]]], [[[[-1.5964153558989203, 1.5629877264288328, -2.7592220323260936, -1.6462110129991034, -1.4541628154202395, 1.112196027668226]]], [[[-1.7189622823759307, -1.6751931639431268, -2.737143758949458], [-3.1017938317720186, -2.9449661369835263, -2.724668520856102]], [[-0.6239811514212706, -1.2924282677761614, 3.076698093702653], [0.9527558709188304, 1.5546391916529947, -2.409081729208669]]]], [[[[2.0010148594616988, 0.13802458001012957, -1.2223731967665623, -1.6996922598966806, 1.0522111664810052, 0.4976936168214357]]], [[[-1.4459203831418712, 2.0178834108000476, 1.5813098024830037], [2.9502910160311027, -2.938121601742375, -2.566318469700512]], [[1.9086254403378131, 1.7753113694686198, 3.0896329659691464], [-2.7576817361322954, -1.4863658314294388, -0.11264683445420376]]]], [[[[0.7344484259357982, 0.21586243824150517, -1.0479677214979188, -2.5218613603102473, -0.763931790099201, 0.7311321273569655]]], [[[-1.865148217854389, 1.85778380107359, -2.7922587968598895], [1.745137999699272, -1.2217349993708535, 0.2078088680573597]], [[-2.3116489245182783, -1.8439531240319758, -0.6896489161825228], [-0.3440142877985968, 1.272066357978113, 1.091837636484449]]]], [[[[2.3566820199908585, -1.1697472339694763, 0.026797180052655297, -2.2834252568611277, 2.6447376188550207, 0.016886771705728734]]], [[[2.471170116820392, 1.0219144233455133, 2.8826146223147244], [-0.7210367981917889, -0.8858407029519579, 2.086665689074996]], [[0.30084906622223045, 0.9335088168743882, 3.0358275932198495], [0.4647273847011624, 1.061555836649165, -1.575552705183096]]]], [[[[0.19434024921693055, -0.9891415042143233, -2.778777658256085, -0.7741094934982563, -2.4943707095040266, -2.4523183061804237]]], [[[2.942134013246128, -1.2578467691534032, -1.3800667164660223], [-0.1520218108380403, 0.29805483580209624, 2.7684403674253497]], [[2.7648996992074193, 3.2807305391373554, -0.6403226138900355], [1.6344998553179495, 2.516977890810033, 3.128307051159232]]]], [[[[1.1159062534473536, -0.5330155322976462, -1.6521996464140662, 2.061682951112604, 3.5971359071616664, 3.8125869853900736]]], [[[0.4282657081689285, -0.17064413020332983, 0.433239836203255], [-1.0028071205022555, -2.466134798554887, 2.8188703933229826]], [[-1.5138894599399968, -0.8431084280275821, -0.514545584933134], [1.301142241662433, -1.5686810061416208, -3.096764453907918]]]], [[[[3.441562361664652, -1.6207964838517677, 3.4595716885062853, -2.508215780575692, 2.210407994603109, -2.18771266480032]]], [[[-0.1516750147605026, -1.6604712274795193, 1.6635693018080797], [-2.6888434213385555, 2.24631434735602, 2.0659280803426467]], [[1.802622148590968, -1.0364657161928215, 3.0039928919370027], [0.25627246696216033, -0.016850286454513808, -1.467886104407765]]]], [[[[-0.6560927606281081, -0.2964338883824971, -3.0090714471548474, -2.2007964215216225, -2.639326881554399, -0.39290240943300186]]], [[[-0.7863275866103809, 2.7565174350207804, -0.8508418338813009], [-2.9010770487312243, -3.220213027067883, 2.773136807329643]], [[3.2175851598270175, 2.2447139748156792, -2.7750812467667214], [0.9371728318762256, -2.953436432479368, 3.079781803245405]]]], [[[[-0.5507992984793219, 1.464908476234858, -0.68406509973405, 2.531525818306502, -3.445750883546094, -0.4679811685622701]]], [[[3.6563680820374334, 1.756210006380819, 2.0448722318516825], [1.2420196527634926, 1.9766591092163377, 1.0078125299256815]], [[1.509008103857581, -0.48528135237059766, 1.4016751894433384], [-1.8933371871807216, 0.39036389686782974, 1.4043002634548465]]]], [[[[0.18767276326799304, -1.665648386807897, 0.03567587483430329, -2.747619617518679, -1.7212621444713962, 1.397436433084565]]], [[[-2.929726307629983, -1.677601788896466, -0.740906418362751], [-0.06722237958224934, 1.454207775286961, 0.15024354956589192]], [[1.4025411902591776, 1.9234048519424485, 1.291457507670371], [2.61931551957148, -0.8611556700246682, 2.803850793109646]]]], [[[[3.0182235271377658, -1.4933177117230714, 0.19255743693549085, -2.0329080348010606, 2.0514115008310765, -1.2533892235925532]]], [[[-0.6031399418178884, -2.1544856840991873, 0.40121302535035147], [1.1061849468247162, 0.4092877519459296, 2.710737238718184]], [[0.8594744656948369, 2.415343429438357, 1.8268106057629616], [-2.161446767254815, -3.061640205699622, -1.2266234810470515]]]], [[[[-0.18491538367087376, 1.428555177163299, 2.514119088174026, -2.431220574581791, -2.221812955272224, 0.007558331656790119]]], [[[1.2349650478517906, -2.7247139959767366, 1.7323627428176884], [0.338734388976346, -0.9479982108567409, 1.6458756397644034]], [[2.0844445679806314, 1.3923773181847092, -0.22666694911799232], [-2.2705215847657327, -0.6442493946736135, -1.5054941908781967]]]], [[[[1.1942672821372817, -2.290893504575695, 1.0066822372663649, 1.2544362857364904, -2.6082972836318157, 0.9498284017956111]]], [[[-2.4565312896601696, -0.5427308718581279, 1.0149917785345526], [0.4104980142566518, -0.37255020815844486, 1.4029398079989832]], [[2.338242555675324, 1.3916669140504199, 2.1620257426937126], [0.27003641419908037, -1.1533706546281808, -0.34679370087842365]]]], [[[[1.8001421532703477, -1.0684775360359733, 0.21704704774066594, 2.7791488785041056, -0.12742475477710347, 3.0039282826877445]]], [[[-1.2662372159786277, -1.5605817680126803, 2.1304554980504893], [-2.653752352299958, 3.0804673591182956, -3.106606572814708]], [[2.3481718762350257, -0.42564921172290776, -0.2750729868630622], [2.1942308454874144, -1.2759433467185917, -3.081405431131026]]]], [[[[-0.6636086134818809, 0.36733593633177214, 0.8167516580046357, -2.9269191005378246, -2.5675879519831524, -1.321410622323618]]], [[[1.0602079292039082, -1.0427299709725861, -0.7785758969780696], [-0.40359283425715997, 2.8103440447697676, -0.39471973835978513]], [[2.4089120132467086, -0.5359885266597654, 1.1987572027609348], [-2.900876695178062, -1.4442500326045828, -0.6943188627224584]]]], [[[[2.9168785749947017, 1.4258326897909634, 1.9474329428771238, 1.6666531131945996, -0.7223718094026353, 0.14096443300661524]]], [[[-3.075668627868352, -1.7444782618696102, 0.8761869759718532], [2.0576722696896517, -0.5774199952645386, -0.2803014954692485]], [[1.5758757967052213, -2.3074077314059402, 2.508692559669459], [-1.624784856633653, -2.5553576965617437, -1.2160826027496463]]]], [[[[-0.1448976881707434, -2.033083649030227, -1.8642567145263438, -1.9572122500376186, -0.9734955863855659, -0.046657686603389925]]], [[[-1.6458004927663523, 1.8458028480562367, -0.7256606207985774], [2.15134630549326, 2.2612620481656354, 0.557580860144348]], [[1.47978858170632, 0.4952261683186283, 2.322835882326002], [-0.3268115939773599, -2.689735315231946, -0.9597932467768842]]]], [[[[0.26081017307972215, -0.7051991877762714, 2.7519430793729285, 2.616954011987397, -0.8937690285550813, -0.19071347022014631]]], [[[0.3312863544995762, 2.1653291005406, 1.8953279309415159], [-3.105533459521948, 2.8095645575294204, 0.6527733502825801]], [[-0.2131242331291353, 0.6673197306862962, -2.962991087824215], 