{"noise_params": [0.0, 0.05, 0.1, 0.15000000000000002, 0.2, 0.25, 0.30000000000000004, 0.35000000000000003, 0.4, 0.45, 0.5, 0.55, 0.6000000000000001, 0.65, 0.7000000000000001, 0.75, 0.8, 0.8500000000000001, 0.9, 0.9500000000000001, 1.0], "max_scores": [2.8284271247461894, 2.5576554800834366, 2.3110259710442507, 2.0885385976291215, 1.8901933596911988, 1.7159902503497446, 1.5659292911244806, 1.440010457669465, 1.3382336753370772, 1.260599201616904, 1.2071062375968131, 1.1773970248986105, 1.1586284515279408, 1.1912256063819795, 1.228821667861375, 1.2921764856315527, 1.3912019503010646, 1.494570352833526, 1.6425471509433596, 1.8066920588138191, 2.0], "opt_settings": [[[[[]]], [[[2.036581585359438, -1.2165237273118608, 1.0097605355937747], [-2.2651037647922654, -0.7367495083086375, 1.4972489458461318]], [[-2.783040942255584, -0.7155953149263529, -2.9038249151898676], [-1.5720324894153486, -1.8677381597405525, 1.6889406314824598]]]], [[[[]]], [[[-1.7259401342112384, -2.500039622133158, -0.168406596220417], [-3.9089556057758306, -2.0724816685957217, 1.757430154496917]], [[0.022731252743535567, 2.642356306680654, -0.34627419731142783], [1.1340112825168434, -1.805185343189314, -2.44495499830983]]]], [[[[]]], [[[1.1500620536103188, 1.862776185536485, 1.3405730522652144], [0.6200135610960552, -2.9709689631466203, 0.8415047327619527]], [[2.148930169603007, -2.624746303500035, -2.563937953685164], [1.9665449712133127, -1.0166011639041392, -0.67014754437308]]]], [[[[]]], [[[0.9430375779957505, -1.3880842110800111, -2.075789038102502], [2.568632261955071, -1.2778729833341151, 0.908338541268491]], [[-1.7471376305016364, -1.2314329880782193, -2.891101119802001], [-3.3349659178835, 1.6481428408825012, 1.4046980110597609]]]], [[[[]]], [[[-2.295027121258928, -3.240995609365893, 1.0323535609328935], [1.781008463546495, 2.23515822219109, -0.934202256751239]], [[1.419807089142195, -2.7241468936636064, 2.533602386969072], [-1.837189088698913, -1.6231122368963193, 0.49699128624979055]]]], [[[[]]], [[[2.1650155624857725, -0.4418475902724843, -1.3695552956160097], [0.6295743747129423, -2.9202538633666832, 0.08603111112635714]], [[3.834465614645257, -0.8313436516583769, -2.347154738156828], [0.4484387588879364, 0.2528129231041965, -2.688737470245559]]]], [[[[]]], [[[1.2712447449635735, 0.7872541755413426, 0.46283755997477716], [-3.5852529738599928, 1.574026618184869, 1.7070902233858467]], [[-2.1182258584282105, 1.0731710260357852, 1.268578199858525], [-0.20247769437585325, 1.0237020674317026, 0.3548197197173237]]]], [[[[]]], [[[0.9346305622073595, -2.552527834213191, -2.4912541527518255], [3.172764809919336, 0.9651591532752941, 1.1954137425916729]], [[-0.4086128075563338, -1.7850796706235297, 0.9069497787948161], [0.5210619236837312, 2.7449244956678727, -0.8077678435893447]]]], [[[[]]], [[[1.1326106568351437, -1.7271121795224411, 0.9388418071551596], [-2.47802781940863, -3.064344342335621, -1.9919795693338482]], [[-0.9989279790492006, -2.570956074560872, -0.6194526586240516], [-1.038448835230923, -0.779551231555237, 0.17562401074842265]]]], [[[[]]], [[[-0.8360233221734513, -1.7432628693317556, -1.1914751282535145], [0.8035336599099141, -0.9085465270496874, 0.39421909758514695]], [[3.1101701358483043, 1.068140482008186, 0.055662792011716006], [1.6313404824361315, -2.0950333483026866, 3.1062132509114226]]]], [[[[]]], [[[-0.3525812931236151, -1.5262595334803146, 0.47071237207682737], [1.8594485941833157, -1.3135805956220274, -3.141327452467465]], [[-1.2951884072589528, -0.9270426127242676, -1.5074886088492854], [1.2220749783732288, -1.1281202206692063, -0.4872201891844909]]]], [[[[]]], [[[-2.1998140186542123, -3.3660968916377945, 0.8741239372888385], [-0.5466715387859226, -2.2724995104714933, -0.9648206831979143]], [[2.586779585042798, 2.8556866056890335, -2.9583225053120845], [1.0245953840827147, 2.4267455990383637, 0.8418653318114204]]]], [[[[]]], [[[0.4325765782599287, -2.346400739062596, 2.1884282667431654], [0.11512673968363415, 0.034945907499878914, -2.9245925450651606]], [[1.0422820254600833, 3.081291536058171, -0.07810579633113873], [-0.782365316542089, -1.8399519107460698, 0.7257687938722843]]]], [[[[]]], [[[1.0471817228141838, 1.5175866611130298, -1.8371578974227945], [-1.6047876412116748, 0.3959017128018435, 0.5194080033423933]], [[2.4640326206558454, -1.102349036483768, -1.0568129474579169], [-1.1732458227114504, 2.115733584192949, -2.5857824399688845]]]], [[[[]]], [[[1.042931118468823, -0.32477493892208126, -2.1265848247371197], [1.734919243207203, -1.2603076806808504, 1.840541101145365]], [[-1.3177701523308474, -0.5077972054776428, -3.1019058343154193], [2.412228410647151, -0.04167040865201246, 1.0110332520546095]]]], [[[[]]], [[[0.656546840228412, 2.5091263903372347, -2.696130987275782], [0.8197137074701496, -1.4600160182581812, -0.6094078930845859]], [[-0.7543979358554278, 1.0673250025834542, -2.9311094191230014], [2.4450492045025833, 1.9667865373987703, 2.1493621874769255]]]], [[[[]]], [[[2.1349749528207367, 0.5474720237784291, -0.417662855768505], [2.7987752582404273, 1.6986890423098089, -1.556130495229981]], [[0.7711549495490346, -1.855099543670172, 2.8379994775790323], [-0.4194396567417565, 1.1574478911590698, -1.3727463382551235]]]], [[[[]]], [[[1.8529778134321797, 2.1097435921177916, 0.2674925396857009], [-0.33334553000327377, 2.2530131605976953, 1.3013568583250663]], [[1.8601531346112197, -2.3148419564763483, -2.45944071250716], [-0.8127489834382106, 2.123580499782865, 3.0759458853953365]]]], [[[[]]], [[[-2.486806179270257, -1.181664171405574, 2.4388862013670494], [2.773726714641177, 1.4557580806982102, 3.1211832354026345]], [[-2.7614294575833718, 1.1243241096763186, 0.09991390678263776], [-0.7730257755701112, 0.5773245183772744, 3.0326577587762857]]]], [[[[]]], [[[0.776364127481236, -1.389863994501213, -0.4914094769191156], [3.1098328091542835, 3.0211598883950574, 1.723531114813131]], [[1.4223574861795032, 2.9825926059052676, 0.09155632998301708], [-1.7724814784736338, 1.4185208197765462, 0.4558789062777848]]]], [[[[]]], [[[-0.025126152456827366, -3.0512411560174626, -0.7721883388608171], [-1.945786334060423, -0.9906041629792703, 2.817933367029026]], [[0.2569294276409586, -1.7609161393752706, -1.8855230380599095], [2.6718136753939863, 2.962094051049392, -0.49950864428350705]]]]]}