{"noise_params": [0.0, 0.05, 0.1, 0.15000000000000002, 0.2, 0.25, 0.30000000000000004, 0.35000000000000003, 0.4, 0.45, 0.5, 0.55, 0.6000000000000001, 0.65, 0.7000000000000001, 0.75, 0.8, 0.8500000000000001, 0.9, 0.9500000000000001, 1.0], "max_scores": [2.828427124743378, 2.557655480083436, 2.3110259710010457, 2.0885383338787618, 1.8901932441651188, 1.7159901246552471, 1.5659292647410257, 1.4400095933788009, 1.3382337412081988, 1.2605962023432873, 1.2063699529624765, 1.1777034527313466, 1.1692452785469258, 1.1882586062602318, 1.2316831827095296, 1.256832959278499, 1.3857516940711727, 1.4829883671707669, 1.6297733130954346, 1.8030890778497515, 2.000000000000001], "opt_settings": [[[[[-1.6899150582197224, -1.3226371223327698, 2.2744023516665948]]], [[[1.360681101012219, -2.5579370065568847, -0.12082343548763497], [0.24733174172668582, 1.5286688471720815, -0.9170524345719935]], [[0.7015928904604888, 2.0687579879922584, -2.463959360805479], [2.0081269603602294, 0.8301039535400802, -1.516877741339804]]]], [[[[-1.1042828095600272, 1.129135634216696, -2.710484173115218]]], [[[2.8926138223697775, -1.0036683190687679, -1.210818243331087], [-1.8796634967922337, 1.4172770273314228, -2.1224619637224427]], [[-3.3393401108343443, -0.6218200275906195, -1.0793881531152687], [-0.5099382000667559, -0.937604044521138, 0.8960610055215296]]]], [[[[2.282057300017873, -0.2722893603994431, 2.1171822801902778]]], [[[1.93686798502617, 0.5047619688238842, -1.6430971719050622], [-1.6446510759919177, 0.9584633025631524, 0.912975801478142]], [[2.499715886909163, 0.006347241169772883, 1.1485846385707514], [0.2518662764505188, 1.554068577179588, -2.798569110980973]]]], [[[[0.40597813065187627, -3.046417202483039, 3.526268933628166]]], [[[1.6519707921712117, -2.3185668590171264, 1.9718610601979583], [-0.9875371574680643, 3.4505010722035916, -0.5388948083344971]], [[-2.60886978568983, 0.1261585849375655, -1.0499449926796784], [-1.058017790120085, 2.4897225162832295, -2.101648209885445]]]], [[[[2.302248017277641, 2.0035617365045253, 1.9051173860393045]]], [[[-1.4528932007466575, 1.7418375762050002, 1.1561460932027163], [1.7605548599774035, 2.081909547095112, 2.7061899089071284]], [[0.19210522251509693, 0.7043955597621898, 2.9381591181124342], [-0.8019250364174477, -2.65640091788546, 2.5786518223716834]]]], [[[[-1.171397131664754, -2.2456903672228816, 0.8539486598138805]]], [[[2.258940897698023, 1.6467051935309298, -0.873302104285743], [1.2691588675734546, 0.28682437412488815, 1.4633909406039072]], [[-0.8421936796161327, 2.9345672251967088, 1.121449480074066], [1.3515116344744236, 1.5023824681052211, -1.8935359322805378]]]], [[[[-1.2674501245314187, 1.7484584027724972, -2.2953448733508783]]], [[[-0.5352027545810503, 2.483896724374568, -2.3614520998716486], [0.9068835988008314, 1.3224109112529183, -2.5903496736779763]], [[3.2877113040798696, 1.1450838688524463, 0.45456848766884894], [-1.2592293619000527, 0.8725054979168287, -2.7217014377172433]]]], [[[[-2.932091497127562, -2.830874228788634, 1.7963339460787444]]], [[[2.2721611144406757, -0.5263071558927206, 1.0969609652567982], [-3.316554658585483, 1.5392840843774986, 1.328745304743273]], [[2.589454248944942, -2.471155647145313, 2.0765053387678414], [-2.232317474234065, -2.048765704417983, 2.841914801529777]]]], [[[[1.489684738684404, 1.535734095390154, -3.9405832184000076]]], [[[-3.0926436895022174, -0.9154239139884711, -1.049219187133967], [-1.2739710575888092, -1.3671512621593722, 1.4163802102014529]], [[2.0203416035083386, -0.6544985678328952, -0.5390371901752347], [0.3680365281297603, -1.4837740703406974, -0.055039368110834964]]]], [[[[-3.018379452596033, -1.436439481586561, 0.16073166916529938]]], [[[-0.08782689025704551, -1.2551097493752263, 0.5906750470423523], [-0.3484214796301851, -0.48380940279003437, 2.658512902885559]], [[-0.07648405911549888, 2.368296508296198, 0.5710900909720573], [-0.8063153821810748, -2.4744254601056386, -1.829483680790112]]]], [[[[1.8726270983076185, 0.9329218414589802, -0.6546861387971981]]], [[[-2.1991652062202283, 2.330118935488792, 1.735955079679493], [0.7515316447558605, 0.36741519433782194, -0.6421291434436829]], [[1.3196180618148827, -1.6425503046527952, -0.9045715021114931], [0.21665421404303034, 1.1769431120962786, -1.3716605522203005]]]], [[[[-0.3664751153665613, -0.9368143624514291, 0.06511505187519234]]], [[[-0.37675071025008683, 2.0898886036681406, -0.5903814741409823], [-2.3428722101374517, -1.9216512157838397, 0.6952818890705781]], [[0.16374810125799694, 1.1721614107839309, 0.5523487203904178], [1.4596530557745075, 1.5828894021355833, 2.7444584619245234]]]], [[[[2.892136258001726, -1.5454485532965894, -1.6233522711105912]]], [[[-1.1643400242488464, -1.0526396504310096, 0.5389143482879111], [1.1033260569684553, 0.6902325917701049, -2.298891617153407]], [[0.08196588107503887, 1.0578263909299948, 0.29968672852561085], [2.6718793958606666, 1.9964496800240534, -2.4138252636205157]]]], [[[[-1.3216854256358366, 2.0459252022456464, 1.3388591420598392]]], [[[-1.4605979179243078, 0.6111206586515283, 1.3372983014190583], [-0.34839423174859685, 1.3197685493729427, 0.08808344784853878]], [[-2.894391394172268, -2.671681445980216, -0.4385391965355402], [-3.3508998898107922, 1.1677320189934566, -1.6495667313053166]]]], [[[[0.7922560527788763, -0.836483590722573, -1.9022914672948952]]], [[[-3.018080795640217, -2.0844166328124785, 0.2873386157109934], [-2.331102265968252, -2.4292661880295885, 2.1485792116179496]], [[0.757816337467722, 1.9152186718671445, -2.0341175549113744], [1.3669334414694903, 1.0002951214881342, 2.0683924983325364]]]], [[[[1.617734355481795, -0.6203729842818837, -2.8087159824010732]]], [[[-1.4555187577286406, 1.6826679496374584, -1.7768546172737263], [1.3462530698636967, 0.15553281367831223, 2.3313741647682864]], [[1.349011391405168, -2.678511499140551, 1.5598961140239451], [0.743936166286429, -2.243257197644229, 1.157904573674963]]]], [[[[-1.5228547924146365, 2.7602602557539098, -1.6752241503146454]]], [[[-0.9107898214760372, -0.2178675386628331, 1.4104489195451935], [-1.6400723978491418, 1.0735189638863307, -2.56243333024863]], [[2.734569118743548, -1.7729128018726594, 0.9945606433633003], [-0.07323299612836433, -1.5789523224297992, 0.5725430765309132]]]], [[[[-0.7371382102271603, -0.3359941556517794, -0.892518196599196]]], [[[1.0763742424306046, -1.9551541092247322, -2.2768948849509805], [0.10785574005901687, -0.4159186531600307, -1.4135762846528312]], [[0.3426200210487102, 0.060601291468568505, -3.134946819523628], [0.5009731928060087, 2.3506477182079757, -0.21543553004309096]]]], [[[[-2.5401499851564737, 0.43668546545754255, 0.026809025689929634]]], [[[-1.026562109048445, 1.4093445723050408, -0.44739589497798854], [1.8779091600011901, -1.9115223164238617, -2.082395046482847]], [[-3.027516207982659, 0.5804229784510548, -1.7712544144725164], [-3.002578773162937, 2.649696784820539, -1.0375054481125892]]]], [[[[-1.1697991398536736, 1.8720282213463972, 2.9384905225403357]]], [[[1.7589386194498162, -2.3936199106324625, 2.8101983492652476], [-1.4523272740615327, 2.4734284323323106, 1.8801975613718795]], [[0.9007160017242103, 2.2981793970850277, -0.5714601893846423], [-2.9578838190934578, -1.9481438714241277, -2.3238172265697514]]]], [[[[-0.25581262363462715, -0.6347015520443166, 1.5940505066323585]]], [[[1.9578130924590713, 0.3298288587604321, -1.7171764784112955], [2.680420993305632, -1.041398278491346, 2.623650972881122]], [[1.3316558976003545, 2.0518581495735955, -2.3746390004410385], [1.0189016592793294, 0.4626491152610561, -0.5117639696619949]]]]]}