{"noise_params": [0.0, 0.05, 0.1, 0.15000000000000002, 0.2, 0.25, 0.30000000000000004, 0.35000000000000003, 0.4, 0.45, 0.5, 0.55, 0.6000000000000001, 0.65, 0.7000000000000001, 0.75, 0.8, 0.8500000000000001, 0.9, 0.9500000000000001, 1.0], "max_scores": [2.8284271247254678, 2.557655421525691, 2.3110259710444, 2.08853859600596, 1.8901932102119798, 1.715990257572512, 1.5659292103284868, 1.4400082994798609, 1.3382331921321113, 1.2605268523808764, 1.1992781755095319, 1.1766711306783457, 1.170115343256448, 1.1661363238221658, 1.179799529630119, 1.2950283368276714, 1.3475055811956316, 1.482964949599448, 1.638949839650126, 1.8088770446672338, 1.9999999999999996], "opt_settings": [[[[[1.7363529962322022, 0.7780066517696015, 0.7089954079846646]]], [[[-1.7827626690964045, 2.2384219388089974, 0.8292079265266086], [-0.0023287412598448423, -0.44140120436759667, -2.1143500212516697]], [[-0.3735674424370312, 1.5643325757952908, 1.3227306658620623], [0.8720119119925133, 2.706644550673888, 2.197956474789777]]]], [[[[-1.287245937989273, -0.3731261595573907, 1.181269370894582]]], [[[-1.4885688191082358, -3.097470782651946, -2.387848666874245], [-2.5914728839396104, 4.4118827147556825, -1.8635115099010944]], [[-0.012044390593968501, 2.518806402943345, 1.296198558470972], [2.562289201296916, 2.041956545889673, 2.146087381954512]]]], [[[[2.810915837496158, -0.7262006477150185, -0.10985165009604408]]], [[[1.7777708773016585, 1.7796244733603723, 0.9482961039913329], [0.2992600132845072, -1.9465247711657916, 1.1832328647171844]], [[1.4225564732587042, 2.4863230503032194, 0.6227161334398321], [-0.8068992316249126, -1.0592539402591408, 2.647659642165058]]]], [[[[2.5774062920564105, -3.548783033012916, -2.3508408194737584]]], [[[2.284453422942668, 3.1563087668426686, 2.062472245532204], [-1.2527314576863469, 1.3914705826662706, -2.5470108983059916]], [[2.923228980102948, 0.46947736522374406, -1.7060140473876817], [0.24222337980826036, 1.0139230387266824, -0.5117956047743353]]]], [[[[2.554561958310335, -0.605825824763574, -1.858974260085005]]], [[[-1.606349529436732, 1.969256424023149, 1.4539588423160588], [3.1507592156162443, -2.815292918122684, 2.415914542384619]], [[-1.8145081660116948, 3.1165429877380486, -1.8822031586091308], [-1.999801979922181, -1.5738545859595072, 1.5254984005604744]]]], [[[[-0.6872218150710178, 1.1431224918498912, 1.2856153631861387]]], [[[1.057336082114736, 0.9146903983578936, -0.638694272999131], [-2.719246827187552, -2.2068552473006986, 0.21588653026322724]], [[-1.0508143466420885, 1.1362124973269234, 2.692400144983927], [-2.2475849616637866, -0.7761490345156746, -0.7879334871583574]]]], [[[[1.4181106902410372, 1.1267551030750054, -2.3417080535498647]]], [[[0.39198619179048383, 0.813035038346981, 1.6040896702426997], [-0.7427387975594008, -1.8474958485227326, -1.480611286696963]], [[2.4895444527371686, -2.004208376227141, -1.8379354677261999], [-0.32591870599772105, 0.5143870288570674, 2.923561177024135]]]], [[[[3.0472842255933426, -1.978405413204735, -0.41293620391207614]]], [[[1.9965956256514221, 1.4074548795944493, 0.261957116549087], [0.7840754560019545, -2.571819001290242, 0.3988806932483593]], [[-0.8120451596107581, -1.770948060713633, -0.04261942806224894], [0.9643230678403516, 1.5434537171755394, -2.488736756202543]]]], [[[[0.7668901263263062, -2.518645098402031, -1.8874303948171725]]], [[[1.3077898161261616, -0.9054613496782014, 2.5603873580377776], [-2.3659864599118614, 2.3123336412548534, 2.4427841887790507]], [[1.3467319943816052, -2.196396486595396, -0.5846227152376757], [1.1414138807734762, -3.2203296755942974, 0.13818374958098942]]]], [[[[-3.1103683046300334, -2.6505262405108048, 3.750794413797279]]], [[[-0.18936915851090333, -1.7603091472512602, -1.0760505839417243], [-1.0724796303395974, 0.2496898910440368, 2.390641972916532]], [[0.5982307199458353, 2.2092699044952773, 0.43053868915738747], [1.4373766621210031, 0.13354349222884818, -2.0027917315752743]]]], [[[[-2.454890914242372, -3.251412438727417, -2.6657825792333227]]], [[[-1.0766651187612328, 3.075414809225811, 2.2843523526386873], [-1.2286265557985998, 2.8738656348858473, -2.1124244943791863]], [[0.35881277699972725, 0.10259024520031505, 0.28566166473116456], [-0.41316982420869414, 0.38072094951133956, -1.84987082554937]]]], [[[[0.031860565290833615, -0.6814229382723757, -3.0228116230985367]]], [[[-2.2905327006816005, 1.0467192459909613, 0.9639673453116409], [1.680365365207611, 2.580061409874433, -1.0901860896836197]], [[2.779185934712931, -1.3749858974712252, -2.5919028349065547], [1.158081257561798, -0.7008911103660788, -2.2539493188498465]]]], [[[[-3.102705341390791, -2.7715291192313694, 1.3242571142223576]]], [[[-0.01982188046033294, 1.1188510109203655, 0.00865055853139165], [-1.5375571957569791, -0.7728536472746653, -1.7053282535741396]], [[1.1151989794817763, 1.9787318532899165, -2.4927833830079806], [-1.8848401220228854, -2.103457199998642, 2.055991938322971]]]], [[[[-0.7840509720552439, -1.6839405149694375, -2.0859047486045794]]], [[[-0.712547551869135, 1.9666849728602427, -1.4475366908827367], [-1.9578820665536143, 2.0066026811856763, -0.6008338215767148]], [[1.2300967895297503, -3.3339446273980147, 1.3452178541956892], [-2.399396604920103, -2.555021864945333, -2.4534024233928653]]]], [[[[1.1287436002389288, 2.571004438324706, 2.151815533793852]]], [[[-1.731821621078387, -1.2240776163529437, 2.820494358028853], [-2.1475153342726094, 2.1350640518044095, 1.0276007451410356]], [[-0.5496049766599997, -1.62867304159778, -2.9046361498681312], [-0.9929584424769956, 1.3337872615975777, 0.2615343079493315]]]], [[[[-2.749212012708934, 1.5629679830894758, -2.08479454689264]]], [[[1.6140881002899998, 0.6352241662694291, -0.5708386249229069], [2.821921686594122, -2.1917626623651576, 2.4996611052783573]], [[-0.7987096326942289, 0.8616602267956552, -0.2660614490874927], [-0.676697192205182, 2.0910053763845857, 1.039038958589078]]]], [[[[-0.621850027088167, 1.786751426038062, -1.1555130420685393]]], [[[0.25821956356876735, -2.510028776547665, -2.8597837392851995], [0.40615026099319534, -0.7655060231166425, 2.271134862293261]], [[-2.087049999228909, -2.7312626427764988, -0.6498811260480406], [0.7905736487065586, -2.10884403533709, 3.1407032763051195]]]], [[[[-2.1510494795867263, -2.569333544257694, 0.6130659032126355]]], [[[1.0354006001364326, -1.8183330359494119, -2.5592891528275086], [0.44664653424246387, -2.274729389247617, -2.261842092195808]], [[-1.3578371239030187, -2.864631533741744, 0.7796361677958559], [0.5676743518488483, -2.671817090306133, -1.8500085280448104]]]], [[[[2.16462425590008, 2.2606262947455877, 2.0246335525417556]]], [[[0.45774731850441613, 2.4538985280179246, 0.863466375942596], [-0.8484812743892405, -2.253165061363236, 0.5654603544025445]], [[-2.0855659839412457, -0.6050801812010009, 0.7466843590897261], [0.11537285437031089, 0.1623647870011948, -0.9148368105518987]]]], [[[[0.9273295795662202, -0.05082479713328991, -2.1269974682719948]]], [[[1.3120791265288667, 0.2747953447382298, 2.7125420866211964], [1.364883872533618, -2.4401964443149167, -2.0930766387515036]], [[1.6895221487939283, 1.0302816066522174, 1.0809220723207318], [-1.8932330576278824, -0.915459111412771, 1.4339439369597091]]]], [[[[-3.0168169141208816, 1.5608776082892781, -0.9152081929210705]]], [[[-2.5643442443238054, -1.2083529583617991, 1.614201958833764], [-0.20135072856142333, 1.4108608788508779, -3.103610055341568]], [[2.914914829420807, 0.33161890484568923, 2.2427987939537983], [1.1823518784154876, -2.4921634399656396, 2.9739582318196227]]]]]}