{"noise_params": [0.0, 0.05, 0.1, 0.15000000000000002, 0.2, 0.25, 0.30000000000000004, 0.35000000000000003, 0.4, 0.45, 0.5, 0.55, 0.6000000000000001, 0.65, 0.7000000000000001, 0.75, 0.8, 0.8500000000000001, 0.9, 0.9500000000000001, 1.0], "max_scores": [2.6992619716929713, 2.557655480083436, 2.3110259710444057, 2.0885385976254223, 1.8901933598374148, 1.7159902576665145, 1.5659292321149234, 1.440010457465775, 1.3382337627002197, 1.2605992031003872, 1.2060914997107754, 1.1741244025271822, 1.1723408381026266, 1.1907209372537184, 1.2336785984931768, 1.2808309321584517, 1.391892517489031, 1.5058054862950059, 1.6346185912371576, 1.8050789450490812, 2.000000000000001], "opt_settings": [[[[[1.0185192207424276, 2.631433348283349, 0.900210409170171]]], [[[2.469390807907629, -0.25756936438869893, -1.8499997538129291], [-1.9441424737138733, -1.9845115511896596, 3.112091129262084]], [[1.5040347832373702, -2.0548649947273314, -1.7619044310265493], [-1.3858357709106481, 2.787218777113387, -3.021639378314927]]]], [[[[-1.755588211251341, 0.12753534855084311, -2.5679095513692465]]], [[[-1.7726151014859797, -1.7138370163577683, 2.001271056226499], [-1.3474096263199793, -3.231453053100506, -2.532776142645297]], [[-0.007784114731382294, 3.767164732733761, 2.9662618392929634], [-3.4332559661077617, 0.9550095186767656, 1.6741096599909069]]]], [[[[2.2973994922422785, -1.7531177359906944, -0.6280909216295478]]], [[[0.3808738042079943, 1.313968152061698, -1.1577418303948723], [-1.6786063668292996, -2.702273311821533, -2.012203350024931]], [[-2.4600082991705925, 0.29633244657282143, 2.694737757829474], [3.5726207514597856, -1.2770863979777787, 1.5984200232441639]]]], [[[[-3.007517421920452, 2.712698529913897, -1.2286660521969064]]], [[[0.21200740333014673, -1.1996475139662697, -0.9205788053819037], [-0.9056893349891423, 0.7254831203785878, 1.761777345346112]], [[-0.30002830476777703, -2.060299101223474, 0.44944255753925044], [1.396716077659452, 1.2712918818940013, 2.181487781979463]]]], [[[[-0.7709597059250028, -1.7871614272080705, -2.750433370068618]]], [[[-0.5063779450072535, 1.364497405926087, -1.9732793797002677], [0.26563316125764797, 2.7524653293714425, -3.1133641332599624]], [[0.8937808115538974, 2.4356537146114787, -1.4599342790486336], [1.1405453938359944, 3.9528712508796713, 0.9537416908789752]]]], [[[[-2.514668499905509, -0.05345138922303512, -0.26536893053643884]]], [[[-0.6931749475155433, 1.5308386107926502, -0.9704346148250598], [-1.320692034187171, 2.97125324267878, -1.3327422614729945]], [[0.37354478101990685, -2.1582650306901994, 1.5913964306290547], [0.28350866261181984, -0.7793716544829323, 0.8111193152414802]]]], [[[[-2.3171252179906308, 1.8918861660840425, -3.2699688827476603]]], [[[-0.6771733463394675, 1.2697207519405909, 2.3048656048967544], [1.5018672642465631, 1.3682215089569183, 2.8525026373173654]], [[-1.3612415031077467, -0.6358136307955563, 1.6092263551546173], [1.1325592254877315, 1.246592673446298, 1.8407486967021258]]]], [[[[2.6889120893949845, 2.9477951137185627, -2.4859433533282713]]], [[[0.15149943104371158, -1.136656841138751, 1.4794871286480724], [-0.7592851504505636, -2.748673177385183, 3.022965958836675]], [[-2.1622053396261562, -1.3245681082458882, -0.14623506600968553], [-1.0582143465093103, -2.7107733059987225, -0.6287374677020514]]]], [[[[-0.5838223467639724, -0.17949127943849363, 1.7483970181687118]]], [[[-0.344950555783173, 1.867804012052147, -3.1339339860820883], [1.9560833858006803, 2.67151397813662, 2.5667675235590792]], [[2.135709162563068, -2.5561958109528584, 1.4579924234805315], [2.501228651793841, -1.0844154241011914, 0.8342023211979468]]]], [[[[-0.22773574728476734, 0.7338647840278947, -0.8608816258112374]]], [[[0.7985165667882452, 2.0054461801099266, 2.962712690081684], [2.446365376025155, 1.4830963394007985, 1.0659927715729483]], [[2.2458301738414392, -2.2774008506135743, 3.0226448711093923], [1.4651214331333995, 2.31531018368349, -1.6607173980131182]]]], [[[[1.8704307848762753, 0.014893855016138866, 2.167256571644334]]], [[[-1.2849125672392254, 0.3581157957951923, -2.43476195682097], [3.0295654682588666, -3.011776353937252, -1.2454907496784848]], [[-2.708530220886321, 2.4360382083298266, -0.11925498044155934], [-1.170767731530224, 0.0944620144487709, 2.6013900842723663]]]], [[[[3.0142690481558767, -2.86043502513273, 0.6062800731630748]]], [[[-2.061919374905388, 0.26909199062662154, 0.3815442384729484], [-0.008311282396655547, 2.548514655861332, -1.634486713091761]], [[3.13439011927195, -2.2771758187963216, -0.6124873889364024], [2.14565079091869, -2.77203979481738, -0.3285923595183111]]]], [[[[0.7590120550253183, 0.5250547796677751, -1.9408852134769938]]], [[[1.9468124709154457, -0.0313996882866205, 1.8336274257712288], [-1.2385001043084924, -0.36191233288260494, 1.87461411707819]], [[-3.2816120064391563, -0.801516983894751, 0.2712083582795426], [-0.6660975111536824, 0.0046734735505643, 0.5475245938744551]]]], [[[[0.14695118239180874, -2.210551541536485, -0.36334289848230455]]], [[[-2.677627939563191, 0.6650586673349962, 0.8653912446915913], [2.7668364611775678, 2.8814674402412908, 2.4311023689459947]], [[-2.5797642019971807, -2.617091058481027, 2.9904295742266234], [0.20169819895503155, -2.4579304804356683, -1.1078603230981194]]]], [[[[-3.087827004794395, -0.4956339350986714, 0.8554971099455376]]], [[[-1.5932589638597126, 0.4982145595322267, 1.2890270464489761], [-0.4253275410214102, 1.3846347739253755, 2.787132943576138]], [[-2.0557282218351407, 0.3657679661286727, -1.1891542761845117], [2.2803388874453665, -1.8022099531397668, 2.943629815479918]]]], [[[[2.008508335780718, -0.09347827187375526, -2.020337885924903]]], [[[-2.6205518949618587, -3.0906905770480604, 0.5825747649789261], [-2.7007304292720518, 2.4703002162746373, -3.135532309238872]], [[1.666548538516477, 2.651589259956421, 1.674912545105152], [0.9232985761517463, 2.5347768811192313, -1.1750636582327578]]]], [[[[2.9421924846835297, -1.4827439506685134, -2.2684685228519164]]], [[[-2.4666059248354273, -2.4814386785242366, -1.4061872733839857], [2.4194725535423838, 2.0994182737539804, 1.5973063588191527]], [[0.3413286231119197, -1.402223743640722, 2.1502003139084076], [-1.367938913940274, 1.3996903845688484, -2.9784064143278446]]]], [[[[-0.16103761390252755, -0.3164222802027089, 2.670365299625428]]], [[[-0.8626795037572664, -1.3745730776606582, 1.28876123673858], [-0.9568071263188922, -0.371570990844267, -1.969675548626819]], [[-1.8954343970077911, -0.5855967653335771, 0.4510762135756221], [1.5205435683117152, 1.9158733794887546, 0.778657420062721]]]], [[[[-1.4045978622084698, -0.34852465049326764, 1.1331631520591754]]], [[[2.17507006021285, -2.5328841669379454, -1.9650319308320772], [-2.7655223367854243, -1.5753811102089068, 0.86919543355482]], [[1.333854796902175, -2.3045426068101915, 3.1127142259494986], [1.198152858628464, 0.7998434085442535, -0.7854038646673316]]]], [[[[-1.0272815563586952, -2.234471057024691, 0.17129226526781868]]], [[[-2.2359355538015326, 1.8659183382199336, 3.0388352035986514], [-1.9155794579503496, -1.5031593141224515, -0.5699546413596304]], [[2.471195846325169, -1.75966303788545, -1.837174339232445], [-2.6048054438621104, 0.08466700762714971, -1.441273905832463]]]], [[[[-0.38575532191820333, -1.999181497663479, -1.4382882114823075]]], [[[0.3189197237648332, -0.45663948705508567, 1.4548571389124394], [2.545191208206475, 1.98445535838857, -1.8979771948170496]], [[-2.395028074635667, -2.391032894858107, 1.385070980463861], [-1.9750809034023413, 2.0020108157242626, 1.37607796423021]]]]]}