{"noise_params": [0.0, 0.05, 0.1, 0.15000000000000002, 0.2, 0.25, 0.30000000000000004, 0.35000000000000003, 0.4, 0.45, 0.5, 0.55, 0.6000000000000001, 0.65, 0.7000000000000001, 0.75, 0.8, 0.8500000000000001, 0.9, 0.9500000000000001, 1.0], "max_scores": [2.828427124746168, 2.108735974104094, 2.3589131977531097, 2.1961429269199746, 1.9999998230990277, 2.010288430387817, 1.9996844349643892, 1.9999999996264317, 1.999995698351601, 1.998365020523437, 1.999999999897729, 1.9993266574986301, 1.999999795952248, 1.9999904453111699, 1.9999936036664487, 1.9953292259202577, 1.9987524443793823, 1.99969192255723, 1.9988771820141453, 1.9879634366346046, 2.000000000000001], "opt_settings": [[[[[-1.570796081931231, 3.141590614828115]]], [[[-0.9754796734782006], [0.5953153108674127]], [[-0.17727154699850936], [-1.748068480187313]]]], [[[[2.0217465369446517, 1.6454633545895099]]], [[[-3.1433110988998054], [-2.7822107053367664]], [[-3.151855023639649], [-3.0649838903968467]]]], [[[[1.8540946814613324, 5.658104249076634e-05]]], [[[-2.956537748833753], [1.7757911387026062]], [[2.586137867671443], [-2.1806924200174316]]]], [[[[1.160530275615325, 3.141436113117872]]], [[[0.7284931837737508], [-0.7224747471387231]], [[-0.01862293456543784], [-1.5901957600681036]]]], [[[[2.954330274620852, 0.9287602130237174]]], [[[-2.3476908254563695], [-3.1366673045999476]], [[-3.08106032042501], [-0.09467131529113601]]]], [[[[-0.37702324048029806, -0.16839445322419003]]], [[[-0.2841123717005335], [0.2526884565288079]], [[0.004067945694803364], [1.9417837233900515]]]], [[[[-0.920238084840402, 0.1751914772197572]]], [[[0.46170599543151614], [2.4277372365470757]], [[-1.2411329165805194], [0.04500313971454486]]]], [[[[0.10858892422944977, 1.9659746831778886]]], [[[0.9690685359252844], [0.0046230216937432275]], [[-0.034713607847760265], [-3.0766425596399225]]]], [[[[-0.2715532254757262, 0.35879470516866535]]], [[[0.27834208275116396], [-0.22471092017156746]], [[-0.03530962511628757], [-1.7065754261028723]]]], [[[[2.8526751992393304, -3.083642215622293]]], [[[-3.193202566741703], [-2.002021886634039]], [[3.0059566094962147], [-2.3423608829487583]]]], [[[[-3.1398236148999383, 1.3016908784393884]]], [[[-3.1406891553245333], [1.2365593792186609]], [[3.133802417896573], [3.1149598627846062]]]], [[[[-0.2612819298310538, -0.5059817022120535]]], [[[-0.4491474512178485], [-1.6146230234618053]], [[0.4052217048607042], [1.1250888870509212]]]], [[[[-3.1165871463929586, 1.185615962191969]]], [[[3.0399832395162316], [2.500221591794983]], [[3.1335054440655474], [0.46058571430586004]]]], [[[[-0.5324550922014598, 0.07831746465336574]]], [[[1.0638102134084284], [-0.3388670403681702]], [[-0.1615062812830811], [-2.27879713647861]]]], [[[[3.1475918117064787, 1.899344939706664]]], [[[-3.12254910885547], [-1.0573536355736535]], [[-3.036362463043785], [3.0015004296354033]]]], [[[[-0.31542209388142556, 2.0081938301621434]]], [[[-0.9177739784118553], [-2.275748270290193]], [[-0.5658911475323283], [1.5081549377569023]]]], [[[[-2.9564898059957225, -0.4987331634411887]]], [[[-2.760574863469486], [2.626274216868012]], [[-3.1470132154369383], [1.6238386295596914]]]], [[[[0.20416260478717435, -0.36285005503491063]]], [[[0.8286576078204074], [2.7337092353910672]], [[0.3730627872706856], [0.2697190197797185]]]], [[[[3.0635497142232446, 1.5629139931020746]]], [[[-2.7103565488526615], [2.620431193679195]], [[-3.0395052438481183], [-1.1387074547183604]]]], [[[[1.4714819757065007, 3.1063935088959576]]], [[[1.1836732388256825], [1.636501341259818]], [[0.9805518418761213], [-1.3188345499971525]]]], [[[[-1.8278060998932069, 2.9179315130274555]]], [[[2.510489030928847], [3.107504529315684]], [[0.6976324161270511], [-1.460894389690684]]]]]}