{"noise_params": [0.0, 0.05, 0.1, 0.15000000000000002, 0.2, 0.25, 0.30000000000000004, 0.35000000000000003, 0.4, 0.45, 0.5, 0.55, 0.6000000000000001, 0.65, 0.7000000000000001, 0.75, 0.8, 0.8500000000000001, 0.9, 0.9500000000000001, 1.0], "max_scores": [2.82842712474619, 2.56315207853198, 2.359628529170217, 2.1927902370418604, 2.0872461508772617, 2.0193559694871213, 1.9991581962955662, 1.9993819907012629, 1.9999982682274595, 1.9988914765806562, 1.9999999984473547, 1.999999997049371, 1.9999999928146703, 1.9999133218323015, 1.9999325098333258, 1.9998986750879177, 1.9994947215273462, 1.9983208142598126, 1.9748183135237196, 1.9869548736712863, 2.0], "opt_settings": [[[[[1.5707979354526826, -3.1415910362085673]]], [[[1.9047925258707272], [-2.8075962693673]], [[-2.691399218675731], [-1.1206020713090181]]]], [[[[1.7047149687742589, -0.03551873344705159]]], [[[-1.877024767774358], [2.8718202228554]], [[3.607975265649643], [-1.0380054272782473]]]], [[[[-1.8671532149965389, 3.139101241353488]]], [[[2.722085987764241], [-1.9511549001784532]], [[3.4508716902937975], [2.0064322593713806]]]], [[[[1.9630436792201873, 3.1415539391680003]]], [[[2.229103061078244], [-2.6193514303265166]], [[3.3270774748157512], [-1.333440343668576]]]], [[[[-0.7351496329861709, 2.9475564761749005]]], [[[-0.062100331408109444], [1.1660927912245516]], [[0.32662380789339107], [-0.681914338571331]]]], [[[[2.7398729427950217, 0.06353667631231616]]], [[[-3.153022533889931], [-1.4914606094947163]], [[3.388222319581557], [2.8088383350719552]]]], [[[[-1.1656679675372714, -0.024707749914780874]]], [[[1.5175891234750507], [0.16494355846024816]], [[-0.7515464410465257], [-2.5601228693192977]]]], [[[[-2.1313655268649394, -3.0706517063565992]]], [[[-2.012412857240427], [2.3610764120214967]], [[-3.1175264122518085], [-1.2722304238618611]]]], [[[[-0.6940210957678229, 0.05881846061178808]]], [[[-0.8909375934656965], [0.28963473964668063]], [[0.2514976464661318], [2.0940388200343873]]]], [[[[-3.186187362745823, -2.117434993127632]]], [[[3.1320008205995746], [2.537686043562507]], [[3.1344662088668116], [2.405971303466558]]]], [[[[0.10376228264124258, 2.6508943302762953]]], [[[0.13189847565552448], [-0.5988169435152222]], [[-0.018235701680033467], [-2.519031567431331]]]], [[[[-3.253390842696957, 2.108760905893303]]], [[[-2.5916539313023113], [2.894049914987705]], [[3.0948818080582554], [0.6636713461041395]]]], [[[[2.7578154776783363, 1.5102559071025052]]], [[[-2.1658911549392936], [2.969200682021768]], [[2.874959236602088], [-0.23906932711858558]]]], [[[[-3.1081258786050463, -2.9025897410060026]]], [[[-3.079099917766439], [3.0083427660448545]], [[3.142791415096859], [-2.308964144467801]]]], [[[[-0.012880545217017234, -0.008030153039871863]]], [[[-0.13784495368062172], [-2.567571724889257]], [[-0.042412020066421696], [-0.7006704920004209]]]], [[[[-2.7471832825220472, 1.6020503263495685]]], [[[-2.7492739412102667], [-0.2848372413048074]], [[1.598030744018012], [2.682900063017988]]]], [[[[3.0640660237107125, -1.9100539417465232]]], [[[2.7477279975336497], [2.6873878042995276]], [[-2.916160018636684], [-0.7903246489806828]]]], [[[[-0.027498185672644584, -1.1000782190520548]]], [[[0.09068311034529516], [-0.6281165683194344]], [[-0.07942461239940726], [-2.702175312479107]]]], [[[[2.0347982495562937, 1.4026872248875744]]], [[[-0.539196312760847], [0.6375176882743687]], [[2.376582055449348], [-3.1139360536311425]]]], [[[[-1.700911401542495, 2.814380652024953]]], [[[0.017044807899708494], [0.3458520703783633]], [[-1.4155994619888075], [1.8436707196559157]]]], [[[[0.7938464703455224, -1.441167734538304]]], [[[2.0550340982384965], [-0.8362765388718882]], [[0.6041306649763021], [-3.134716900176102]]]]]}