{"noise_params": [0.0, 0.05, 0.1, 0.15000000000000002, 0.2, 0.25, 0.30000000000000004, 0.35000000000000003, 0.4, 0.45, 0.5, 0.55, 0.6000000000000001, 0.65, 0.7000000000000001, 0.75, 0.8, 0.8500000000000001, 0.9, 0.9500000000000001, 1.0], "max_scores": [2.8284271247461903, 2.5596272044292263, 2.3559770566834923, 2.1709213927302176, 1.9999998447242808, 1.7395990839270286, 1.9992446227244793, 1.999999999702261, 1.9999999999996194, 1.999999999999233, 1.8976094606021252, 1.9999999819300918, 1.9999768501395652, 1.9999967380246797, 1.9999971231989426, 1.9981829969334313, 1.9979912979142065, 1.9980401402448251, 1.960282879033131, 1.9971497755185421, 1.9999999999999996], "opt_settings": [[[[[1.456917356796572, 0.19484923231423346]]], [[[-0.5221980212740941], [3.9736956490167747]], [[-1.335714396685501], [0.10718570403370666]]]], [[[[-1.5995364828308547, 3.141586766811534]]], [[[-2.3099441961727916], [-0.8041121694926394]], [[-1.5160510981528093], [3.1314190837467133]]]], [[[[-1.3107572264118845, 3.1414257098194183]]], [[[0.040652654025012426], [1.6126973605966592]], [[0.7935470994096411], [-0.7245003534948771]]]], [[[[1.8683011579161057, 3.1380275055539295]]], [[[3.751236327017959], [-0.8252738929380922]], [[1.752551336540265], [3.2044331395667167]]]], [[[[2.3862785329138423, -3.101316587017967]]], [[[-2.4780780819196058], [-2.6912850709883775]], [[2.6876076989450017], [-0.45830628879629987]]]], [[[[1.6292867236281336, 0.004292755431648192]]], [[[2.007805795793927], [0.3542879844793287]], [[1.202461561881477], [2.733906780678285]]]], [[[[0.43674726479609155, -0.22088770315775771]]], [[[0.3067675813723491], [-0.3957209277612276]], [[-0.010632191481959779], [1.7209735220538294]]]], [[[[-0.340129032570466, 0.3492976093526873]]], [[[0.7181474695668577], [0.14757287602677088]], [[-0.21527832675771555], [3.2259187529237963]]]], [[[[-3.1431277576320023, 2.60781378285515]]], [[[-3.1406906200059965], [0.26477091860565627]], [[-3.07652584479017], [-3.1201194860785946]]]], [[[[-3.097351339724297, 0.8519755124379433]]], [[[3.003411526029273], [3.106286423923756]], [[3.155823521905054], [-0.017325032886869093]]]], [[[[-1.242915877238886, -1.6588523845473744]]], [[[0.2316464099720879], [-3.1315061735208674]], [[-3.0524264286382916], [-0.01341269994942565]]]], [[[[-2.443631535032291, -0.3759714556941084]]], [[[0.7276216254633666], [-2.911380855986365]], [[-3.0959571178640055], [-0.3331234066104153]]]], [[[[3.004658098134204, 0.17122306013266048]]], [[[3.038425796065482], [-1.1075550947915211]], [[3.102696684397713], [2.4539579711825725]]]], [[[[3.123076045516778, 0.1262891850919797]]], [[[3.125333595908795], [0.24406139849702507]], [[3.1354958691351476], [-2.4357543035753393]]]], [[[[-0.6226273108026117, 0.7485406613867582]]], [[[-0.12950098567510512], [-0.3253928842336451]], [[1.1096211122326278], [0.05088099580328073]]]], [[[[1.8571360918238664, 2.2560296491775933]]], [[[2.7467936434098816], [-2.408404040330868]], [[0.5209049564037869], [-0.055382489842452975]]]], [[[[2.5138732935369354, 1.0860550221518674]]], [[[2.812173755941186], [-1.8516754392927528]], [[2.2111843996642624], [2.506513914615638]]]], [[[[0.8004644024016835, 2.050907640940762]]], [[[1.0067003908986778], [-0.6068489815039732]], [[-2.3413685453781006], [2.669920665436181]]]], [[[[-0.28173916255992665, 1.3254461955422183]]], [[[-0.9084425098089483], [3.0885386408122697]], [[1.3474539061173236], [-2.989095362093874]]]], [[[[0.9381774131270258, -0.8895315634708637]]], [[[-0.35089512207324075], [-0.9815466377164074]], [[1.2016895400396719], [0.13095888983397597]]]], [[[[2.771315260639579, -0.6400748689018414]]], [[[2.3733806213999866], [-0.8453701755967518]], [[2.7067686300106537], [1.1279060891573485]]]]]}