{"noise_params": [0.0, 0.05, 0.1, 0.15000000000000002, 0.2, 0.25, 0.30000000000000004, 0.35000000000000003, 0.4, 0.45, 0.5, 0.55, 0.6000000000000001, 0.65, 0.7000000000000001, 0.75, 0.8, 0.8500000000000001, 0.9, 0.9500000000000001, 1.0], "max_scores": [1.4142135623730945, 1.2440103998761418, 1.0867290370648974, 0.9420247475513818, 0.8095430810023669, 0.6889189899221667, 0.5797758140443854, 0.48172037870065726, 0.39434957642742374, 0.31725259471788503, 0.24995052672071072, 0.19188519050858327, 0.1429325782470272, 0.10002777638748964, 0.06605072662486053, 0.010662190713031185, 0.01386029756015919, 0.004703059463099731, 0.0026138541900200783, 0.0003640801319558612, 0.0], "opt_settings": [[[[[]], [[]], [[]], [[]]], [[[-0.774265673779307], [-2.270268960351669]], [[-1.5781776469229662, 0.7727352752154127], [0.12300013877121997, 3.5181480389648176]], [[-2.3688593602775354, 1.976305963655436], [-2.763386116019025, 2.8418822840905342]], [[-1.1646499139315443, 2.3850389792081326], [-0.2999271678180624, 0.8647653085017184]], [[-1.483032712142085], [0.01297063684489514]]]], [[[[]], [[]], [[]], [[]]], [[[-2.434765515334182], [2.358676279996657]], [[-0.07481937141580255, -1.8420612807375045], [1.58454259163322, -2.2931797145991264]], [[1.299531370944288, 2.354210547583365], [0.84562979940421, -1.7042847156373013]], [[2.354210552542999, -2.0029641111360315], [-1.7070788028217565, -0.42999634533370046]], [[-2.7469414352331674], [-1.2571997725886144]]]], [[[[]], [[]], [[]], [[]]], [[[2.021270794383866], [-2.6667629224169764]], [[-0.3375684336297636, 2.1579335624515132], [1.2608307531462628, -1.8123964649153284]], [[2.1587612749566465, -3.1274958231328482], [1.3291520216569115, 1.2317649051582509]], [[3.154873789269387, -1.7625810922949379], [1.2317461590516938, -0.10894888254088095]], [[-2.516246541380163], [-0.921385087226645]]]], [[[[]], [[]], [[]], [[]]], [[[-0.8413328118902342], [-2.054225029295099]], [[1.7986383935823167, -0.1235838065569841], [2.9275340433605233, -1.416093077293358]], [[-0.12366995771188513, -0.7915389523818732], [-1.566456365758909, -3.589705606602176]], [[2.3500043194216746, -1.9997886888505774], [-0.5962834016886346, -3.1300012439007925]], [[-2.502387224540198], [-1.2884254289357193]]]], [[[[]], [[]], [[]], [[]]], [[[1.715163840145873], [-2.96121362383773]], [[-3.686543583987127, -0.11526638513887415], [4.02225361240771, -1.0626044114418036]], [[-0.11077051230755512, 1.2143401932369002], [-1.063572132635689, 2.6004617988171916]], [[1.2095862960124406, -0.24505899532990205], [-0.5425828690635993, 1.2719056858960172]], [[0.5276796743046483], [-1.0768324888333909]]]], [[[[]], [[]], [[]], [[]]], [[[-2.4870344302032], [-0.6993242622676292]], [[1.7402757473099806, 0.4834699830572554], [-0.11548254997733529, -0.012945449566043658]], [[-2.614464965095383, -0.45046460813083383], [-0.014479628172528836, 2.2170322608900523]], [[-0.38124494087035726, -1.411322684951524], [2.2202563911135837, 0.40429905833471963]], [[2.788526899484936], [1.0124077723770661]]]], [[[[]], [[]], [[]], [[]]], [[[-3.385771405095795], [-1.5876544609719891]], [[-2.3424208548179375, 0.5351751033327169], [-0.9877330455215428, 3.152232158797728]], [[-2.5188251040881147, 0.364908044666122], [0.01843903192744843, -2.3213028027629257]], [[-2.6695178930819385, 1.0788466502536471], [0.8298931268607617, 2.381062781762302]], [[1.7887287431353773], [-0.03231946246523815]]]], [[[[]], [[]], [[]], [[]]], [[[0.5906538048400569], [0.0029549585512068897]], [[3.2807637231166202, -3.4327670321984645], [-0.22371618605365912, 0.49379857098930896]], [[-0.30454369907172424, -1.778966532654538], [2.815104266588029, 0.5012967816277839]], [[1.3728395658103614, -0.7680935720435257], [1.345323043425052, 0.2939103418687435]], [[1.8409227489824358], [2.748552121267392]]]], [[[[]], [[]], [[]], [[]]], [[[2.3158882017381783], [-1.6109325922977642]], [[1.2529158319740812, -3.103416454483954], [1.6356632397159294, -0.6242766203033826]], [[2.5734814517010034, 0.6855184151559202], [-0.537684572385875, 2.194296692225626]], [[0.0782858908812698, 2.2073648125155017], [-1.0373149893686098, -2.5179781126143546]], [[1.227079749217075], [-2.8638290009293197]]]], [[[[]], [[]], [[]], [[]]], [[[2.501427323509272], [-2.168007012663217]], [[-2.924109876055204, -2.8312502406776554], [-1.6872521802744302, 1.1648943181868572]], [[0.08490812693253577, 1.7399150333356224], [-1.770078872628837, -1.369435477952429]], [[1.4337994342771465, -2.708174546569983], [-1.2509762070602184, 0.9959192278177647]], [[-2.4666531623554167], [2.2897582401383803]]]], [[[[]], [[]], [[]], [[]]], [[[0.2516723222866471], [2.237885188361573]], [[-1.5198636554884408, -1.37168478063753], [2.4585754721078286, 2.5625407436597545]], [[-1.1931260233554182, -1.9080771331464308], [-3.4868302526363673, -0.6810839034635907]], [[1.0684653980656713, 2.2029833635133866], [2.2797970925449467, 0.218654258623675]], [[-0.36379323267632296], [-2.205637122102638]]]], [[[[]], [[]], [[]], [[]]], [[[0.8253910791109302], [2.098652203022106]], [[1.3010813596336381, -1.12253145205994], [0.7093114407119915, -2.7434032582823273]], [[-0.6975679175664723, 3.3452565523885838], [-0.30344271390455, -1.2940968966399231]], [[-2.4943227972437456, -1.6702045599644684], [-1.317413523367886, -0.0729781735998544]], [[1.0604667307730884], [2.3934403529203983]]]], [[[[]], [[]], [[]], [[]]], [[[2.5796810040666274], [-2.068342918283978]], [[0.12783602838033664, 2.7548288374548964], [2.217606675358818, -2.524626340970544]], [[-0.05573768470785598, 0.19813104484388905], [3.1729438754339885, -0.6689831165656006]], [[-0.322843255959116, -2.045811212830234], [2.8419283857664093, 2.954940732826044]], [[-2.506279409006314], [-1.264542745938371]]]], [[[[]], [[]], [[]], [[]]], [[[-1.9508088426554802], [-2.8541048169222663]], [[0.30965423869697895, -0.10484191095500975], [1.3011526660827455, 0.4445635814386396]], [[3.0914015846427016, 1.1133046209942814], [-2.9319380419992234, 1.671190840580041]], [[1.1402701275125924, 1.2054437461092475], [-1.9697760857839905, -0.7718422756737776]], [[-0.9553622637985527], [-2.066875918822076]]]], [[[[]], [[]], [[]], [[]]], [[[-1.8610624987800835], [-1.0120454737567917]], [[2.6749688852435125, -1.8075884996049656], [0.29377101339489575, -1.7254215736100713]], [[-1.9473839541781006, -2.4183265288028153], [2.349632727296455, -1.946577276529907]], [[1.0588475595352493, 0.6788548289226765], [-0.8981469961072629, -1.8194021692681817]], [[-0.850950171277085], [1.3590352314234961]]]], [[[[]], [[]], [[]], [[]]], [[[1.4325222170322758], [1.1484887500146788]], [[-0.4287461564473106, 2.870432062274373], [-2.0511516109038643, -3.0429282664587687]], [[2.0860502201829383, 2.9462149844227317], [-1.1575712767474728, 0.8635751065652548]], [[2.0994574155938994, -1.9854964038809795], [2.297108582044553, -2.9786327952878153]], [[0.8652493065361295], [-2.1512029634246645]]]], [[[[]], [[]], [[]], [[]]], [[[-0.7228551730756774], [-0.3447707980007595]], [[2.1870827515762876, 1.5988416703611348], [1.4787144896159443, -0.6461335191284063]], [[-2.1135664565192522, 2.0665989293588543], [-2.5120493798781234, -0.47170530330692734]], [[-2.2069680830843645, 0.23229397041731334], [1.5328099496981227, 0.7636567730722689]], [[-1.1495750146380606], [-2.2529073944449878]]]], [[[[]], [[]], [[]], [[]]], [[[2.7519492606476836], [-2.2255865302631643]], [[-2.7982713020223544, -2.378269076506], [2.9778886545662426, -2.0160855511382083]], [[0.5336434269231285, -0.8176298818239917], [2.3273137392449916, 0.06514378624066584]], [[3.0941140036117187, 0.32516661854777207], [2.11059988913497, 3.0313310079754983]], [[1.0856219439729162], [-1.664706846719544]]]], [[[[]], [[]], [[]], [[]]], [[[-1.2111441653528883], [-2.5741476332268713]], [[1.7204342897382432, -2.609813742127961], [2.640295410787435, 3.0497940106773522]], [[-2.2901816609963297, -1.373726806517343], [2.269840920609171, 0.055967983200895695]], [[0.7092586638186684, 2.935603464066822], [-2.8328282149950526, -0.20708971466343695]], [[-2.787800237763475], 