{"noise_params": [0.0, 0.05, 0.1, 0.15000000000000002, 0.2, 0.25, 0.30000000000000004, 0.35000000000000003, 0.4, 0.45, 0.5, 0.55, 0.6000000000000001, 0.65, 0.7000000000000001, 0.75, 0.8, 0.8500000000000001, 0.9, 0.9500000000000001, 1.0], "max_scores": [1.4142135623730947, 1.3662601021279461, 1.3165611772087662, 1.264911064067351, 1.2110601416389963, 1.154700538379251, 1.0954451150103315, 1.032795558988619, 0.9660917830791651, 0.8944271909984691, 0.8164965809256524, 0.7302967432543865, 0.6324555279635333, 0.51639775451434, 0.3651471393127641, 0.0, 0.3651007164223845, 0.5163971373808018, 0.6324555285322034, 0.730296743286411, 0.8164965808733886], "opt_settings": [[[[[]], [[]], [[]], [[]]], [[[2.976558828326171], [-1.7320823331692212]], [[-2.517731293784035, -2.5883167923858332], [-0.9501549087122712, -1.7042919669876737]], [[0.5532756782578988, 1.0030580039610746], [-1.704291966596517, 1.273649734901091]], [[1.0030581065970916, -1.3447370118239894], [-1.8679429177696145, 0.21510020708061414]], [[2.5786035307599025], [1.0040594271690568]]]], [[[[]], [[]], [[]], [[]]], [[[0.534081991935532], [2.1119261211936045]], [[-1.8247523429266534, -2.6897979468919164], [-0.24182040289860773, 0.8580667616082072]], [[0.45179455346984854, 1.9596206734663126], [-2.283525892319521, 2.9351011080759277]], [[-1.181971152230705, 0.3084283894974528], [-3.348084198646373, 1.8917249351829601]], [[2.6674478636716494], [-2.037893224106336]]]], [[[[]], [[]], [[]], [[]]], [[[0.6169633958728645], [-0.9430109597384954]], [[-3.3042051517746853, 0.35445966188064876], [1.4073468259413582, 1.793354399288181]], [[0.354459267413823, -0.37857877707573323], [-1.34822277048857, 3.2593215907440416]], [[-0.37857908223514075, -0.10395600704373234], [0.11775514356137279, -1.660163576436585]], [[2.2647556677848155], [-2.458449256337247]]]], [[[[]], [[]], [[]], [[]]], [[[0.6498472951226296], [-0.8863910999635481]], [[-3.2765579508946363, -1.8605492482242378], [-1.6693995059886162, 2.675410678331487]], [[-1.8605474186578406, -3.3835900387146034], [2.675881342439234, -3.132356768718607]], [[2.8995931247819278, 1.226871212359269], [3.1503089854619954, 2.746466003049146]], [[1.971430940636658], [0.4351870241865562]]]], [[[[]], [[]], [[]], [[]]], [[[1.9910873215992877], [-2.6998159670535733]], [[-0.34020371908283537, -1.6239873107854528], [-1.9380114831652882, -0.5234113306059756]], [[-1.6244120097051338, 1.5371041910990928], [-0.5234026704921957, -1.5432424478762674]], [[-1.6048840172115624, 0.15497030427211567], [-1.5432248691442938, -1.4548861247390659]], [[-2.2110768898906765], [2.4800025310397196]]]], [[[[]], [[]], [[]], [[]]], [[[-1.1744568456538371], [3.554829651749118]], [[1.1853342567219942, 1.3788357385311754], [2.7662803866876815, 0.7780169950898175]], [[1.37882167158144, -2.127643391525216], [-2.3633163513574362, -1.3155008602493892]], [[1.0139433619607152, -1.06284830177229], [-1.3157724626853113, 0.46949485336286434]], [[-0.3043621631065731], [-1.8581090618053195]]]], [[[[]], [[]], [[]], [[]]], [[[2.3865130745552445], [0.8541957738512926]], [[-1.5024930680647504, 0.296881476423254], [3.16876103200748, 0.9442483021824368]], [[0.29689189061688487, 1.004053785570293], [0.9459173403827783, 3.016945487306909]], [[-2.137588940634619, 1.9104877861392482], [-3.264562356192926, 3.3944500146011087]], [[1.1045177855222588], [2.637441074638109]]]], [[[[]], [[]], [[]], [[]]], [[[2.679832272676385], [-1.8762950521554898]], [[0.27954052275332786, 0.05832867456255823], [-1.1042091865934738, 0.9874857888384251]], [[3.195756080978905, 1.913293388635371], [-2.1541068586439565, -0.0064427205332706645]], [[-1.2385941484847955, -1.5304347925837383], [-3.1480352925725863, -3.0673376423130683]], [[-2.3714265745046883], [-0.6443647485961504]]]], [[[[]], [[]], [[]], [[]]], [[[-3.394649093633649], [1.2024765619568942]], [[2.1586202368752323, 0.7007418854810499], [3.546184346590791, -1.3883837961730479]], [[0.7191742253988025, -1.4566166541250343], [1.7531139154767719, 1.409588948101921]], [[1.6828491909384322, 0.457425799091295], [1.4094432980652623, -1.1670575769514393]], [[-0.41687211875416147], [1.2658527836699278]]]], [[[[]], [[]], [[]], [[]]], [[[1.8227853841270112], [-2.80277912262098]], [[-0.5895662607810831, 0.1907659579106545], [1.1452563722351365, 0.08670421088991077]], [[0.17319832009559918, 1.3307016613886162], [3.22736808414314, 0.08540246282566621]], [[1.3397518706400688, 2.844659973098695], [-3.0550393528792643, -1.6568915535677644]], [[2.1357160975084715], [-2.4797637288799415]]]], [[[[]], [[]], [[]], [[]]], [[[-1.9792544349881667], [2.6698697021079245]], [[0.30964196587887244, 0.45221621991695515], [-1.1944845681009433, 2.2393436676038654]], [[0.4601168975610312, -1.6007885372710864], [-0.9046247065896706, -0.45723716015297194]], [[-1.5969454007920834, -0.12018900911266624], [2.682059108867243, 1.4995379208916795]], [[2.23319833953066], [-2.4144471940723964]]]], [[[[]], [[]], [[]], [[]]], [[[2.0656244282368457], [0.3328537290115068]], [[1.2564542636031761, -1.7761559745365707], [-0.3949464680540992, -0.954448788543362]], [[-1.7442369480110116, -0.8884003963437986], [-0.9552527687807495, -0.7438542767081051]], [[-0.8446199515708801, 0.8323526860905771], [-0.7449497775060245, 2.4722835195196393]], [[-1.4001983776298355], [3.1547238692610424]]]], [[[[]], [[]], [[]], [[]]], [[[-1.8399895694103705], [-0.38152830728487697]], [[2.099298190596211, 1.8304595488678912], [0.3092949181653012, -0.13344495034011006]], [[1.8105794813289844, -3.3996274609881905], [-0.10964953094208409, -1.3018715884713465]], [[2.8579387130887572, 2.045548418562985], [1.847438855540161, 3.1897892350294144]], [[2.6123719765537508], [1.1159600773784588]]]], [[[[]], [[]], [[]], [[]]], [[[-1.0728024222367873], [0.6703231201937219]], [[-0.1968902220661116, 2.1550557270598163], [1.3931218800151908, -0.3022220858896129]], [[2.190890080190643, -0.9587185885806608], [-0.2942585735746222, -1.5311798420514755]], [[-0.9293938708021281, 0.4357501967790023], [-1.5242144175368841, -1.3065460292971172]], [[2.5962585223544186], [-1.9226499657783893]]]], [[[[]], [[]], [[]], [[]]], [[[-2.441608450784976], [-0.692651090660661]], [[-1.5604096400654854, 2.5622074183558086], [-0.056989737409481024, 2.5556160170633917]], [[-0.8145070844016947, -1.799514826412714], [-3.616033782049023, 0.3112494279231181]], [[1.48209297677477, -1.950071707095027], [3.3545851613700086, -0.11685572960050665]], [[0.6082625868701248], [2.37958350819276]]]], [[[[]], [[]], [[]], [[]]], [[[1.7644291599198079], [2.8183942487709093]], [[-1.69471249009886, -0.242801051278819], [-1.9152468109045153, 1.7507571628170338]], [[1.4358642315461205, 1.1702374697913926], [-2.9899654853026174, -2.5364100316723928]], [[0.7546640776135725, -0.27676998521373397], [1.0976774950366162, 0.10100209431704554]], [[-1.4103892408523933], [-3.0026939655700637]]]], [[[[]], [[]], [[]], [[]]], [[[-2.832704521543039], [1.23948002440453]], [[1.6680878335112863, -3.0779236069161073], [-2.1647172999070166, -1.7502176935833975]], [[0.06210487012716308, -1.2365270183816441], [-1.7236678375980914, -1.3785674713328704]], [[1.784524535182999, -3.304263613001186], [1.754074242321375, 3.4012364479405885]], [[-3.021173694076127], [0.9488178660277791]]]], [[[[]], [[]], [[]], [[]]], [[[-1.2635381902438012], [-0.3237391476086021]], [[-3.868193799697443, -1.689125090772378], [-1.9185891263858126, 1.0721447564260047]], [[1.4832563013722744, -0.6069062861037148], [-1.573483732259899, -0.755868404285789]], [[2.4498872870690267, 2.3517109129905864], [2.6388134923769955, 2.9252403172341097]], [[-3.4976105402466713], [1.3976559275091238]]]], [[[[]], [[]], [[]], [[]]], [[[-1.1576389096753723], [-2.4496400079376413]], [[-1.8262358378546601, -0.24189243027028548], [-3.221657830455579, -0.7262435674874599]], [[-0.23304433361991453, 0.6439751690093222], [-0.7875139885252099, -2.4840397661138205]], [[-2.4899218447576215, -1.7659081166570967], [0.7352469501105717, 2.8085160814185897]], [[-1.1385485011695546], [-2.439621811450844]]]],