{"noise_params": [0.0, 0.05, 0.1, 0.15000000000000002, 0.2, 0.25, 0.30000000000000004, 0.35000000000000003, 0.4, 0.45, 0.5, 0.55, 0.6000000000000001, 0.65, 0.7000000000000001, 0.75, 0.8, 0.8500000000000001, 0.9, 0.9500000000000001, 1.0], "max_scores": [1.414213562373095, 1.3387888390465297, 1.2633641157199649, 1.1879393923933999, 1.1125146690668346, 1.0370899457402685, 0.9616652224136992, 0.8862404990868336, 0.8108157757561685, 0.7353910524161782, 0.6599663285902891, 0.5845416000357311, 0.5091168166646876, 0.43369046819206114, 0.358260482674761, 0.2827469243986734, 0.20669136537329452, 0.1318446381995328, 0.05372037044850829, 0.012276686454378155, 0.08988620389946952], "opt_settings": [[[[[]], [[]], [[]]], [[[2.4909447885975844], [-2.200482041276764]], [[-2.8473711265267627], [-1.2556127408386666]], [[1.5628411791156434], [-3.128585407622005]], [[0.16057722216246434, 1.0694005677999157, -0.7676233429722317], [-1.4396140258232628, -3.603331162252781, -2.367628464808912]]]], [[[[]], [[]], [[]]], [[[0.5086766235972553], [2.085992092893075]], [[0.33342138395612564], [1.910735078531081]], [[-1.868386978941868], [-0.29107162022362]], [[1.2823218993607695, -2.0117768759023016, 2.0606953495611333], [-0.2588771062158381, -0.4562346498310815, 0.49220068317395876]]]], [[[[]], [[]], [[]]], [[[-0.012173792359120993], [1.5678971363560859]], [[2.6017696094485805], [-2.1013481978624347]], [[-0.516087772751561], [1.06398370619261]], [[3.904098132500872, -2.8892578100847683, 0.26935114145068223], [-0.7782256966879384, 1.8189752148703389, 1.8491423359517423]]]], [[[[]], [[]], [[]]], [[[0.28957198732073597], [1.8521810700808186]], [[-0.6335427516586299], [-2.1961624083144797]], [[-1.745014459712932], [2.97555903581448]], [[1.0847173727234407, -1.4251114964769334, 0.6164033210417714], [2.6272699362103245, -2.974972916027353, -0.9567031656095604]]]], [[[[]], [[]], [[]]], [[[0.6515340092738412], [-0.9250864081882151]], [[-0.9375525108979822], [3.7689146308398733]], [[4.9381304142495095], [-2.9216751025803616]], [[-0.11544966343269021, 1.4231622701582287, 1.0261025274036752], [1.4133168379872774, -0.16226709187249105, 2.5617001397275496]]]], [[[[]], [[]], [[]]], [[[2.5770035459396996], [-2.1327166366144032]], [[2.736092284170534], [-1.972813935973231]], [[-2.854368559309775], [5.003168437857478]], [[3.3265957530157815, 3.4783707515096287, -2.056815272299656], [1.8296765424367942, 1.9966835788978556, -3.6475870506477612]]]], [[[[]], [[]], [[]]], [[[1.082358311831909], [-0.46614990194495554]], [[-1.8654769285841972], [2.8696297849819494]], [[-0.32567267213882317], [1.2223932739788868]], [[-2.8298688090913906, 0.5107399181088695, 3.554862873567608], [-1.266710316151048, -1.077898503282585, -1.0831354798146742]]]], [[[[]], [[]], [[]]], [[[0.642015303032104], [2.2819815474381837]], [[5.393126931336475], [3.7512368921638237]], [[-1.7038741270994184], [-0.06218064177602131]], [[1.5126477029632903, -14.205750939953651, 2.3054087458383843], [2.996526247958163, 2.9491296996149563, -2.48603390451625]]]], [[[[]], [[]], [[]]], [[[3.487810755794432], [1.8677711170533]], [[-0.2186555078149549], [1.3980883854418527]], [[-3.291036809208454], [-1.6797160369943138]], [[-3.667596319859492, 3.6307727161386483, 0.5759776404855542], [1.160734107966579, 2.243306229759878, 2.291000388089402]]]], [[[[]], [[]], [[]]], [[[0.6268786738512605], [-0.9264632589041213]], [[1.4509153376928012], [-3.272351714706791]], [[3.161710603991312], [1.6093584678795958]], [[2.9371684962648246, 2.282968024216283, -0.7022180610533423], [1.479157452800852, 0.6016925143515208, 0.7572828967698655]]]], [[[[]], [[]], [[]]], [[[0.5910807184097778], [-0.9274654442197053]], [[-1.432177667186849], [-2.931278721693522]], [[1.4104672088406418], [2.9023930534088906]], [[-0.05755170531572967, -2.2087330404177723, 2.0479093997073776], [-1.884896651615, 2.58462453040407, -2.4141247533784007]]]], [[[[]], [[]], [[]]], [[[2.723086675663678], [-1.8527085259887535]], [[-4.020250833294099], [-2.338413779736547]], [[-1.949971505289539], [-0.20458635889422885]], [[-2.5418997711345743, -0.1511137226575719, -1.2867137282123253], [-1.205179856277236, -1.5997755880314022, 3.7477441664019344]]]], [[[[]], [[]], [[]]], [[[1.5802039045895544], [2.9264852585688623]], [[-1.3746161137249036], [3.547824315782527]], [[2.456833552919532], [3.7965024131922034]], [[2.4293645636678485, 1.1210477391256548, -0.01335508781341418], [0.3553531616451445, 2.728739449550808, 1.6863229855594186]]]], [[[[]], [[]], [[]]], [[[1.545591390181905], [-0.5387598097021933]], [[-2.0563624527713493], [2.3904725690973185]], [[-0.23050561254305912], [-2.3170672279762474]], [[0.03932133930068358, -2.6863257535860328, 1.3211804375174108], [2.106958366813345, 1.7372911400324123, 0.5116523507836164]]]], [[[[]], [[]], [[]]], [[[-4.344997770684937], [0.5671769412907015]], [[2.5097616201935335], [-1.9332737966008307]], [[-1.8880446514484406], [2.5483552715565234]], [[0.757710349525185, 0.09850671572297229, 0.7141158544492788], [3.2827519634233435, 1.7305452301040392, -1.6325857825505796]]]], [[[[]], [[]], [[]]], [[[0.23016611757148664], [1.694483823350937]], [[2.1451977123759245], [-0.04554487589969161]], [[1.2091489387321326], [-0.996647957708139]], [[-2.279765120887162, 1.8372244008537715, -0.644211930222597], [-0.22118223077216753, -0.9642935300802098, 2.0771455399739605]]]], [[[[]], [[]], [[]]], [[[0.3953856733492215], [1.2870835792490447]], [[1.1647955866842872], [1.8089999855228027]], [[0.8132864645803741], [1.717554112349878]], [[0.5598843420190182, 1.2389606982133596, -2.092023528624663], [-2.8437052823628832, -0.25565657079362497, 1.9543858535432261]]]], [[[[]], [[]], [[]]], [[[0.1888372566786768], [2.1663708316698274]], [[-0.5715201072426135], [-2.0225297713234665]], [[0.06012303719331221], [1.0583227394138748]], [[1.5042499729992742, -1.6599539367060134, 0.06914301415538109], [-0.05612634932305463, 3.0355253499253503, 2.236576687048708]]]], [[[[]], [[]], [[]]], [[[2.5104106989653747], [0.47894106115614393]], [[-0.0784938519757089], [-1.5811455613888592]], [[0.29556541824190846], [2.548773097557847]], [[-1.4893449876709768, 2.8380293899565343, 2.0696651782296906], [0.9674628605525758, 0.041538185915840534, -2.335670819877544]]]], [[[[]], [[]], [[]]], [[[-1.1455097607680085], [-0.7500013144252013]], [[-2.796230018093288], [1.303039471544107]], [[1.6969330969060064], [2.0674425095207303]], [[-0.5658637781572086, -1.8983412741003673, -1.5757774373348221], [2.3219560667439656, -0.5867894698090308, -2.8287476204961015]]]], [[[[]], [[]], [[]]], [[[-1.7947532526279153], [2.0902141963606735]], [[1.8556002173299964], [-2.589536654797654]], [[1.6881707448484844], [0.534615937597766]], [[-2.596871183001403, 2.007320719622851, 3.2200060116286386], [-1.9972476776042893, -1.0366320096786499, -2.735682156868373]]]]]}