{"noise_params": [0.0, 0.05, 0.1, 0.15000000000000002, 0.2, 0.25, 0.30000000000000004, 0.35000000000000003, 0.4, 0.45, 0.5, 0.55, 0.6000000000000001, 0.65, 0.7000000000000001, 0.75, 0.8, 0.8500000000000001, 0.9, 0.9500000000000001, 1.0], "max_scores": [1.414213562373095, 1.3387888390465297, 1.2633641157199649, 1.1879393923933996, 1.1125146690668344, 1.0370899457402696, 0.9616652224136839, 0.8862404990852137, 0.8108157757570847, 0.7353910523769706, 0.6599663283081584, 0.5845416034737374, 0.5091166507697724, 0.43369153511795283, 0.35826490837924874, 0.2828233483299838, 0.20728003995581926, 0.1311058765799744, 0.052760050976759246, 0.012854723468391598, 0.09133633471314291], "opt_settings": [[[[[]], [[]], [[]]], [[[1.966581847325886], [0.4214777884275943]], [[-0.3417180142186669], [-1.8868174016716777]], [[-2.6266585730481986], [8.39461356983838]], [[1.2153715529524909, 2.062010206200325, -0.25942264887517696], [2.7410624209227192, 3.559562485163429, -1.8263871781171377]]]], [[[[]], [[]], [[]]], [[[1.8263417365737358], [-2.8772080735443084]], [[-3.453400443709117], [-1.873766019804447]], [[0.5467337038458298], [2.126388897031674]], [[2.582216009612265, 3.6169204864027584, -1.8091125219982591], [1.0780351219663966, 2.051304596444282, -0.2303394020755939]]]], [[[[]], [[]], [[]]], [[[2.275594701661596], [0.6841010558329623]], [[-0.5083932495023482], [1.0830743866615529]], [[-1.6107380666481441], [-0.019199651644373206]], [[1.5053415675244162, -2.831374793947807, -0.8048679524109792], [3.027459383150145, 1.8373611316607545, 3.888180559352496]]]], [[[[]], [[]], [[]]], [[[-1.4593070504120822], [3.239980261121594]], [[-0.8460795860473055], [-2.429864308202527]], [[-2.354839648351997], [-0.7709501592715758]], [[-2.2307538047566244, -1.635655117185928, 1.6056577932790612], [2.4418683437039603, -0.06939065576197277, -0.017444763500472325]]]], [[[[]], [[]], [[]]], [[[2.5365994018694136], [1.015176302743599]], [[0.16697949797800093], [-1.3542105437844987]], [[-0.006187027876112992], [1.515073774215866]], [[-1.3294689963500994, -0.6271478407234994, 0.7171839175480583], [3.3011035686488173, 1.019431197135285, -3.9111123829119654]]]], [[[[]], [[]], [[]]], [[[1.1339218556119202], [-3.5807161178061517]], [[2.1033949465287285], [-2.611318462868063]], [[-2.283278229568633], [-3.851660590406216]], [[-1.2302716162714817, 2.897603250712996, 0.07349375386252813], [3.4961603341753795, -1.8350150498924607, -1.4962535637106538]]]], [[[[]], [[]], [[]]], [[[1.952668158503083], [0.41235336866519295]], [[-1.5258505625101828], [0.015748504650900403]], [[-2.655555486667148], [-1.1155934614701872]], [[1.2117862310538934, -0.7096518252349037, -1.8346513810133982], [2.71955005694565, 0.7631992586035403, 2.768171372403662]]]], [[[[]], [[]], [[]]], [[[-0.5038035955986818], [1.2544463048972965]], [[2.9094268509752585], [-1.6161697296359319]], [[-2.5380033925075747], [1.9893272138654499]], [[3.360273313962394, -2.340785364896066, -0.12635516946348896], [-1.1196335201581458, 2.1431199386805986, -1.9159305382747422]]]], [[[[]], [[]], [[]]], [[[-1.2731551133664047], [-2.7433824200732717]], [[0.690760483702302], [2.161151659975871]], [[2.6087071590684148], [-2.2041179830253372]], [[1.12804167870162, -1.6507667617711408, -2.941597445823491], [2.717163479386933, -0.24523477338303548, -1.3636579616591191]]]], [[[[]], [[]], [[]]], [[[1.6555625106141576], [0.039539080470930646]], [[1.7963296415764312], [0.1930405121157562]], [[0.13605624851820475], [-1.4612451604522532]], [[0.9759124130341886, 1.1117083903809417, -0.6039390437801444], [2.305813105530572, -0.675719803855784, 0.8544494036619181]]]], [[[[]], [[]], [[]]], [[[-1.2737143454690927], [0.3292176537922123]], [[-1.852586049089262], [-0.2310378253914382]], [[1.4674830065318492], [-0.1869885487976745]], [[-0.5318057459360332, -1.2557139940712185, 0.7920909718291744], [-2.038919870764236, 0.7045579412592203, 2.1058005985938903]]]], [[[[]], [[]], [[]]], [[[1.2906225794690354], [2.9068258871698003]], [[2.9825129209814616], [-1.6582671336520018]], [[0.5305223167506454], [2.1400839804799645]], [[1.9544006501749516, 0.5891896257075737, -1.8588864952477524], [-2.5087146694557325, -0.8474110792989927, -3.3256010909982376]]]], [[[[]], [[]], [[]]], [[[2.6192338761322103], [1.456732174457638]], [[0.649236721163684], [1.8047322016028646]], [[0.7958056776280276], [-0.3807980953827726]], [[-4.112516366918428, 1.377775654003481, 3.2687727266912], [3.1898058668226317, 2.353923917704547, -1.1574223604662368]]]], [[[[]], [[]], [[]]], [[[0.5388070873639462], [1.9815488226999483]], [[-1.0351755523836523], [0.3399671302386008]], [[0.715502174660498], [-0.8262474887307215]], [[1.3853770843029294, -3.2079250727127313, -0.2201204632445533], [2.596908199461065, -2.2917741622503054, 1.7073900999743568]]]], [[[[]], [[]], [[]]], [[[-0.3428802754022783], [1.552084353974978]], [[-2.237547166888945], [2.188821879484922]], [[1.1222097676379936], [-3.3358475063956963]], [[0.30430726221617554, 0.0743225306347122, 1.881748348580571], [-3.9111282746805167, -1.6227653609502202, 0.44157546741064235]]]], [[[[]], [[]], [[]]], [[[0.6139183819625006], [-0.5558490973295334]], [[-3.4259155141563715], [1.1150443834805939]], [[0.03781283570777404], [1.3372674280975458]], [[0.2203429443362321, 1.7320040809539665, -2.7543484449233775], [1.9430846117313452, 0.14448127510154374, -3.4655953326511804]]]], [[[[]], [[]], [[]]], [[[0.18158860982121058], [-1.3340853896998364]], [[0.19150955771517505], [1.8359341775666238]], [[-2.406927601342127], [-0.546266980230989]], [[2.6482381232700987, -1.5382807526197422, -1.8910317315389902], [-1.84366399409389, -1.0005042508380728, 0.2982056892120464]]]], [[[[]], [[]], [[]]], [[[2.3307654689889614], [1.4506664483219074]], [[1.1308803611603009], [0.43521796443249816]], [[-2.975774319767754], [-0.9219722474815176]], [[-1.4822194314292485, -2.78512812378941, -2.635293853689652], [2.5501520732827805, -1.5771906309784203, 2.9694414371726894]]]], [[[[]], [[]], [[]]], [[[0.47187617983976915], [1.630955826110801]], [[-3.13817458632666], [1.9226067380999574]], [[1.4794599601999314], [-0.2057077718462342]], [[0.6886486888223561, 1.8309519818178648, -0.11936894378213934], [0.5225274205481893, -3.0088952943721745, 2.8255190826893215]]]], [[[[]], [[]], [[]]], [[[-1.8389261248298607], [1.610134012268082]], [[-0.878398469366756], [0.375980528939174]], [[-1.2880973812952645], [2.9087807112906177]], [[-2.572593561293767, 1.6960841924492251, 2.779706559626711], [-0.6915107101525427, 2.134860899661667, 2.855011317972903]]]], [[[[]], [[]], [[]]], [[[-0.4362615233967591], [-1.7724305799996838]], [[1.9214525223876422], [-0.368635903137789]], [[1.4241958143261308], [-0.9424660097556534]], [[2.8893888345452243, 1.4351239653728527, 1.1618537550959498], [2.8328006775780925, 2.3203398377155535, -0.6859346805166888]]]]]}