{"noise_params": [0.0, 0.05, 0.1, 0.15000000000000002, 0.2, 0.25, 0.30000000000000004, 0.35000000000000003, 0.4, 0.45, 0.5, 0.55, 0.6000000000000001, 0.65, 0.7000000000000001, 0.75, 0.8, 0.8500000000000001, 0.9, 0.9500000000000001, 1.0], "max_scores": [1.414213562373091, 1.390239209475491, 1.3654081820365245, 1.3396395882334113, 1.3128395758909241, 1.2848982934253184, 1.2556858813490133, 1.2250470910308688, 1.1927939142116635, 1.158695252808737, 1.1224620483049663, 1.0837251922460156, 1.0420014615858606, 0.9966385443468122, 0.9467211556116627, 0.8908987144636159, 0.827037106192297, 0.7514130380341519, 0.6564176039725005, 0.5209885184431561, 0.0], "opt_settings": [[[[[]], [[]], [[]]], [[[2.8275125037680433], [-1.895334956718621]], [[-2.1392981073199753], [2.5837351703053537]], [[0.7843156192810746], [2.344371154771389]], [[-2.634957073704502, -2.916231285101207, -1.5960262921732253], [-1.147342756803294, 1.7903605991550096, -3.1282398772716147]]]], [[[[]], [[]], [[]]], [[[-4.522553544278195], [-2.9207408182454917]], [[-0.1693926108336498], [1.4325894880009313]], [[-3.1022082197345293], [-1.5019277165386449]], [[2.5801517157977494, 3.7166149677721534, 0.7830039912264198], [0.9737506628979463, -0.8902071129048251, -3.8238109349474234]]]], [[[[]], [[]], [[]]], [[[0.44861772491119856], [-1.090239907212554]], [[2.6361008087853532], [-2.1081048905062887]], [[-2.0605717593351502], [-0.5214992022609736]], [[2.810836672702699, -2.8765198223152626, -1.2595690189554398], [-1.8801163495764928, 1.8336021708394654, 3.3843691298016143]]]], [[[[]], [[]], [[]]], [[[2.3111519765736688], [0.6432710419411649]], [[0.16718825510460314], [-1.5009457644608148]], [[3.3626657164760214], [-1.2527785497834638]], [[-1.7479859392928387, -3.7155372305215413, 1.0607706564683619], [-0.03910117253072164, 0.8428054799447249, -0.520214523328629]]]], [[[[]], [[]], [[]]], [[[2.556115935684072], [0.984100380335233]], [[-0.18035128242549653], [-1.7526171035858853]], [[-0.29034812106950797], [-1.8611166875432825]], [[1.782864270730615, 2.1434824286190577, 2.066437813015882], [0.18698619911797124, 0.6357791997840664, -2.6471275035997786]]]], [[[[]], [[]], [[]]], [[[-1.8080483658121667], [-0.22508488920684133]], [[0.07863420944566729], [-1.5018578766932127]], [[-2.6730421123880137], [2.027147109167684]], [[2.126288362246737, 2.428466823658572, 2.8067547265464063], [-2.588886182234385, 0.8581239568876171, -1.8807857928813867]]]], [[[[]], [[]], [[]]], [[[-1.7563123338982776], [-3.291848538755733]], [[0.726039850105449], [-0.8112597072873866]], [[-1.3146655942096286], [0.22555136187002664]], [[3.695609430351404, -0.10700799356510186, 2.536105162336006], [-4.020593549765342, -1.5386071546298332, 1.0970445171059753]]]], [[[[]], [[]], [[]]], [[[1.995284129071913], [-2.72759905721581]], [[0.6579044130092506], [-0.9027896175187305]], [[0.37898000272237026], [1.9398595921001032]], [[-3.466609325653998, 3.0160571519807458, 1.152777319644675], [-1.9802803502826047, -1.6891605109002117, 2.7361857190492453]]]], [[[[]], [[]], [[]]], [[[2.063313762335064], [-2.8009158672679937]], [[-0.7255919396042401], [-2.1444603589447575]], [[-0.15139572073348784], [1.2731521675629303]], [[2.832444799525861, -1.4736960856303623, -2.6447365097522266], [1.0861573831799491, -2.929726231038, -4.030227296501839]]]], [[[[]], [[]], [[]]], [[[-0.0650906949916639], [1.6612903141088309]], [[-3.797032816796667], [0.7550788031103458]], [[-0.7565040067941552], [3.7956137897850524]], [[-2.2017554863256863, 1.5178615001763671, 1.6318919151886135], [2.293919833986284, 0.09952891117544876, -0.10693418741814753]]]], [[[[]], [[]], [[]]], [[[-4.208490304266798], [-2.628153151631237]], [[2.6702254387344166], [-2.0206788992035545]], [[-2.3263438698452776], [2.364160273744248]], [[-0.28005974949412277, 3.392392726695541, 3.127185702535595], [-1.8562525900900435, -1.173941349975365, -1.5243103046613096]]]], [[[[]], [[]], [[]]], [[[2.1247914869499906], [-2.5678442764786302]], [[3.6611694859566444], [2.0715959113442484]], [[-1.6941281881383092], [2.991042226950818]], [[-0.2766795514268727, -3.309571172697086, -2.4977883107249577], [-1.7449207761256549, 1.1976739550810065, 2.230646141531962]]]], [[[[]], [[]], [[]]], [[[0.03397896413128596], [1.45771538461885]], [[-1.2672682089913316], [3.5442932324828016]], [[-1.3014352394829591], [6.4051863659716]], [[-2.3123186042998647, 1.2746464352892053, -0.7596605499408896], [-0.9738689276418795, 2.5103131367951224, -5.0456875957933915]]]], [[[[]], [[]], [[]]], [[[-1.3646547886269502], [3.2434229341250775]], [[-3.103592233392004], [1.4982177927412614]], [[-1.5183461534163711], [3.087688382662194]], [[-2.1806275032886586, 2.412064003066766, -2.463267292606908], [2.489379122499306, 0.7200635026641257, -0.7194946755944218]]]], [[[[]], [[]], [[]]], [[[3.5205629270660808], [2.128147555654898]], [[1.4692462746215793], [2.85036417983873]], [[-0.40118251122154336], [0.9907930825789794]], [[-3.4338140424028047, -3.9860556121381623, -2.9193399741583796], [-1.915053811937509, 0.3423553579540475, -1.1130107086602599]]]], [[[[]], [[]], [[]]], [[[2.1918429692227432], [-2.618725223523382]], [[-1.6727806600850528], [-0.26388226611293025]], [[0.30939778470559176], [1.7164164171812952]], [[-0.05688951472580588, 2.096244829561157, 1.0130458201467372], [-2.0271905605170972, -2.376862085379293, -0.4889082668052123]]]], [[[[]], [[]], [[]]], [[[1.7317388689017568], [0.08142652590492566]], [[1.3353001820788999], [-0.3250657109909226]], [[0.469245476033598], [2.136034182722049]], [[0.9519453895410531, 0.5909273523278717, -1.761012202931657], [-0.6802586339131723, 2.0482428684696594, -0.31919561615596315]]]], [[[[]], [[]], [[]]], [[[3.3662607678608243], [-1.2720652410994273]], [[0.04713811128299144], [1.6166645692239143]], [[1.0791593240334783], [-0.4485996249409233]], [[3.914964971813322, 0.9278557958589504, 0.24934279874971552], [-3.4030751330748226, -0.7233600283386189, -1.1886761902790102]]]], [[[[]], [[]], [[]]], [[[-2.0945286660801163], [2.2006572200925216]], [[-0.585705493927743], [3.622402392814072]], [[0.4215134833901773], [-1.5952243446198233]], [[0.2948921226620111, -1.0198931231487949, 0.05889256894533702], [1.462930768281194, -0.28628607273346823, 3.851433975132917]]]], [[[[]], [[]], [[]]], [[[-0.016409318822283858], [1.9820649987465155]], [[-0.4648505885556698], [-2.199907165480549]], [[-0.9600935748174493], [0.9941472593525481]], [[-1.5480310385057638, -1.5596342041272375, -2.6349600009312337], [2.2039800085177705, 0.13340812864585638, -1.8373790783709083]]]], [[[[]], [[]], [[]]], [[[-1.28535926327405], [-0.6761696305438538]], [[-1.5919855548336836], [-2.856359932206837]], [[-2.55700471891112], [2.243808306432129]], [[-2.861767104249748, 2.5694491612419608, -2.590766814264636], [1.8848186414678052, -0.2498064733016152, 2.1536499002980607]]]]]}