{"noise_params": [0.0, 0.05, 0.1, 0.15000000000000002, 0.2, 0.25, 0.30000000000000004, 0.35000000000000003, 0.4, 0.45, 0.5, 0.55, 0.6000000000000001, 0.65, 0.7000000000000001, 0.75, 0.8, 0.8500000000000001, 0.9, 0.9500000000000001, 1.0], "max_scores": [1.4142135623730883, 1.390239209475493, 1.3654081820365254, 1.3396395882335224, 1.3128395758908729, 1.284898293425238, 1.2556858813457614, 1.2250470910308473, 1.1927939142177095, 1.1586952528193608, 1.122462048295068, 1.0837251921666533, 1.0420014618356306, 0.9966385443216186, 0.9467211564272272, 0.8908987177884317, 0.827037102144017, 0.7514130237407468, 0.6564196698202118, 0.5209970756337154, 0.0], "opt_settings": [[[[[]], [[]], [[]]], [[[-3.43213662772675], [1.266686929281016]], [[0.14416422520330485], [1.7276642832079285]], [[-3.1814281570369616], [-1.5977083914441779]], [[2.008603130538978, 0.945824063874637, -2.425605120083557], [-2.6062976868747265, 2.497706892629327, 2.356471782850874]]]], [[[[]], [[]], [[]]], [[[-1.3936289903322125], [-2.9200557053299248]], [[-2.918551887154313], [-1.392121399059742]], [[3.5682477946644635], [2.04227080496675]], [[1.0173845208434606, 1.0079928446658823, -3.4346749757626567], [2.51464280542662, 2.529544583093202, -1.9606323877364906]]]], [[[[]], [[]], [[]]], [[[0.4823159599752271], [-1.1089536056921339]], [[-1.8465662662501372], [-0.2549785829466665]], [[-2.8795300776447803], [-1.2882721711398684]], [[-0.2795028841982892, -1.0586095325518716, 4.17704159274505], [-1.91435396148336, 0.5265945106419078, -0.49263993436617104]]]], [[[[]], [[]], [[]]], [[[-5.062932781887489], [2.7407269987547576]], [[1.404691057141353], [-0.11581937409434323]], [[-2.756186762242882], [2.0067670364952046]], [[-1.1545256846950689, 0.6069170279853507, -0.34154692713736906], [0.40247834156491163, -0.8785115828795729, -1.9878201425490754]]]], [[[[]], [[]], [[]]], [[[-1.638430715623784], [3.114116000950008]], [[2.931179102579053], [1.399744260827785]], [[1.9377027044166728], [0.407146445787395]], [[0.7289509079031067, 2.115155236765382, -1.9569679388975028], [-0.8207391362485675, 0.6553948283695923, 2.7293808822175554]]]], [[[[]], [[]], [[]]], [[[0.9728004325362763], [-0.6011474188252504]], [[-0.05848328640965982], [-1.6311864391360977]], [[-1.7280823882400325], [-0.15395115724839806]], [[0.1461119078349144, 2.2764437614696407, -0.9050041685558633], [4.9379330119550895, 0.7461361052262722, 0.5944854750455345]]]], [[[[]], [[]], [[]]], [[[-2.395451450124764], [2.5285444363730427]], [[-0.08759709560360138], [1.2696326076375755]], [[0.40820442754706765], [-0.9489902330700425]], [[0.15694492051867712, 0.6564150104298573, -6.498937838793057], [-1.7007518860464657, -1.1304981154124731, -1.9684770934889055]]]], [[[[]], [[]], [[]]], [[[-0.508660102758806], [-2.0871851251250426]], [[-1.298995007788152], [-2.878918429386007]], [[-1.0113096104344645], [-2.590691397665556]], [[-1.327041723072255, -2.094296441890199, 1.3764325273121898], [-2.8400814057934767, 2.6271850571078, 2.8765138660025036]]]], [[[[]], [[]], [[]]], [[[-2.707010869838804], [2.0298273673994496]], [[-2.0716946369326696], [-0.5268968579282297]], [[-2.1784275397442605], [2.5574978157559682]], [[2.8211548244218743, -1.2579715287109854, 0.20305547768277113], [1.2095179498928228, 3.366973970744722, -1.3961403414339626]]]], [[[[]], [[]], [[]]], [[[0.7324894684947534], [-0.922814457722373]], [[-1.1428111122705351], [-2.7999862469212253]], [[1.939559600505371], [0.2817883940945614]], [[-0.18051395678888457, 1.1211005350411727, -2.079681844725239], [1.535985591433505, 2.7775454123646655, -0.4320827706963969]]]], [[[[]], [[]], [[]]], [[[-0.3115622032613478], [1.1753964364588994]], [[-2.8614523168989225], [-1.372851877228151]], [[-5.269926121559798], [2.5140619344607673]], [[0.36774232912552507, 1.0422751551524791, 1.842440390714357], [2.09477255499087, -0.5850973157069107, 3.2223157074183466]]]], [[[[]], [[]], [[]]], [[[-2.248636877115676], [-3.9786794164153085]], [[0.8150762168445245], [-0.9152222001857431]], [[-0.9287448521041473], [0.7704834639646154]], [[6.137757797877271, 2.8754580704646147, 3.050869946561272], [-1.444691326806752, 1.6509979888769055, -1.629356417261759]]]], [[[[]], [[]], [[]]], [[[1.345675235501155], [-0.18459267839385524]], [[2.80011776400662], [-1.9407330096743463]], [[-5.009001745016635], [-3.479909773054934]], [[-2.452829980534831, 0.5220849518413614, 2.0719915329525245], [-1.1153166154550707, -1.244603957867649, -2.722113436533575]]]], [[[[]], [[]], [[]]], [[[0.36691697517398886], [2.029271362849747]], [[-3.0397946947050873], [1.5897213379505648]], [[-0.9768814449405268], [0.6778746220672813]], [[-1.9174783048406137, -0.570710505805172, -0.14195941216313554], [-3.5182752795304935, 3.8744791655622954, -1.7341428808973158]]]], [[[[]], [[]], [[]]], [[[3.028247140644174], [1.5524478494995315]], [[-2.5915840229985125], [2.241607530013376]], [[1.8681614653186853], [-2.9628525858002175]], [[-3.8948858974677423, -0.09561292007485704, 2.6055743603589465], [-2.567510608279404, -1.875178579146684, -2.1689634362774752]]]], [[[[]], [[]], [[]]], [[[2.306424928025645], [0.7553820328580148]], [[-1.3853176118733093], [0.15470764650152752]], [[1.1186871518305181], [-3.610087874335508]], [[1.5353339026370005, -0.6711583149769051, -1.2211398284380828], [-0.0030090983817757395, 1.0417503229645069, 3.4171902444211746]]]], [[[[]], [[]], [[]]], [[[-3.18737577080224], [-1.7805601518554643]], [[3.710078504991027], [2.2990083629352496]], [[1.9105535489547658], [-2.905648908078648]], [[-2.38463960210309, -3.2824752609625585, 2.683540131061813], [-1.0600842107271786, 1.5018205040711734, 0.9385746677187109]]]], [[[[]], [[]], [[]]], [[[1.881501443440561], [0.09945936859407456]], [[0.1916213063157478], [-1.593847957316165]], [[-2.1591461772209515], [2.342425429408428]], [[-2.1289780942519765, 2.2338461241596947, -0.17176664177321158], [-0.5807652042120581, 0.9487158944076868, -1.343238657825546]]]], [[[[]], [[]], [[]]], [[[2.2850637245018777], [-2.4976431705635456]], [[3.013682122256717], [-1.7822856527192168]], [[-1.2070476791153337], [0.252629552982393]], [[-0.07826470465962593, -2.4141434586145687, -0.6228390216286004], [-1.5991564848946145, -1.037584397594566, -1.855745562451059]]]], [[[[]], [[]], [[]]], [[[-0.15812566901687497], [1.3050243193297015]], [[1.6284135212651], [2.999259807036149]], [[1.3849210368453433], [-3.294937803609251]], [[0.9285756899880027, -0.7052170424607488, -1.0686692980859032], [-1.435633774853613, -2.2018695016606897, 0.4064587900542753]]]], [[[[]], [[]], [[]]], [[[-2.263041074884911], [-1.9335131382130408]], [[-0.07559887409654165], [-1.6936247340654387]], [[2.852583563179194], [-1.7057356294820445]], [[-2.416772229893761, -2.9660594785028582, -1.5422157493265276], [3.038687188268826, 2.896944433128854, 2.5908879853108306]]]]]}