{"noise_params": [0.0, 0.05, 0.1, 0.15000000000000002, 0.2, 0.25, 0.30000000000000004, 0.35000000000000003, 0.4, 0.45, 0.5, 0.55, 0.6000000000000001, 0.65, 0.7000000000000001, 0.75, 0.8, 0.8500000000000001, 0.9, 0.9500000000000001, 1.0], "max_scores": [1.4142135619041776, 1.3966463733459888, 1.3778220656877844, 1.3628810384086854, 1.2751818409616236, 1.2968393861660261, 1.2972156974917934, 1.302221176116981, 1.193905772620048, 1.2958734370239395, 1.2958002138726439, 1.2947153525580255, 1.2915591425036772, 1.2867326360451745, 1.2774169958178754, 1.1464100925956926, 1.25588197775938, 1.1418508100346525, 1.1435532724373085, 1.1625675304809766, 0.1475963859100705], "opt_settings": [[[[[1.4647062571126785, -0.13615457790147512]], [[1.2553330204396242, -0.000781389882822096]], [[1.5787009234024376, -2.85560974321304]], [[1.5215834475655894, 0.03269249902946269]]], [[[0.3480811244860958], [1.957790218462515]], [[3.020884821092653], [1.419471102457926]], [[1.684429337053793], [0.072535263253748]], [[-2.802595920352075], [1.862001851671478]], [[-2.0685511528566507, -0.7827914683970194, -0.7742068049217565, 2.7167436634203663], [-3.480681952563016, -2.6081324748978023, -2.5621541764804974, -2.0772413885966903]]]], [[[[-1.660434950611317, 3.0506526876521423]], [[1.6734212539142574, -0.01317406584146429]], [[1.6052339583099553, 0.2040620696356098]], [[1.7609587671614493, -3.0490039561881583]]], [[[-0.9883439439651576], [0.4763751301935487]], [[3.5180577246215923], [2.047264127475956]], [[-2.4642684796728256], [2.3405166114165685]], [[1.7385829958797683], [0.246890321174083]], [[2.8073279538046694, -3.4699445088381777, 3.032374113492937, 2.1988583857250257], [-1.7338236999230534, -1.9428013644117172, 1.5570246750377612, 0.493716160073762]]]], [[[[-1.8574433380875226, -3.1225889580482784]], [[2.403026726115463, -0.9067951016552767]], [[-2.0733683053674308, 0.5495759185188829]], [[1.13294186443863, -0.4331809656053857]]], [[[-2.000244559919999], [-0.30732168390029974]], [[-3.0813711979985965], [-1.3492296340922514]], [[1.270883035245882], [-3.2430060223445887]], [[-1.5850004438251126], [0.15401267923537854]], [[-1.0171009615380604, -2.7672968900602117, -2.3955202063047385, -3.4088785510929753], [0.3067393944125888, -0.15034790860356007, 2.7797345712279005, 3.7265886361804337]]]], [[[[-1.8217488527562458, 0.18389239259435997]], [[-1.3602921923119287, -0.21057716970377713]], [[1.4721102141301214, -2.360743324616028]], [[1.8619530203708459, 3.0613924139911286]]], [[[2.2278880704877446], [-2.438850593387621]], [[-0.8945476991204303], [0.7370667757995338]], [[-0.09994578861629834], [-1.7298437423918671]], [[-1.076226672492225], [-2.6886347253872667]], [[3.1641314754941914, -2.913905425290016, 0.569350141262549, -1.1729121551906254], [-1.4592719395216736, -1.5636745847402012, -0.2261523358011801, 3.3116913636718563]]]], [[[[2.963176353179489, -1.1334651778682285]], [[2.4632933794274003, -2.137865301825699]], [[-1.5702212479927546, 3.081977407162475]], [[0.8269530563508731, -1.555325935262135]]], [[[-3.094509761547709], [-1.3487689604322837]], [[0.034037148293525644], [1.6377713539619778]], [[-2.895525912165838], [1.756966971709173]], [[0.008648266365056022], [1.5983109329885348]], [[3.1250505342739965, -0.2808995343540628, -3.5428701459851872, -0.07154525702729193], [0.056379129541765896, 0.12443314994639465, -2.278897071121974, -0.1319379397661486]]]], [[[[3.1512450395201186, 1.4520382773035985]], [[1.3599213831009482, 3.070515014793192]], [[1.666387312335973, -3.111222473957109]], [[-1.571172928565404, 0.04886691403470168]]], [[[-1.1021319857581842], [-3.1391499287979707]], [[2.4466379584792493], [-2.320341235329721]], [[1.6065945326820246], [3.1201224471553783]], [[0.4126316369858956], [-1.1045634308964911]], [[-0.11849337393452063, -0.012305940550280562, -2.3804478742374218, -2.706017358908893], [-3.0016862918726877, -1.6634659250051793, -0.7415657781377998, 1.8011438111862572]]]], [[[[-2.686821220448686, -2.4198575769232815]], [[-0.2592407796970267, -1.8048508722277519]], [[1.5684099589968203, -2.2270677962350813]], [[-4.723376065469912, 3.2439418255594163]]], [[[3.1342587287641077], [-1.424062647066229]], [[1.4855365144635544], [0.049152295294320275]], [[-2.915450492267214], [-1.4808696192601636]], [[6.501538580804461], [5.05115397486883]], [[-2.800854893989561, 0.23892295862480278, 2.587788566934239, 16.238828166778802], [2.8896573454260484, -0.1278890121009641, 3.1004909129147933, -0.9956810119039746]]]], [[[[-1.045001268568804, 0.23866164835410764]], [[1.9588082559561277, -3.1208715864125027]], [[2.4810546883424474, 0.9941444938991959]], [[-2.1873829692995734, 0.6586339081808807]]], [[[-0.4898665931463846], [0.9333751545228985]], [[1.9848161926779002], [-2.8481565726795015]], [[1.6439075384906046], [2.9800231674008058]], [[0.13652068572688858], [-1.3113656060289665]], [[-0.03306150183155443, -2.7293521620164993, -0.45148494255812077, -2.813259749801372], [4.245058181389166, -0.9962047353542315, -0.16091145973156393, 2.4767079635474487]]]], [[[[-1.9150266409386865, 0.0883521134742624]], [[0.22781820077586118, -2.15653593585893]], [[-3.1582518386460454, 1.1207274751966128]], [[-1.6294406059170898, -0.1626501810151801]]], [[[-3.5414855639114604], [-1.9007060699890368]], [[3.1588469828634933], [-1.4516296821311792]], [[0.03119344202912618], [1.6306230279143017]], [[-0.1254103328900738], [1.5267340605301645]], [[2.6989326765984267, 2.9053670376435514, -3.0850303224483606, 2.4087027768577727], [-1.9292682960983505, 3.064422302913226, 2.9806725450696367, -2.3144038598257004]]]], [[[[-0.13978524128622752, 1.0190248871469545]], [[1.4441815991684237, 3.0953919085008037]], [[0.555218036531319, 2.2651490708871567]], [[1.6823632342620125, -3.051268502978628]]], [[[3.1100960514481093], [0.027659519983234335]], [[0.32087639940538726], [-1.3561217599221393]], [[1.4090350701844814], [-3.1534619559359878]], [[0.7382843392904126], [2.4539706910497454]], [[0.01287938009036793, 3.4666391950272573, 0.304614421050547, 1.443246717113337], [-0.055947360362911897, 2.2105646653959337, -0.20147588112781228, -3.108406508277956]]]], [[[[2.91648696696771, -1.575034572300991]], [[1.9825527885168652, 2.48381800156613]], [[-1.8238654278690734, -0.2112076727489654]], [[-1.9390878244103782, 0.34559205064441156]]], [[[3.02004246038273], [1.2572435796751915]], [[-2.05806198739902], [2.885874732318678]], [[2.692764988647338], [-2.20825562721573]], [[-0.16386242906711188], [-1.513802557657208]], [[3.034346256016731, -0.0570577756433716, 2.8946894668789533, 0.6843990811987826], [0.041719741084975434, -2.3758359934044395, -1.869781191390149, -0.5264466757585987]]]], [[[[3.030981923692321, 1.2525615378069452]], [[1.1236008309676204, 0.09253146341935722]], [[1.4407682032859244, -0.025348689200107865]], [[1.746072862199483, 3.0979264589456093]]], [[[0.9236490118415851], [-2.855819174423523]], [[-2.1200360542566536], [-3.4725879455046744]], [[1.2151778475038282], [-0.11758462247021614]], [[-1.532870912436445], [-2.8878889130401513]], [[-0.14503898363072204, 0.15309546944067162, -2.647733244458018, 2.243048137005913], [3.07598315247248, -0.9813456848187798, 2.2651491990177264, 0.6144056290678904]]]], [[[[2.980462009238938, -1.058135076953598]], [[1.6613285469172703, 3.070971401339916]], [[-1.595659472010345, 3.0459536214301295]], [[-1.379404724276745, -2.9075148634137853]]], [[[3.127388123859027], [1.0271568071622648]], [[-2.6271851851118084], [-1.2901552370903124]], [[-0.5935693876329918], [-1.9295157234702676]], [[2.4929315836614685], [-2.454861409254379]], [[-3.178773021558755, 1.977414130409538, 1.9256497126426866, -3.1094177709219393], [0.08074335613502048, 0.3336351096188546, 0.19145990628008408, -1.5787728036683693]]]], [[[[-3.1048556575700386, -0.6583176400905387]], [[1.5615877148115367, 3.0292860848678624]], [[-1.0877931905097031, 0.4709252505961383]], [[-1.4780137705752514, -0.2546181866011489]]], [[[0.9353488362074667], [2.8557674111280984]], [[0.46897897623498536], [-0.821083836817318]], 