{"noise_params": [0.0, 0.05, 0.1, 0.15000000000000002, 0.2, 0.25, 0.30000000000000004, 0.35000000000000003, 0.4, 0.45, 0.5, 0.55, 0.6000000000000001, 0.65, 0.7000000000000001, 0.75, 0.8, 0.8500000000000001, 0.9, 0.9500000000000001, 1.0], "max_scores": [1.414191417833064, 1.3961938819979616, 1.3774492622029837, 1.3579060681350086, 1.337480573087029, 1.316051776483857, 1.2935687031248362, 1.2698234205058618, 1.2446659393491362, 1.2178831226270206, 1.189207102498787, 1.1582920527876297, 1.1162516337723412, 1.0877556017008578, 1.0465076054462283, 0.9999958558556774, 0.9457208424450763, 0.8073460107047674, 0.7763724712628893, 0.6684453287725272, 5.531084783905647e-05], "opt_settings": [[[[[2.845873967460751, 2.185797059503667]], [[-1.491974108040197, 2.8826450991359205]], [[-1.757240428514916, 0.11940423738181684]], [[1.4353693293009004, 3.017899757145197]]], [[[-0.07393316911432793], [1.7506405738179092]], [[-2.1948494063552184], [-0.37166446597832453]], [[2.483303386113354], [0.6918539336276627]], [[-1.4222837950282328], [-3.207975328646123]], [[-2.990221673213795, 2.020038030937748, 1.7863360156168422, 2.2212780972072306], [-2.9583464109269264, 0.2338314173549451, -0.1287190690626187, 0.7732925603913812]]]], [[[[-1.5733488415414851, -2.997986360653227]], [[0.9263035270484488, -2.1669764727367093]], [[-1.3720139916215919, -0.2628682261794924]], [[-2.2027800353846834, -1.2772202319172725]]], [[[-2.3388441448540656], [-0.7057358513287514]], [[-1.493689558421385], [-3.173962450241301]], [[-0.6308083954387737], [-2.3007467552599343]], [[-3.107550699138495], [-1.4957823657672369]], [[-1.2777678712586997, -0.2414261758023254, 1.5568018784425508, -0.36418302578803013], [2.988201423539951, 0.39985930694318644, -0.24789864289045227, 0.007030764599545852]]]], [[[[1.6922063601226818, -3.0128027130151387]], [[1.7793016367718095, 3.122528382920957]], [[-1.469429252581245, 0.18707643197523938]], [[-1.1135574132587405, 2.1117824773102702]]], [[[-0.9390102850951041], [0.7347788147461984]], [[1.8998486444513114], [0.20692963093520478]], [[-2.9639562204695795], [1.6404539421454427]], [[1.7170107800476628], [0.02482106330883068]], [[-3.038067454499069, -0.9894952017047132, 3.6167766401801256, -2.7559335645236387], [1.6810175776854401, -2.6647973469513215, 2.357737111984258, 2.945599347093657]]]], [[[[1.5003318417681353, 0.1600461983956404]], [[1.6878787484769313, -2.926417470218844]], [[-1.6009269606245349, -0.06720721947024555]], [[-1.5022570049139086, 3.1021931232167588]]], [[[0.7250147719483144], [-0.9340477726957379]], [[1.268836525007297], [-0.3879482231122018]], [[-1.4583416641335898], [0.19482985042013787]], [[-0.5510860198458106], [1.095385819355355]], [[0.09143711059790202, 2.829900971976886, 0.6380665640295281, 0.4116954541678657], [1.3336773490317502, -2.0936278649259683, 2.1798155783339386, 1.7455219552787862]]]], [[[[-1.3853475850303643, 0.200408917551192]], [[2.549271742582673, 3.0109726327296844]], [[1.1806591276087166, -3.0265680626967]], [[-1.7634537194538367, 0.02446345521756557]]], [[[0.7045420741913895], [-0.8526875359723035]], [[0.009708584586070927], [-1.5305852508663924]], [[0.07066465312522026], [1.5905955635430626]], [[-2.195828714828467], [-0.6470145743301345]], [[0.21709538225252253, 3.3944138929054626, -3.7216841816135693, 1.3438584026896183], [-1.5948849442198962, -0.40143905795792967, 0.4804594940696156, -3.2221303675244255]]]], [[[[-2.605061691517659, 1.9609584485380325]], [[-1.2354545761183955, -0.09193585276143833]], [[-2.022363966278452, 0.2411961402074571]], [[1.7768588109557595, -2.5992226375020318]]], [[[0.00010455193806410584], [1.4165523177422137]], [[-2.063436756029463], [2.749259690833921]], [[-1.022714376577218], [0.37236757537015736]], [[0.13423662232606537], [1.604764857028942]], [[3.210006067608673, -0.29980250234123595, 0.11850271629261855, 2.4678735535037197], [-3.208606974684428, -1.9849519211642581, -1.0433633941240752, 0.3655200397305992]]]], [[[[1.4042299390642943, 3.0802714896253023]], [[1.561343351672505, -0.7711912362837052]], [[1.411895584561888, 3.1111984505352948]], [[-1.4675088046015168, -0.30219786301696794]]], [[[0.7095821885252384], [-0.9717222698757837]], [[-3.1956209839010974], [1.4012373372538587]], [[0.8688001486702828], [-0.8010085520372399]], [[-2.916122980759593], [-1.295177422399881]], [[-0.00021393823120254007, -3.6028234733058944, -0.05283844886463936, 2.1484647505820305], [1.7409963890905342, 3.4237072772150814, 1.5716114520049727, 0.47529344824137254]]]], [[[[1.84888978900528, 0.2237718494071759]], [[-1.9421394422661507, -2.809159679019556]], [[1.5826248923511452, -3.099888457003311]], [[-1.8127946085634468, 0.3822684546330688]]], [[[0.5832560863986905], [2.217379455379329]], [[1.6504969485864418], [0.009983948701203565]], [[1.6892435849796728], [0.03902222148038595]], [[1.4991562092708535], [-0.1347472744272244]], [[-1.8877681913252986, 0.6201275034700037, 2.288249536277104, 2.6689050639941123], [-3.1297725663345934, 2.5799853164230053, 0.7401548622884228, -2.3840172620683666]]]], [[[[1.3496813049783052, 0.1324754492447065]], [[1.64117879211594, -0.04411126002611397]], [[-1.287695813285643, 0.33745614873004154]], [[1.9873533162365076, -0.31030069073320693]]], [[[0.08833339430483501], [-1.4724356015220639]], [[-2.7714651653412816], [1.9797620495920023]], [[-1.5108363793248738], [-2.9904417252802773]], [[1.5615953131748357], [0.052689188231558076]], [[-0.692251047819039, -0.546324440118906, 2.42683133607609, -2.497415141705172], [0.8668560484242833, -1.775433777978477, 0.4112529024124515, 2.476915231951836]]]], [[[[1.4853323425315248, 0.0786307969714416]], [[-1.5868037271987627, -0.5267160760830855]], [[1.302678583838211, 0.21739546711437702]], [[-5.348080525687929, -5.51968653984815]]], [[[-0.3251769772352628], [1.2478996032965188]], [[-0.17096185477851455], [-1.798164679491633]], [[2.89676183796998], [-1.7979894256509348]], [[-4.573388417260385], [-6.180066778505768]], [[0.6222420765537257, 0.8108847963632145, 0.46307159860484787, -11.967545142531693], [-1.2366537396690018, -3.4670597862177086, -0.9057679455255429, -0.20114101702569825]]]], [[[[1.427135764909955, -2.9941218576054665]], [[-1.5966656097691645, 0.12150773155745642]], [[1.778029012747972, 0.14272741020248475]], [[1.2952450343697874, 0.2940519941192952]]], [[[-0.5528632195210165], [-2.2186666446542174]], [[-2.5699890628936077], [2.1119014322051326]], [[0.6893846988206366], [-0.903100940706436]], [[-3.333468060479524], [1.2839066025779313]], [[1.5188772743149008, 3.249121266303203, -3.0111033730669656, 2.2034445655121333], [2.8181768564085217, 1.8726632111288468, 1.3083979146223808, -2.633864813410818]]]], [[[[1.8376311968730827, -2.921077022123507]], [[1.093980713817207, -0.4700732220974887]], [[1.0158083896541148, 2.7965042257538735]], [[1.3828096574039197, 3.063342627941649]]], [[[-0.662526590550952], [-2.403616844271535]], [[1.3729199300479216], [-0.33663904760802194]], [[1.449290464982305], [-3.109341669031468]], [[-1.9246372967101109], [2.6874977863942076]], [[1.5226772339540942, 3.1766648186206794, 0.5990985618269525, -0.13047131601565692], [-0.05252850364916049, -0.8209053821961145, 2.6145159884249676, 1.0428971644756209]]]], [[[[1.5297518053347328, 0.2126511255101116]], [[0.0555267004246068, 0.5429066249712252]], [[2.734571483742941, 1.2180243111412714]], [[-1.7684727686490014, -0.03808228740085208]]], [[[2.3196002517279593], [-2.4771644168428857]], [[-1.5578114276895303], [0.0720620428550485]], [[0.06617244709205646], [-1.499868985076008]], [[-0.38991735310512793], [-1.9662659560818754]], [[2.867577193684286, 0.048684696551407156, 0.20736291740958002, 1.1112411071906672], [-1.450694065752724, 3.2001696231057086, 0.43895941664500354, -0.4944399295768216]]]], [[[[1.4160308832386321, -0.07305976780371118]], [[2.061735143269082, -1.0174852835811523]], [[1.549628628310036, -2.906116261502449]], [[1.7183135775609855, -2.557193659628673]]], [[[-1.8829598039899387], [-0.5047220948617883]], [[-0.08518365233615834], 