{"noise_params": [0.0, 0.05, 0.1, 0.15000000000000002, 0.2, 0.25, 0.30000000000000004, 0.35000000000000003, 0.4, 0.45, 0.5, 0.55, 0.6000000000000001, 0.65, 0.7000000000000001, 0.75, 0.8, 0.8500000000000001, 0.9, 0.9500000000000001, 1.0], "max_scores": [1.4142040167850598, 1.3907719361633846, 1.3655784808357447, 1.345318194370217, 1.322845627709588, 1.2599062564321648, 1.255979195156241, 1.2251378287479238, 1.2544325861101138, 1.2572393772597499, 1.259900612437509, 1.255703975543753, 1.1872001137471717, 1.2499637048616279, 1.2415683688354047, 1.2299502540402687, 1.215903168299926, 1.000891951704492, 1.1693433700800675, 1.1280755256033654, 1.0000015112199425], "opt_settings": [[[[[1.21122274760902, -2.6431174965486512]], [[3.087201965568047, 0.8292561174795262]], [[1.282897599166617, 0.19934245425804384]]], [[[-1.4965453820951995], [-3.1085239648264142]], [[-0.0026431841961215], [-1.6140811135607829]], [[0.3006635737915959], [1.9219166309605158]], [[-0.580661090366876, -0.05978738785467886, 0.952048306035631], [0.4836917544746076, 3.1369750690275384, -3.437144830522755]]]], [[[[1.644747973362985, -3.084676501985811]], [[-2.3065445443103028, -1.5277257295506375]], [[0.6411871679365799, 0.8966242778280663]]], [[[-3.40161337109991], [-2.093018321751021]], [[-0.006862259259912722], [-1.3142311543424436]], [[1.3144780378986527], [0.0034549918129088398]], [[2.6796087996392064, 0.028111665492477733, -2.9110128452559443], [1.3509409768230838, -3.141650768559175, -0.2546709011330821]]]], [[[[1.5715257233526847, -0.013920538374721507]], [[-1.6078916435203126, 3.134617348254829]], [[-1.4566778672914176, 3.047977401226221]]], [[[2.5524342722053217], [1.0462839942179651]], [[-0.9170888058045285], [-2.4233651085232863]], [[-1.5479070074665013], [3.2248707651028345]], [[-1.4177531958904455, -1.6163275280575384, -2.366876472034164], [-2.8154608020065006, -0.1720806858546984, -0.6478468945103862]]]], [[[[1.4497887470125406, -3.1405042984225355]], [[1.4445661166043111, 2.943360064219215]], [[-1.9382388446027254, -3.1049379809843143]]], [[[1.3118864244904898], [-0.3804348390437847]], [[0.8979322791168657], [-3.6973798696161846]], [[-1.700837992536232], [-0.015720718543957665]], [[2.6289130975663233, -1.8111547641094976, -0.6623543854917316], [1.131546843494477, -0.11213484997805434, -2.5778278870977798]]]], [[[[-1.0219508299016034, -0.14004637310971166]], [[1.594667685677862, -3.133525282913633]], [[1.6200256418791708, 3.0634851650085153]]], [[[0.12927572036672288], [-1.4646829424747074]], [[0.08391325037690908], [1.5761675222096954]], [[1.9350606056304498], [-2.854525846220081]], [[0.42955789546934736, 2.32751124958541, -2.678489942030893], [-0.7274227369448942, 0.7158564561051024, -1.1177966021830037]]]], [[[[-0.13146922399198652, -2.1134088605414885]], [[-1.5577935351066996, -0.026095593497808347]], [[-1.600690069213058, -0.04167034370353688]]], [[[2.001698720525635], [0.022697574106455835]], [[-1.2276223550288579], [0.38991749468244286]], [[8.242144096111886], [-8.986215922547471]], [[0.08020828766644841, -2.666423148948075, 0.3921726672985722], [-0.026584670160719304, -1.1975317242391572, -1.2149060167700967]]]], [[[[1.686471799851476, 3.072816759774434]], [[-1.5254252530816736, -0.2672498426365407]], [[0.1391297826546566, 0.6267829020160308]]], [[[2.3360135514391254], [0.8012801146780134]], [[2.634326092186495], [-2.102756116955985]], [[-1.5391638599502315], [0.0053868755909418625]], [[-1.6902511185265576, -3.257612254823566, -0.0967440212182844], [-3.04796168974522, -1.9641206867001655, -3.086347133629898]]]], [[[[-1.850354408335278, -3.102034372849211]], [[0.2077514304562653, 1.1466781009379945]], [[-1.6985796579409842, 3.094307423904434]]], [[[-0.5225092209292425], [-2.26053990224571]], [[0.0030242022896687496], [-1.701671341878023]], [[1.1726428583086963], [-3.4046292363195727]], [[-1.750053848965292, -3.199099896564821, 2.102732269517202], [0.32311148449270594, 0.061655253296529475, 0.39995555943934635]]]], [[[[-7.332123816646491, 0.07008421272598452]], [[-1.4182411289009385, -3.0526857914588996]], [[1.3492418361513823, -2.885979865304131]]], [[[0.5711809284294662], [2.255972876758102]], [[2.3435038095103735], [-2.414435685777831]], [[0.48114931927452786], [-1.0392784229987877]], [[5.25880183681254, -0.08009830896627557, 0.11613450634483943], [0.05861258615581183, 1.5653953127137354, -1.1560735569585898]]]], [[[[0.3005654868680324, 2.371326785136809]], [[-2.307049959261333, 2.571913805005712]], [[1.1654522878640396, -2.8408446090192254]]], [[[0.0827873090327748], [-1.0052369136895771]], [[0.1706711964665608], [-0.683957907775084]], [[0.0848739832613427], [0.9566883609857799]], [[0.024461645430549718, 3.0029057500431175, -0.4069415878531628], [-0.6062233250344671, 1.058247880826718, 3.51413452070128]]]], [[[[-2.8488498135220683, -0.15905727944747136]], [[1.4491451138693618, 0.08324186053350749]], [[1.6166654287865798, 3.089563806657009]]], [[[-2.807278616546393], [-0.2509216641238459]], [[0.20692567472152879], [-1.4276927194269657]], [[2.830289384771073], [-1.8175437561718921]], [[-3.38389805125004, 2.531814858778924, 2.560876164571103], [2.9407923994920897, -2.196789816939612, -2.0287177385006823]]]], [[[[-2.0298752081869815, -0.044819068683169386]], [[-1.3133897897819755, -0.0669702738783331]], [[-1.340915566679954, -2.934596008192484]]], [[[-3.239081889388542], [1.3153855097395852]], [[2.663023366391498], [-1.9845034455333554]], [[1.0626356770372083], [2.6736706915122803]], [[0.8744475292930479, -0.13471803582978814, 2.016674881063848], [2.514333678451268, 1.09006209219193, 0.14871312499903536]]]], [[[[2.3923459337397674, 0.1269354853776045]], [[-1.6528526408078559, 0.057392402368048934]], [[-1.5229541508394342, -0.043456377239902075]]], [[[2.34897328391793], [-2.2049553894899314]], [[-1.459406060213574], [-2.724421263850135]], [[0.921514077430768], [2.2027305866734785]], [[-3.0707369154046957, 2.0803274456577174, 1.532146914329064], [-1.4975592898633485, -2.5589016386644725, 0.15836010385319435]]]], [[[[0.30547417910011454, -0.5013898294060397]], [[-1.4331759163731803, -0.21753537410815732]], [[1.5169108163290812, -0.04048998225942309]]], [[[0.6902414254070918], [3.5052672380844947]], [[2.6845173769088713], [1.1827275941831459]], [[-1.61925353435243], [-0.11149377348434078]], [[-3.0485036199321387, 1.142417863309538, 2.2503108784943855], [-2.7257213867586403, -0.26805803659417504, 0.7066737857937048]]]], [[[[-0.23284944948055775, 0.19216075020182805]], [[1.7528521560501331, -2.8143181771943193]], [[-1.4005845497038325, -0.33678127367751176]]], [[[-0.40975285939039474], [-2.3865365681325836]], [[-0.39456605500081166], [0.9005565318889142]], [[-0.21324684078290815], [1.0717142022509005]], [[-2.9198387813658333, -3.307285065948835, -0.332654379400888], [3.00741892476178, 1.1717554976053526, 0.937244673715175]]]], [[[[3.246555573273199, -2.6747618146315335]], [[-1.5682696432643408, -3.1366918178196537]], [[1.478654395794927, -3.024259398403386]]], [[[3.1046816978685188], [1.2791360837258683]], [[2.1620262844393165], [1.0232700082600772]], [[3.179415804272978], [-1.9679482524608183]], [[3.1138990707104686, 1.5999714315537399, 2.5364155229250147], [6.506308688851172, 3.127907655212563, -2.154419112856206]]]], [[[[-0.26498454195107807, 3.1199884536350115]], [[-1.475245071580718, 3.0293625389328627]], [[-2.8046116990633707, 0.14116418766721556]]], [[[0.7827211616627786], [-2.480215831267727]], [[2.2061825292527026], [-2.94564711591509]], [[-1.1536576023615144], [-0.024231476507452675]], [[-0.006581078054844336, -3.471372710409716, 0.1916221174094422], [-2.5365636887383713, 1.0252864575404648, -0.07188627877333584]]]], [[[[-3.040156889464257, -2.057557170881956]], [[3.0113907051804083, -1.4699562027392092]], [[0.15948067832674281, 1.0381431221338728]]], [[[-0.5266523971987038], [2.627468524637455]], [[-2.128873166677734], [-3.106674310322018]], [[2.0924045430371594], [-3.1565341646168887]], [[0.07706693231011796, 0.0779120244125243, 3.009708603141748], 