{"noise_params": [0.0, 0.05, 0.1, 0.15000000000000002, 0.2, 0.25, 0.30000000000000004, 0.35000000000000003, 0.4, 0.45, 0.5, 0.55, 0.6000000000000001, 0.65, 0.7000000000000001, 0.75, 0.8, 0.8500000000000001, 0.9, 0.9500000000000001, 1.0], "max_scores": [1.4142135622432142, 1.3902392094418201, 1.365408182033764, 1.3396395882284926, 1.3128395758903069, 1.2848982934221809, 1.2556858809736706, 1.225047089206071, 1.192793913453744, 1.1586951872676585, 1.1224593722096001, 1.0837251823695213, 1.0420005554302056, 0.9966385248099161, 0.9467210393135442, 0.803127393444544, 0.8270360872537754, 0.751411419192205, 0.6564176489500715, 0.5208898298135861, 0.0], "opt_settings": [[[[[-0.6057918623295081, -2.2175970586207603]], [[1.514923992885596, -0.061868020572546756]], [[-1.239215313696494, 0.014823068625041258]]], [[[-1.2797614903188963], [3.203051901856992]], [[-1.7894010948688501], [2.69325847577415]], [[-1.9207642734361348], [-0.12599147908970423]], [[0.44665259444141625, -2.6611625092187032, -2.2943858403322985], [-0.10086126963203115, 2.015415771232182, -0.44958077841041233]]]], [[[[1.385650570233763, -0.2781273701595646]], [[2.3108585320225417, 0.785562964797159]], [[-1.9552658785055685, -2.7533821403512477]]], [[[-2.5723791975889725], [-3.8247859711890055]], [[1.1778515129390386], [-0.06404392651963048]], [[0.8708238184660391], [-0.37953150207578784]], [[3.0523672108737143, -2.913377271704793, 3.2484794101811585], [1.5922052184446587, 2.550037385617574, -1.0947438501471685]]]], [[[[-1.591203675363722, 3.1218781476998125]], [[1.1064695505450846, -2.880464037722741]], [[-1.43255482434565, 0.12935070158068024]]], [[[-0.5564232842065147], [0.9073100939630284]], [[-3.0345039273380587], [1.7827072612538135]], [[2.8308893541986864], [-1.9882580962346847]], [[0.1188068722830431, 0.41198644630723213, 2.7739775326187073], [-1.30758615614459, -0.6945514146574995, 1.0781998744430035]]]], [[[[-1.978588292014782, 0.24810735863229538]], [[-1.8654913695602016, -0.2557428899874979]], [[-1.6868280426676994, -3.1026893552406563]]], [[[1.9479858086541118], [-2.945110908424065]], [[-1.204713188661051], [0.19108990695149702]], [[-1.0241863766343187], [0.3658616330177482]], [[-2.8114143166923484, -2.7383963834085665, -0.3316461509741685], [2.297784862136769, 2.2255459719514077, -1.885393277689444]]]], [[[[-1.7202199411649348, -0.013490400015446543]], [[1.5425059433652644, -0.040255702269961356]], [[-1.4875298461064035, -0.01962423383576979]]], [[[-0.11613590172637149], [-1.5936119758854934]], [[-2.935723888928384], [-1.458535715038685]], [[3.1511917142113925], [1.673303406715116]], [[0.7673232605879461, 0.9117419819450316, -2.4156145542629237], [-0.5897916212088238, 2.5662653054278395, -0.8420057235832913]]]], [[[[-1.3790987057675212, 3.0802776949064135]], [[1.7551513514102781, 3.0403012574326924]], [[1.509471575468967, 0.19520914580206816]]], [[[-2.2008154369818898], [-0.5209943279608524]], [[-3.2636617990614534], [1.3430757229757178]], [[1.9163069288375336], [0.23894209314527368]], [[1.8856936487029774, -2.2423741760580107, -2.142433286623148], [3.271246945761995, 2.582925680272322, -0.4379150526968863]]]], [[[[0.8270576135583263, -0.7831194486345835]], [[1.555680895562515, 3.1198177048948947]], [[-1.5306029105999863, -2.981223601404175]]], [[[-2.223154771964687], [-3.301254276725605]], [[0.7644248520859188], [1.8422896527085701]], [[-1.6819647131716713], [-2.760049920528219]], [[3.2315352497034633, -1.3456756711540927, 0.8434574051996188], [2.3874052740381253, -2.6424613037093727, -3.4280657776963217]]]], [[[[1.2436640749440866, 0.22828271012810003]], [[0.5961559691357209, 2.586985221184484]], [[-1.6163948225004792, 2.967312911104543]]], [[[-0.9806237726682381], [-2.7996840051582117]], [[3.1540970127310213], [1.3314796993403513]], [[1.4438296238387613], [-3.0075919911095017]], [[1.1535296774755113, 3.398434428243339, -3.686675678933553], [2.8929364312032955, -0.2699346510794765, 0.6882705998845856]]]], [[[[1.4522741233864598, -2.9953206750799195]], [[-1.2433460406803145, -2.2909625720345694]], [[-1.8072469830863105, -0.2639753022343909]]], [[[-1.2047946605628472], [-2.735963205833956]], [[0.023461028373086175], [1.5546378932793141]], [[2.0761104418134395], [-2.6539869636518043]], [[-1.180128676495198, -2.765683084462077, 3.2279345489127187], [0.42475518090192016, 2.7900220233080666, -1.1144327544443364]]]], [[[[3.4068278567956165, -3.1094791871004137]], [[2.5615538122630275, -0.8060792732681786]], [[-1.4457543322278026, 2.9908378088802605]]], [[[1.6116630383115895], [0.041774819237903854]], [[-1.550484235454631], [-0.017354152553869177]], [[-0.42619079146655153], [1.1413561272440376]], [[0.27707441331018606, 2.8236804878446593, -2.7753736599263337], [0.039379982914468856, 0.2253441512661596, 1.9097969527208143]]]], [[[[2.7509576230821255, 1.1705329748830118]], [[-3.8409960407044927, -0.4912189221905375]], [[0.7124360072107495, 2.6949378398063684]]], [[[1.3960950855946739], [-0.05981940440180323]], [[1.3843844224588984], [-0.03534541217235132]], [[0.1295503243371522], [1.4975533706908966]], [[3.0623729613634, 0.3666317716853444, 2.684363177912265], [-0.45044294714719996, 2.7158691383878737, 3.265832619960595]]]], [[[[-1.555384979135492, 0.19088764760333482]], [[-1.1944314759791201, -0.2192367292920524]], [[1.345347781913511, -2.1789418278020363]]], [[[0.149498737573249], [1.806169459687916]], [[1.6678534291303282], [-2.9466784162382944]], [[0.03468440621647531], [-1.5995603661667857]], [[2.230265228583218, -2.736424421892467, 0.23583145008345063], [0.5707969577246176, -0.7853056528625197, -0.37191424504734893]]]], [[[[3.6043244971848147, 2.143687113516721]], [[1.9534670537564434, -2.152485969470992]], [[1.595665842228002, 2.472515632230385]]], [[[1.5707770719419276], [-0.0636836432842626]], [[-1.714606417847704], [2.9554696317329805]], [[-3.0854987819352173], [1.5689922624706683]], [[-2.9491311003949665, 0.05211738573059947, -2.6168263595443846], [-0.34849759030662547, 0.5009422899358985, -0.5060701527806526]]]], [[[[1.5278265120140244, -3.081468334989755]], [[-0.8732821159452803, -0.53488224263233]], [[-1.7715088889287331, 3.0220564620462906]]], [[[1.095318486432765], [-0.5716841531995773]], [[1.6478273477154328], [-0.013908673356811221]], [[0.033251415442389576], [1.6909446496644591]], [[-3.2779339841215624, 2.6828549460625166, 0.7800059795619397], [-1.9337751256848859, 0.44948018654426847, -0.640633297988048]]]], [[[[1.093558547753224, -2.294296577614507]], [[0.8809124171077155, -2.862770582417549]], [[-1.231072653323464, 0.12064520663694486]]], [[[3.12383197235477], [-1.5840902035707105]], [[1.8013002882612759], [3.313493852360327]], [[1.7215801392366135], [-3.0061077379542205]], [[-0.45557856492658894, 0.1846289679057336, 0.4764383833946834], [-2.790087551028758, 2.411934722563001, -0.7134222381862985]]]], [[[[-1.3723527796859176, 3.1070112425899277]], [[0.8756489311866302, 2.6769448163369374]], [[-2.9707204965641534, 1.235810931732678]]], [[[3.0113839999324115], [1.260223018070401]], [[-1.437285818243814], [0.35873676915537844]], [[3.0870916222422156], [-1.446912585659725]], [[-0.8306722408072905, -0.11185464577175587, 0.09973588763814431], [-2.5845984111134723, -0.7608306145682973, 0.10666163928589525]]]], [[[[-1.7551060061736254, -0.14881783785222003]], [[-2.507360252504412, -2.7109682315979255]], [[1.749381259268773, 2.963313806522821]]], [[[-1.022298365427187], [-2.5473034698834707]], [[-0.054859100165842584], [-1.5840337864559721]], [[-3.661679414805633], [0.9993247309105142]], [[-1.459607877292802, 2.7976136973039947, -1.8683399922014536], [0.3290040250912585, 0.30073350048536274, -0.09388615226249702]]]], [[[[1.54861285208563, -0.6532417045803086]], [[-2.0220889783834846, 2.440472589014869]], [[-1.1048436366980456, -3.1041425386870296]]], [[[1.0913091289808166], [-3.4270362129034577]], [[-1.3921694552435246], [3.1527972224845437]], [[3.3034506711369405], [1.7193136771320925]], [[2.319799678374349, -2.5275981247596406, 2.6937732251135946], [3.1372146220620407, 