{"noise_params": [0.0, 0.05, 0.1, 0.15000000000000002, 0.2, 0.25, 0.30000000000000004, 0.35000000000000003, 0.4, 0.45, 0.5, 0.55, 0.6000000000000001, 0.65, 0.7000000000000001, 0.75, 0.8, 0.8500000000000001, 0.9, 0.9500000000000001, 1.0], "max_scores": [1.4142135623730046, 1.0450846314818443, 1.3668518542038735, 1.3422559521882147, 1.3131699156349095, 1.3006056166452564, 1.2783799263651434, 1.259654028401389, 1.2188393444101817, 1.2594522620629047, 1.2597074225678049, 1.2543983788688142, 1.2556640529098706, 1.2481139440042086, 1.242013901729004, 1.2300728565689028, 1.216108070267035, 1.1946521891544444, 1.1670621203142708, 1.0505015424091408, 0.22334551261938912], "opt_settings": [[[[[-1.587063315119202, 0.05723598039291826]], [[1.4154727326720777, 2.981584931919941]], [[-1.5953451697231278, 0.037292876195429196]]], [[[2.0062531162087294], [-2.813306238912381]], [[2.329174137252053], [-2.492991992330645]], [[2.1901020803966307], [0.7278567507654545]], [[-2.717911581519426, -3.100661023525819, 1.7308129039724953], [-1.201427037751578, -1.4394997505139544, 0.03256779254795819]]]], [[[[2.6250239815817005, 1.5545660875809522]], [[0.02323718581801482, 0.7699198679456625]], [[2.9417785982992313, 1.2793811757135285]]], [[[1.1293859623324725], [-0.004436043879433856]], [[-1.161100779512809], [0.006205410819724679]], [[-1.1668246468535344], [-0.008857187073895462]], [[-3.098109449411568, -3.130963130895836, 3.0850197567251327], [0.021677133039879618, 3.138467295889508, 3.0394685875127228]]]], [[[[1.6229745053779387, 3.115343008051386]], [[-1.607992459147514, -3.048376977786836]], [[1.366521955303972, -0.013138975790703776]]], [[[-3.0837836269612215], [-1.5906122248099048]], [[1.5579623291536446], [0.06522186961727548]], [[-1.4676303387751235], [0.025235356873590173]], [[2.3495084990137673, -2.3746991022051187, 2.507405706253722], [-2.3927890754998407, 2.4450528126449536, 0.7362203644880995]]]], [[[[3.8318965106518332, -2.7598061064670283]], [[-2.0566894172677563, -0.9319201848124029]], [[-1.6808343493560904, 0.35595960509270935]]], [[[3.024993573351769], [0.9580196936810588]], [[-1.1397844432947148], [3.21018797172398]], [[2.5788422734697654], [0.6461820628568398]], [[2.5590386156045617, 2.5456850105434197, -1.5793645883799785], [-2.9302000633362946, -2.9699662587365214, -0.0641967496207882]]]], [[[[1.617719268146504, -0.07848885343330496]], [[-1.418662755714291, 3.0591844280572307]], [[1.2875725290319897, 0.04388162630640621]]], [[[-0.869540247994882], [-2.483292712443407]], [[-2.8359779245656878], [-1.221163613419137]], [[1.533628055595561], [-0.07733483545987808]], [[-1.712371364353209, -2.0829987807783947, 0.5825478933809362], [-0.07836792362885507, -0.4073057757537921, -0.7162466504011964]]]], [[[[-2.504769475464767, -0.8722506417985006]], [[-1.5727149085978287, 0.0011082107740586203]], [[-1.6197923345366652, -0.04945829205704197]]], [[[-3.173537804348651], [-1.6172665975457412]], [[-0.5782040835050928], [-1.9720266835255327]], [[0.7237696690604821], [2.117604923394903]], [[-0.20018345301112034, 1.2440897582746466, -1.3725466766537937], [0.3771212625771234, -3.37230541907512, 3.1919151588800276]]]], [[[[-1.8921720066254628, -2.983312342428945]], [[-1.6486421876974138, -0.033271355140988446]], [[-1.5772110994954183, -0.008961632440608014]]], [[[2.7830500423422664], [1.166310273473057]], [[0.8255336168244001], [-0.748484882337675]], [[1.9093359784941721], [0.33473446602212986]], [[-0.9986434184402248, -0.05864388528305382, -1.1502978375069677], [0.31219599362471206, 1.5485460454688238, -2.662341688579053]]]], [[[[-3.1125546630237695, -1.4406120840714185]], [[-1.4509896033080296, -2.893475672238563]], [[1.6984927650755037, -0.014314089666051038]]], [[[-0.42379032381229265], [3.0739762018585406]], [[3.7477260912881114], [-0.7196729652748383]], [[0.9262972231985693], [2.73960012436134]], [[0.25850621848139266, 1.5470025121285012, 1.7883644485098584], [3.1271839370552916, 3.0720539836982477, 0.2794710094849127]]]], [[[[-1.511042982750935, 3.016818141118176]], [[-0.3222779498533778, -2.146384005045701]], [[-1.4685886237630112, 0.4440936676108527]]], [[[3.8650371882789014], [-0.98550767015478]], [[3.061251051449129], [1.6654306445652562]], [[-3.103532461317437], [-1.7069774313852026]], [[-1.6324136634353938, 2.895987619819025, -0.5837595449335553], [-0.04306002627168794, 2.986715346614225, -2.5724836980357355]]]], [[[[-0.2559889808715477, 2.082947774201974]], [[-1.5604837514174985, 0.020368089701363886]], [[1.5983363412338987, -0.014944681663532126]]], [[[-0.03011073377491205], [1.5356042120002573]], [[1.9314310765161238], [0.7426284085150527]], [[-2.7130566115439683], [-1.5244182789602951]], [[-3.081539288163469, -1.35341821432497, 1.0705031594083156], [-0.45422127306669124, -2.8366235127567463, -0.738934383009099]]]], [[[[-3.0460733330536187, -2.2229111347811754]], [[1.4440952239645661, -3.1319537413865093]], [[-1.6034168229596024, -3.0208352810251538]]], [[[-3.069352702275134], [-0.5517240985779451]], [[-0.12235495349055758], [-1.6531841238169287]], [[1.2788453767888552], [-0.2582125119362839]], [[-3.088203090912211, -2.2807853708841668, 0.47369367378732774], [3.0569408664825106, 2.4878122188510745, 2.1259140038652133]]]], [[[[2.4287131136017006, -0.18981756609380848]], [[-1.9093140065662118, 0.32163734064325394]], [[2.2025925064041263, 0.39539302772263496]]], [[[2.7163376220218898], [-1.4335279841573383]], [[-0.07708486826814205], [-1.6292117166869369]], [[0.1768562998853554], [-1.3745536122417084]], [[0.19033295989012375, -2.4140738725819224, -3.3473144550299483], [2.3156178896414294, -0.5547331872679516, 0.6240332035777002]]]], [[[[3.060446186096463, 1.0891198704685168]], [[1.8356823806064746, -2.476827005155612]], [[-0.8891177537533532, -2.4168316994116257]]], [[[2.685627727557558], [-0.004750853982134836]], [[0.01693147066564999], [-1.4748616646735697]], [[-3.212367856171457], [1.5431223849386166]], [[3.0474494399726195, 0.40547109100565526, 2.6328106250664716], [-0.02560531284864708, 2.6329978030419805, 0.25707010230917193]]]], [[[[-0.5830084831066593, -3.0236511383995643]], [[-2.235612147213126, -0.9250719851460399]], [[-0.8423912305301631, 2.4171370791044717]]], [[[-0.8896772103650126], [-1.9498327920616672]], [[-0.8117681912144498], [0.02304653711596876]], [[0.02749919280904555], [0.868321064931418]], [[-0.572024370650401, -2.9625751801106626, 0.2507966635912004], [2.466821106314906, 2.416564025907768, -3.427614680208292]]]], [[[[-3.0738350274352064, 2.5280571977990824]], [[-1.2837204390006909, 9.702595426079052]], [[1.5882182364278137, 2.9646368631947513]]], [[[0.35099206822010554], [3.0021893245751508]], [[-4.734965765490801], [-3.3667077608223184]], [[-3.198076993428088], [1.717884026254013]], [[3.0579836483996323, 5.512246975221269, 0.6946477779183985], [3.029216561012886, 3.5333935849042306, -0.7414492616561813]]]], [[[[-0.13713106820938384, 2.654241093506173]], [[-1.7554554487072038, -0.18395130355046468]], [[-2.1141940718149654, 0.8661992680370428]]], [[[-0.3673768982491722], [-2.082257509835071]], [[0.3329603520112643], [1.3906416248455753]], [[0.005000609014648065], [-1.094230783987185]], [[3.072615835259868, 2.301449730994875, 0.24533037461872143], [-2.6945524239084824, -2.4215355992583723, -0.2828358879075472]]]], [[[[-0.18086407563554568, -0.44379452038351036]], [[1.0942045219876106, 0.3851489085663764]], [[1.5272697848836128, -0.04011028953447235]]], [[[-0.48607055107191577], [2.5162912547531757]], [[-3.078114871454215], [-1.9299982192005367]], [[3.625286815908925], [-1.4959840751179587]], [[-0.0015245536834857655, -2.664475844616211, 1.0781147394205222], [0.43219456408244933, -3.6424733697497085, 2.569536792926956]]]], [[[[2.732180703624092, 3.057785847286498]], [[1.5556792711428884, 2.846015283491147]], [[-1.5671256104979088, 0.027864443033984432]]], [[[0.9819233409868043], [-1.6871167270430916]], [[0.537936258400979], [-0.4217099087127524]], [[-0.8356298577029133], [-1.8071338522999847]], [[0.02154003901364518, 3.051478593006113, 