{"noise_params": [0.0, 0.05, 0.1, 0.15000000000000002, 0.2, 0.25, 0.30000000000000004, 0.35000000000000003, 0.4, 0.45, 0.5, 0.55, 0.6000000000000001, 0.65, 0.7000000000000001, 0.75, 0.8, 0.8500000000000001, 0.9, 0.9500000000000001, 1.0], "max_scores": [1.414213561682475, 1.3964736391338048, 1.3785440771438577, 1.3610713491450652, 1.3439726952786386, 1.2211218287008796, 1.3164489689526422, 1.2968306192628658, 1.2960514054352665, 1.2966137967114113, 1.2773641690059112, 1.245626070528067, 1.2921659129375023, 1.2772903962998399, 1.2802547804754663, 1.2681080316667783, 1.2554981132253704, 1.2367498295715567, 1.2013844101121987, 1.1621361440185343, 0.9899248535839037], "opt_settings": [[[[[1.352117144716207, -0.09651272048260758]], [[-1.4546978118187155, 0.04697263432162741]], [[-1.8289096034842647, -2.8589059481564822]], [[1.395840485220861, -0.13756227610778438]]], [[[1.0234402542750942], [-3.5806908921885086]], [[-1.4906874080581871], [-3.1420921513744116]], [[-1.219765590149294], [3.396289004418997]], [[1.3758962111382762], [-0.2955027622428523]], [[2.0311033114119033, -0.8996351183251613, -5.36359583059282, -2.716272382454577], [0.15188281637810147, 0.789020258124417, -0.31220253267298126, -0.9719199306478453]]]], [[[[-2.29470422956285, 1.0219409751072024]], [[-1.601980059442568, 0.10439420931558971]], [[0.28598546476752784, -3.0851342618689395]], [[1.2601319159258986, -2.725838212004974]]], [[[-1.21460428757443], [-0.024782008976139268]], [[3.7596155564002354], [2.556732039970315]], [[1.9456607534085055], [-3.0717057177813984]], [[0.3569607614506989], [-0.8450783624067129]], [[-2.866880743063376, -0.06330513612619784, 0.008770935318460266, 0.1991993353439641], [-3.341456241221311, -1.4912501483759109, -0.2547299098698058, 1.9246924819546403]]]], [[[[4.02407497956708, -2.602217149115293]], [[0.5239726751077654, 1.1230370776975616]], [[1.4707785937612523, 0.08096622822445419]], [[1.3125028339398208, -0.2178005918780782]]], [[[3.0471550778450855], [1.5548804439097192]], [[-3.1036164082137114], [-1.6596633987956002]], [[1.6369346757901315], [3.073700390757752]], [[0.16522719696584942], [1.6135943669715203]], [[2.6090882799909183, 0.227141015814961, -0.8232905607873127, 0.8244439358159722], [-2.6433832695366486, 2.9118034806621975, -2.248740777120821, 2.4676021881171253]]]], [[[[2.1627100036420246, -0.23096116571437]], [[-1.5077598578537672, -0.21559200501322237]], [[-1.4878387593072626, 0.047347718303125966]], [[-0.9158987556311834, -0.5458684080374869]]], [[[3.122475940098533], [-1.5888881168303082]], [[2.967350100031737], [-1.8664774384287115]], [[-1.3131807446977668], [0.1370822130219891]], [[3.19156422356831], [-4.552023439624764]], [[-2.6832076838928898, 2.6312323617881366, -2.6140036051731244, -2.7849864787121312], [-0.5048836391188108, 0.9331398434061117, -0.8859597576168649, 2.5688569829794914]]]], [[[[1.0540833030699188, 3.030650555285143]], [[-1.4695909459744283, -0.7596571064033415]], [[2.019981378450524, -0.12187898576772266]], [[1.5620801844457108, 0.7845454096954176]]], [[[2.0282623654907987], [3.0277586008740065]], [[-2.33108237759351], [2.8714507088685486]], [[-0.4825576309311959], [0.6094722888834188]], [[-2.208009904594004], [3.0057176606151157]], [[-2.657226023868474, -0.03160911650130425, 0.1184601064082203, -2.957743258633051], [-3.444750231292507, -2.2705246940321806, -1.655786541563654, -0.6812176780818181]]]], [[[[-1.2136658346976736, 2.967743164030672]], [[3.143952391980604, -1.4004518870554197]], [[1.467115229462859, -3.004660100196297]], [[-1.682108985857122, -3.0296684711571906]]], [[[-0.6695847895661887], [0.8544608426912673]], [[0.024125478406570776], [1.4627312944552666]], [[0.30180261299924993], [1.7489796745777748]], [[0.6235149293701823], [2.094062424435288]], [[0.04555620326157959, 3.0373685651339977, 2.1292335159884517, 1.3283055301891777], [1.7605144749570192, -0.13856991010367498, 0.5925749759862371, -0.20657424150772544]]]], [[[[-2.1417460869074025, 0.009822590408040474]], [[-1.6982930219284287, 0.005461427868665841]], [[1.764101513159156, -0.13779395025784513]], [[2.1199534666761886, 1.9800550114787037]]], [[[2.529617576372546], [-2.005296713585939]], [[1.6803636314586439], [-3.058834758625367]], [[-0.9945091980494543], [0.5119137628125499]], [[1.6046299627482483], [-3.137401046362733]], [[3.128586429187316, -2.3962054690792898, 2.8437407977215288, -2.923078595980967], [1.2319638520945295, 2.181178940041582, -1.7755888505768789, -0.2276060095389169]]]], [[[[0.19309139404058154, 1.0726166253525558]], [[1.593585460312237, -0.1062081042300135]], [[-1.6656087649576998, -0.0742382402222862]], [[2.3828046550864665, -2.2930925285088493]]], [[[-2.2277680382940956], [-0.008327660665016747]], [[-2.3239187850003833], [-0.590295163813545]], [[1.6699005156242006], [-0.022772714590090542]], [[-1.3804040630980092], [-3.110807487798432]], [[-3.166533780263452, 1.4959026365363497, -0.9546511725935543, -0.38328720251222276], [0.06151341308436051, -2.916882250540491, 0.8208279452954328, 0.25883058513474255]]]], [[[[2.5542947011587205, 2.6956378341977447]], [[-1.8310645353072095, -0.1930412708581261]], [[-1.6386467645229454, 2.5084722566988993]], [[-1.974335438890179, 2.6753150598826974]]], [[[0.9902744198937772], [2.9273087143829275]], [[-0.15261249448424888], [-1.657064090595634]], [[-1.4194823803223793], [0.12302081754839204]], [[3.2061728446754842], [1.7032916702459364]], [[0.5012805970082648, 0.8431694579696851, -0.34436877064407573, 2.685049631850159], [-0.1295687318196384, -0.5390845382565556, -2.4905681013477303, -2.432325512768032]]]], [[[[-0.6349826733278774, 0.16752244136406372]], [[1.676657792013742, 3.0356544576458346]], [[1.4908737738783924, 2.5616690493549106]], [[-1.3534790248679407, 3.0180989074341844]]], [[[-3.826894068116097], [0.40486984987931585]], [[2.934295651623017], [1.3237363297973745]], [[-1.6233787770799022], [-0.011064023281223065]], [[-1.8971757397163884], [2.7908246787775313]], [[2.501099676437367, -2.0725679687310627, -2.5909004601977346, 3.4409913688091507], [-3.078926502500278, 2.5167779816214506, 2.6251380023838222, 2.1214790622994273]]]], [[[[-3.064748878551761, -2.3874060431007647]], [[-0.010124834046976752, 0.8001362647151355]], [[0.8291928514817165, -3.0960131795544097]], [[1.345607593370018, -2.96649909208905]]], [[[2.764081936187916], [-0.1757878531350062]], [[-1.3858120498722801], [-0.0376097050854025]], [[-2.969157468299032], [1.9360994129029077]], [[0.4111945792750121], [-1.0013327295329908]], [[2.9553377199420723, 0.21801304234688487, 0.2021735973719446, 3.2059120905659197], [0.06519174212770468, 0.310713868948294, 2.4657759105539063, -0.9215982552726055]]]], [[[[-2.9776144764214876, 0.08582707379434654]], [[3.0913011370402796, -2.8308688899235497]], [[1.3960118671010067, 2.9857163083153404]], [[-1.2966872256666653, -1.1910008866912623]]], [[[-3.1536155372679393], [1.1571669781320548]], [[0.055997006584161305], [1.4358321208420661]], [[1.380224004811452], [-3.4434298670160155]], [[1.703879336005311], [3.088534307674156]], [[-2.904704910648249, -3.2241683809301813, -2.077275214741576, -2.914480950434242], [-3.157396776836362, 2.979213958874039, 2.527339861680249, -0.1269513817504197]]]], [[[[0.24039442228350705, -1.1122394567170186]], [[0.7573577646732583, 0.2323441805171962]], [[1.0931256445638222, -2.422167189368609]], [[0.79228253606417, 0.9734100548624806]]], [[[-2.5187760370805665], [0.527808908442863]], [[2.9878569852434955], [-1.799985096458058]], [[0.09787416911330474], [-1.405672105860227]], [[1.7413434339260125], [3.1553983788306135]], [[-3.064983155948409, 0.1416680454873413, 0.31911144949659787, -0.24323037706334], [-2.859827369752921, -0.4942316973634905, -0.6347103861576026, 0.35518924599415946]]]], [[[[0.38175222824997523, 0.6185807965577748]], [[0.2291676391016508, -2.164291080945939]], [[-2.6397479158377877, 1.584654576578283]], [[1.3220257076819046, 0.04255753648514184]]], [[[-2.4630283996096436], [1.3598114231916145]], [[1.173596594623406], [0.024208775404193236]], 