{"noise_params": [0.0, 0.05, 0.1, 0.15000000000000002, 0.2, 0.25, 0.30000000000000004, 0.35000000000000003, 0.4, 0.45, 0.5, 0.55, 0.6000000000000001, 0.65, 0.7000000000000001, 0.75, 0.8, 0.8500000000000001, 0.9, 0.9500000000000001, 1.0], "max_scores": [1.4142132969696821, 1.3961944186442086, 1.3774492466195607, 1.3579060682199529, 1.3363879759921349, 1.3160740096197894, 1.1863892747983567, 1.2698234183174497, 1.1418146495915902, 1.217883221971253, 1.0905165081051487, 0.9734343276150563, 1.1246792102828402, 1.047228344001481, 1.0109235214476284, 0.9166753807085725, 0.8696859747653705, 0.8793095010472907, 0.7947625872106244, 0.6181847858863472, 4.9978992928730686e-05], "opt_settings": [[[[[-2.910108201272029, -0.1616068897669877]], [[-2.3911179203407413, 2.305945139491891]], [[-1.597048315292837, -0.07243010510687302]], [[1.731409600733819, 0.016362916325060525]]], [[[-0.016871627945879174], [-1.7159669193838918]], [[1.753056266193679], [0.03874893184833626]], [[2.8218526869162353], [-1.7557474721191328]], [[0.01775565415078574], [-1.6775074303234734]], [[-2.8549087458768057, -2.690657798474364, 2.6497269238722923, 2.2847965329181608], [-3.13897973151167, 2.9188280107707762, 1.0288438022747302, -2.4019756093118643]]]], [[[[-1.414261097150457, 3.0974396464594465]], [[1.0287167172205522, -2.559438297435154]], [[1.4125929193844773, -0.19154798305398366]], [[-1.650152355668595, -0.031346666550978244]]], [[[-3.492189426162415], [-1.9849165392850072]], [[1.538860179108176], [0.021585155620618864]], [[-2.7634597207328975], [-1.260837879383641]], [[-2.011875690035756], [-0.5017078512855453]], [[0.4092021099913069, -0.5013586052386014, -2.1099534262901227, 1.1177110892147522], [-1.1547381447480372, 0.47168940171606777, -3.4386115362570977, -0.1403850194600963]]]], [[[[1.0315024524446066, 2.4908684785647868]], [[-1.2287155523216162, 0.4935312368546354]], [[1.1297167902352032, -2.860790812159031]], [[-1.204990706827141, -2.108823102588935]]], [[[1.9488934150273567], [3.197500473121677]], [[-2.9311106090285532], [2.0744548765633892]], [[1.0014387298215972], [-0.2879899494954701]], [[-3.1760247455151944], [-1.8652122310829968]], [[-2.810228014716401, -2.835264048264224, -3.3801681200831935, -2.876534652070294], [2.365704053887954, -0.9230902839953603, 1.1471406127018884, -0.3288680448931503]]]], [[[[1.475463775116565, 3.009084309539742]], [[-1.7585222379382666, 0.13801786159909835]], [[1.4851695382288825, -0.0701494014408927]], [[1.7534768788325548, -0.08919498954133881]]], [[[2.823890231914328], [1.1979031820405333]], [[2.6259275592829217], [0.9978109086728545]], [[-2.2652811256455108], [2.4083566835916566]], [[3.353630103040312], [-1.3159806409369865]], [[1.1201558031072247, -1.8974479692194257, 0.046878062015378225, -2.19989789045383], [2.71214923154462, -0.15446460315929703, -1.4907237916860394, -3.610355810391346]]]], [[[[-2.631747912367463, 2.0221158362118934]], [[-1.8393463684666786, -2.6104833510835714]], [[3.1589257275663227, 0.6215306120111488]], [[1.9902910920449184, 0.1099033618429861]]], [[[-3.14287228441731], [1.6832997649640804]], [[0.15109964615702395], [1.6419991952790982]], [[-1.675950585555652], [-3.1279386002514746]], [[1.791877113945268], [3.3051097040045883]], [[2.9070224820387107, -2.433671981436408, -0.06431134056466445, -0.3879125208218287], [0.1945861575943681, -0.36611918006842975, -3.094580147650776, 0.7133881186777884]]]], [[[[1.7313807137107502, 0.177828257564663]], [[1.5631496327152554, 3.0309594534291318]], [[-1.1105236635575249, 3.116155213819851]], [[-1.700356991978202, -0.1414396880569332]]], [[[-0.5080700791482646], [-1.969190185543659]], [[-1.098473599780842], [-2.5956742324448223]], [[-1.325010646524792], [0.13406057955641987]], [[-2.911265402927683], [-1.4530885147125439]], [[-1.1315921931185553, 1.8328691703224829, 2.7235458182841046, -0.9592143705374694], [3.3001508572480187, -2.800204352923512, -2.3951236107913747, 0.6232639974471289]]]], [[[[-0.8587200183243504, -0.08405653352064718]], [[-1.1485408966776105, -0.09072592492660712]], [[-1.600799733056072, -2.947192969062507]], [[-0.24152911386422943, -1.6165683065596401]]], [[[0.11429520616623097], [1.5465809287179875]], [[2.965769696875753], [-1.8935483926399694]], [[0.5596265848992364], [1.9760676044786594]], [[1.433217665438646], [-0.0277738481080755]], [[2.606426613822112, 2.7510201824898424, 1.1700397140934786, -0.10451854799912597], [3.440839777750565, -2.2924389893328248, -0.10938010026178943, -0.18565823840502768]]]], [[[[-1.5526950347641355, -0.16496037273062134]], [[-1.5409578087166422, 3.0433222906293964]], [[1.834097207241442, 0.28284105548701044]], [[4.103335862822282, 0.23550730333377276]]], [[[1.8045697451572036], [0.3650387804035053]], [[-1.094912055847605], [-2.4776532639552737]], [[-1.4800232119601797], [-0.10471142371417583]], [[-0.0838667818894163], [1.2919356454556108]], [[2.058406600328779, 1.353693518895339, -0.7284106539694766, -0.38211514244513173], [0.4403857438356606, 2.8574928183216697, 0.7631888248406801, 0.7354196155640764]]]], [[[[3.0319309334103357, 1.525368662758521]], [[-1.7546506776514077, -0.6627708919319768]], [[-2.4981169104303214, -2.3584011680055728]], [[2.185005749665736, -2.087311205195322]]], [[[0.02031173182765592], [0.9311397284412135]], [[3.2345094896394064], [2.3009844494961915]], [[3.0007170892778268], [-2.392305433508851]], [[-3.1510565685584884], [-2.2658035242496375]], [[3.0522025268125033, 0.26957901377019095, 3.2013174164749483, -0.14088154786518], [2.5396730551359545, 1.976903537141921, -0.8402641237576822, -2.59788130628616]]]], [[[[-1.6364327465206423, -3.023092663716391]], [[1.607283036051849, 2.8934000958423804]], [[2.3361998253505396, -0.18177058414062522]], [[-1.3632434664717732, 2.9826773973721266]]], [[[2.3498163024218535], [0.7274680128337568]], [[-1.9196994482174348], [-0.3168271945756528]], [[0.014811010557341076], [-1.6288682355093425]], [[-4.610267447083631], [3.251528700449138]], [[1.6716928249188512, 0.9920772714975118, 2.6982654807131894, -0.704514544866797], [2.998254458531832, -0.333733386036371, 0.38903602805173043, 0.8682187367949135]]]], [[[[1.4676760545072387, 0.22254163531086518]], [[-3.1961136205864844, -1.6622144307532742]], [[-0.8656602549495443, -2.97267144792995]], [[-1.2598524702017062, 2.8245748189831463]]], [[[-0.3499072329474532], [-1.818061922912423]], [[-3.140031974065754], [-1.7221814134115094]], [[3.0076209432137757], [-1.8245031169964139]], [[1.5063088637643127], [2.9982825949002505]], [[2.1107268332491005, -2.9920690402193806, -2.868908687313535, -0.7839485266621925], [0.36731816703232756, -2.868227116167719, 2.489307255603091, -2.5663402103495283]]]], [[[[-0.23234810284132262, 1.298002338640192]], [[1.2594600749942058, 2.5108330619850965]], [[2.9652532210920626, -1.6514525417972052]], [[0.8107715396380701, -2.012517793476295]]], [[[1.9652232472584727], [-0.13619552387411893]], [[2.120856371408238], [0.25929497724656686]], [[-0.08872453346277964], [1.988122496908405]], [[3.1005560787837614], [-1.0786604890853329]], [[-2.6175200464337793, 2.1376779471678873, -2.59109966913445, -3.1677849670905687], [3.176848041237249, -2.8454181118602113, 0.19137264552441993, 3.1844014961335065]]]], [[[[-2.472689784413789, -0.612969285645507]], [[1.188728061448065, 0.9449765505374413]], [[2.0187057521634393, -0.40969623598284427]], [[-1.7433435356879965, -0.3419660144345975]]], [[[0.12221282477547914], [-0.9352024261237851]], [[-1.9192474612630122], [-2.9761571194255536]], [[-0.2397885388097726], [0.7935123507738907]], [[0.49944569552683254], [-0.5653501305400228]], [[3.2338211275666913, 0.41185441615617513, -2.947098588779279, -0.056610874409794544], [-0.607289753721136, 0.05611028092527122, 2.1330569885592787, 1.991768889609895]]]], [[[[1.249120682163862, -2.8344877326442455]], [[-0.08210857199809715, 2.8078390430871565]], [[-0.5022923837190805, -0.9879580700028305]], [[-1.24701378408643, -2.4621025528123206]]], [[[-2.4582043856121385], [1.9969302548044656]], [[-1.4275662090927201], 