{"noise_params": [0.0, 0.05, 0.1, 0.15000000000000002, 0.2, 0.25, 0.30000000000000004, 0.35000000000000003, 0.4, 0.45, 0.5, 0.55, 0.6000000000000001, 0.65, 0.7000000000000001, 0.75, 0.8, 0.8500000000000001, 0.9, 0.9500000000000001, 1.0], "max_scores": [1.4142135617805862, 1.3962896172663641, 1.3780112856985198, 1.3563252335645313, 1.2968129123536452, 1.3223417246182776, 1.3115527725766307, 1.1881274270396374, 1.2886120913309926, 1.296807359096279, 1.2963334438320782, 1.2486225526830363, 1.2895066215436228, 1.2868142985906073, 1.2799552633684002, 1.2690314484878336, 1.2531692149059839, 1.2366628385256297, 1.205646477312539, 1.125541751419684, 1.000063317899401], "opt_settings": [[[[[1.9479504681479178, 0.20961159097759952]], [[1.6448726704357755, 3.0438125134542493]], [[1.5123370307973285, 3.035118640120623]], [[1.501673964558521, 0.13107534908725868]]], [[[-2.7073003533257882], [2.1101687897200896]], [[-1.1376224290521781], [-2.623913683332142]], [[-2.364247335861462], [-0.8982275999647555]], [[-3.0084398432827553], [1.7825157365689595]], [[-3.23632390420808, 1.8510393310273934, 1.559905935515578, 2.5939280174343997], [-2.0527849957957356, 0.38823119909535814, 0.19331187319114396, -2.3008853869681114]]]], [[[[-2.0613821495875557, 0.0019819191671548164]], [[-1.6691722693555784, 0.1427983009180926]], [[-1.6529398027977629, -0.16345722809695065]], [[-3.047700854174308, -2.5450347261252135]]], [[[3.1780309017810477], [-1.3492567659654884]], [[1.031672291491733], [2.735544619102074]], [[2.449487994982885], [0.7550181449245624]], [[-1.4513932232646167], [3.1099600828273424]], [[-0.5876133641181847, -1.8886604318916171, 1.5695332953534198, -0.09432680501063256], [0.4421472798691482, 2.8297542537811853, -0.02478465379790456, -3.242667666873481]]]], [[[[-1.5785908543988354, -0.09112118594778686]], [[2.378470315246612, -0.8619388848172004]], [[-2.110367033719855, -2.8464914684343903]], [[1.6394064840104907, 0.09968960984141827]]], [[[1.9211152039069865], [0.1434296359861853]], [[1.3125250170893201], [3.081498585825757]], [[-2.980932613723502], [-1.2249696604669278]], [[1.300284501396218], [-0.45880324505796727]], [[1.978732607923833, -0.43901694478855746, -2.3737720518684107, 3.457522881296135], [0.5910164759724267, 0.19046298195132425, -0.31613029260491143, -1.1094221319583701]]]], [[[[0.08395177173355584, -0.37893483350298807]], [[-1.659695213495152, -3.0863684844455417]], [[-1.483944167047435, 0.3112714061539907]], [[1.368334239150537, 0.25532465319569836]]], [[[0.022682722355759077], [-2.0777606814812946]], [[-0.4718325715505908], [-2.1618021202891238]], [[2.003443057330737], [-2.6086965304956955]], [[0.45782962827034873], [-1.2009558627093355]], [[-3.089658123890696, -1.3805437604250483, 0.037517475736080094, -0.2330177181204679], [-2.9745438474777965, -2.8845968828422377, 2.0057297532162823, -2.0223945963962726]]]], [[[[0.08793974377704165, 1.587219902149935]], [[1.7403615441501648, 2.5194024688033316]], [[-0.7669682602931316, 1.0960930745262945]], [[3.5750622488010357, -2.4617537657533357]]], [[[-0.016550772255866555], [-2.5271934076972675]], [[-1.108384365077024], [-2.744896345058863]], [[-3.1699493024987317], [1.3557277138954544]], [[-1.459456836524436], [-3.121235070737523]], [[-3.0874252867760927, -0.9982803409119758, 0.4780316911032561, -2.740517992351974], [-0.25845033227830005, 0.01558316787905295, -0.04647925196810676, 2.963089447949822]]]], [[[[-1.3973915937257302, -2.987389760382597]], [[-1.2787930378490353, -0.3803776678657591]], [[-1.6675005311242284, -2.6601607138431427]], [[1.4947753072597292, -2.9975428539955145]]], [[[-0.4858173131834791], [-1.8363199239405128]], [[1.649659744947291], [-3.258895900881427]], [[1.0682218033610025], [-0.28635850005897745]], [[0.11379675508949019], [-1.2266558943357522]], [[2.062897938054118, -2.5264005272265497, 0.2276116738583135, -2.5402172884990257], [-2.834287298506845, -3.5450209562768067, 2.15320524746505, -1.1407852816936683]]]], [[[[1.2855196854162685, -0.5129305724066997]], [[-1.7353964024266477, -3.045432633291963]], [[1.6150713285444454, -3.046650306443513]], [[-1.3504054057857868, 2.8890690640191465]]], [[[-0.1936435682079413], [-1.8141499248254644]], [[1.1483061146614555], [-0.4701790732767921]], [[-0.19851498338275073], [1.4316959883148774]], [[1.7244396563523166], [0.08204012575001288]], [[-0.7704655799105711, 0.3882333620166685, 2.413938691234221, 0.8404098930919138], [3.4652515976520015, 1.9087940137086767, 1.035902755196302, -0.5940384967462481]]]], [[[[0.664686463646734, 2.1781773347887454]], [[-1.1431216528729964, -0.3652962328583903]], [[0.24130840572857543, -1.5425986938097744]], [[-1.9417677883523399, 2.444843131999645]]], [[[-0.12534078888555011], [-1.797564201328623]], [[-2.700563630266582], [-1.2096572510700885]], [[1.5908872442338649], [-0.0003761264864232684]], [[-1.4782285376568762], [-3.0174283833613256]], [[0.27358743981938527, -0.9273229457023636, 2.963990886282091, 0.5684012852535728], [-0.4394520377671127, -0.005938996605963781, 2.8323313588467607, -3.465611652009396]]]], [[[[-1.0005880704273284, -3.059174848022616]], [[1.8431912610831096, 2.888458954966575]], [[-1.690813084708503, 2.9910471368174427]], [[1.5580646137255423, -3.0524758512908847]]], [[[0.685266320753175], [-0.936949497746102]], [[-2.0261862942599724], [2.823024031814973]], [[-1.7614794383000405], [-0.3297902431335504]], [[-1.2902044672460364], [0.16483418608034422]], [[-0.19747962790200388, -0.2910532943921825, 2.1574475159538964, -2.557349314958601], [1.5335936559093615, -2.084772358141624, 0.3979532359586379, -1.0401683693679884]]]], [[[[2.8508856858360994, -2.0546600013065603]], [[-1.3584940174449116, 0.15870114528634066]], [[-1.69441101341874, 3.012596581772596]], [[1.6365415726504315, 0.7476974695507909]]], [[[0.7668005112032168], [-3.035855583047059]], [[-1.7975093034910736], [-0.15554088076220457]], [[-2.4421260508568405], [2.2327783814928117]], [[-0.027844690058078027], [1.5896584955374864]], [[0.1296274994469334, 0.9754462928223817, -3.1813290207340303, 0.34320585939297543], [3.025104129743274, 2.5842555694509985, 1.4362659185666682, -3.544192916292506]]]], [[[[3.0356538322015574, 0.8124883541618698]], [[-1.3769899444231402, 0.24142662384756175]], [[1.630858944415474, -0.19963774225666234]], [[-2.1498103856750066, -3.0741716777511314]]], [[[0.8094080895433037], [-3.0588772352326257]], [[0.9497416585033885], [-0.5056477263963793]], [[0.5272755921046317], [-0.9672290385229968]], [[0.07604783331968812], [-1.3801630907241538]], [[2.9652242352325633, -3.2556706823781107, 2.88391553770739, -0.38056542110127667], [3.118577678691544, 1.2732184194101208, -1.7879578693354028, -2.5195564323797743]]]], [[[[2.368465571960173, -3.0933044123703937]], [[-1.337510503056878, -0.27869165185144923]], [[-3.4027469157822963, 2.191464210588853]], [[-1.795282130176406, -0.06286612603803264]]], [[[2.3933454819021813], [-2.30040049913068]], [[-0.24559101620854393], [0.9733783078370244]], [[1.2086474650550734], [-0.03017393642480194]], [[-0.6809171791700577], [0.6145380121699765]], [[-0.015329718232806001, -0.3574299397831632, -3.0772116631678625, 0.03586661792883555], [-1.7491206323250963, 1.112194004334497, 0.4447711663563992, 1.6985194154320795]]]], [[[[3.144721633085995, -1.2427565937887812]], [[-1.5024570473398555, 0.6023560510210059]], [[0.729131226238296, 1.3637306762445611]], [[1.5401525037296027, -3.023793996637128]]], [[[-1.551864137347614], [-3.1227471101876456]], [[0.0021628582476669617], [1.1842344997516365]], [[-1.1741437716407297], [-0.00462401044264169]], [[1.250585844251933], [2.415802384180104]], [[-0.016084268684063013, -0.43430316172462147, 3.0451505722702974, 1.2342138410956127], [-2.9540554368865775, 0.5241899696898653, 3.106570078537074, 0.025299217799436176]]]], [[[[-0.7652950844937093, 2.7691893931416134]], [[-3.49184876161656, -2.9222701023826563]], [[-0.36111688727253133, 1.900177243154486]], [[1.788643358917372, -3.0629102024407464]]], [[[0.4244112940630928], [2.5338800867938422]], 