{
  "datetime": "2022-01-22T04:16:36Z",
  "opt_score": 0.9454896236444161,
  "opt_settings": [
    [
      [
        []
      ],
      [
        []
      ]
    ],
    [
      [
        [
          -2.5520093465254967
        ],
        [
          -0.8994460093277609
        ]
      ],
      [
        [
          1.7753716070493004,
          2.541164594565902
        ],
        [
          0.47878524608796563,
          2.428136239427038
        ]
      ],
      [
        [
          0.31499810428725844
        ],
        [
          -0.7571860085812105
        ]
      ]
    ]
  ],
  "scores": [
    0.3894246839768468,
    0.9454896236444161,
    1.0643421409144065,
    1.0602549700344701,
    1.1460256020419415,
    1.1533285704715248,
    1.1426664395007347,
    1.1696976148464682,
    1.1697974520851782,
    1.179967565244896,
    1.1586894310098195
  ],
  "samples": [
    0,
    1,
    2,
    3,
    4,
    5,
    6,
    7,
    8,
    9,
    10
  ],
  "settings_history": [
    [
      [
        [
          []
        ],
        [
          []
        ]
      ],
      [
        [
          [
            -2.8913474772373577
          ],
          [
            -1.4916652576360616
          ]
        ],
        [
          [
            2.432782320429979,
            2.5145917328596594
          ],
          [
            0.5219970731286834,
            2.508484003749442
          ]
        ],
        [
          [
            0.22772456736190616
          ],
          [
            -0.9471164205090443
          ]
        ]
      ]
    ],
    [
      [
        [
          []
        ],
        [
          []
        ]
      ],
      [
        [
          [
            -2.5520093465254967
          ],
          [
            -0.8994460093277609
          ]
        ],
        [
          [
            1.7753716070493004,
            2.541164594565902
          ],
          [
            0.47878524608796563,
            2.428136239427038
          ]
        ],
        [
          [
            0.31499810428725844
          ],
          [
            -0.7571860085812105
          ]
        ]
      ]
    ],
    [
      [
        [
          []
        ],
        [
          []
        ]
      ],
      [
        [
          [
            -2.438027599780426
          ],
          [
            -0.9630170037935856
          ]
        ],
        [
          [
            1.6279969848070992,
            2.6313929924733066
          ],
          [
            0.36957907836385856,
            2.262391547167469
          ]
        ],
        [
          [
            0.39863616558253767
          ],
          [
            -0.6892037780474476
          ]
        ]
      ]
    ],
    [
      [
        [
          []
        ],
        [
          []
        ]
      ],
      [
        [
          [
            -2.3782905752110675
          ],
          [
            -0.9427520700636629
          ]
        ],
        [
          [
            1.5592032089393713,
            2.756151867516922
          ],
          [
            0.32158528842146533,
            2.1546046001138563
          ]
        ],
        [
          [
            0.39728588816221455
          ],
          [
            -0.5774496172679644
          ]
        ]
      ]
    ],
    [
      [
        [
          []
        ],
        [
          []
        ]
      ],
      [
        [
          [
            -2.285533279192379
          ],
          [
            -0.9434253572270836
          ]
        ],
        [
          [
            1.5623847794154162,
            2.8781314565823024
          ],
          [
            0.26742239309625604,
            2.0977379362791653
          ]
        ],
        [
          [
            0.440590114473586
          ],
          [
            -0.5084872623870985
          ]
        ]
      ]
    ],
    [
      [
        [
          []
        ],
        [
          []
        ]
      ],
      [
        [
          [
            -2.2716517494539237
          ],
          [
            -0.8340142104507958
          ]
        ],
        [
          [
            1.5615761481582462,
            2.9791663465485048
          ],
          [
            0.29463384172053536,
            1.997954580579178
          ]
        ],
        [
          [
            0.5257259745768704
          ],
          [
            -0.5443318128082943
          ]
        ]
      ]
    ],
    [
      [
        [
          []
        ],
        [
          []
        ]
      ],
      [
        [
          [
            -2.2350077358903557
          ],
          [
            -0.734949535589971
          ]
        ],
        [
          [
            1.6464938049610824,
            3.0744229044507
          ],
          [
            0.26522515423972787,
            1.9521403838297646
          ]
        ],
        [
          [
            0.5476046437695556
          ],
          [
            -0.5196238713895126
          ]
        ]
      ]
    ],
    [
      [
        [
          []
        ],
        [
          []
        ]
      ],
      [
        [
          [
            -2.224764241839927
          ],
          [
            -0.7282557629639814
          ]
        ],
        [
          [
            1.6386730531846205,
            3.119922310323876
          ],
          [
            0.2289069267875804,
            1.9119956114561163
          ]
        ],
        [
          [
            0.5639759186339859
          ],
          [
            -0.4903205528936822
          ]
        ]
      ]
    ],
    [
      [
        [
          []
        ],
        [
          []
        ]
      ],
      [
        [
          [
            -2.1718001215374207
          ],
          [
            -0.6671780556249007
          ]
        ],
        [
          [
            1.6854767561027364,
            3.1632959485031877
          ],
          [
            0.2543958040053649,
            1.9299033378873072
          ]
        ],
        [
          [
            0.5987861351667092
          ],
          [
            -0.45958830842263376
          ]
        ]
      ]
    ],
    [
      [
        [
          []
        ],
        [
          []
        ]
      ],
      [
        [
          [
            -2.089156780412444
          ],
          [
            -0.6777541892214516
          ]
        ],
        [
          [
            1.6857954666687605,
            3.21364748667647
          ],
          [
            0.29614443172021265,
            1.891806772557512
          ]
        ],
        [
          [
            0.624917648576642
          ],
          [
            -0.46104346405345575
          ]
        ]
      ]
    ],
    [
      [
        [
          []
        ],
        [
          []
        ]
      ],
      [
        [
          [
            -2.0305894548591543
          ],
          [
            -0.6800637834832143
          ]
        ],
        [
          [
            1.737653966330484,
            3.2663833111660767
          ],
          [
            0.29705842490419343,
            1.8611554166797932
          ]
        ],
        [
          [
            0.6321714782245254
          ],
          [
            -0.4407890954301234
          ]
        ]
      ]
    ]
  ],
  "step_times": [
    440.32866191864014,
    440.32866191864014,
    510.2586488723755,
    459.8862111568451,
    440.47538590431213,
    1120.183140039444,
    449.5192320346832,
    439.7203860282898,
    440.130774974823,
    449.61360788345337,
    539.8789129257202
  ],
  "step_size": 0.3,
  "theoretical_score": 1.20455922913365
}