{"noise_params": [0.0, 0.05, 0.1, 0.15000000000000002, 0.2, 0.25, 0.30000000000000004, 0.35000000000000003, 0.4, 0.45, 0.5, 0.55, 0.6000000000000001, 0.65, 0.7000000000000001, 0.75, 0.8, 0.8500000000000001, 0.9, 0.9500000000000001, 1.0], "max_scores": [2.8284270908454077, 2.787598466127349, 2.7551768738693294, 2.7185690761682593, 2.6829876212006063, 2.6427607312253287, 2.6012051173965522, 2.567509794235638, 2.529368206393084, 2.4868174328722246, 2.4485951252034948, 2.4035688824406374, 2.364416030605618, 2.309081603072081, 2.265879526773549, 2.2359929434892516, 2.1552114526588686, 2.131147300512501, 2.057037823127355, 2.048575755710039, 1.9998013700498771], "opt_settings": [[[[[0.4025092628063766, 3.3388995801516943, -0.04615583266578187, 1.0199985848058695, -0.09237671635756364, 1.8840931094562512]]], [[[0.3768049908625475, 0.6820640850389148, -2.2541433501185653], [1.540813702408063, -1.7375687007987501, -2.474872292799077]], [[2.150320140499121, -1.2976607419961892, 3.0288964486434207], [0.2938501254323602, 1.6911295468873118, 1.6245634510174618]]]], [[[[-1.458073271029061, 0.4181802682593936, 2.992078380956763, 3.5279968098707775, -0.5516759505064688, -1.3445300607508657]]], [[[0.7073057305558949, 2.075117009924861, -0.038228391645844864], [-1.7391507750291881, -0.8812756572355543, -1.1292785967390904]], [[-2.4752278649513353, 0.9024855928709665, 2.840496138736892], [-0.776171882015482, -2.0425216288815573, -2.294808898550873]]]], [[[[2.473599668227832, -2.6458038369357113, 2.3822343879514065, -1.1853699844252792, 1.2540780244772554, -2.3909742345864013]]], [[[-0.19423779108682376, -1.5386612084688274, -0.14477509980924952], [-0.8437046434396664, 0.32574184762263725, 2.0696816493384205]], [[-1.8718648554241901, -0.8647463129768533, 1.6162356502778863], [1.7630749350256933, -0.38220859628576875, -0.665061690468375]]]], [[[[-2.747426918881445, 0.2649318339929621, 2.94165848773479, 0.8956420591510983, -2.1731970208994196, -1.7679992028731966]]], [[[0.25930435053644674, -1.520207742522526, -1.9664506635401626], [1.2116617830484804, -2.841837340983959, 1.6305576168733147]], [[-2.1229071968115227, 2.5158564127185543, -1.8244490065734587], [2.3897951300811178, -1.7586201526157534, -0.17699870274487187]]]], [[[[0.0911387504962741, -2.889379789886495, 2.2733526779408235, 0.8091738950406797, 0.9140582925316093, 2.6333678048098843]]], [[[-3.0937316770379137, -0.2793410346133256, -2.5057235510256097], [2.077955593651002, -0.8936254155953169, 2.6623554900518434]], [[-1.6913392473912823, 1.3503085547718503, 1.847175693816209], [1.0304461058034315, -1.1691888823422314, 0.22022679344103765]]]], [[[[-0.5647519211526107, -0.20564431812633016, -2.2269423076377355, 0.5424879324009771, 2.765990490897566, -0.19444604132476273]]], [[[2.8754769368471425, -0.9859887040936955, -0.8382493729812772], [2.188086065461625, 0.36009476389904277, 2.035996907718437]], [[2.029960726104958, 2.1341253176189627, 1.4139753237833217], [-1.2197601379794338, 1.1852898226674697, 1.4167114154606875]]]], [[[[-2.1452534697055223, 0.2465031921759282, -0.33285921024484705, 3.0972063148714133, 0.7318227052832869, -0.8271936753021581]]], [[[2.511643941901029, 3.3732368937713257, -2.904842580897772], [-1.7706289356840388, -2.366105134819889, -0.8096890260592016]], [[0.7920043336491127, 2.481566307118882, 2.8543535718436743], [3.128073007729648, -0.47934709299500716, -1.8242894201899313]]]], [[[[-0.5089123441205415, 0.1320557601688825, 0.47796681357876963, 0.4444447728670412, 1.039580603779177, 2.8906469413763216]]], [[[-1.0480504004996942, 0.25062147080431424, -0.030094555023883796], [-2.916351732267032, -0.8310404545213059, 2.427521554613506]], [[2.3954486290015335, 0.9849488912173235, -2.7547144774125005], [0.23010319287807435, -1.0756472152423493, 1.3799116667884181]]]], [[[[3.050537728690354, -0.3883278598942159, -2.703788582098205, -1.5335699358661226, 3.137259727965719, 1.15422777110794]]], [[[-1.122246645562277, 0.24921424555817184, -2.0988368437321516], [-0.8053714257155555, -1.0336631813619312, 1.5347116783968593]], [[-2.6258109137382912, 1.853735048622322, 1.8283477510011572], [1.3574146299969656, 0.9794312311357318, -0.9345142422004646]]]], [[[[2.9162642669487333, 1.0202337268465624, -1.3248312720164517, 0.4856825480450778, 2.532380637340539, -0.9394087069909337]]], [[[2.907399848844325, 2.643681902312517, 1.6644915801423137], [-2.8244183541303873, 0.040504829972165445, -0.29102016618729154]], [[1.3761884420221204, 0.13627520935541462, -0.6444619032678873], [-1.9599219070095681, -1.1765932898782534, -2.051497306237562]]]], [[[[1.4022034218453747, 2.1375969590885813, 0.9061165704612493, -0.7524739016940577, 1.814702286207789, 2.727797514931074]]], [[[0.724336901929273, 1.5889936761135819, 0.2467583104207489], [-2.8984027442317304, 0.2638638470135745, -2.0506460267106186]], [[2.6566135929644292, -2.181785850852298, 2.6751992514446874], [-3.3819553691882582, -3.644976601262206, 2.0254211928246306]]]], [[[[1.7452527221685288, 2.826871706235548, -2.7283270554273966, -1.8484113258158283, 0.9652335292169134, -1.2302600014284417]]], [[[1.8594772339391212, -1.0863814737462423, 1.9006082071223558], [-0.019437832836007578, -2.7212788469359763, -2.9210982736255167]], [[-0.21857997615933236, -1.0628375318043985, 3.047155526591787], [-1.8995990682301889, 4.472199987876975, -1.351779941541395]]]], [[[[1.404069302486356, 2.96969044797083, 2.5270558308201774, 1.1120105133217149, 1.7458058133052428, -0.3808121416038103]]], [[[-1.09578800999369, 0.5794086738365987, -1.5666259432902603], [-0.5535473528758293, -3.1385541393251626, -1.952573884692826]], [[3.3933279647545094, 1.494138386402495, 1.9704970547168017], [-3.2268998495035013, -1.46403961371752, 1.2644956797987614]]]], [[[[1.2203333636952385, 3.084749037971936, -2.743219159802076, 2.4760758733982446, -0.15184904187243536, -1.871984817750644]]], [[[3.2319433516285794, 0.136754044759307, -2.357282592706876], [-1.6072880433075958, 2.553153307402923, -2.44806938623459]], [[-2.6071491632749355, -0.8298926459927393, -1.9265818002647228], [-1.0923109305625893, -1.97357539165442, -2.7900383663550956]]]], [[[[-2.267134629710911, -2.955869338752273, 2.0720682694092174, -1.166626164910192, -0.4473780275215203, -0.9240309694660798]]], [[[-0.36232413529652896, 0.3790278353839643, 0.40449190837099586], [-0.4695230578605858, -0.2006187746249085, 2.0223594732408143]], [[-1.4946074189439558, 1.6959362909339697, -0.657070603408954], [-2.010579026320705, -2.0632513282735423, -2.5890713900047997]]]], [[[[-2.0869328949439834, -0.7113188918692321, -0.016727667822240673, 0.7261945935341015, 0.020153180620848258, 1.5857626138547172]]], [[[-2.617691673129941, -1.795357308070478, -0.7939030398643632], [-1.5031735784107576, -2.319444379812867, -1.3180189938290054]], [[-2.758453766567408, 0.21550635660443018, 2.987613199106444], [-2.760655214119539, -1.0226155958584322, 1.0103021868031723]]]], [[[[0.015186282146342475, -3.194340327625966, 0.009676089608674249, -2.436910240300114, 2.945562048978715, 0.436805559776259]]], [[[-1.1644415861157091, -2.377957449479586, 2.1126793864857776], [3.253959857081195, -2.9948021668900107, -1.5124981139780453]], [[-3.1520171411331175, 2.3815894499898227, -1.9187706188650944], [-1.6148393202672906, -0.21147922556627397, -2.488538440773851]]]], [[[[-0.13994046760689394, 1.8406729692496901, -0.1875172646388818, 0.5872067649725422, 2.1430854823110046, 0.865604908237719]]], [[[1.5862928198229118, 1.1546142995144513, -0.07706935264703672], [-0.7673004772954465, -0.6426724303650097, -0.5149500704189558]], [[1.376295924545078, -2.4983420335842887, -0.5137281112740348], [-1.9542635813739035, -2.7264842790458017, -0.5488214911050284]]]], [[[[-0.0014041592424842196, 0.03432875667725754, -0.09209573385264071, 3.330864922457275, -3.301190961223802, 0.28229154129009415]]], [[[1.8237200138603678, -0.13314662694631002, -1.7977721156097184], [1.196034305880624, -2.0323024094560926, -2.666516652641023]], [[0.3838002285443717, -2.676554829401688, 