{"noise_params": [0.0, 0.05, 0.1, 0.15000000000000002, 0.2, 0.25, 0.30000000000000004, 0.35000000000000003, 0.4, 0.45, 0.5, 0.55, 0.6000000000000001, 0.65, 0.7000000000000001, 0.75, 0.8, 0.8500000000000001, 0.9, 0.9500000000000001, 1.0], "max_scores": [2.82842712474619, 2.7928480087537877, 2.7568097504180438, 2.7202941017470885, 2.6832815729997472, 2.6457513110645903, 2.6076809620810595, 2.569046515733026, 2.529822128134703, 2.489979919597746, 2.449489742783178, 2.4083189157584584, 2.366431913239846, 2.32379000772445, 2.280350850198276, 2.2360679774949284, 2.190872158754681, 2.144761058949989, 2.0976176961753272, 2.0493896257973585, 1.9999988835734832], "opt_settings": [[[[[]]], [[[-0.09108849593155563], [1.5296393937461588]], [[0.7563021247252606], [-0.8812309893416678]]]], [[[[]]], [[[2.5719357655447803], [-2.982870261432912]], [[-3.266775052355869], [0.5926892561721692]]]], [[[[]]], [[[-1.690545159911211], [-2.6127127545980615]], [[-2.25092928574102], [0.021890608157246805]]]], [[[[]]], [[[-1.0002082962626277], [-2.6241043501818098]], [[4.437308457069647], [-0.20921171696401492]]]], [[[[]]], [[[0.9261810771152958], [-3.5962317471258602]], [[1.8877904030825132], [0.1846229413936937]]]], [[[[]]], [[[-2.8898202419475316], [0.7728395904628804]], [[1.2096193161175393], [-2.599100619366451]]]], [[[[]]], [[[1.1886184662819304], [0.011199152193117394]], [[0.4649038310807875], [-3.742589540030443]]]], [[[[]]], [[[-0.007690416434453284], [4.147516232985961]], [[-1.3159951227908182], [0.5118342266749402]]]], [[[[]]], [[[-0.4425216853768832], [-2.0470053932499273]], [[-1.1090908600111526], [0.15867058139539442]]]], [[[[]]], [[[1.463388129832684], [-0.09471535227132431]], [[0.5661038057409007], [2.3716009737435186]]]], [[[[]]], [[[1.5963503227112166], [-3.1049976824696013]], [[2.5644134722752425], [0.6470399149356154]]]], [[[[]]], [[[-3.7444760633747163], [3.6537126860780393]], [[3.100909726175825], [1.5296064511596013]]]], [[[[]]], [[[-0.14613407868697065], [1.202998390071185]], [[0.354834896971944], [-0.8224564564744526]]]], [[[[]]], [[[1.291219552393708], [3.072030573932172]], [[-3.7966574616750255], [0.3827985572579865]]]], [[[[]]], [[[-0.06103814495644565], [1.3684711425684666]], [[0.40059118383992526], [-0.6246950558624802]]]], [[[[]]], [[[2.300119933523665], [-0.09285747785186584]], [[0.022654147247525444], [2.89829204555731]]]], [[[[]]], [[[0.03343138115250117], [-0.0029857618920430436]], [[0.005477793714898731], [-3.1641880637443927]]]], [[[[]]], [[[2.0322748338247933], [-3.1478705238814473]], [[-3.3709466192909208], [0.30011549669539433]]]], [[[[]]], [[[-2.9819909210705067], [-0.9704603903056237]], [[3.844165621901451], [-3.191816992403412]]]], [[[[]]], [[[0.3013949785275006], [3.074723530698106]], [[2.555060512156279], [0.019807173927601986]]]], [[[[]]], [[[-3.1368338454170424], [0.19864225382525663]], [[-2.266566059143859], [-3.1407205270029834]]]]]}