{"noise_params": [0.0, 0.05, 0.1, 0.15000000000000002, 0.2, 0.25, 0.30000000000000004, 0.35000000000000003, 0.4, 0.45, 0.5, 0.55, 0.6000000000000001, 0.65, 0.7000000000000001, 0.75, 0.8, 0.8500000000000001, 0.9, 0.9500000000000001, 1.0], "max_scores": [2.8284271247461836, 2.7916527937068247, 2.7546153085575424, 2.7041033495929443, 2.681955471992364, 2.645731933128985, 2.6072125983641943, 2.568595404230545, 2.5298036040772747, 2.4892103953383478, 2.4487166707434387, 2.4075590051771103, 2.3664081474001804, 2.32319519164925, 2.2803225705416903, 2.236063776591981, 2.190645424941943, 2.1447597224496775, 2.0969143830350676, 2.0493899453987967, 1.9999999999999907], "opt_settings": [[[[[0.30238443263164494, -0.789151029870784, 1.270331856752635]]], [[[-0.5195368569298419, -2.053458658065679, 0.32020021440529867], [-2.3192732045163935, -1.9764207256931252, 0.23746076607580646]], [[-2.6715927442457503, -3.316060595940741, -2.4160831589588025], [1.3304505687707775, 1.7116156416565753, -2.40623819526569]]]], [[[[2.227812676239918, -2.263415853461874, -2.685633468693392]]], [[[-2.462029120782119, -0.9361509457855015, 1.1942471403379873], [-1.9541513780745403, -2.45146832852352, 1.848139096813334]], [[2.2328186565395423, -1.6279205776019725, 1.2171118023425853], [0.8673633133890859, 2.5298839329718614, 2.0871148189405107]]]], [[[[0.24558650514227365, -0.48661786665048545, 0.4867882547062493]]], [[[2.4643345110495125, 2.19175764637062, -2.5995251323791666], [2.9630413003593046, 0.5467895376067824, 0.9772882740172335]], [[2.916916951811188, 1.933252843836995, -1.710117908697184], [1.9698747255874918, -2.835865511769391, -0.7573256489429805]]]], [[[[-2.416569162090313, -0.3451750798399718, -2.363621821360292]]], [[[2.314989413961871, 1.8882380724098098, -3.0406494667079853], [-2.4673850313067733, -1.8495958281215275, 1.0708014592881918]], [[0.23052087700270812, -1.7994913525045162, 0.8201453701433894], [1.8226127303774629, 1.33714426939292, 1.5428552242973375]]]], [[[[-0.7938496514302733, -0.1773652859134293, -1.013080524520007]]], [[[1.4936195824673442, -2.49806321303007, -0.6513994798255206], [1.2171976006013692, 2.3514446865012455, 0.8612625946203423]], [[1.6137899766108879, 2.9000649663400497, -2.076118457454654], [0.4201860590004811, -1.9310592716761772, 0.23989581146293568]]]], [[[[-0.07084366762285768, -3.079169839423028, -0.8449846742439483]]], [[[1.9232829612020108, -2.1392672624629645, 2.247002928920688], [-1.1599418961019334, 0.4616171792939603, 1.0865202115867758]], [[1.1908196909262136, 1.9112686470701261, 0.5208207123639208], [-2.2880167081190947, -0.268684197492108, 2.6861476634955395]]]], [[[[3.4387753942503396, -1.4486852181084515, 2.276981929985543]]], [[[-1.8480770628971679, 2.355969971958138, -2.98664013536032], [0.6820008662115533, 2.433340173572432, -1.0418246803579088]], [[-0.5444826051558138, -1.6964780834507258, 0.7791692094132889], [1.7063927501178966, 0.14810442181294972, 2.4909106534617393]]]], [[[[-1.72516524114458, -2.3679976116033465, 0.9596941575181877]]], [[[-3.004910713261657, 0.14343133156498913, 1.495727357721262], [-0.915319241142264, -1.966881420210058, 2.0758085126989734]], [[-2.7461346945012313, 3.032011147655735, 2.718460752922316], [-1.4740813477666774, 1.9919480196683268, -1.6002632825858085]]]], [[[[-1.3586363952196803, -3.7258119336445947, 2.5962196924198158]]], [[[-1.4716387665281856, 1.4792679428244357, 1.9425780375514483], [0.2828067389124439, 0.29823373144704657, -1.6622183217363073]], [[-2.7960978979723183, -2.334233735771164, 2.084074683459905], [-1.1973399675540046, 1.248072683373105, 0.0760762622917209]]]], [[[[1.3297887585133987, -0.4546580380768493, -1.3827011586238667]]], [[[-0.5102635909691667, -1.2490786695587628, -2.1703118495867955], [1.6188259411712118, -0.10863631576019922, 1.559499365150666]], [[2.746890615132092, 0.54954673940386, 1.2997981634050282], [0.9224944657312837, -2.059971923771191, -0.07523654690601414]]]], [[[[-2.9091395468579355, -1.0076086865314957, 3.0652636293346225]]], [[[1.552686972434478, -0.9116439155444858, 0.7381074117969244], [2.2456179952457425, -2.7512075438856005, 0.8354231754365089]], [[-1.5373100396019215, -1.8698878383947044, -0.7199400354349867], [-3.1103389763850977, -0.8821639093743123, -0.3940952744948593]]]], [[[[2.0744445467294854, 0.576673901111179, -1.0079944032355657]]], [[[-2.8625129027843057, 0.5350587698183213, -2.672038391759179], [1.3609967020024227, 3.7329296870277604, -0.3931937217001162]], [[-1.8045145967821918, -0.8998399881026238, -0.26482372974333795], [0.6642732054444478, -0.6508163708327933, 2.5593483727585147]]]], [[[[1.3137334915832724, 0.892138284143528, -2.2312328971802096]]], [[[-0.9506682544913028, 1.8298528636852605, 1.3491010807620727], [2.306455803259656, -3.2244088808764757, 0.21123846474903252]], [[-1.282393927824434, -1.8436830836927132, -0.5463595360683158], [-1.0953385503008113, 0.1892715640583518, -2.7377788707000814]]]], [[[[-0.7681070776576124, -1.2250528479002183, -0.9463812296034548]]], [[[2.2354545984913248, 3.1600490253002014, 3.001221733268867], [1.4103642364904987, -1.2994705856295063, -2.07714241882447]], [[-1.8683309154069796, -2.5176113975565255, 2.8400628165503745], [-2.569212456081963, -1.5154989122915201, 0.2856644063713171]]]], [[[[-2.7987793153205254, 2.714414806284596, 1.9217333600677113]]], [[[0.7495091962467928, 1.430332528862484, -0.18924471891543646], [0.52701818129637, -0.07193321641972396, -0.15658648496315886]], [[2.587590102285976, -3.8887696201210535, -1.970287629846383], [1.2269101754598166, 0.2506748958589728, 2.221324543757202]]]], [[[[-2.5177924383852406, 0.6719173395658907, -2.371310461123607]]], [[[0.8925394853043319, 0.08575926074136916, -2.731504147356054], [0.8547549678163727, 1.9328125723084741, 2.914406841456306]], [[0.2030632970592754, -0.9134383229716796, 0.09158739384103627], [2.088391714324839, 0.7064130961622312, -2.6283901632183007]]]], [[[[-0.5665434266641063, -2.7098147282391496, 1.9378193569440572]]], [[[1.7082940610081991, 1.37336187008557, -1.5035088762695998], [2.7766618135478245, 0.05133865454497482, -0.3714780759439027]], [[-0.9636478830036822, -2.8905928673435684, -1.0455036633470098], [0.828779357126467, 1.0152411888834356, -1.8932015621554743]]]], [[[[1.4718419466369839, 1.004409317627085, 3.4318793117860626]]], [[[1.4573500150078047, -1.594773440159323, -2.9136501507989765], [-2.2143826420474038, -0.012017565396977261, 3.023004994676806]], [[1.226761702576011, -0.971163087652251, 0.33016961736435163], [-1.0611129959375305, -2.031608042913272, -2.7409421258494344]]]], [[[[0.26852273951828953, -3.718879893551988, -0.579922790908767]]], [[[1.6694360292388253, 3.0321386792530425, 1.091355558693854], [-1.9672462969053413, 2.9430421995970204, 1.6884397276333543]], [[2.889114834382523, 0.5733417734738905, -0.7396428217035442], [-2.383330586288399, 0.9162723467075924, 2.394270742238862]]]], [[[[1.431167441297331, 2.299505158901957, 0.8230871368903102]]], [[[2.8522493153200243, -1.544691800737347, -1.206302112606235], [0.04580942781733916, -0.0011375513278740585, -1.6369068006383558]], [[1.5739364308136388, -2.4790735619868745, 0.49408822824284115], [-1.316242581419939, -1.0392967689395831, -1.1535355924912007]]]], [[[[2.8246713055209254, 1.6248910699499195, 2.9007072188943015]]], [[[-2.0289581933763237, 0.0005380322367763188, 1.123794890085417], [-1.6074386311718118, -1.333290297338932, -0.4844378679410272]], [[3.444461149444525, 1.6015539263505738, -1.5288881194464394], [0.3456376543151252, -1.6721182546793503, 1.2492330845816353]]]]]}