{"noise_params": [0.0, 0.05, 0.1, 0.15000000000000002, 0.2, 0.25, 0.30000000000000004, 0.35000000000000003, 0.4, 0.45, 0.5, 0.55, 0.6000000000000001, 0.65, 0.7000000000000001, 0.75, 0.8, 0.8500000000000001, 0.9, 0.9500000000000001, 1.0], "max_scores": [2.828427124691866, 2.792576592076288, 2.752298339106866, 2.7202394994597254, 2.6830474075661144, 2.6440809997421764, 2.606557343511231, 2.569010713961365, 2.529766815305814, 2.4898761874517747, 2.4470568318662673, 2.4070511054240873, 2.3629210958090296, 2.3237700886482755, 2.2802787347523745, 2.236004005004297, 2.19065978683509, 2.143948033136488, 2.058456364631838, 2.047147303821573, 1.999999999999989], "opt_settings": [[[[[-0.6107548651015838, -2.9967379536937755, 1.226835272450578]]], [[[-0.9153397578810861, -2.1684094301834254, -0.19730953493182896], [2.4489229717707226, 3.289821491393661, -1.7437201060161824]], [[-1.8613068625193676, -0.4210134462017689, -2.9447199796261128], [-2.454334910084003, 3.836240836140054, -2.479158313632229]]]], [[[[0.8998695680688779, 1.1766427615210096, -1.3343530769691134]]], [[[-1.1210675992550743, -1.7701774904103296, -2.3613442014974666], [-0.47605982301108773, -0.1592616484071344, -2.4845747575078994]], [[-1.595385481113158, -4.316151011414374, -1.7343733898390306], [-0.23613576333936867, -2.4652717171345744, 3.04677255955313]]]], [[[[1.8641116422916775, -2.959233356050927, -1.6806348565949043]]], [[[0.4642899650951672, 1.1618325492872446, 1.8653673049408477], [2.575086506008016, 0.5950054146264254, -2.2987573640037193]], [[0.8236008790942964, 2.4222114921412157, -2.1709068666394873], [-0.38093880173209926, 1.2587270632302074, -2.0944205416809893]]]], [[[[-0.4947282774961753, 0.21584680584996804, 2.1575239806361592]]], [[[0.8585335194660885, 0.529253488452289, 1.2135490997641698], [-2.3554135195954027, -2.1727185657936037, 2.116914661390858]], [[0.6768586253222619, -1.1192019297803197, -2.0130514819408614], [-2.4767600672647054, -0.41712739761924533, 3.000654862067515]]]], [[[[-2.1442710451235305, 0.10658334131154604, -1.478964389136202]]], [[[1.023424763121993, 2.4411579326451442, 2.2850828889059143], [0.9437838346538452, 0.7446343580222926, -0.6383103151725544]], [[-0.49942836099078397, -1.7457978550517268, -0.8842357627594701], [0.005782134480337195, -3.2251291090243863, -0.7390766575897927]]]], [[[[-2.1737510122547605, 0.6215231124042999, 2.3460979429818387]]], [[[-1.119780769425374, -2.898727428754446, 0.21850211308435533], [-0.1114532747435069, -1.2299260199847697, -2.541521165251919]], [[0.5768986964726104, -2.2947903794991706, -0.7765626234665253], [2.533358168537784, -2.0730458443416016, -0.5763909132929168]]]], [[[[-1.174670472073527, -1.7611840833808308, 0.7644910577407131]]], [[[-1.2482514157625708, -0.6541678802958762, -0.06929913360716893], [2.809333735250155, -0.8675173856497397, 1.4316218818866782]], [[-1.6126014513607176, 1.6614195554574152, -1.297143833084237], [-1.4966570774799195, -3.0720053559681655, 1.1532439518229172]]]], [[[[1.9330401070886496, -0.9517826023453768, -2.5262904502350385]]], [[[1.7279647144869363, -0.627331036212148, -0.7214043576921099], [1.924221674017036, 0.7185540038189562, -1.7263807671039064]], [[1.1969062851515535, 0.8544089492314393, -2.3925078484412268], [-0.9617613859387684, -2.2481761065189256, 2.537492253747624]]]], [[[[-2.938871939638739, -1.5484366562042573, -0.9660934622494008]]], [[[0.2268137698133628, -1.6518840682827003, 2.961234905927957], [2.205529332770227, -2.931626921712486, 1.2657693066969102]], [[-3.64731400036719, 2.108779341513003, -3.0182136458441056], [0.44005043127661214, 1.9617348113986957, 0.927317981652152]]]], [[[[2.9390564220046507, 3.3432465970450918, -1.2847402911911074]]], [[[-2.04751463774935, -2.17854492857892, -0.3655202077902912], [-1.9585217553596408, -0.3110543559933641, 3.118616974476371]], [[-3.1073546804634398, -1.8552738773306527, -2.3820938654988675], [0.1293576905615809, 0.012848502119921747, 1.7811464999676812]]]], [[[[-1.4092515801198051, -2.916106758896505, 0.2623316395883718]]], [[[1.5632956164118346, 1.1077555293626664, -0.9039311447196878], [0.5696197633073707, -0.19783403394457263, -0.5929945149068753]], [[2.8405785159388097, 3.4696027409299726, 2.2483221429455105], [-3.053191658341253, -1.0005624167931775, 2.96135885856025]]]], [[[[-2.674573930486547, 1.4622879410614869, -0.6818284559721245]]], [[[-2.102886159869999, -1.2492457287984007, -1.0393286075218193], [1.9602972352050885, -0.23863084921270833, 1.819997854381052]], [[2.6276275022177713, 1.8972160138614669, -0.378888601005301], [0.19189484107560775, 2.393628659774053, -0.43092137868092995]]]], [[[[0.9371411036371788, 2.878633674074027, -0.2805409064218924]]], [[[-2.428687294139048, -1.1373658074456539, -2.228435164374073], [-1.6231372281407417, 0.1174034191257836, -1.7321741316475145]], [[2.350644797588868, -3.1766527726987923, -1.409865514871163], [2.6168626510443627, 0.9577888124715285, 0.6889323274019152]]]], [[[[-0.6124916012012215, 0.2649460963714127, -1.522580138116052]]], [[[0.010488633973729913, 3.015110347374078, -1.587104520885304], [2.4830577560982237, -1.9614972481003177, -2.103614479790582]], [[-0.1775162907646055, -2.5697247465630872, 1.4976037353933975], [0.3218935220147498, 2.949291516656052, -1.1272879989728253]]]], [[[[-0.7687960945336405, 3.3293079348185346, 0.4378453600617774]]], [[[1.5283267913025453, -1.6375812429878902, -2.9399676684592806], [-0.5739679818369805, 0.17479831333801932, -2.2891904370338776]], [[-0.005154416636652982, -2.421424815358308, -0.6284652124219039], [2.1161779623581753, 0.5134395649200522, -2.8367307642494684]]]], [[[[1.010867700347866, -1.4692868070723852, -1.966745152844834]]], [[[-0.3565602217603676, -3.31041339839455, -2.654856268593151], [-0.2333785399291729, -2.134237124178656, -2.863808686877885]], [[1.9386238409795993, -1.5406298591499386, 2.940664629040448], [-3.3407038936388807, -2.11976761394484, 1.770976524428188]]]], [[[[-0.33164285866365767, -2.9956426069283975, -0.023928003564155576]]], [[[2.4247196983689485, 1.0650856040873877, 0.9361768179405985], [2.1864008691021284, 3.0181835182497205, -1.2724404781848744]], [[2.7822468682828614, -0.8406860429911373, 1.9995601446355513], [2.1333775616212414, 3.2794123684140573, -0.9218599257333104]]]], [[[[-1.458104298181644, 2.076988774468867, 0.04858960590590936]]], [[[0.36087981158067023, -0.037191389702846106, 1.0315139193198481], [-0.4412135088842016, 1.2065460467330604, -2.1822210535240085]], [[-1.5238028661710066, 3.9597046904243496, -0.05134883903905291], [1.2540566545086633, 1.5387355851959328, 1.1899471786873104]]]], [[[[1.9080815516995289, -0.01580844352810976, 0.003528128258451146]]], [[[-1.6556947649810112, -3.129203949181944, 2.481430432872343], [-2.9967840177895844, 2.9788357329788737, 1.361401722846134]], [[-2.837639877600959, 3.157815342805813, 0.5409641310129514], [-1.6809866964581948, 1.0905498959355162, 0.08641268090877254]]]], [[[[-3.1978034622799085, -1.810568670865218, 0.07376508989126809]]], [[[1.2997179478616643, 2.493811947746957, -1.9915722892197159], [2.662043699296289, 3.1068903185498513, -0.10303198687957679]], [[-3.144075966809955, 1.3095398834073875, -1.787032537021021], [-2.7710432065477146, -1.4291367754896727, 0.8939460999362421]]]], [[[[-0.1384477943399977, 1.411095617747255, 0.9250769506709672]]], [[[2.311589618491248, 3.083430423195418, -1.9778505671038566], [0.5196427979163555, 3.1241111200956797, 1.2054733214760835]], [[0.1384103805130624, -1.7298695444941834, -1.3319070790236576], [-0.5046059009945457, -0.09581072687731747, -2.904797502578967]]]]]}