{"noise_params": [0.0, 0.05, 0.1, 0.15000000000000002, 0.2, 0.25, 0.30000000000000004, 0.35000000000000003, 0.4, 0.45, 0.5, 0.55, 0.6000000000000001, 0.65, 0.7000000000000001, 0.75, 0.8, 0.8500000000000001, 0.9, 0.9500000000000001, 1.0], "max_scores": [2.8284271247364976, 2.552655480083436, 2.291025971044414, 2.0435385976291225, 1.8101933598375615, 1.590990257669732, 1.3859292911256327, 1.1950104600948093, 1.0182337648993207, 0.8555992051949006, 0.7071051445261375, 0.5727562960117729, 0.45175844828534173, 0.33618166413382977, 0.254242537077613, 0.17421864890683736, 0.10188272335758636, 0.0570289801286607, -0.0033627882406170317, -0.0010569080786957397, 0.0], "opt_settings": [[[[[]]], [[[-1.4725097006315584], [-3.043295811571233]], [[3.9610371476359316], [-0.7513558379339854]]]], [[[[]]], [[[-0.2262539598729643], [-1.8110611701155261]], [[-1.0610228377370834], [0.5235623970775829]]]], [[[[]]], [[[-0.5342148681282628], [-2.1050666060768854]], [[-1.3200328776450256], [0.25071598115140376]]]], [[[[]]], [[[-2.5793628446266195], [-1.0178041019518016]], [[-1.7930841267698492], [2.9088646342688307]]]], [[[[]]], [[[-3.886411929653641], [3.758949502005365]], [[3.060638012620109], [1.5462612655884893]]]], [[[[]]], [[[-1.3657780476787833], [-2.5231091990945638]], [[-1.8571378393818931], [-0.6995876790946628]]]], [[[[]]], [[[-3.9050054205720945], [0.7313725871461768]], [[1.5305691159546964], [3.142810474515056]]]], [[[[]]], [[[0.18085433916234017], [-0.21881260354061277]], [[-0.06070520922572169], [2.6617698265500294]]]], [[[[]]], [[[2.010694860515113], [-2.5821241731360973]], [[2.7371162057485905], [1.3585816727557045]]]], [[[[]]], [[[-2.3318765718919634], [2.3146755244174146]], [[3.08608914998133], [-1.5849773981453734]]]], [[[[]]], [[[-1.423616090846356], [-2.3476562885426286]], [[-1.3677351008815035], [-1.4185576068953876]]]], [[[[]]], [[[-2.766476401239496], [-0.9905761247682551]], [[3.963909763603761], [2.544571428097784]]]], [[[[]]], [[[3.35272266927049], [0.6754212025913645]], [[-1.9624139390991149], [3.3462776097111346]]]], [[[[]]], [[[3.015506648015751], [0.3984408488126551]], [[-2.2063207392073614], [-2.458294816815699]]]], [[[[]]], [[[-2.1479391650690784], [-2.816574761799246]], [[-2.3874406139444773], [-0.832589302239618]]]], [[[[]]], [[[-1.3697832233442502], [1.4135992959556867]], [[0.6541211606896686], [-0.912267299408438]]]], [[[[]]], [[[0.27260828114702285], [0.31282132865791185]], [[-0.37836083749299887], [2.2938560445857425]]]], [[[[]]], [[[-2.998362809271895], [0.28345551067351654]], [[2.123921937492342], [-2.8302922581156533]]]], [[[[]]], [[[-3.0107275490071492], [-0.8352718762431709]], [[-1.034926838236745], [-0.6800383365399785]]]], [[[[]]], [[[0.17863450869990127], [1.0504185399653447]], [[-3.149903509123623], [-0.8631872168997691]]]], [[[[]]], [[[2.9020183017393677], [-1.2863355701449914]], [[-3.0463075398824464], [-2.3361948016935177]]]]]}