{"noise_params": [0.0, 0.05, 0.1, 0.15000000000000002, 0.2, 0.25, 0.30000000000000004, 0.35000000000000003, 0.4, 0.45, 0.5, 0.55, 0.6000000000000001, 0.65, 0.7000000000000001, 0.75, 0.8, 0.8500000000000001, 0.9, 0.9500000000000001, 1.0], "max_scores": [2.8284271247461175, 2.5526554800834362, 2.291025971044414, 2.043538597629122, 1.810193359837562, 1.590990257669732, 1.3859292911256327, 1.1950104602052092, 1.018233764907298, 0.8555992039482239, 0.7071067727370802, 0.5727564341099496, 0.4525432240494937, 0.3463956228760984, 0.22696839850048933, 0.17356943603800873, 0.10507763538210876, 0.05740184703707302, -0.01652493579025971, 0.0014647716556013823, 0.0], "opt_settings": [[[[[]]], [[[1.7009715604391704], [0.13017523195889796]], [[0.8920992867517019], [-3.820289624370718]]]], [[[[]]], [[[-2.36595982109328], [2.2177756927289374]], [[2.992730369018468], [-1.5910044766369777]]]], [[[[]]], [[[-1.053809479947318], [3.580741877696982]], [[-2.0300039493900326], [-0.15095209212238708]]]], [[[[]]], [[[1.7023871984389276], [0.10778933367537043]], [[0.8829433142365173], [2.494042128430381]]]], [[[[]]], [[[2.434805410771274], [-2.123198217764344]], [[-2.921794500911952], [1.6901728470073343]]]], [[[[]]], [[[2.731111388351677], [-1.9841953217859378]], [[-2.7657507051066856], [1.9418411255508055]]]], [[[[]]], [[[3.0115647585346275], [-1.644981217380952]], [[-2.4376232187209617], [2.2380457765074873]]]], [[[[]]], [[[-3.314419124187815], [-1.256418291309106]], [[3.5765362490330554], [-3.7608956254311656]]]], [[[[]]], [[[-1.1146352170192941], [-2.406584729124838]], [[-1.815903036050925], [-0.02668761896940232]]]], [[[[]]], [[[1.141288740232035], [0.2576868476468851]], [[0.7870781701734203], [1.6509149482393375]]]], [[[[]]], [[[-0.8372771755651085], [0.6727610712270964]], [[0.19626261632844144], [4.2870122963735495]]]], [[[[]]], [[[-3.0791625890883174], [1.8176874370104703]], [[2.541584810726913], [3.8176276700469445]]]], [[[[]]], [[[-1.2373786200398833], [0.7960563059344401]], [[0.2813133923517624], [-1.9990517585844076]]]], [[[[]]], [[[-1.9857695349268094], [-1.3662423000202415]], [[-1.756931012773441], [2.462880123512156]]]], [[[[]]], [[[0.08961091790806802], [-0.36195401899660307]], [[0.031630469731264585], [-3.214047758129419]]]], [[[[]]], [[[3.004420569605671], [-2.6516186110981463]], [[-2.200668970083705], [1.1310421427541792]]]], [[[[]]], [[[1.7673000391957323], [2.521519335372847]], [[-2.22173638889252], [2.1961239202766585]]]], [[[[]]], [[[-1.3882061198543503], [-0.6972397166188231]], [[0.21900009867006634], [-1.6880341911158774]]]], [[[[]]], [[[-2.3281632192215342], [-1.0950190382075156]], [[1.0250075975138715], [-0.9526811688635023]]]], [[[[]]], [[[0.9523049830866707], [2.199372753176134]], [[1.290474799492561], [-3.0926312033456775]]]], [[[[]]], [[[1.6045425029196227], [-0.5173775587457645]], [[-0.9892464967667527], [1.9478558709156149]]]]]}