{"noise_params": [0.0, 0.05, 0.1, 0.15000000000000002, 0.2, 0.25, 0.30000000000000004, 0.35000000000000003, 0.4, 0.45, 0.5, 0.55, 0.6000000000000001, 0.65, 0.7000000000000001, 0.75, 0.8, 0.8500000000000001, 0.9, 0.9500000000000001, 1.0], "max_scores": [2.8284271247461636, 2.5526554800834362, 2.291025971044414, 2.0435385976291225, 1.8101933598375615, 1.5909902576697317, 1.3859292911256327, 1.195010460205265, 1.0182337649075386, 0.85559913347773, 0.7071053075967147, 0.5727563078345592, 0.4524434861736103, 0.34620027064492653, 0.253232951627515, 0.12502020225917698, 0.11249923936689421, 0.033264692674801644, -0.0025564348114969215, -0.0028590277659636676, 0.0], "opt_settings": [[[[[]]], [[[1.1095081096847736], [-0.46136317603950466]], [[0.3380431224093089], [-4.374270904765644]]]], [[[[]]], [[[-4.186166571891557], [0.5197460045730163]], [[1.2948999842823772], [2.8721730155254814]]]], [[[[]]], [[[-1.0253394258469808], [-3.2412525895824134]], [[3.6058471647814363], [-0.46142439707512733]]]], [[[[]]], [[[2.0832464091081397], [0.5132532144644588]], [[1.2982906233984266], [2.8690002465684965]]]], [[[[]]], [[[-3.2036313363525775], [-1.790664627329411]], [[3.832722061466938], [2.1327710272856457]]]], [[[[]]], [[[-4.534633504994113], [-0.39472244666449696]], [[0.19605835580259665], [2.3357707863048187]]]], [[[[]]], [[[-1.4133486382327565], [0.07903553052385015]], [[-0.7004131640490533], [-2.1911789851227645]]]], [[[[]]], [[[-1.3710676047609436], [0.1790899434383616]], [[-0.5685417167268729], [-2.1970676421936033]]]], [[[[]]], [[[3.1189760529837134], [-1.3553439823219642]], [[-2.416115951408433], [2.514398655073776]]]], [[[[]]], [[[-1.4052857736326767], [1.9898451270690498]], [[2.1696252676499697], [-1.2556325063726417]]]], [[[[]]], [[[-2.438599346444265], [3.9180518535473636]], [[-2.4455023178330655], [1.1934784237011615]]]], [[[[]]], [[[0.6304321207166971], [1.5573427838935079]], [[1.0333412832641247], [-0.6091454313998421]]]], [[[[]]], [[[-2.0526908556975787], [-1.7122130552831134]], [[3.4965509518760567], [-1.2005670175693088]]]], [[[[]]], [[[0.09924475907789557], [-0.8500629784125797]], [[0.12823398518598167], [0.16385008927797343]]]], [[[[]]], [[[1.7644600316366252], [2.026693007189872]], [[1.7811925929953556], [-0.4319925020615553]]]], [[[[]]], [[[-2.0904947246357177], [-2.653838070823807]], [[-2.4367634299551812], [-2.749424632304897]]]], [[[[]]], [[[1.328325743581802], [-2.8580977094565725]], [[2.2518129388445973], [0.24097636443794157]]]], [[[[]]], [[[2.3056079031198773], [-0.38241540806462027]], [[-2.721472431759611], [0.4060632139019887]]]], [[[[]]], [[[-1.7313179037419582], [-0.02698023864544097]], [[0.9175711840631052], [0.04310615954862769]]]], [[[[]]], [[[-2.3980493408556933], [0.058671198874877345]], [[2.7824880782670265], [1.4351629178917191]]]], [[[[]]], [[[-3.118136479445953], [2.7400327064106262]], [[0.9180671660229294], [0.37086504281001087]]]]]}