{"noise_params": [0.0, 0.05, 0.1, 0.15000000000000002, 0.2, 0.25, 0.30000000000000004, 0.35000000000000003, 0.4, 0.45, 0.5, 0.55, 0.6000000000000001, 0.65, 0.7000000000000001, 0.75, 0.8, 0.8500000000000001, 0.9, 0.9500000000000001, 1.0], "max_scores": [2.8284271247461894, 2.5526554800834367, 2.291025971044414, 2.0435385976291225, 1.810193359803657, 1.590990257497997, 1.3859292582681602, 1.1950102792631867, 1.0182327373111053, 0.8555990918981192, 0.7071031617370768, 0.5727552763530679, 0.4525313372997812, 0.344925895585843, 0.25393048142034885, 0.1749708506637089, 0.09639550489997561, 0.04173622042232231, 0.013572694225627513, -0.0011235698257529292, 0.0], "opt_settings": [[[[[]]], [[[1.6035154230730144, -0.6417897958038098, -2.362357291762322], [-2.6725372068881614, 1.8793660283385807, -1.7946266539246145]], [[2.2543021065096207, 1.205191184253851, 0.46794491318515335], [0.18815828161138884, 0.6776813945087437, -2.516357333690043]]]], [[[[]]], [[[-3.6213372202139538, 1.2187543079445162, 1.384471974381489], [1.0213318996812297, 1.4347895735397524, -0.6260426914314836]], [[-1.8229433765860932, 1.2129166152290245, 0.23845543849242543], [-3.438297571973002, 1.4074259849868611, 1.514954736525934]]]], [[[[]]], [[[0.4679969373973259, -1.6981190139529982, -0.35077651619025635], [2.1769973619021132, 0.682936605400662, 1.1205674273455086]], [[-3.0547509713186387, 1.0677447437918142, 2.547430872382254], [-1.1292047002681354, -2.280322895027095, -2.6998670983669184]]]], [[[[]]], [[[2.044973484562279, -1.4020598440418992, 1.2206508172677157], [2.112726224923083, 0.16509583626104188, 2.549896774788583]], [[1.1089234309002016, 0.620806450777852, -0.6807346858472741], [-2.0539765687637357, -2.1872796771940286, -1.6463348737133103]]]], [[[[]]], [[[1.5369418253995644, -2.190353802708245, -1.5525214985065003], [-0.7163856813313488, 0.8479858558623419, 0.9447900675100049]], [[-1.9734073065713318, -1.4823119478360447, -1.026907921133025], [-0.33279413007291175, -2.6513429923310476, 2.2229798050313256]]]], [[[[]]], [[[0.22237286384129734, 0.8676154636250396, -1.5608395385794667], [-1.8006447577161497, -2.33734826534098, -1.4113252286220428]], [[2.3337995846739465, -1.6756872957151085, 1.5866033863346614], [0.8935420553404525, 0.5015243731886736, -2.482627291935351]]]], [[[[]]], [[[-1.2806523804015035, 0.7653520509983718, 1.638775451113811], [-0.7864713850708431, 2.2591855077162624, 2.4451501417597994]], [[1.0139308318294176, 1.54087006267853, -1.9602399646459987], [-3.1684081379627616, 0.2641318889229252, 0.8455897696225168]]]], [[[[]]], [[[-1.610138401109583, -0.0608325199643439, -1.3183775228629409], [1.0793907624654715, -0.7198065385738015, -0.15305702261051754]], [[-1.3086021014929454, -0.38746928355455834, -1.8561833717508776], [2.066400495648309, -1.9121683705386612, -0.7601014258866123]]]], [[[[]]], [[[-3.0348087385226346, 1.5727039003115477, -2.7250912003490977], [0.6960149956279883, -2.8417397274744745, 1.7531065911505994]], [[2.6814915666800787, 2.286617904771229, 1.468064519965802], [-2.732108094324506, 0.6972428404911899, 0.40228453433023686]]]], [[[[]]], [[[-2.0824908413347716, 0.8603138077476932, -0.3418995366091697], [-1.9595178327322185, 2.3941338329709203, -1.0486355314748446]], [[-4.215252155037565, 1.6135871998192195, -2.067965593859399], [2.4021148153570997, 0.099183712812218, 0.5208113932757468]]]], [[[[]]], [[[-0.5081972921369708, -1.808053150030217, 0.7108326452850684], [-1.5324378440551252, -3.110059641470722, -0.9031381760037687]], [[0.4706596570517923, -2.5389382127522415, 0.2923872641656682], [-2.520325865365576, 0.5838707696492329, 0.0677438333415408]]]], [[[[]]], [[[-2.0197642141166314, 1.450571531371905, 2.4033744996792015], [-1.3074424088761922, -1.4159099955826693, -2.8117757223740503]], [[2.7498273685529635, 1.3086632076447418, -0.4513519334209355], [-1.4779428095690204, -1.5546294869702786, 1.9448951302425526]]]], [[[[]]], [[[-2.9754009164525157, -1.1383404488886715, -2.7698638279192394], [0.27395998061419613, -3.1621731938892643, -0.9793991176219374]], [[-0.23500043656437222, 1.5607132581818182, 0.9515603127421173], [-2.635387238815549, -0.44504635246719354, -2.5894000839902125]]]], [[[[]]], [[[-1.666539004822646, 2.5236348335057963, 0.4076823301733916], [-0.4418706746831623, -0.9667625546602624, 0.1461655731503444]], [[-3.2693249380627503, 2.117870477403734, -1.3273603379723584], [0.029924971658413162, -3.265437399575885, 2.0622672130746906]]]], [[[[]]], [[[1.7945604034800224, 1.4485814302132771, 0.47025076250063824], [-1.2726415013183707, -1.7856759441790018, 1.5327685984572303]], [[1.207722256278001, -0.791013967150101, -2.6322689307278058], [0.2008821313355386, 0.23317904331521364, 1.4734988703491467]]]], [[[[]]], [[[0.009222394781431796, 1.2184773257044166, -2.499953528380611], [0.5595622588148668, -0.1155439832891455, -0.3179120117067966]], [[-2.831626274293353, -1.3099076673042276, -2.861757927911023], [-1.3224986803040517, -1.7365691229041296, -2.8099579820007774]]]], [[[[]]], [[[1.9006277723535967, -1.8056159965906347, -1.7139696459980611], [1.747003186598167, -0.9670065691559367, 2.884917771238774]], [[-3.3516366735333305, 0.670733673374753, -0.18234379311454063], [-0.032003985315602154, 0.8405511420993521, 1.080433861613395]]]], [[[[]]], [[[1.515805987927473, -1.9754427689623997, -2.4211703651632224], [3.1217189621775945, 0.6694526661874081, -2.797242415640219]], [[2.4172278351316527, 0.12057163186583973, 2.9007518952489724], [2.325186141846153, -1.5536445860323964, -0.19253274686342747]]]], [[[[]]], [[[2.457662015230988, -1.775149655899701, 1.5104837187519635], [-1.8292745072991, 2.0774652101328845, 0.9766756805638162]], [[2.707882012618792, -2.3336962573382363, 1.3987004875479476], [1.3321446521210019, -1.4583819918968817, 1.920112967535502]]]], [[[[]]], [[[-0.6632596592420673, 2.415517588524038, 3.002309779000547], [1.7842355267365189, -2.6602679189225995, -2.472210504055334]], [[-2.7228143400935982, 1.7556615747539093, 2.4620984054927346], [-1.882604846256333, 2.861948062307654, -0.9851321652966738]]]], [[[[]]], [[[-0.15995957232532865, 0.08063990923206266, 0.368427079797494], [-1.132340263229556, 1.4546015670769616, 0.12503423265553204]], [[-2.470761551436978, 0.9703994685809301, -0.5946293660505275], [-0.5692006405535315, 2.4471973132966385, -0.7173366415674547]]]]]}