{"noise_params": [0.0, 0.05, 0.1, 0.15000000000000002, 0.2, 0.25, 0.30000000000000004, 0.35000000000000003, 0.4, 0.45, 0.5, 0.55, 0.6000000000000001, 0.65, 0.7000000000000001, 0.75, 0.8, 0.8500000000000001, 0.9, 0.9500000000000001, 1.0], "max_scores": [1.414213562373095, 1.365666484040064, 1.3445889702537361, 1.2909122632557808, 1.275048863229844, 1.2499658014603772, 1.2200836681802247, 1.192673421112013, 1.1661274912457646, 1.1410397101960301, 1.1179966904448102, 1.096581887671359, 1.0724263339630937, 1.058737603719336, 1.0440306508815196, 1.0307764064044083, 1.0198029464752039, 1.0087393399327178, 0.9998116542891341, 1.0001528869509062, 0.9999999999991347], "opt_settings": [[[[[]], [[]], [[]], [[]]], [[[-3.1487918164272606], [1.5589966250389027]], [[-0.7900922980095881, 2.020323863468131], [-2.3704041074709057, 2.2283629781969765]], [[-1.1212685291521198, -2.115664610493728], [-0.9132296756042603, -1.248356046515608]], [[1.0259283041358822, -0.8236041441620664], [-1.2483560462553904, -2.389273608793951]], [[-0.03331663778487259], [-1.6087134826836338]]]], [[[[]], [[]], [[]], [[]]], [[[2.792449377643901], [-1.8973686599091841]], [[-2.7153028225656524, 2.389858314272755], [2.037975340696808, -0.25937722404646735]], [[2.3898583166056135, -1.8042152823375845], [2.882215429543611, -0.14485523489309796]], [[-1.8042152821076483, 0.8274579896963895], [-3.2864478884829538, 2.4490320618609482]], [[-1.4915772915249599], [3.198240746050827]]]], [[[[]], [[]], [[]], [[]]], [[[-1.2987726604293715], [0.18427836587571575]], [[-0.5134972547776027, 0.46444455682418456], [-2.1777533848695443, 2.402201235648547]], [[0.4644445568201051, 0.0727371077249747], [-0.7393914228542195, -0.23509747276529794]], [[0.0727371077244063, -2.955002928941445], [-0.23509760573266306, -1.3399514012805804]], [[-0.5337200911958027], [0.9493309338152471]]]], [[[[]], [[]], [[]], [[]]], [[[-0.8035902639070922], [-3.0349431613214786]], [[3.825509400264201, 1.6095410582968503], [-0.24862528811842363, 2.0730426599170575]], [[-1.798725424440799, 2.0098229496154403], [2.073042656105506, 0.05343171439129393]], [[-1.4059992888166415, 1.952482184346326], [0.053431714391304626, 0.20459813437099747]], [[-3.360032104860307], [0.691799595736879]]]], [[[[]], [[]], [[]], [[]]], [[[-0.760506991113303], [0.6341930151334911]], [[-0.04480496179104037, -0.7620998597000833], [1.4856853522485316, 0.5889573195090493]], [[-0.7620998597000831, 2.876374284890475], [-2.55165522294896, 1.4700098341569394]], [[2.8763742853114533, 0.8211572114996584], [1.4700715035833773, 2.571747412948444]], [[-1.5473657282732638], [-2.9420656805508782]]]], [[[[]], [[]], [[]], [[]]], [[[-3.224985834131311], [-1.6617157467746102]], [[0.5544353200549799, 0.15050395972917596], [-3.8753985259819004, -3.3438873651416894]], [[-2.991088454153253, 0.05257244355003355], [2.9392854300292015, -0.0350669577167764]], [[3.1941646184181733, 0.7358220738876377], [3.106522428277224, -0.559666520078728]], [[1.6507592409747005], [0.08748902278893105]]]], [[[[]], [[]], [[]], [[]]], [[[-1.1877188648556711], [0.10280578787383911]], [[2.728502698818452, 2.7925470731188637], [0.8321488977894714, -0.030529605197937244]], [[-0.34904555874728593, -0.044517702652259676], [-0.03130201785452766, 1.6874483827145172]], [[-0.0445196553887802, -3.544839400882791], [1.6874512991349642, 3.97090636461961]], [[-1.181990845486207], [0.10853716567660938]]]], [[[[]], [[]], [[]], [[]]], [[[-2.2102269375015116], [-0.2835299679197373]], [[-1.0820335006293604, 3.336861782518809], [-2.927462104975352, -0.03168958014375235]], [[-2.9498860686255077, 3.1358739339686847], [3.109903068736995, 0.019317364392318633]], [[-0.002821950517734797, 1.9559768779890436], [-3.1222752836395533, 0.1689054880686798]], [[-2.2764432866527917], [-0.34974520112170904]]]], [[[[]], [[]], [[]], [[]]], [[[-3.0627339821222304], [-1.9176317889085657]], [[3.5997182008323425, -0.2403589934975], [-3.5994567004724556, -0.10759572655999487]], [[-0.24035899302246677, 3.145049253090088], [-0.07714149302343774, 2.146351116386843]], [[-3.1381341789663497, -2.946428183698623], [-0.9975998223026331, 2.0906841357376726]], [[-0.2547385678393571], [0.8903835043864672]]]], [[[[]], [[]], [[]], [[]]], [[[0.03150885460342979], [-0.8471803109871731]], [[-0.26132901093095035, 3.12857826562014], [-2.4608420751234115, -3.349365346563794]], [[-0.01301438782161489, 3.132378134890284], [2.8032828729211277, -2.005885461012175]], [[3.132378135072838, 0.06913591679404722], [-2.0294639413320277, -1.2825174743798984]], [[-2.575701163867327], [2.8287844282916006]]]], [[[[]], [[]], [[]], [[]]], [[[2.812843012104688], [0.7769978790103432]], [[1.9549613092032834, -2.917124957962879], [-3.0313882824498313, 0.01420752730349542]], [[0.22017347908644472, 0.14492935575458338], [-3.1273845977519033, 0.012408068615577292]], [[0.13083414472708854, 0.6461877620921969], [3.15400024575029, -0.281600477772867]], [[-1.0499655544097548], [-3.0858173902993666]]]], [[[[]], [[]], [[]], [[]]], [[[-2.059712769868262], [-0.025920786367265775]], [[-0.5300797848003983, 0.41990571941583743], [3.416822104578914, 2.9661174817457927]], [[-2.719022344514323, 2.7626138827809528], [2.9661192340533624, -3.0814298627111194]], [[-0.37614894529636733, -2.1480937272010956], [-3.0815797591280374, -0.16512793515456248]], [[2.250851213359883], [0.2171547388200348]]]], [[[[]], [[]], [[]], [[]]], [[[0.16578274922460864], [2.9662771427760277]], [[1.8201057773613383, 2.3288447834270882], [3.132833010989447, -3.14355947223031]], [[-1.1130601581413615, 0.8801528031942518], [-0.001966828574810768, 0.0036536434164397996]], [[-1.9542378473179076, -3.2600349108476414], [-3.137939006767618, -3.054172861067549]], [[0.35854816780136334], [3.1583254063108104]]]], [[[[]], [[]], [[]], [[]]], [[[-2.792634117781326], [-0.7921128374492675]], [[-1.9543594878209334, -0.6317604196023235], [-0.0685543814657668, -2.0136800628896814]], [[2.5555981317748917, 1.2521283801259058], [-2.0136800676790414, 0.2286737519655414]], [[1.2566623313754708, -0.305104020657077], [0.22932444671886168, 0.46431888318755854]], [[0.13578124159242239], [-1.8305285110605938]]]], [[[[]], [[]], [[]], [[]]], [[[1.9035715601620513], [-3.077756317958428]], [[-0.17863468666544238, 0.0007173996290211205], [-2.6442425420029454, 3.0925483291275313]], [[-0.0002532872160014907, -0.015406142793489851], [-0.049207123630795754, 0.024692949045050774]], [[-0.016572614013692085, 0.23157098638937], [-3.1109219763658733, -3.4794170611147606]], [[-0.008273393684335705], [1.2935454277768883]]]], [[[[]], [[]], [[]], [[]]], [[[3.1399194657525142], [1.460234159936554]], [[-3.3733785035316304, 0.06645605197656813], [0.20359376690023592, -0.07111606671280069]], [[3.1755923613745884, 0.015094208537201238], [-0.07123669441951275, 3.0749484913403213]], [[3.122056316472414, -3.361931043144789], [-0.06684671256226485, -2.9070450572144604]], [[0.008725990788687394], [-1.671141092896705]]]], [[[[]], [[]], [[]], [[]]], [[[-2.383456976700877], [3.0920009662808585]], [[0.0735129372478267, 3.130953935399534], [2.600673551495477, 0.053547618255015875]], [[-0.010417323784700649, -3.1220460168565114], [3.0423641729054185, -0.2008767018970183]], [[0.019528567224839904, 0.07481822538163964], [-2.99371087351093, 2.411679501638945]], [[3.0681977602024104], [-2.408735535546052]]]], [[[[]], [[]], [[]], [[]]], [[[-0.0272991948337738], [0.3266706762187899]], [[-3.115812800333279, -3.141476451896175], [-0.4840365263575632, 2.4149471848597557]], [[3.141699996576227, -3.141376981116256], [-0.37098372739349783, 0.2825570291490356]], [[3.141800969334627, -0.020784644092941274], [0.6063172714908291, 0.9272573722555332]], [[-3.080274523312616], [2.8485544223112944]]]], [[[[]], [[]], [[]], [[]]], [[[-2.7984411417920847], [3.165198617494078]], [[3.165252491949047, 0.0025555748387621467], [-2.633467518786251, -0.38214681024658775]], [[-3.138973799974005, 3.1379992638998635], [0.6312685186512036, 0.5754711054408066]], [[3.138004199689147, 3.12589874947676], [-2.393864392478896, 