{"noise_params": [0.0, 0.05, 0.1, 0.15000000000000002, 0.2, 0.25, 0.30000000000000004, 0.35000000000000003, 0.4, 0.45, 0.5, 0.55, 0.6000000000000001, 0.65, 0.7000000000000001, 0.75, 0.8, 0.8500000000000001, 0.9, 0.9500000000000001, 1.0], "max_scores": [1.414213562373095, 1.231937147667229, 1.062231520182447, 0.9050966799150166, 0.7605326267342285, 0.6285393396289546, 0.5091167090908539, 0.4022576701033559, 0.3079703891755535, 0.2258818972262765, 0.15576130159108084, 0.09366412231107418, 0.05275314535839126, 0.019924503959537328, 0.00397931365671463, 0.0, 0.0051928039969049745, 0.017687363588028405, 0.05317641625531848, 0.09890125046747342, 0.1547097171768482], "opt_settings": [[[[[]], [[]], [[]]], [[[-1.0584990261818754], [0.5254744906724506]], [[1.1274277493595153], [-0.45649052354664726]], [[0.43680778430336265], [2.0207803220290335]], [[-0.280061827444663, 0.34460441957761034, 1.243368164954213], [-1.8245849290807215, -1.2438835235431562, -0.3556854567650146]]]], [[[[]], [[]], [[]]], [[[-1.03111715578667], [0.5111537806113847]], [[3.002972119751854], [1.4608073705789395]], [[0.0289880413929664], [1.571176899853192]], [[2.8660924832608305, 2.2079733192059936, -2.333557618827075], [1.3287515139907082, -5.594704614274183, -0.7798687260546817]]]], [[[[]], [[]], [[]]], [[[2.0371979732905263], [-2.6381074426725206]], [[-3.369364401201711], [-1.7614495093747546]], [[0.04870796044495913], [1.656620935258191]], [[-0.31846210190527824, 3.6940948522399077, 0.8880812809501643], [-1.8566575713966587, -0.9753954480040168, 2.3942183320300807]]]], [[[[]], [[]], [[]]], [[[1.048884106557256], [-3.680624345072416]], [[-2.832364618217539], [-1.270540336101893]], [[-2.7764849113145456], [1.9446559766989366]], [[-1.210772138843273, -2.000223172818943, -0.4516366667276346], [6.427718060424336, 2.603705440720703, -1.9503743091189065]]]], [[[[]], [[]], [[]]], [[[-0.9659187029652377], [-2.6366205289363713]], [[2.4631074308447407], [0.8115919167019628]], [[1.9787319517510902], [-2.633991929593884]], [[1.4518805257430183, 1.587545281436951, -3.4574266195018355], [-0.30864256849065613, -3.041155594301779, 1.2409489568462617]]]], [[[[]], [[]], [[]]], [[[2.6710502715371782], [0.837860835979923]], [[3.181179470649912], [-1.2454332137900717]], [[0.7978058274068657], [-1.0532320508135118]], [[1.9595582189154384, 1.127134384186716, 2.7579837073728526], [0.13510031518687593, -3.7825946261914685, 1.5439240259519134]]]], [[[[]], [[]], [[]]], [[[-0.7578082360469468], [0.9795261266581341]], [[-1.1582758822932955], [0.44207440069920184]], [[1.579077819450384], [-0.1436344069497245]], [[0.3605965688236806, -0.5408028507950877, 0.654111087836099], [-1.5824073198152515, -1.759021899257351, 2.349390551754121]]]], [[[[]], [[]], [[]]], [[[-2.990125925106418], [-1.8450173508668575]], [[-0.5076352483385966], [-1.6668784740382472]], [[-0.8047651577692942], [-1.923455438443975]], [[3.6965612291863206, 2.1261662075703915, -1.1428352735961516], [-0.5811999612973969, 0.3092296376040604, -0.3166910553033265]]]], [[[[]], [[]], [[]]], [[[0.31661800814005164], [-1.5456675628265806]], [[-0.62995099081176], [-2.6184436558947715]], [[-0.06042433071369456], [-2.007166056629791]], [[2.329286780110753, -1.6166648362628286, -1.249338432599855], [0.7944838335230945, 2.8660200464950303, 0.5731679918045245]]]], [[[[]], [[]], [[]]], [[[-1.0708067339007084], [-2.226159105640915]], [[1.4790969949555555], [-0.08524503346985302]], [[0.5277053000401069], [-0.4473101014823109]], [[-1.7684669541014526, -1.9859798699201252, 0.676788140911786], [-0.7754693376914832, 2.4500045516045077, 0.7116495716047756]]]], [[[[]], [[]], [[]]], [[[1.9092750771513338], [2.9489798020569853]], [[0.861642408292937], [-3.2718292217306315]], [[-1.0755107257982797], [2.9458085621080956]], [[-1.4761779252885974, 1.4980825445796577, 0.08020766117484074], [1.5390624823553725, -2.7176192641762147, 2.681973857606117]]]], [[[[]], [[]], [[]]], [[[1.0018232247321968], [-0.29401944055182766]], [[-1.912031983822364], [0.2516684956869159]], [[1.2219546905228857], [-2.594354097749982]], [[-2.26371575406405, -1.3785815026786963, 1.3253601500493557], [-2.2551398863735717, 1.6432793859704817, 1.9896426358956036]]]], [[[[]], [[]], [[]]], [[[2.0796675376725475], [1.4359219197769728]], [[-1.3193246732774906], [3.1106479330952945]], [[1.954269196065411], [-1.821894780751256]], [[2.3553248425245847, -2.804609106895484, -0.2854368259014745], [-0.9240422142012507, -1.0303284200818041, 1.2981506189129783]]]], [[[[]], [[]], [[]]], [[[-2.229419029243277], [-1.4565308214559243]], [[2.961873964807796], [-1.3422979891456652]], [[0.26200736876280806], [2.8709516827192334]], [[2.268877587810351, 2.851931038514349, -2.289938878752011], [0.7945967309483417, -1.1538618144272403, 0.14749543170357549]]]], [[[[]], [[]], [[]]], [[[2.6158892340200652], [-2.2292932249504362]], [[-0.926096962071124], [0.530009951218176]], [[1.6450161635469696], [-2.399014260775537]], [[3.142601419478155, 2.390394179759751, 2.4366376385158275], [0.08555161297010273, -2.5758938865189758, 2.987744901145634]]]], [[[[]], [[]], [[]]], [[[0.6920246672851191], [0.5893510901768648]], [[-2.8373827855008713], [-1.7545335487763427]], [[1.07198777773701], [1.769259981546548]], [[2.8835747452433003, 1.637338374239512, 0.9330739245750692], [-0.22634478059991947, -1.9523988886444736, 2.715130966280401]]]], [[[[]], [[]], [[]]], [[[0.5366791438443468], [1.4049076822043747]], [[2.303224492192953], [-1.6379147212515965]], [[-0.30359434119972706], [-1.5690430504025714]], [[-1.5010498351673236, -2.6428280010728944, -0.18902579683299653], [2.6407891957313394, 1.622291789280622, 1.2280057790395646]]]], [[[[]], [[]], [[]]], [[[-0.0586341845885817], [-0.7267995585168238]], [[1.1916891911923115], [1.8798412020853155]], [[-0.35219979307086463], [0.06525398680630955]], [[-1.3598136858021694, 0.335536756724996, 1.9491547926599042], [1.7639891253575197, 0.28527948894817323, -0.8891048964827428]]]], [[[[]], [[]], [[]]], [[[2.0103175198468195], [-2.962824294174187]], [[-1.552128173123416], [3.062638556851191]], [[1.1145372762917012], [1.6427417880302226]], [[-3.120266882057593, 1.327285216885016, 0.5850214140606541], [1.0984562201487795, 1.36873504813367, 2.6833829347306275]]]], [[[[]], [[]], [[]]], [[[3.273517780677527], [-0.45452965142736723]], [[-1.4714191891666688], [2.422704893237276]], [[-1.293237338537294], [2.582110010438702]], [[1.573503520688785, 0.21800262498437295, 0.6726906975620008], [2.5897523482143594, 1.3673987656771858, 2.4436596708990894]]]], [[[[]], [[]], [[]]], [[[-0.15926811215040726], [0.7596805148369508]], [[1.3688098861640443], [2.0635239851745246]], [[2.209485108625318], [3.0965805811501714]], [[-0.336482635793574, -1.1476546448589424, -0.03136544421320689], [2.8937801452576486, 0.6664368851872193, -1.2999188615132635]]]]]}