{"noise_params": [0.0, 0.05, 0.1, 0.15000000000000002, 0.2, 0.25, 0.30000000000000004, 0.35000000000000003, 0.4, 0.45, 0.5, 0.55, 0.6000000000000001, 0.65, 0.7000000000000001, 0.75, 0.8, 0.8500000000000001, 0.9, 0.9500000000000001, 1.0], "max_scores": [2.8284271247461383, 2.755870589559267, 2.6814348076804935, 2.621173646711924, 2.5545458542920025, 2.4988929409988616, 2.4322922263820734, 2.33433910224717, 2.3150578329855147, 2.280635665481117, 2.2104579476039463, 2.189518487335905, 2.152838427520334, 2.1155290978012236, 2.0861059060378753, 2.061355660620758, 2.0288885302898803, 2.016505945892355, 2.0047153903146753, 1.9996032505899186, 1.9999771805852584], "opt_settings": [[[[[-1.39028614741816, -0.4934882730406013, -0.6216485688817718]]], [[[-2.8342162380635663, -0.39263964151618064, -2.960286328180496], [2.8485699658348973, -1.8341354952631492, 1.8465959715322793]], [[-0.7473062737530141, -0.7979057024088162, 0.6873280630308498], [-1.0010871556691128, 0.855177849660998, 2.01106255072604]]]], [[[[2.4565625299246387, 2.4804785454325144, 2.4226190805590813]]], [[[0.28661563776522997, -2.4048697323643826, -0.35727817831875575], [-2.9305976755938876, 0.812319029389037, 2.4424295078388534]], [[3.244796464562313, -2.1450214456774557, -0.7986598322284739], [0.833436892944317, 0.6200482534273963, -1.354142543290988]]]], [[[[-2.48009113430154, 0.7090820722050104, 1.1286731034766795]]], [[[-0.8190616007147095, -4.049206385843893, -2.4897567255155697], [-2.8410930637370555, -0.7774789563919933, 2.1180973541857986]], [[-1.5817572964407696, -1.9897205296099196, -1.7563013424551466], [1.6556453153814463, -2.770952513177767, 2.7481271502001663]]]], [[[[1.2309792781977467, -0.35046818895587806, -2.272429067636288]]], [[[1.4528427444718301, -2.0866993403400933, -2.8957383538646764], [-2.276170683903686, 0.5244198167600982, -1.2256552521301087]], [[-0.24969404359067907, -1.430870868655143, -0.03201427673946088], [-0.7519394185694132, 3.1365994583762737, -2.5568979508500647]]]], [[[[-0.22778470675543236, 0.7635957445229912, 1.8168273587573152]]], [[[0.9962640604102112, 0.4942988973282998, -1.818168614002358], [-0.3412900449714254, 1.4930418715641218, -0.5663000675459426]], [[2.243263413367462, -0.7820685260021261, 2.351291846078615], [1.4222490472185072, 0.5799408777780223, -0.17587401823130025]]]], [[[[1.6657464170609015, 3.1385830052408332, 0.41138332711539555]]], [[[-0.11892658480563867, -0.8214072303534357, 1.5714959072417045], [0.2409164313422655, -2.6349164590290153, 1.4069694697926618]], [[1.9057787008985863, -1.375640002752332, -2.8518213962302115], [-1.8321959963578363, 2.9656572587329455, -1.5642993345477407]]]], [[[[3.104104506432153, 2.764288020980272, -1.0862088140276611]]], [[[0.690740661739664, 1.458668911558234, -0.7176609814904706], [-2.119959537323084, 3.0641721426984567, 2.9368597787491266]], [[-0.38553671085171715, 0.862877356825453, -3.0444263535901976], [0.702596925612082, -3.192561278774448, -1.8493146400193847]]]], [[[[1.9488600590234553, -1.28180433800781, -2.661531370136675]]], [[[-3.6174692276508456, 1.102866804846688, 2.8087679962465586], [-0.18144320778837955, -2.672997633643586, 2.03561116950885]], [[-2.1326374977469196, 0.5522141031821738, -2.4356223317582013], [1.0862857204345828, 0.8967797674249729, -0.6185846449217545]]]], [[[[1.7655496924370786, -3.022028482650863, 1.3523792847476033]]], [[[-2.463256734436867, -3.305809478693076, 1.2000614939796392], [2.1655263273060594, 3.353802313311955, -0.5287324388124546]], [[-2.078196014711089, 0.044745109141860306, 2.633284519039977], [-0.5349811379487784, 0.6948743643508667, -0.6557273365164145]]]], [[[[0.6907674681581341, -0.1578482626130316, -2.2793249836531424]]], [[[-2.303075906291628, 3.3708140044375776, 2.8916644825128683], [-1.563648494291582, 2.4771488300231193, -3.141205423893456]], [[-2.7187293235058387, 3.0587187807731353, -0.7630951259289431], [-3.0452906613310584, -1.6934271350180352, 2.169643106301164]]]], [[[[0.70812273429532, -2.370202032074151, -1.8634714903101965]]], [[[1.646188479558778, -0.3331498352222296, 2.223180709493641], [-3.085129560999578, -0.8220469466226837, 1.907712812382412]], [[-0.9212884444999552, 3.706542922322587, 1.5500761737349773], [3.4704316268464233, 2.2432569900133035, 2.106907967614796]]]], [[[[-0.594646059916004, -1.0813754395687953, 1.7982642854725241]]], [[[-1.8666418889643799, -1.0186232106994901, -0.6916482413766798], [-1.5108609581630077, -2.5635814345882313, 2.616185717610114]], [[0.07998146997942465, -2.9758316891886136, -1.8731013432388792], [-2.4222212767110447, 1.219343701861953, -0.7640135802171444]]]], [[[[-2.9904543862780253, 3.179341443564111, -1.7900912079334659]]], [[[-2.311756597605381, 0.03047453247450668, -2.67937326344155], [-1.1393247155237298, 2.0295103295945824, 0.1015587997405664]], [[-3.0580956839624447, -3.5802305798405105, -0.9629090134261182], [-2.9655881546768112, -2.885057959493714, 1.7342850917255488]]]], [[[[-0.6477248360065607, 0.2902413196159587, -1.6015333392907338]]], [[[-1.9716120452090953, 0.8504204303320742, 1.560902612050965], [-2.481577574150909, -0.10445666793222469, -1.7645416980578092]], [[-0.6094132212755561, 0.08643004881721617, 0.9508296484501768], [1.0993259646741813, -1.8149365500077599, -2.7807123814122394]]]], [[[[0.637933347736293, -3.2436071302424763, 0.5342418415867635]]], [[[0.9942957193487769, -1.7154070777061183, 3.0906612340750836], [0.529513831215089, -3.1122305533524037, -2.3554172442005754]], [[1.9224195282509415, 0.1938544931985924, -0.04805856813050693], [-0.8198748628068829, 3.04413413228622, -0.6310329318837606]]]], [[[[-1.3932028165697243, 0.002664153942472814, 1.7525104896229136]]], [[[0.9463664608679909, 0.46265566666944996, -0.3292870985554774], [0.6954951478259742, 3.0974152802895527, -0.801720700970267]], [[-1.1632070218507884, 2.6529329727281783, -1.8966568861517263], [-1.0632914343646376, 0.0380484811474268, 1.958551493494018]]]], [[[[1.4743055930263984, -2.865419305517752, 1.07978569647657]]], [[[-2.4713975306278924, -0.10935036462072946, 2.786149862973188], [-1.0795031144309046, 2.539793502213189, -1.7067734912108572]], [[1.8665105202028636, 1.6047150289324312, 2.6637925736650727], [-0.5885511517555184, -3.056478807721118, 0.19091457232968478]]]], [[[[0.09685567023170022, 0.30663768233381933, -0.06890072901577846]]], [[[1.9768129816391613, 0.045695309272979226, 0.9978510302127583], [-2.060548297885813, -3.4836511249007467, -1.0685797758385318]], [[-2.173253391314642, -0.27009011119342086, -1.0171980442024213], [2.9532628987475955, -0.3195016492268114, 1.4348795791998477]]]], [[[[1.3196023271305488, 0.008981711511615715, 1.9731673977371742]]], [[[2.528718481161371, 0.002068714358264767, 1.968179556366815], [1.6625556124016503, -0.9122182886188714, 2.154284018590734]], [[-0.31105021968240526, 0.0014980556407936264, 1.624893142513267], [-0.9106243979345702, 0.16901252586108706, -0.8239325343194244]]]], [[[[-0.9215761397738136, -3.1016655134838786, 0.863850235824867]]], [[[-3.002314664149905, 0.5795211664421116, 0.9434623027149556], [-1.7772106189322225, -0.05571187517978134, -0.28042096663623717]], [[0.5135860365092716, -3.1093491447415236, -2.295979431439378], [0.621524436003894, -0.7223041988050314, -2.352933304729542]]]], [[[[-1.8294029558586555, -3.139562318316271, 0.14728725574454463]]], [[[0.046891010268508254, -3.1391105062896454, -0.16519780675556986], [1.1195914685596264, -0.8437763106755477, -0.4614575771020765]], [[3.101959029862231, -0.40148079810435866, 1.7914627864163926], [1.3140172786113355, 0.004243792133035039, -0.32628731992945065]]]]]}