{"noise_params": [0.0, 0.05, 0.1, 0.15000000000000002, 0.2, 0.25, 0.30000000000000004, 0.35000000000000003, 0.4, 0.45, 0.5, 0.55, 0.6000000000000001, 0.65, 0.7000000000000001, 0.75, 0.8, 0.8500000000000001, 0.9, 0.9500000000000001, 1.0], "max_scores": [2.8273701734983145, 2.6503270549882485, 2.507889196550661, 2.275290716065747, 2.2235348236953385, 2.050765443894095, 1.980859637376117, 1.7976337275934176, 1.9714709810634525, 1.8698416452301276, 1.9100914811541987, 1.8113901919136484, 1.8435922095164532, 1.9770042769879206, 1.831914044250294, 1.9509665060869696, 1.8636139037940185, 1.8771168844045256, 1.8980557643259743, 1.945561799205767, 1.9963902340157618], "opt_settings": [[[[[2.3677780483519193, 2.946429794108031, -2.9861437709368723, 0.2468069254630789, -1.2282595162302907, 2.250573413001992]]], [[[0.8829405453620083, -1.4188460328195436, 2.726964066855193], [-1.1449626874763483, -0.4157419414107833, 2.4761163274175297]], [[1.5839548186997847, -2.1724324330048344, -2.7652288289604443], [-0.1212170175383412, 1.715462984213995, -2.0707509697272086]]]], [[[[-1.8111213841951608, 0.8248395476609441, -2.466375062535416, -2.2996152544118567, 2.7220039604940034, 1.1392966057031886]]], [[[-0.0010384708738018391, 0.01384858594094785, 1.360749686017642], [-1.216084925526098, 0.7348995124409138, 0.25995755368867846]], [[-2.290832423378061, 1.7416723050711238, 0.91284249940158], [-0.8981328885478802, 1.0543450530894662, 2.5663778397932573]]]], [[[[0.7656416369327749, 0.5328421300441902, 0.5664842730161574, 0.3459252009274424, 0.1281269542359211, -0.673607196428164]]], [[[1.2015545237943337, 1.9190906255830902, 0.506806689908045], [0.39431545908400584, 1.9684434237603519, -1.9991619337568993]], [[1.5374710270147929, -3.783129397707708, 2.782905822373836], [0.6709241053200808, 2.231405836276873, 0.029066747383087732]]]], [[[[1.9234204840049929, -2.497253895597727, 2.2217890185316413, 0.016499859353532174, -1.027457698765559, 2.049746157692788]]], [[[-1.4850690770975223, 2.376496825904208, -2.2268728439683856], [-0.36955153554454373, -0.33095281001986027, -1.790051441845526]], [[0.11108399648138002, 2.765117457949965, 1.0709993858192268], [0.6581883492004613, 1.7130909917114066, 2.6369790921107557]]]], [[[[-0.7531659294147653, -0.7065192072919472, 0.27174377644175063, -1.8948889543435417, 0.09945425631847146, -2.2137920584587842]]], [[[2.2183759160151095, 1.4732884170292933, 0.17751676824021662], [-0.17175266239124493, -2.459966301235926, -0.6312164778166021]], [[-2.3992386422244754, -2.5275825960838176, -0.8049974699611191], [0.28360563182178694, 1.999514299946465, -0.27315622543976215]]]], [[[[2.2851139663216933, 0.7617599068452162, 1.4667911124125868, -0.647834692778788, 1.6871579900481297, -2.5025887413731565]]], [[[0.4936258196927098, -1.3057319041415194, 1.0070702987533888], [0.784258061501742, -1.8672102136010227, -2.894023989962451]], [[-0.039836683836377916, 0.7143726318281998, 0.1975397187775112], [-0.3405125886024411, 1.6348819929120042, 0.5734484613025006]]]], [[[[1.4097085722578238, 1.7051257641338977, -0.4076853234152417, 2.118665795786721, 0.654836194230709, -1.522246916818915]]], [[[-0.19732142810006892, -3.082195592356971, -2.5235753643877534], [-2.518282638265178, 1.5055197818271453, 1.953911379068077]], [[-2.876370776421093, 1.326140910017865, 1.5202193497517333], [1.4658925271487215, -1.8907316363473, -1.0968525071813913]]]], [[[[0.5321674182751998, 2.214709288678928, 2.876195331101555, 2.820964896487765, -2.298446667934877, -2.2928144584620043]]], [[[3.3215347994263906, 2.1435872806850345, -0.010918970178555507], [-2.739962809761016, 1.863547718530455, -2.742342097222709]], [[-1.1957348822398166, -1.085744518850246, -1.5069403545659505], [0.1521426715465279, 0.6495520566290272, -2.980666465634938]]]], [[[[-0.4887581306587706, -2.5391242239242424, -0.1386857596137606, -3.2197314673474415, 1.918152260099903, 0.10657409642636184]]], [[[2.758761715458464, -3.8582196714241226, 1.5315186452331844], [-0.2894761785020866, 2.384768210008146, 1.1246713599271247]], [[-2.3276483233421876, -2.600904139327228, 2.4064443568693354], [-1.358361807405978, -1.8548842993552868, -2.0846348004295967]]]], [[[[-1.677237795842956, 0.1397214260961584, -1.5047376703613136, 0.011494676265963021, 1.3773808650900932, 0.11529228939820796]]], [[[-1.6164044209127133, -1.3528739687499647, 2.9635911972218407], [0.14650754851869036, 1.8455537531415909, 0.8780012268026365]], [[1.8619061273301962, 2.2475220858327596, 1.8076857257751122], [-1.4898101903518235, -0.5210192931842199, 0.5807733397574633]]]], [[[[2.2728196381015744, 2.9393740143869946, -1.9308989166315265, 1.4460677951089804, -3.2699368487517018, 1.5395495083489446]]], [[[0.21433550775330906, 0.33284398516474123, -0.3441506448543703], [-2.120641229080196, 2.046429983290686, -1.238891614743729]], [[-1.4841647464130234, -0.3445347855460593, 0.3605182988516549], [1.1761388353619169, -3.0969540587901503, -0.18758018661855091]]]], [[[[-2.7479965389952556, -1.6122783799972071, -2.0128694992011575, -0.7690300157691897, 1.3759912283603044, 0.39156034741173423]]], [[[-0.008029935311804789, 1.9134969414859324, 1.6481278527067413], [-0.11500510019786579, 2.4242327122444287, -0.4450149069983569]], [[-0.5000027858480547, 2.549454853157213, -0.8981232496125728], [-0.42674659829833766, -1.7943911425457928, -0.9933810880288263]]]], [[[[-2.510186842877476, 2.3076837447048266, 3.044553036771849, 0.2076888146657806, -2.046606029449979, 0.08658196412622754]]], [[[-3.2193097975673988, 1.7780482255089556, 2.31344048195478], [2.089686867884307, -1.4469242087809875, -2.085567109876245]], [[2.0867557676740063, -1.0487487779548033, 2.1504411362800866], [-2.202382323061668, 2.327973644232122, 1.8654350273584823]]]], [[[[-2.480556296310505, -1.0348847871737532, 3.329256236071525, 1.1395759416717433, 2.5527303020939818, 0.12708818614069434]]], [[[-2.7046354989572885, 1.7207263983249326, -1.7960784972449522], [-2.1853523754885487, 0.8232062207369636, 3.1225247197673403]], [[0.1405327090386692, 0.609607170710107, -1.3966734737816195], [1.3554388425421746, 2.6805892573247228, 3.025074583968169]]]], [[[[-0.37186613806376834, -2.0475551711481326, 1.6050774616583157, 0.07312483686973836, -1.4905953428524736, -1.5268598361321435]]], [[[-2.5678257271766296, -0.717048559822659, -2.1110100893766006], [2.334067582852999, -2.8510675770720098, -2.331332960279626]], [[-2.1801281556195007, -0.9907939389720472, -1.9555986930003517], [2.605656399009685, -0.5237173551532617, 2.936982351967366]]]], [[[[0.002569479676507693, -1.7615686840721243, 2.5694779114152997, -0.3683880161449492, -0.8918924702899078, -3.0657923366567883]]], [[[0.125246211871805, 0.6010795519489379, -1.6277021016981235], [2.997940225241634, -0.6224604743208213, 2.7838222060629265]], [[-2.8689059267909176, -0.21468442545611718, 2.7068874235469638], [-2.939714060345776, 1.6269647074694082, 1.5784579783536223]]]], [[[[0.36618020577594895, -2.80775667048636, -0.06113075026503556, 1.4308688360230692, 1.5089920779941481, -3.1729491377149657]]], [[[1.7931842998199101, -0.4199825747182716, 2.8006545317563676], [-0.4780894977631682, -1.3856296588359753, -0.3644503000375039]], [[-2.695715113801721, -0.5961830584796218, -0.907466701419958], [-0.003935931352839468, 0.5250452834285341, -0.8743191420824634]]]], [[[[2.7393928285380076, -2.3299794423251656, -0.4593677713708109, 2.257015355461487, -0.8223192169070683, -0.400580801092244]]], [[[1.6679497459520078, -0.027686411315127387, -2.425591526591131], [0.46629970703617485, -0.1402221227378151, -1.879583005364803]], [[0.7668196761819595, -0.24026551983399547, -0.5238474205714505], [0.8768096761209418, -1.7072830051259995, -2.3189979002285397]]]], [[[[-0.012448964494150307, 3.000737203505374, -1.6628290524143465, -2.9642831507308616, 1.92128583249555, 1.625769970279469]]], [[[1.9077318138134687, 2.319433043690915, 1.506179337814725], [-1.4395588550553513, 2.9595421578060064, -0.4745866368652192]], [[-2.184922932179132, -2.25359645796052, 