{"noise_params": [0.0, 0.05, 0.1, 0.15000000000000002, 0.2, 0.25, 0.30000000000000004, 0.35000000000000003, 0.4, 0.45, 0.5, 0.55, 0.6000000000000001, 0.65, 0.7000000000000001, 0.75, 0.8, 0.8500000000000001, 0.9, 0.9500000000000001, 1.0], "max_scores": [2.8284271247461845, 2.6215732809705026, 2.4673147655938754, 2.2467431869177004, 2.2622139610265823, 2.093798347660134, 1.9458216556391703, 1.804044093349007, 1.5850517095105614, 1.5454574030287778, 1.4123036920147014, 1.3395196744408384, 1.3096315198589814, 1.2929401471772997, 1.2664337314190623, 1.2848974331468637, 1.3388286856627591, 1.5140120633067782, 1.6182514903419247, 1.8016401725693312, 1.9999999998132933], "opt_settings": [[[[[-0.9073526439010623, 0.6706582790562853, 1.1951326096801995]]], [[[2.5201607808264157, -0.8037005904530011, 2.949638074976889], [-2.885177485994363, 4.025663430194724, 1.5522898463753554]], [[2.953311273876389, -1.856673090342171, 2.5961374813673483], [1.191524243232696, 1.0544594021266016, -1.4232453740976165]]]], [[[[1.9333926679475506, 2.7690596437695625, -0.10248206646502614]]], [[[2.2517544018789666, 2.972197820839853, 1.6229989980453832], [-0.6164226789903449, 1.7239930236855254, -0.51469894888413]], [[-2.4030938364879826, -0.9704660837328533, -2.3898670651371456], [0.1917829639304934, -0.7319996199898097, 2.389589796885387]]]], [[[[-1.3175885317811113, -1.6373047734062005, -1.3130074154406082]]], [[[1.9841351374594398, -0.7748355664104717, -0.11511162896248174], [-2.028115774370775, 2.1351454760429904, 0.10001393322566306]], [[2.821324221527519, 2.975674083507076, -0.2813169739678378], [0.8705781456527382, -1.3618909248497388, 0.011621257675050468]]]], [[[[-1.3263024800614316, -1.1458677837443385, 1.9534631103496418]]], [[[-2.1011322187915242, -1.1851759050577897, 1.191335094077119], [1.5036064084146405, -0.4666444811507662, 0.8555418351760977]], [[1.5339867745288667, -1.553056363278187, -1.7174187743636198], [1.3932856253693577, 3.243250612406723, -2.7134498336491673]]]], [[[[2.9676287029904107, -3.1849154962182697, 0.8265446549924516]]], [[[-0.8827286522940349, 1.378910699381788, -1.2697193157723206], [0.5573115229023121, -0.6783560536046355, 2.727804459336445]], [[-0.3733596187005858, 2.259685116266998, -1.4145268350720304], [-2.5954974533025608, -1.278033172879999, -1.4551321622717672]]]], [[[[0.9999778841198789, 1.2479567860162615, 2.320864280446047]]], [[[-1.360219606130132, 2.1338679271589376, -0.2758989703311633], [0.13911293249799753, 2.203182996774523, -2.2920828091934733]], [[2.9847942806595484, 1.7131532543416188, 1.970690116420486], [-1.335887609379498, 2.720163742108364, -0.7410317418517027]]]], [[[[-1.950725541647448, 1.7696820661232548, -0.06612512808650224]]], [[[1.1501423958535872, 2.5954202269641584, 2.201873671472134], [2.2398709048686536, 1.1035087255146492, -2.231549109520094]], [[0.199954427458481, 1.2513089723452266, -2.6648106000456018], [-1.4691006709459875, 1.9939939052349716, -2.8854206512847718]]]], [[[[1.2185104037352945, 1.2482908816174845, -0.9147024402829692]]], [[[-2.116213849514996, -3.489548756993655, 3.016811782412378], [3.0146521082692024, -2.1416559087454714, -1.7743496810017563]], [[1.3701352809625025, 2.0304025992240753, 2.816949001116326], [2.862448641627507, 0.9781285572042896, 2.2694579893018547]]]], [[[[-2.5721290481404275, 0.6550657985696362, 0.5951237808863183]]], [[[0.7988301900894985, 0.11750897713097554, 0.4472649485401572], [-0.4063849392160263, -1.4607009101305728, 2.8178774497503127]], [[-0.9917939657888967, 0.13426166604868583, -0.076477727774333], [2.3495052242493757, 1.4943229392222892, -2.7531868400222588]]]], [[[[-1.957661571366291, 2.278128151453243, -2.8827805203895798]]], [[[2.150158366287338, -1.1476440265685557, 0.9926806069368794], [0.5334820233471071, -2.0113724086716664, 1.8940605632762457]], [[0.4060228320254266, 1.4694478437675083, 3.1371950219074876], [1.9577408357110235, 1.0614732118686374, 2.668416972602375]]]], [[[[-2.585863019062423, 0.971496467345656, -0.08319241956181964]]], [[[-1.5074614808700768, -1.1023799920506094, 1.729186586220882], [3.2345520590518557, 0.7129918482551852, -0.3229844652936231]], [[1.3923955352739619, 0.6780737095804569, -2.406291041253729], [-1.7928347177337467, -2.0735301692840866, -0.6754283747196594]]]], [[[[2.2526257948199473, -0.34338820020290695, -0.4016752202852923]]], [[[0.08822664238108473, 0.9983869106542698, -2.4533565376016933], [2.0842300702276266, 2.371040058984065, -2.292708967645288]], [[3.1438632045572974, 1.957860618895414, 2.980055866193525], [-0.8563277122636151, 0.6414030490407692, 1.251268137253053]]]], [[[[2.430386567112492, 0.8874021812706222, 0.6039690194223611]]], [[[0.06446221121126726, 0.06901423820623488, -2.696210755979945], [2.8662503108686654, -2.1695641859141603, 2.356683947594214]], [[0.4748503922732768, -1.7777917028175172, -2.4705120885601675], [-1.574458821411119, 0.2576931351547929, 1.0530906948131138]]]], [[[[0.3230844102097308, -0.44939732007203703, 2.1370118045348967]]], [[[-1.051455656919224, 0.13567920162078675, -0.9181973994357961], [0.011146569035992548, 2.071522383254169, -0.47732503995913156]], [[-2.913808429405102, 0.42160229760076073, 2.5483304491479952], [0.2991436061712381, 0.14475659122374684, 1.2703534905257312]]]], [[[[-0.9691368120257288, 2.310551852397963, 0.7999957656371784]]], [[[-0.03817562745776488, -0.8489963133354987, -1.0651611360351372], [-0.8914040346202128, 2.7302879312980575, -2.1983764981802274]], [[2.9160616819314806, 2.539324133313023, 0.642827107903801], [1.6007593116567969, 0.3970617063528371, -1.5977826459597175]]]], [[[[-0.4481415529045595, -3.39529590059205, 1.7867563559828261]]], [[[0.8949071004576259, 0.4677436804501669, 1.546606856195294], [-0.9438809640896704, 2.7267062900274945, -2.860636583225671]], [[-0.5514255272702484, 1.2027121450201288, -1.7600773694667913], [0.45922254746586383, 0.274583125833932, -1.0633585735770552]]]], [[[[1.705180105636179, -1.6353774454887338, -0.37631275217082194]]], [[[1.0403218021171683, 3.083843465741667, 1.0623146262305694], [-0.14960206751000896, 0.09908016101446726, 1.6887209558692042]], [[1.399956658526966, 0.23491528290487412, 1.7388710743070295], [0.5668172077984659, 3.2062644755614405, 0.06994039767478011]]]], [[[[0.004103125725899493, 0.7180246312447436, -0.5979621330385472]]], [[[1.918923055984275, -0.022320516918165813, -2.65872646119484], [-3.1654112866262114, 0.5422651804177732, 0.07860841015054104]], [[2.12629381182173, -0.039167230324948434, -1.558558045738469], [0.701745458592899, 0.3796340326972122, -2.83491711224706]]]], [[[[-3.012945376281126, 2.128977661108867, 0.6923374877658348]]], [[[-2.0644204982598766, -3.1019447191744214, -0.7914585866517098], [1.1115341046662364, 0.37830742851659077, 1.8000041045271304]], [[-0.4903784942681789, -2.2641197653107032, -0.2859567176361524], [-1.7658560149346605, -3.1555780795203736, -1.444118635718997]]]], [[[[1.0613650440191156, -2.87648079331779, -1.330545637227133]]], [[[0.07609313260521713, 1.1429997897575785, 0.9690929160721691], [0.42537892710614533, 0.0020197942553205617, 1.164847543182117]], [[-2.8641676114665096, -0.029373167528775963, 1.4406298972266187], [2.9065829665587923, -3.010691262933836, 3.035869297052905]]]], [[[[-1.59057104419885, -0.07317527063585151, 1.7787420107963543]]], [[[2.135778133217772, -3.141406739245673, -2.1937850820840343], [-1.715341309626342, 1.1782084634587795, 0.7209798662886868]], [[-2.4260139905612297, 3.0558169906684682, -1.215165051357865], [2.3800689891687306, 3.137680777000072, -2.793972109302787]]]]]}