{"noise_params": [0.0, 0.05, 0.1, 0.15000000000000002, 0.2, 0.25, 0.30000000000000004, 0.35000000000000003, 0.4, 0.45, 0.5, 0.55, 0.6000000000000001, 0.65, 0.7000000000000001, 0.75, 0.8, 0.8500000000000001, 0.9, 0.9500000000000001, 1.0], "max_scores": [2.8284271247445556, 2.658955718772719, 2.4866175077148838, 2.351270349364203, 2.15286151167106, 2.015019271452045, 1.8459305042788592, 1.8352734168612557, 1.6804659535738071, 1.5265774508061136, 1.4140664144633275, 0.926108649161884, 1.263113083498238, 1.2937000929547462, 1.2315988707841257, 1.3346408358291841, 1.2702911032555688, 1.5154402628514645, 1.6119971477618456, 1.811007644018332, 1.9999083998864522], "opt_settings": [[[[[-1.0848333761139581, 1.2317355573962527, 2.754740039897566]]], [[[2.844256002912922, -1.8981059773833768, -2.1005292542298153], [-0.568377507437114, 0.2786638230427743, -0.3715711666620801]], [[-0.224781557493845, 0.6836487136572236, 2.841916753275071], [1.3735315698532202, -1.4634066967635728, -0.5805547696819886]]]], [[[[-4.092342285181866, -1.0777837519181488, 1.5588856907371516]]], [[[1.06522394712983, -1.7006122001961679, -0.1808199217829353], [-0.44579912249601367, 2.5490285382185083, 0.7857255432814426]], [[0.9122437619881256, -1.2270433309884559, 0.25106921356177697], [-0.2600860762903913, 0.8834791589372916, -2.4777286319143594]]]], [[[[-2.3150309637609254, -2.13711831433657, -2.403831166052033]]], [[[1.0782635649122225, 0.473211199620392, 0.28357623820884115], [-2.5284039806118908, 1.3967575233429237, -0.20797152831704846]], [[-3.370700013511665, -1.729064409101707, 2.802921973135537], [-2.1208554177293477, 1.8327992316751656, -2.3257317469547965]]]], [[[[-1.6457687675711044, 1.2604050242519012, -0.44279956228409434]]], [[[-1.7576100321015695, 1.9656009196210453, -0.5406756553646419], [-0.12385268798220773, 1.708479921842159, 2.3937895353322416]], [[0.37063328372181, -1.897863637295557, 2.848014780766137], [1.3391571728239966, -0.5020471776136911, 0.7990161199656973]]]], [[[[-1.0086020839153762, 1.6517840190514836, 1.8815403025252813]]], [[[-3.1836272859120016, -1.5690478082959436, -2.316144777130325], [-1.4650296076345777, -2.9637230071496212, -1.9730143060522776]], [[1.8282468306351554, -1.1950800538665607, 0.08660919929150927], [0.14440841981571906, 1.520707571969327, -2.6273041689210435]]]], [[[[-3.319840028554574, 0.899827293722644, -0.20919434880785703]]], [[[-1.0645599525339102, -1.6065058813274067, -2.6778655196166827], [-0.39526550904504265, 0.2475889632032539, -1.6421714072457523]], [[-0.7432344088629946, -1.0343789396241714, 1.3506876043000018], [-2.1791757815888104, -1.7225072783930049, 1.90743113126278]]]], [[[[-0.7727957131837938, 1.9352420010753657, 1.053249483225743]]], [[[1.256988915713287, 0.9657897258276396, -1.9441098163391286], [1.4762018213354786, 2.2833282234531738, -3.010148172376161]], [[2.4489040585339237, -0.6875612846977246, -1.6186561611723078], [0.7000033957737747, -4.156272449021445, -0.24935409485064938]]]], [[[[2.519520108702274, 3.586934895967402, -3.276940477785433]]], [[[2.258692639017545, -1.4296953662493166, -1.1292838006715256], [-0.007738021783170108, -0.8605425834659087, -1.310863612493637]], [[1.235231827506014, 2.307321472495484, -0.15161914841317572], [0.08718101193250424, -1.667791042536382, 1.1173557151707767]]]], [[[[-1.52150794747167, 2.2001701169099435, -0.4516226678545577]]], [[[2.52586256438614, -1.5949466239135208, -1.3161085056056143], [0.9512585248262025, 1.8580354888220953, 2.6735547276639204]], [[1.1257398050906862, -2.368839106095229, 1.3488933684319528], [-3.448971684998309, 1.3646955399137362, 2.517123600048091]]]], [[[[2.6211211471373543, 3.908303889064419, -1.5004772531861903]]], [[[-0.894503406967803, -1.0446101590960575, 1.4387895599982974], [-1.5208584187565093, -4.02364841246772, -1.1568495966364865]], [[1.1924964219387237, -3.3784514896796116, 2.259343789696909], [0.9150379691112968, 1.231705094281827, -1.9698904571442597]]]], [[[[2.6101175060740958, 0.45108179230073, -3.402406225666024]]], [[[1.8714052209158258, 2.15459367911672, 1.5719603962924804], [1.5889890865204341, 0.4601624511976152, -0.05531167881572425]], [[-1.0815768119980962, 1.0545513674518345, -2.104234727614886], [1.9581026680537317, -3.0101007401077404, 2.8692636925401516]]]], [[[[-1.2748216102371854, 2.82229959636411, 1.8990699460222125]]], [[[-2.3467685498555504, 1.6034278229850605, 0.4411314487432798], [-2.295670361781419, 2.172192001856173, -3.067064534329324]], [[0.8471983918727727, -1.7906899517144068, -1.060944145011106], [-1.4963023037396679, 0.21109111359740929, 2.430771281303424]]]], [[[[0.3311311795389676, 2.0711756177049976, 1.0212628721241788]]], [[[0.2955423550115287, 1.1436963292861504, 0.8262555431157694], [-2.244671420225111, 1.2567140886581354, -2.6275020818134833]], [[-1.0375020252992664, -0.7073177985785482, -1.8009548525031998], [-2.2536608714562543, 1.0110209713216471, -0.20360701657497327]]]], [[[[-0.4193405171395805, 0.37357068046899544, -2.2610426245904747]]], [[[-1.4763315764432967, 0.6853060135959157, -1.4171816810291853], [-1.6300148293389534, 2.125825713494201, 1.5947827818217348]], [[-1.9438078405155157, 0.9977968232097738, 1.092913979860616], [1.831833469738745, -0.14011734923894242, 2.661364879095083]]]], [[[[-0.6320446631356029, 1.593758972877899, 3.56087643742521]]], [[[-1.8042374801862031, -2.3862617306549923, -2.615959631602373], [-2.9321541707256813, 0.6973373773712148, -1.7690663105655884]], [[-1.608815911182369, -2.2458473169895043, 1.5895941346809668], [-0.6107531924969462, -2.4599499303005867, -2.6430607980844676]]]], [[[[2.006000618188842, -1.1786462902656096, 1.7663606902024112]]], [[[-0.08048479601942443, 0.6407532413991636, -0.8173532426620551], [-3.0030651576976624, 0.6059415414907389, 0.07926820146995121]], [[1.5664570722924565, 0.3477599688898437, 1.2166184132736806], [-0.5993163030462911, -1.535589420616136, 2.8441159913114733]]]], [[[[-1.9146909097375047, 2.681937967698312, -2.2634864096432796]]], [[[1.6351957174313285, 3.003850938829412, 0.34989011520397195], [1.1338649798534794, 2.211973074161205, -2.635419190239486]], [[-2.650283382995098, -3.3611145100590125, -1.437371233151625], [-2.0565616764589763, -1.643767060553028, 1.9664537889135518]]]], [[[[-2.5049499865039273, -0.337063722477337, 0.08184296906038231]]], [[[2.4648683775226585, 3.104841757678951, -2.669670007972638], [-0.46866351156721014, -2.162656987866307, -2.951200134651557]], [[-1.5308085508701774, 3.0936593802386594, 0.23820280845328903], [2.360232457847739, 2.9308872803722434, -1.6617104328033265]]]], [[[[0.6283045776756127, 2.6047931323750344, -2.1956694053931534]]], [[[-0.960502621356982, -1.081672317634744, -2.3130609664386923], [2.6349162212637363, -2.9440146825166202, -0.387556915232191]], [[-0.7525306933135625, -2.413833990509885, -2.0965853853087957], [-2.4592678763660674, -0.318259663190779, 3.0650686540789787]]]], [[[[2.0015278858461807, -0.3554324605886289, -1.9014723098411475]]], [[[-1.398177922033608, -3.084350829101697, -3.1344421423970426], [-2.786480472941375, 3.1142429952658808, 1.4740914786516761]], [[-2.8902490895539357, -3.143823129056711, 2.8024287908124137], [-2.631705942369155, -0.7598703034124553, -1.0910371209820342]]]], [[[[-2.820068702116375, -2.5616050848382534, 0.5448959780365414]]], [[[-0.11492674314438696, -0.00998576733973724, -0.6169170819356385], [-0.08427752115598794, -2.696432298023407, 2.1632325609017187]], [[0.10757155776342471, 0.8721022538713611, 1.080960189332301], [1.7863890657313037, -0.008143379963915856, 1.0959047940290123]]]]]}