{"noise_params": [0.0, 0.05, 0.1, 0.15000000000000002, 0.2, 0.25, 0.30000000000000004, 0.35000000000000003, 0.4, 0.45, 0.5, 0.55, 0.6000000000000001, 0.65, 0.7000000000000001, 0.75, 0.8, 0.8500000000000001, 0.9, 0.9500000000000001, 1.0], "max_scores": [1.4142135623730947, 1.2618150932973187, 1.1319962304283062, 0.9748141748467398, 0.8735942872748343, 0.7804821552528738, 0.6745155581472747, 0.5758812472301513, 0.48840221019438196, 0.40956698932570923, 0.3531658705711838, 0.3077056292936047, 0.2771462674467282, 0.26799842560348025, 0.30695544463484287, 0.39390179194145236, 0.48914583839595305, 0.5966785890866457, 0.7210286808159928, 0.8536233543109097, 0.9999999829711348], "opt_settings": [[[[[]], [[]], [[]]], [[[3.2356692494384083], [1.6884142822989356]], [[2.477698769348084, -0.2542497199305666], [-2.267685156517718, 1.668811682626995]], [[-0.2542497287415357, -0.949823400528401], [-1.4729078594757257, -2.5364328823835653]], [[-1.7309383078291078], [-0.1837016318039067]]]], [[[[]], [[]], [[]]], [[[3.618065727790651], [2.0210601905024568]], [[-0.36542548193375773, -1.9276333411651356], [1.2912080033282067, -0.2716138810493568]], [[-1.9273737838806002, 3.768485581442267], [-0.27161567583205026, -0.9426550356569192]], [[-0.17037661432045764], [1.4266997526178242]]]], [[[[]], [[]], [[]]], [[[-3.391724784743973], [1.332093639314336]], [[2.0402686024416665, -2.4607190723609342], [0.6099274224853967, -0.5086819816326387]], [[-2.4606869458757172, 0.021061211180619138], [-0.5079961581913777, 1.6728339905074732]], [[3.9760027204323465], [2.4172846890243003]]]], [[[[]], [[]], [[]]], [[[-1.7066498487783652], [2.865000317920416]], [[0.66686158490212, 3.1462725122181845], [2.079008214108926, -1.74280931545284]], [[-3.1364099975847677, -2.54645354520014], [-1.7428912212141507, -1.1782677440757714]], [[1.3402092249554822], [-0.3714429837579908]]]], [[[[]], [[]], [[]]], [[[-0.5408227509175402], [-2.4005979685028014]], [[1.4397439669042993, -3.4501643227929915], [-2.980150690436864, 1.5616660761643553]], [[2.809992892206428, -2.9982086945454136], [-1.580053055852449, -1.5662740279819674]], [[2.26680163791925], [-2.1567326998445213]]]], [[[[]], [[]], [[]]], [[[1.8039730785764765], [0.05863987409745339]], [[-1.776579247421837, 2.324102241539265], [-0.8857892736230011, -1.7542003369694692]], [[2.3097455838411802, -1.9145132415934996], [-1.7637377449662683, -0.8034827047817438]], [[3.206439402835745], [-1.3424085708260578]]]], [[[[]], [[]], [[]]], [[[-0.341130996646673], [1.4603261182716936]], [[-2.363591040144123, -1.7460354394135507], [1.9839736153362142, 1.5223329644777455]], [[-1.6596496241616594, 2.1614810424595885], [-1.648084198479532, 1.1624519318436901]], [[1.6356520716180225], [-2.8975248029468594]]]], [[[[]], [[]], [[]]], [[[1.5834919507053795], [0.11136412616244476]], [[1.7250462139417673, 2.3768468924376815], [-1.427048582218998, -0.7963676119641936]], [[2.395991293720622, 0.47339577804906946], [-3.8435686006047045, 1.4441458730621854]], [[2.53644967386001], [-1.9868168707896534]]]], [[[[]], [[]], [[]]], [[[-0.04243815595634348], [-1.1080023723180084]], [[2.49198369008084, 1.415655623281896], [1.9695593989872806, -2.067146546598219]], [[0.977545255709234, -2.9919051435443826], [1.0886970208642255, -2.3557837650925837]], [[2.563679074291459], [3.688009044893898]]]], [[[[]], [[]], [[]]], [[[-1.6485829403381307], [-0.9912243642777253]], [[-1.6474805000969903, -1.543763907715724], [1.666164122094652, 0.8403471479269032]], [[-1.4485141597055884, 1.391065927484352], [0.4915415334129868, 2.721235075255661]], [[-1.7651837352431137], [-2.232261894257382]]]], [[[[]], [[]], [[]]], [[[-1.6226449838390204], [2.0427859317949357]], [[2.0544892636678997, -1.6109087912468927], [-1.4945356694577805, 1.4449933273831617]], [[-2.574492154940629, 0.35217205118601985], [1.8273642120379008, -1.8774414086859348]], [[-1.9356517501587251], [0.8062678402778619]]]], [[[[]], [[]], [[]]], [[[-1.8598599798360815], [-0.4596856408787211]], [[-1.796981479436183, -1.9100700993349031], [-0.9103785675411863, 1.3533635817514515]], [[-1.5581308793771709, 1.877990190239921], [-2.521400206857903, -0.5555133228741769]], [[-1.0958142750793787], [-1.7623777546530148]]]], [[[[]], [[]], [[]]], [[[2.00998752604987], [-0.01875976370845939]], [[1.5018542132187032, 1.452237292178813], [0.783203610348411, 1.4694925526692248]], [[-2.107037948099666, 0.2640145919394382], [2.013087830922228, 1.337283438328921]], [[2.326743343537343], [-2.4278705844540016]]]], [[[[]], [[]], [[]]], [[[2.84787536686522], [0.932235791267361]], [[1.2503231569645745, -0.9502736074289041], [2.6643546479147338, -0.845220462739323]], [[-2.569402489817049, -1.034451167717184], [-1.9205904441389507, -0.016962804892707725]], [[0.27337600357483693], [2.0689610079480945]]]], [[[[]], [[]], [[]]], [[[-2.1403664524664388], [2.3619255081037247]], [[0.6137683712367353, 0.40411233436605154], [-1.5087831732159842, -0.6825389543780598]], [[-2.831822783783947, -2.5029126003734588], [1.0415905973696442, -2.5602350649623493]], [[2.329309249980633], [1.1301069733509197]]]], [[[[]], [[]], [[]]], [[[-3.0247562322745893], [-1.037236388833527]], [[2.3059422755486656, 0.7852836706259985], [-2.6467203080049178, 2.8294418025202694]], [[2.6873716780921217, -1.0585904072164594], [3.2675829719703136, 0.26299337444636256]], [[2.249328231093504], [0.4830928963138254]]]], [[[[]], [[]], [[]]], [[[-0.1468856788292672], [2.2103126318133004]], [[-0.07307571697797588, 2.797054271570219], [-2.816589970563194, 0.0762083456484881]], [[-2.4209814266625975, -0.16118052194281382], [-3.175977295360742, -3.2881846795450578]], [[0.04602650709884409], [-2.228040551952738]]]], [[[[]], [[]], [[]]], [[[2.469451363181713], [-2.571432950190926]], [[-0.17158562625405566, 3.108618971796348], [-1.4714120312499792, 2.8078544882307743]], [[-0.06653457053311927, -2.713406990742886], [2.8432061082851727, -3.1475727571549683]], [[-1.2730835268062068], [-0.19619617135435957]]]], [[[[]], [[]], [[]]], [[[2.0856273030826045], [-0.033298591697882726]], [[0.15222550965079798, -0.49178041002565126], [0.04487175659609508, 3.135422255884431]], [[-2.6471435871162385, -2.656053253608275], [-0.0781657848179852, 2.9985886205368804]], [[-2.1005059625398093], [-0.05493242329656898]]]], [[[[]], [[]], [[]]], [[[0.012731292314551376], [2.4889772305541915]], [[-2.4700401974730353, 2.3026864506137006], [-3.0035473173632763, -3.1138912611074216]], [[2.361938873972561, -2.273885641656328], [-3.1016955189062942, 2.9234939810107785]], [[-2.349233409824897], [0.2338858560844841]]]], [[[[]], [[]], [[]]], [[[0.38245203164124353], [-0.0026394431817505118]], [[0.005670419391553574, 3.1247274359772343], [-0.9592342060741886, 1.0235079098778703]], [[0.01704523669670883, 0.017730730558192707], [1.0214054000979453, 1.036639940791378]], [[-0.036064141994359505], [0.4235144267610599]]]]]}