{"noise_params": [0.0, 0.05, 0.1, 0.15000000000000002, 0.2, 0.25, 0.30000000000000004, 0.35000000000000003, 0.4, 0.45, 0.5, 0.55, 0.6000000000000001, 0.65, 0.7000000000000001, 0.75, 0.8, 0.8500000000000001, 0.9, 0.9500000000000001, 1.0], "max_scores": [1.4142135623730945, 1.2232959119388438, 1.0831151330193645, 0.9319220930075383, 0.7986831514337954, 0.6722325153623363, 0.5636892112094498, 0.4642119216939303, 0.37898962947116754, 0.3054156145225558, 0.2498267469571462, 0.20367944389904477, 0.176812441393433, 0.15723278555332565, 0.17039148920499664, 0.2789895752700861, 0.37923594533769367, 0.4905141963289382, 0.6431579043782716, 0.8112387826930259, 0.9999999999461667], "opt_settings": [[[[[]], [[]], [[]], [[]]], [[[3.0677402176615463], [-1.6676784968255989]], [[-2.461096335084359, 2.730844455124147], [2.2580107232602677, -1.172320254734855]], [[-3.5703832005521368, 1.163753238590186], [-1.164228247526339, -2.043514870842536]], [[-1.9940093269362946, -0.7025153112997108], [1.087902335323564, 0.8707363290421929]], [[0.10324693350955755], [-1.4779734211528943]]]], [[[[]], [[]], [[]], [[]]], [[[-2.2755975874512413], [2.4349426007682955]], [[0.08506211947396268, 0.7548965352823332], [-1.4968534327966645, 0.25656362467053256]], [[0.7549078846838473, -0.551940587673578], [0.2565638954915492, -2.4832587222053406]], [[-0.5519424635476062, 2.0586073772598215], [-2.4832603021047746, 3.672368717682758]], [[-1.8475076634671401], [-0.2748625558744107]]]], [[[[]], [[]], [[]], [[]]], [[[3.319483679273276], [-1.4511986027328097]], [[0.9892139847002102, 2.0579726954764825], [-0.6965643641000571, 1.7067428339126067]], [[2.0579732518396545, 1.2284657915794241], [-1.4348498833392815, 1.3152878656902154]], [[1.228466035060932, 1.53772769083494], [1.3152878468327622, -0.055242430055527814]], [[-2.3712076229043655], [-0.8587044634995725]]]], [[[[]], [[]], [[]], [[]]], [[[-4.114033382522815], [0.29188468729798955]], [[-1.9613417555688428, -0.7195283772571369], [2.7942477828776844, 1.5801739694946095]], [[2.395959303133557, -3.698272602228486], [1.5801739687856757, -1.3148760545739904]], [[2.54701162536101, -0.4445712294651921], [1.8267165881517908, 1.4174864969652594]], [[-2.452982081812116], [1.9529359837906364]]]], [[[[]], [[]], [[]], [[]]], [[[-1.048007977468817], [0.5971465209053693]], [[-0.26477314180188866, -1.5694790921889068], [-1.754975025208857, 1.717565030173466]], [[-1.5678581103976987, 2.231318887366264], [1.7173782649577274, 2.3468872283549755]], [[-0.9104967618357297, -0.9957003786138072], [2.3468839154325294, -2.2882428962486507]], [[-1.6664524499846554], [-0.021359114826839706]]]], [[[[]], [[]], [[]], [[]]], [[[-0.7183454930271901], [-1.994586793382775]], [[1.738098916348028, 3.177178581970585], [0.2446731681839504, 1.9183962633673994]], [[-3.1060065313625493, 1.5240471840011833], [-1.2087746947995108, -3.9760456689325516]], [[-1.6152287645578498, -1.1696180952441804], [-0.89550791252385, 3.7021020839288648]], [[-3.5807294962985585], [1.4152271004043735]]]], [[[[]], [[]], [[]], [[]]], [[[3.0480832728068394], [-1.6033177394990439]], [[0.8071740630693685, 0.19594916890151276], [-4.063834581010332, -1.7333541891217474]], [[-2.942409372623968, -1.1881480725452156], [-1.6525883841397968, 1.452612619096055]], [[1.9071892839848967, 1.991535854709839], [1.481172336370763, 0.5977877505069337]], [[2.891541265526819], [1.2833769311642507]]]], [[[[]], [[]], [[]], [[]]], [[[2.0914550711157425], [0.7695037496393927]], [[-1.6084126840954829, 0.7552163385746968], [-3.3030862819131337, -2.1860420126839197]], [[0.755938031243845, 1.8397774837854033], [-2.3218934589053433, 1.8815373485208673]], [[-1.2806028853692761, -1.8893866688928829], [1.5361492376820411, 1.8402521875593583]], [[0.27672396514107267], [1.5631896849331148]]]], [[[[]], [[]], [[]], [[]]], [[[0.3328523013431485], [-1.3737149049439674]], [[-0.8832969968984115, -0.3143259384229111], [1.9071588701508433, 3.214857580887741]], [[-0.20942661527868683, -1.09583602896934], [-3.0094879053475907, 1.7765280598235043]], [[1.271117032174056, -0.8666009966938912], [-2.0070078197042887, -2.3751425914403725]], [[-1.6446767441767842], [-0.16425585177283672]]]], [[[[]], [[]], [[]], [[]]], [[[-1.5888891997976289], [0.6067008198542551]], [[-1.172143286390225, 2.417603807983216], [-2.67588734926641, 2.1024247981643898]], [[2.8079242161821334, 2.476101954183265], [-3.3749622723238635, -0.6380211448932127]], [[-0.28199600600666097, 0.5187176243628977], [-1.554046928378151, 0.46268558647941765]], [[1.2519575945914063], [1.7571882362401836]]]], [[[[]], [[]], [[]], [[]]], [[[1.1113441199285001], [2.8442240635420997]], [[1.9732051506446517, 1.1700252580024784], [-0.8277441094691771, 1.6305766913462458]], [[0.7429253473947883, 2.2268093885282783], [2.4315209989458584, -2.2525664292367464]], [[1.3033697296929803, 1.877306354869791], [2.3451157116119714, -2.5232658824731864]], [[0.46790331515909045], [-1.5734008765865948]]]], [[[[]], [[]], [[]], [[]]], [[[-0.9883761972183558], [0.8419379075844017]], [[0.5244930273829234, 1.5245081626311343], [2.0108469408083005, -0.957389066841956]], [[-2.696221564483483, 0.15268465586054208], [1.4799266340446928, -1.1115642894905255]], [[2.503916831332471, 0.5731683685287757], [1.2408438650664955, 1.178272487154955]], [[3.4713188347311417], [1.6576842785381052]]]], [[[[]], [[]], [[]], [[]]], [[[2.543356213872825], [-2.616975640628689]], [[-2.953312241286016, -1.3992360835632045], [2.017701198236841, 2.1615017608144265]], [[-1.9985453048499657, 2.27109634868154], [1.7319764348535533, 1.695652545394001]], [[0.6362669656053868, -0.4818137826891409], [-2.2546364636614347, -1.3395397634329416]], [[-0.2702400384151445], [0.9393048568668917]]]], [[[[]], [[]], [[]], [[]]], [[[-0.29427134700344665], [1.1414187505706244]], [[2.5092564521578993, -0.7909456657899611], [-2.15174364724822, -2.2451663194146136]], [[-2.803974529303345, -0.9753417267253629], [1.938407761357704, -1.670739692863469]], [[-1.694482845288997, -0.03643960667639513], [1.4940763828575772, 1.6330719466883892]], [[-1.4025309605968106], [0.6194900013308454]]]], [[[[]], [[]], [[]], [[]]], [[[-0.6145144075092893], [-0.09256816675334295]], [[-2.601297736898432, -2.6593192702670803], [-1.9538563430686142, 1.5609056385405333]], [[-0.38648636338135417, -1.1755202142525967], [-1.2670828758037092, -1.6660852151037593]], [[1.316569250686322, -2.034451716849369], [-1.9383489365205817, 2.0023228286095063]], [[-0.9526974505175825], [-1.6744679755124865]]]], [[[[]], [[]], [[]], [[]]], [[[-0.42537682793008863], [-2.0724055631038905]], [[-1.772794112658538, -0.2964473424992912], [-0.3774175440395387, -2.9183653101274576]], [[-0.052916280559900046, -0.22751065584762803], [2.965024998434547, -0.6090536584193481]], [[-0.2982498035437574, 2.667832000784835], [-2.6302528597935835, 0.28411848506983584]], [[1.9851431512201414], [0.07290368358502824]]]], [[[[]], [[]], [[]], [[]]], [[[0.9135426905914282], [2.683637268659875]], [[-1.7697448805930565, 2.9570945673021516], [0.22164996277872243, 0.07267511728289985]], [[2.591063034193207, -0.44080342188954436], [-2.9071840218657092, 0.14839028268492532]], [[-0.09686837320614364, -1.1802446811472789], [0.18142507753524173, -2.9257086750956067]], [[-2.7901448226321457], [-0.573341770519661]]]], [[[[]], [[]], [[]], [[]]], [[[3.04271605211811], [2.766436050187944]], [[0.08041242679914076, 3.0921109375437426], [-1.4678792327276755, 1.9763943067899354]], [[-3.0828300222043508, 3.033671302338021], [1.5970229291933848, -0.5594506232682511]], [[-3.026811480447905, 2.953725903051943], [2.054353688167237, 0.42359339517961453]], [[0.5154111750686997], [0.1747834125443376]]]], [[[[]], [[]], [[]], [[]]], [[[0.7383373635477553], [-3.1551514360815074]], [[-2.926568126887673, 0.484855397082015], [-3.138047912826842, -3.1087361203977593]], [[0.49530860849893177, -2.897024330601955], [-3.133098448009889, -0.1573071211555648]], [[2.6082458148221748, -1.4019370315805615], [0.1574013252755698, -0.05097221616620651]], [[-0.4444768485353501], 