{"noise_params": [0.0, 0.05, 0.1, 0.15000000000000002, 0.2, 0.25, 0.30000000000000004, 0.35000000000000003, 0.4, 0.45, 0.5, 0.55, 0.6000000000000001, 0.65, 0.7000000000000001, 0.75, 0.8, 0.8500000000000001, 0.9, 0.9500000000000001, 1.0], "max_scores": [1.4142135623730947, 1.221853748806475, 1.0748853688458437, 0.9335390828618203, 0.7845114918312697, 0.6604125452705059, 0.5633805372689435, 0.4451375081537444, 0.3774218202199574, 0.3032199231897557, 0.24807455026649058, 0.18864053792120916, 0.0859327404361789, 0.1476008942633004, 0.17991974861926735, 0.265052110493673, 0.37316933758776294, 0.4919133523165757, 0.6410751417977989, 0.8097166750424944, 0.9999918610402305], "opt_settings": [[[[[]], [[]], [[]], [[]]], [[[-0.3851853609204384], [1.1637629822098754]], [[0.4042124453871258, 1.8753242802090708], [-1.1979012125645494, -2.4081652225052803]], [[1.8753242785535722, 1.80841128630171], [0.7334910687240289, 0.27101566203113014]], [[-1.3331813726500052, -2.5024091007901106], [3.412544570930456, -0.976827269385023]], [[-1.7494904688992792], [-3.298432128219238]]]], [[[[]], [[]], [[]], [[]]], [[[0.9390277817499322], [2.592228877312834]], [[-1.3231309892668395, 2.0195572603648477], [0.16393719077545227, -1.0944048149646992]], [[-1.1132251895010898, 2.6735603178816163], [2.047187838616974, 2.8154782482910106]], [[2.677434081788735, -1.7432605843277733], [2.815478248291562, -0.3276150166057819]], [[-2.662975047931542], [-1.0097807477185605]]]], [[[[]], [[]], [[]], [[]]], [[[-1.995850586484655], [2.8371602796775424]], [[-2.701145470001529, -1.7794835871102586], [-1.1660958597690976, -2.531064196120232]], [[-1.7795120730293406, 2.3485867139313323], [3.7418901330624568, 1.7394821298104413]], [[-0.7929996591306975, 1.6056431867802314], [-1.4106136992228944, 3.050200515434686]], [[-2.3142328755928863], [-0.8650069677518444]]]], [[[[]], [[]], [[]], [[]]], [[[1.1240062245087934], [-3.679846776012644]], [[1.889071949029722, 1.5699543997121], [3.407648264014632, 1.1750167866937304]], [[1.5699961138941352, -0.9283404474159839], [-1.967881216758372, 0.8783346804945324]], [[-4.068958754930687, 0.9525767320418825], [0.8787297674046697, -0.7758370691741379]], [[0.1404659984448601], [1.613730097264844]]]], [[[[]], [[]], [[]], [[]]], [[[-1.7257965132664943], [2.6875115394134124]], [[-2.3428501724273616, 0.9164693313237867], [-1.2795337139435343, -0.2188442273602875]], [[-2.0658907406151394, -1.508399606373087], [-0.218135661337359, 0.7271366487216613]], [[1.4515579746654437, -2.2028255396357417], [0.7252511974084869, -0.39614332780392775]], [[0.21296915650561254], [2.0831057668817063]]]], [[[[]], [[]], [[]], [[]]], [[[0.002810126536307276], [1.5859625127760535]], [[-2.2743737207591828, 2.9870358000561508], [-0.7980903641803441, 2.657582255681737]], [[-3.277451218218116, 1.028419657349407], [-0.462672127239175, 2.0772719728212827]], [[1.0395008903268368, 2.320492102083918], [-1.041148886293342, -2.3110425811087754]], [[1.5549290794028512], [-3.1035285595784847]]]], [[[[]], [[]], [[]], [[]]], [[[-1.8739054704817644], [-1.1091957145384015]], [[1.4873001348027428, -1.2588232548616631], [0.6154384002685692, 0.9586991097108029]], [[1.9155965189231972, 2.0898528134567584], [1.681200292622244, -1.6923535398862701]], [[-1.0385654336395416, 1.674069690260629], [0.7522715759649312, -0.9537405488804194]], [[-2.226325870752139], [-1.2050296208564197]]]], [[[[]], [[]], [[]], [[]]], [[[-0.3104070524962577], [-1.7580680037444898]], [[-2.4736493538920876, 0.5564929771678745], [0.4920465319559144, -2.917037103420472]], [[-1.4749565354429068, -0.29482929157059323], [0.07985818980373452, -0.35876276358255654]], [[-1.3337259481658694, -2.246529503197097], [2.8361687791692067, 1.1183167209101148]], [[-1.9103099519951339], [0.4872039781198299]]]], [[[[]], [[]], [[]], [[]]], [[[2.8418513311313633], [-1.1107232639087128]], [[3.49248684749448, -0.7180962637919779], [2.5888424287429124, -2.2068094791954165]], [[2.7739462137306097, 0.810859198858362], [-1.482370017003476, -0.8573603635598004]], [[1.523758299181134, -2.542667372376811], [2.4239738448357158, -1.1323586474489493]], [[0.408305294028325], [1.7839302740201335]]]], [[[[]], [[]], [[]], [[]]], [[[-1.9119823739232358], [0.7984647590995351]], [[1.8980873220951515, 3.378126162916197], [1.457231173685903, 1.396164774310376]], [[0.9022829065799473, 1.661553592639579], [-1.550183555833007, 1.4932304361926414]], [[-2.4424329208777547, 0.42361443254386016], [-1.5790379739206575, 1.2893727847449064]], [[1.2137281745125237], [-0.7809393593609641]]]], [[[[]], [[]], [[]], [[]]], [[[1.0743643372947997], [-1.6146310092464822]], [[-0.2909277870947185, 1.6833281385142138], [-1.308417945537889, 2.4197047635556808]], [[2.7757466287534043, 1.473029247383758], [-1.4843936971890621, 2.4216340984375937]], [[0.47258136586459804, -0.9139871377750016], [1.1663682604045338, 1.8708261653784775]], [[-0.04742660504313939], [-2.0990673282299683]]]], [[[[]], [[]], [[]], [[]]], [[[1.6835187085569918], [-2.816326467513191]], [[-1.777337668048218, -0.19452976612237052], [0.993563128706481, -0.9577024475082887]], [[-2.763381514350788, -2.7651589849408786], [0.8524968850277115, -0.7172424084117813]], [[-1.3044880591544572, 2.3147533308659898], [-2.482433847141357, 2.232067943964762]], [[-0.059622639208444704], [-2.3392284037848494]]]], [[[[]], [[]], [[]], [[]]], [[[-0.6073431607074056], [-2.9895716274533846]], [[-0.14447050616557566, -0.058112424425597775], [-0.3723952990569287, -3.0116058328279607]], [[1.1015609505606319, 0.041321439235889344], [0.5973195052424282, -0.02045786638389506]], [[2.855487535338855, -2.8101776535497], [-0.025340409998906376, 0.6287517959973771]], [[1.696367152169357], [-2.485215741678446]]]], [[[[]], [[]], [[]], [[]]], [[[-1.992352553165847], [-1.2889783073489443]], [[-1.6005411576483624, -2.503762468734579], [1.1392638995972215, 1.6454230031021493]], [[2.3415539232184277, -1.1578360744773735], [0.9892178682446995, -0.17651501853147777]], [[-2.224034240345862, 0.8183072406293804], [-0.05400337559873119, -1.5836412076040578]], [[-1.0651845858957913], [-0.3834337113131991]]]], [[[[]], [[]], [[]], [[]]], [[[1.0665985619089393], [-2.8032847847877926]], [[0.22753613452488522, 2.755119266962936], [-1.289246098527213, -1.9236582547436085]], [[2.7329911486488543, -2.1523770201678762], [1.3968007491453862, 1.0503660377955206]], [[-0.8531854768582072, -2.7615291055694], [-0.41768657450163904, 2.6866888046221913]], [[0.7002128983495622], [-1.5076747197722935]]]], [[[[]], [[]], [[]], [[]]], [[[-0.43576264615114113], [-1.9519224739244654]], [[0.6553149954485008, -2.9642793381970836], [-0.605409799904977, 1.7652138774846784]], [[-2.3898653320390033, -0.8153435810804398], [1.442610852644889, 3.1043920248056858]], [[0.13374252433529205, -1.4467017332394985], [0.12214601114143121, 3.0303056328122038]], [[-0.6185207802141951], [-2.7395584459593314]]]], [[[[]], [[]], [[]], [[]]], [[[1.498516860273073], [-2.747362815396346]], [[-2.5950227205961145, -3.183662209138508], [-0.2631993943308594, -1.0851980504241983]], [[0.8441158809462574, 1.099721546345676], [-2.181245765918672, 2.2910930622936654]], [[2.035181334855608, 1.940526811850612], [-2.0819135726886233, -0.6004543333586649]], [[2.120228185376869], [1.0581211174773761]]]], [[[[]], [[]], [[]], [[]]], [[[-2.711369885339496], [-0.30847436406499945]], [[-1.406090363802862, 0.8244986571061201], [-3.1475423045917137, 0.20916330301502042]], [[-2.4275363873646048, 1.3378001092801426], [-0.2047989566469111, 0.09988548541756977]], [[-1.0040618620858335, -0.7120248464250045], [-0.1720531339732791, -3.002459601985508]], [[-3.0816044971524312], [-0.5231374254851873]]]], [[[[]], [[]], [[]], [[]]], [[[0.41127166087372913], [2.9434183439126853]], [[-1.8368061903187995, -2.239786755112383], [0.03420613246484157, 0.15559624531367375]], [[2.307450384816815, 0.8133948294358145], [2.970395252154045, -3.0901939326464367]], [[-2.616081393800065, 2.248666521615887], [-3.0559752905150854, -3.196473997678138]], [[0.6181486943149423], 