{"noise_params": [0.0, 0.05, 0.1, 0.15000000000000002, 0.2, 0.25, 0.30000000000000004, 0.35000000000000003, 0.4, 0.45, 0.5, 0.55, 0.6000000000000001, 0.65, 0.7000000000000001, 0.75, 0.8, 0.8500000000000001, 0.9, 0.9500000000000001, 1.0], "max_scores": [1.4142135623730945, 1.3614058871911885, 1.3427498017554251, 1.3081008390069129, 1.2782070713650646, 1.2497365634058784, 1.21999870617773, 1.1926812956811383, 1.1627514671787238, 1.1411606120398705, 1.116465117895543, 1.0961419909333339, 1.0770329328652273, 1.0594809970270138, 1.0440277283260788, 1.0307764027791904, 1.0101976360023461, 1.0111874206354032, 1.004873358576115, 1.0012492196341776, 0.9999969696232482], "opt_settings": [[[[[]], [[]], [[]], [[]]], [[[0.27324989551627427], [1.7788315164990935]], [[-1.0570287175072235, -0.29145353632358456], [0.5854113117047958, -2.434928648899535]], [[-2.8501390676966984, -1.1968383721947027], [-0.7078879305026882, 2.8574461875116812]], [[-1.9447543452092209, -0.6275221544891838], [0.2844159663675142, -2.2263560312777195]], [[-1.7491867673495534], [-3.254768508095819]]]], [[[[]], [[]], [[]], [[]]], [[[2.3190590851361956], [0.7028742203084539]], [[-1.5291387350252326, 2.6544152094423503], [0.07671416464086402, -0.17571799948221137]], [[0.487177407265304, -1.7000154708880904], [-2.965854939786559, -3.65136913168622]], [[-1.441577248473461, -1.9285484614593356], [0.509790597910636, 2.7904833727250495]], [[-2.02427565735332], [-0.4080963092181131]]]], [[[[]], [[]], [[]], [[]]], [[[0.15904913559120998], [-1.423332515217191]], [[0.5635817773884281, -0.2895953643894087], [-4.016226328160752, -0.6219372616964922]], [[0.28958256340069677, -2.72327927328068], [-2.519657124446699, -0.37904970853683106]], [[-0.418309053899487, -1.1623992161667474], [0.37904701512523814, 0.3335447753710806]], [[-1.1516402004237178], [-2.7340264034883965]]]], [[[[]], [[]], [[]], [[]]], [[[-0.8210863570919199], [0.4887798126187668]], [[0.20281633483632525, 2.3395539144291084], [1.6445444862043639, 2.356398803959334]], [[-2.3395539144281265, -1.1334457417363732], [-2.319215415913698, -0.5244134708146257]], [[1.1334457417851016, -3.3985925808161026], [-2.5978691515319206, 1.0248526815225212]], [[-2.128952673592028], [2.8445544117121093]]]], [[[[]], [[]], [[]], [[]]], [[[0.7244623307933725], [2.5226742940581484]], [[1.4238205307435887, 2.4794075531169972], [0.005055214560133258, -1.0462306048708618]], [[-2.4485694473249424, 2.7160211819103592], [1.0462306048730703, 2.5822626211277906]], [[3.520775980220542, -0.8391172372484854], [-2.5822626211385367, 0.6717612675732482]], [[1.7573685663184575], [-0.04081267489064501]]]], [[[[]], [[]], [[]], [[]]], [[[0.23636417355042577], [2.0266494158780564]], [[2.1333707579565306, 0.10531536706208464], [-2.7975117984569082, -0.0563809594583034]], [[-3.246451861143003, -2.6688566177440984], [0.05639160914207389, 2.903330125931387]], [[2.668839303262218, 1.2602824930966268], [-2.9033272179111327, 2.965963465017062]], [[2.7025152733929536], [0.912231928089815]]]], [[[[]], [[]], [[]], [[]]], [[[-2.908960520355209], [1.69710536788831]], [[-2.706678444550977, -3.002336151466816], [2.3025051497779008, -2.82718014468105]], [[-3.274410455194264, -0.731076224602884], [2.827196111269238, -0.34510229023412237]], [[-2.411458638846095, 1.0069005305117895], [-2.7965006880949814, -0.3457592222680254]], [[2.8647438302952097], [1.1875257554447696]]]], [[[[]], [[]], [[]], [[]]], [[[-3.1611911673243114], [-1.6767734069520348]], [[2.607324232813147, 2.979405944896688], [-2.5060249886538517, -2.7563736312788327]], [[-2.979460245598491, 0.07716000977365502], [2.756222698437361, 0.2180147292123081]], [[3.0643377943649535, 0.5547544229492876], [-0.21663551124742517, -0.5578656443482441]], [[-1.5058380450720652], [-0.021436374338055952]]]], [[[[]], [[]], [[]], [[]]], [[[-0.015585351137194461], [-0.8941296008506853]], [[-2.8392980167913078, -3.156722400187241], [-3.645494367307008, -2.5176215245359024]], [[-3.1264530924646134, 3.1880223003242], [2.704304069351674, -1.806624611701699]], [[-0.04643948191675093, 0.12465023415404891], [1.8465699653028889, 2.257910323557474]], [[-0.6781030953085523], [0.19544821205303597]]]], [[[[]], [[]], [[]], [[]]], [[[-1.0989382751007235], [-0.003777240362691548]], [[-2.770585008293576, 0.044574566022054764], [2.501844526688823, -0.785834533545023]], [[-0.04459771618520316, 0.009981676217114155], [0.7597659420495597, 3.0249424579599]], [[-0.009946090767527574, -0.21791387949973454], [3.1454014201857254, -2.1857987808389368]], [[-0.18445944136062395], [0.9105513101360507]]]], [[[[]], [[]], [[]], [[]]], [[[0.9981402992521778], [-0.18763798643272805]], [[-0.31188557021072216, 1.4543160428698623], [1.0647451231089897, -1.930188088109428]], [[-1.454316033281527, 2.8778470721960803], [-1.2216094882022173, 0.0928484285246835]], [[0.27087712257227103, -3.0550416048968176], [0.011588246764197044, 1.4119350768111043]], [[2.583743272554446], [-2.5265485041521063]]]], [[[[]], [[]], [[]], [[]]], [[[1.1399752746955003], [0.06940973349540971]], [[-0.3766132840273655, 2.9382232745452286], [-2.6976589795908636, 0.5163839574188394]], [[-2.9381203038397903, 0.0008045326381068618], [2.715123682401002, -2.6584637028357996]], [[0.0009706160914618655, -3.0406606751956766], [2.7586398029329495, -1.2752297678711628]], [[-2.789570139298936], [2.4158619633119884]]]], [[[[]], [[]], [[]], [[]]], [[[-1.50895336167819], [-3.1392856140500647]], [[-0.25579700743499634, 2.68022919919304], [3.3877107534005844, 3.171801605966176]], [[-2.6639074546438946, 0.06968283665428597], [3.144866841948932, 0.542689911462519]], [[-3.102163556152433, -0.5114665049375309], [2.59936390987718, -2.6500512337120408]], [[1.6259084772554968], [-0.01754694386912405]]]], [[[[]], [[]], [[]], [[]]], [[[1.8122257982737024], [0.0032605992154214544]], [[-3.4846944748292716, -3.2352685287112943], [0.2665166306194361, -0.05129623744760156]], [[0.15323102784849008, 0.09312780179325705], [0.05271931456493266, 3.141946130748802]], [[-3.1500123036069225, 0.4032926261599824], [-0.0017679386538653813, 2.8613385656892323]], [[-0.011471431965345703], [-1.8197690737374523]]]], [[[[]], [[]], [[]], [[]]], [[[-0.10320377072014299], [0.9678840121449159]], [[-0.17234913484788908, -0.05034540465934789], [-2.377318920051753, 0.0900258107319796]], [[-3.0850142231863695, 0.05420059703167091], [2.890170259103007, 0.1248849190093864]], [[-0.054659539781676286, 0.13654083787175644], [-3.042594437766954, -0.7302079584145889]], [[2.184063050742718], [-3.0283044477343624]]]], [[[[]], [[]], [[]], [[]]], [[[-1.6303749280585778], [0.08625994348475716]], [[0.24975199702983047, -0.4334499799017668], [2.71067005059053, 3.054191566758188]], [[-2.735243794419687, -0.2692874802849364], [0.01797356522001721, -0.08353726816511048]], [[-2.7966315439600575, -0.05984230200278651], [0.008123144693825596, -2.909195375952432]], [[-0.031049306585498933], [1.6734314168178988]]]], [[[[]], [[]], [[]], [[]]], [[[-2.75949434972397], [3.1195081777504994]], [[-3.181804004743531, 0.0082922337029492], [0.3120097709348262, 0.8257184760431078]], [[3.1332806901767496, -3.140864977970229], [2.1204572215848567, -2.577685159965801]], [[-3.1418773143690455, 3.178428172654939], [2.989974378294933, 2.1594570276687866]], [[3.2053914602889053], [2.8015754922492193]]]], [[[[]], [[]], [[]], [[]]], [[[0.006293423354922993], [1.3995548624561995]], [[3.020953351129742, -0.09896966726627271], [0.08924243433234758, -2.9604532049348014]], [[0.09833991837019049, -0.07890361319195091], [3.0496807540275115, -3.056275798527883]], [[-3.0615299774364226, 2.9869371921340346], [-3.0642467278037198, -2.8985828066249884]], [[-3.1467209317785394], [-1.7486079693086696]]]], [[[[]], [[]], [[]], [[]]], [[[0.05631500240267172], [2.275613733372349]], [[2.47086201880137, 2.679657307659756], [-0.00237738999610157, -3.0576211038971923]], [[-0.05534871753731979, -0.19433485668788902], [-0.07614265310098184, 3.1171218408045247]], [[2.8980838548411496, 2.772917458618853], [3.1011375243933754, 