{"noise_params": [0.0, 0.05, 0.1, 0.15000000000000002, 0.2, 0.25, 0.30000000000000004, 0.35000000000000003, 0.4, 0.45, 0.5, 0.55, 0.6000000000000001, 0.65, 0.7000000000000001, 0.75, 0.8, 0.8500000000000001, 0.9, 0.9500000000000001, 1.0], "max_scores": [1.4142135623730945, 1.376865810630305, 1.3439205905799354, 1.3032704307696936, 1.2796329018162598, 1.2499757879234807, 1.2199125049266346, 1.1925527064735515, 1.1661902168611304, 1.1412711292660698, 1.1180321531000654, 1.0920334314559332, 1.072918313644493, 1.055882873261497, 1.0440306508910537, 1.0220871658157398, 1.0001448207848218, 1.0111874208077807, 1.0000919102440837, 1.0002891505626705, 0.9997024838972266], "opt_settings": [[[[[]], [[]], [[]], [[]]], [[[-0.909486127969775], [-2.487590966165298]], [[1.698486583625909, -3.4825924165366757], [-3.004747783740868, 2.665120649030894]], [[-2.8021391857178197, -0.5535503443554862], [-2.676044009799777, -0.7615370872113002]], [[0.5518377771496148, -1.8692037371729668], [-2.390787527471299, -0.30029076912895025]], [[2.6738958269548654], [1.0982139750020785]]]], [[[[]], [[]], [[]], [[]]], [[[-0.910012837364564], [0.6454391006400257]], [[-3.0158890891205035, 2.8482970185212855], [1.7090520893204262, -0.6287803022493988]], [[3.434901659686397, -0.5733402698297319], [-2.5124255466354866, 0.3304185957481898]], [[-2.5682416324113646, 2.166257715246835], [2.8113804812399454, -2.593052318562827]], [[-1.365734754613987], [3.36215616845414]]]], [[[[]], [[]], [[]], [[]]], [[[2.0015584586463437], [0.40095048476763634]], [[1.9752823135858992, -0.25722836879499356], [0.3339640938660724, 2.392042457037737]], [[0.25722433007893336, -0.37614100379998106], [0.7496041692201366, 2.076671424595981]], [[0.3761407549140758, -1.792221482148325], [1.0650086195740902, 2.9603297152694896]], [[-2.169041160894072], [-0.568676549050343]]]], [[[[]], [[]], [[]], [[]]], [[[-0.8251759287263334], [-2.3672709740164932]], [[-1.540754617057601, 2.0929429134750275], [3.160998478506689, -2.6419448214598678]], [[-2.093116177126469, 0.21556799283947858], [-0.4996477429771531, 1.258719416763226]], [[-3.357161175589402, 0.07344071556178516], [1.8828750666409473, -1.4668565863199905]], [[-2.4600632916027485], [2.281023425421276]]]], [[[[]], [[]], [[]], [[]]], [[[0.48673556473597734], [-0.9914750378487027]], [[0.199464504223306, -0.07873621458654459], [-1.2660214231857911, 0.2330246035113706]], [[-3.062874580617993, 3.1435767450771683], [2.9085680500782023, 3.1467072786321095]], [[-0.001966125528681655, 2.412741916251009], [-0.00511462500905219, -2.520582561365416]], [[-3.052714238832884], [-1.5744959655336483]]]], [[[[]], [[]], [[]], [[]]], [[[-2.7245248473693686], [-0.8996144879439953]], [[-1.2526252011722536, -2.670669225029215], [3.323765658039865, -0.3052596518448668]], [[2.670669205055446, 2.9533867576858066], [0.30533913695306425, -0.05356603569561448]], [[3.329798638403346, -1.9936346601658057], [0.05353151616337916, -3.3867323263068783]], [[-2.1621094151387634], [-0.33720363720530167]]]], [[[[]], [[]], [[]], [[]]], [[[1.0661861708564364], [2.58410606512206]], [[-1.8891694931817278, -0.09487768284938432], [2.981988268129881, 2.929013219301137]], [[3.2364703360460143, 3.084571462339718], [0.2125794342300797, 0.5518649583696857]], [[0.057021191275112224, -2.901511538416316], [2.589727696579538, 2.030689959976069]], [[2.023862902585955], [-2.7414025657176397]]]], [[[[]], [[]], [[]], [[]]], [[[-0.36880973899374525], [0.9154358247094607]], [[-0.17712262398671963, 3.125946855439932], [-1.9633393595012096, 2.7790482623025516]], [[0.015645608709407094, 0.0747910276453867], [-2.7802650051016022, -2.760648095951271]], [[3.066791479658792, 3.668725295614788], [2.761364710818297, -0.5553277408109565]], [[3.0807327964242677], [1.7964872327906445]]]], [[[[]], [[]], [[]], [[]]], [[[3.0222186367457935], [-1.6441632178969712]], [[-0.4188582024445707, -0.6857598254253244], [0.6619086287693069, -0.2286011872915397]], [[0.6857598278556729, 2.5408197590220007], [0.2286018666917593, -2.4891717725204052]], [[0.6007727735282855, -0.5425881835681334], [2.4891717732862104, -2.6116686987779465]], [[1.6104858862892995], [-0.0063177099593251795]]]], [[[[]], [[]], [[]], [[]]], [[[1.5700836421739588], [-0.15008312462253232]], [[-3.4663730623590716, -0.42468119109358976], [0.6156836876444407, 3.2063355823043342]], [[-2.7199872753933527, -2.944146208763087], [-0.06474292946417524, -0.1601778527530674]], [[2.9372278560300096, 2.436299368407465], [-2.981414800871624, 0.3910536560123564]], [[-1.3264220182301003], [3.2365965277049913]]]], [[[[]], [[]], [[]], [[]]], [[[-1.185722701603228], [3.13252568154932]], [[-3.628298502668806, 0.29297402136520284], [-2.7920648268239856, -0.022617643419439185]], [[-0.2958520045001536, 0.06944198341131327], [-3.1189744142047724, 3.1156319713229714]], [[-0.08273167756659358, 0.989519344835757], [-3.1156314014205093, -3.3093625465405263]], [[-2.2095194115570482], [-0.2445825985099751]]]], [[[[]], [[]], [[]], [[]]], [[[2.406164830088505], [3.0224341724561343]], [[-2.8950228864125016, -0.03971100665370835], [-3.106603595088698, -1.7278394989379253]], [[0.03971077729485485, 0.028558772068306648], [1.679710804316336, -0.06368432333969619]], [[3.113034236852888, 3.1080872150069156], [-0.33082371245850456, 1.3198617624147548]], [[0.3782237025700342], [-0.2380367724469341]]]], [[[[]], [[]], [[]], [[]]], [[[-0.5215921869426274], [3.217751747819378]], [[-0.8542985550736534, 1.3782371168386303], [-3.0292199379222216, -3.1191891852965643]], [[1.7526763123999396, 0.5225787737092725], [3.1191905977216314, -3.1284617772153513]], [[-0.2732075778037198, -2.519796177797406], [3.1284619780643856, -0.11770028750430403]], [[-3.192151046703286], [0.5471928424756591]]]], [[[[]], [[]], [[]], [[]]], [[[-0.012469521857799037], [-2.5876987417882895]], [[0.4300231356219032, -3.0298572901651446], [3.0230151979693316, 0.015022331247542871]], [[2.9421555965921344, 1.8345508892791698], [-0.015022408788385167, 3.145818183106325]], [[-4.981435022365017, -2.077125209522843], [-0.004229959246451649, -0.06359390971643811]], [[-0.13354813702210613], [-2.708748578864326]]]], [[[[]], [[]], [[]], [[]]], [[[1.578242705821635], [0.014693413549804565]], [[2.8254982627617435, 0.03301409486458137], [3.4064236570815747, 3.1707791549564397]], [[3.108527360567662, -3.0911927306675793], [-0.030447012125152183, -3.1149288490121116]], [[3.0912650457332727, 2.8740614162920606], [-0.025267602984352613, -2.816808211538917]], [[1.5483068598921268], [-0.015242431877626786]]]], [[[[]], [[]], [[]], [[]]], [[[0.15996663286422985], [-0.3075222260060187]], [[3.163819689258531, 0.005489272206606766], [-1.2781299908711257, 2.767896193089254]], [[-0.005616376283398337, -0.026903790374345857], [-0.5504786518503597, -2.1492709667100236]], [[-3.1146895331443347, 3.027835180758322], [-0.7796206093606066, -0.4308157149384064]], [[3.2237885404061126], [-2.5917137193398188]]]], [[[[]], [[]], [[]], [[]]], [[[0.05002157019934082], [0.15737026007255667]], [[-3.1692397720509957, -6.0651411493315766e-05], [-0.48326176795020204, -1.94098062823354]], [[6.061386347945615e-05, 0.0001473527934845783], [1.8986617973514115, -0.2424151149790264]], [[-0.00014744075874320518, 0.021396011133318397], [-2.44816843207052, 0.15937357425736554]], [[-0.014542726394480933], [-0.1224927861735291]]]], [[[[]], [[]], [[]], [[]]], [[[-1.8901850216703373], [-0.015794089056794393]], [[0.2807553849949539, -3.1161069487032873], [-0.1096432512593978, -3.127548358562674]], [[0.06681253500831941, -3.0748179106495073], [-0.014434258887322058, 0.007525344684438676]], [[-0.029707145582090772, -0.11466144733701804], [-0.006467702502340317, 0.11791936248893042]], [[3.136910668212915], [-1.2718837249094854]]]], [[[[]], [[]], [[]], [[]]], [[[-3.150783546958086], [-3.1053347430328095]], [[3.1391866047319255, -4.35678959250171e-08], [-2.2945016784107373, -2.276015812141276]], [[-2.313672030942224e-08, 3.1415919944857467], [-0.5055339625553743, 1.3662219161749185]], [[-3.14159196484946, 