{"noise_params": [0.0, 0.05, 0.1, 0.15000000000000002, 0.2, 0.25, 0.30000000000000004, 0.35000000000000003, 0.4, 0.45, 0.5, 0.55, 0.6000000000000001, 0.65, 0.7000000000000001, 0.75, 0.8, 0.8500000000000001, 0.9, 0.9500000000000001, 1.0], "max_scores": [1.414213562373095, 1.368392066922595, 1.3180335681471274, 1.3079377254582254, 1.2198185349618802, 1.2496451175553984, 1.2206199640987534, 1.191699565206642, 1.1661615169032507, 1.1357538336208446, 1.118013622252242, 1.0965840288858604, 1.0766050643807976, 1.0234736532085962, 1.0378351420173026, 1.0273242275122463, 1.0195730431244199, 1.0110429708843358, 1.004365326451162, 1.0001064466915164, 0.9999999482424935], "opt_settings": [[[[[]], [[]], [[]]], [[[0.7230016758911502], [2.294012285712348]], [[1.6290366687497766, 2.6162325550083763], [-3.075258075791412, 0.030728844060391104]], [[-2.6162325555527723, -1.9454297485859309], [3.1108638030139004, -0.3821778748134582]], [[-1.9778942187496071], [-0.4068836257135038]]]], [[[[]], [[]], [[]]], [[[0.5096803453333467], [-1.0414804600110947]], [[-2.89091310208071, -2.000693165950069], [-1.2897593098171853, 0.586378939868657]], [[-1.1408994830775616, 2.552228527550227], [2.5552124536190153, -2.20720475782451]], [[1.3882158617186489], [-0.1629447580696254]]]], [[[[]], [[]], [[]]], [[[0.4934091409564556], [-0.9890380962089262]], [[3.3511790028090367, -1.8269501348444075], [-1.2801657366269052, 1.2634368414640558]], [[1.826950383266948, -3.092130530808788], [1.8781909121946654, -1.5192110717384155]], [[-2.4509447014274595], [2.349746319201374]]]], [[[[]], [[]], [[]]], [[[2.44655095378848], [0.8920455171279652]], [[1.4429878270160452, 3.403547830700624], [-3.200447381259775, 3.2854391359498045]], [[-0.2619551749265557, -0.34860462055385305], [2.9967717853261844, 1.0679663618854673]], [[-1.9353941313463696], [-3.489899430769139]]]], [[[[]], [[]], [[]]], [[[-3.0319833454471388], [1.5655445278973787]], [[-2.5310617343960318, -1.5627154651174373], [2.3994538642045065, 3.083128980804898]], [[-1.5788811205361903, -0.6957116720043512], [0.05846363803946756, 0.6344535032605744]], [[1.672576958819], [-0.013087759030496669]]]], [[[[]], [[]], [[]]], [[[-0.14113536502316243], [1.4508237703051214]], [[-0.47376725824240523, -0.9154684196673846], [3.8994263721435733, -2.892936218085162]], [[0.9154684311909875, -0.7480903414801642], [-3.388359987181536, 0.5241195352928267]], [[1.6915049614974], [0.09953066624834868]]]], [[[[]], [[]], [[]]], [[[-3.178108903604419], [1.6280744960395028]], [[3.7280427847754987, 3.200782369219041], [-0.5617243322530113, 2.349870922428542]], [[-0.06011067786765188, 3.7218370860611594], [0.7918864219275408, -0.5498262368787543]], [[-1.5145434901683985], [-0.03791462025559937]]]], [[[[]], [[]], [[]]], [[[0.5654674540101159], [-0.6749761059245346]], [[-3.108424917714071, 3.1977646453978723], [-1.4878889529186976, 3.07455090051086]], [[-0.056172080153519356, -0.3592089061371956], [0.04549240931039911, 0.7817709476507636]], [[-2.0015784597450277], [3.0411513522522244]]]], [[[[]], [[]], [[]]], [[[1.8605565958969492], [-0.018246195547196743]], [[-0.5237628842406516, 0.09121322647348709], [-2.711948899310872, -0.1427470667381983]], [[-0.15214076563580542, -0.819534788515768], [-2.9988466680765984, 0.25069167999539727]], [[2.0575506349734893], [0.17881069833273763]]]], [[[[]], [[]], [[]]], [[[1.9508843126202766], [-0.15183397459253195]], [[-3.3431857195224763, -1.7335745605690753], [-2.687508106102888, 2.7057150415628186]], [[-1.3992765497584376, -1.27631309181907], [0.4358776993457246, 0.15199185939685575]], [[-2.8392363100180416], [-0.7368359429671845]]]], [[[[]], [[]], [[]]], [[[3.036410327002821], [1.1503330886719325]], [[-2.3467838301173134, 2.362570987915171], [-0.32652475743418063, -0.1845575892031194]], [[-2.361099171060213, 0.6385501375080761], [-2.9557499203967903, 2.699944341617539]], [[3.1567783663516344], [1.2695328771219048]]]], [[[[]], [[]], [[]]], [[[-5.170619941463012], [-0.08155431083957838]], [[-3.3791931855530675, -3.0446700622618748], [-8.813454538548434, -0.3032868648625462]], [[-0.0970802671738845, -0.24509293728137405], [0.3344784463186709, -2.5253630559319813]], [[1.1154914523738777], [-0.07844045588845669]]]], [[[[]], [[]], [[]]], [[[2.4239417082264167], [2.9898888171361233]], [[0.2215097998922934, 0.10627069264893807], [0.30618657654359543, 0.8634965658864358]], [[3.0353253063406407, 2.897546749554333], [-0.5746636851367992, -0.29381805840132597]], [[0.7292854026997182], [0.16510584811671492]]]], [[[[]], [[]], [[]]], [[[0.1300703672230762], [-2.3974563498528956]], [[2.9078294587903653, 1.4214528472503576], [2.9140335671264146, 3.097329521818278]], [[1.72109166891401, -1.5872249546277573], [0.044187185012182426, 0.006355964844921385]], [[-2.8369116692962835], [-0.3109478901713638]]]], [[[[]], [[]], [[]]], [[[0.3148916836957507], [-0.1432173795794433]], [[-3.1797960221004242, 3.1297405168138845], [-1.7695481262081028, 1.030824704444407]], [[0.011880870331532184, 3.1948259743771996], [-0.9874463347661285, 2.7049092050273575]], [[0.046689601134351576], [-0.40425622785486215]]]], [[[[]], [[]], [[]]], [[[2.682361927410055], [3.227933314433448]], [[3.202338689263893, 3.1322739657459104], [2.1674471028811424, 2.3027792028132006]], [[0.009080240322802365, 0.05083248956574537], [-2.235447995851323, -0.9717134704226578]], [[-3.0362139571546396], [2.700816158955972]]]], [[[[]], [[]], [[]]], [[[-0.06689052627699336], [-2.5808009750669485]], [[0.7753741162536845, -3.1442713489275413], [-0.06051286243245791, -0.002996770986303174]], [[-3.0881026429917555, 1.2312964725855566], [-3.137363691570927, -0.026918345163953247]], [[0.45319532286668657], [2.9586376499633573]]]], [[[[]], [[]], [[]]], [[[0.7870943328249557], [3.0861420037226583]], [[-2.4599807485287526, 0.38812060050692015], [3.0739608820214297, 3.134329893557258]], [[2.693198142462863, -2.668709259095077], [0.0021003476571848445, 3.06665158572456]], [[3.115283729606324], [0.8199872844458403]]]], [[[[]], [[]], [[]]], [[[-2.860833425354559], [3.042203589654036]], [[-3.1516930900935116, -0.010432104920257297], [1.2649101536447198, 0.27711552250489446]], [[-3.1310232733492214, 3.1223142654830434], [2.578157386374988, -1.9510136529557576]], [[0.3037212707498143], [-0.07809057332199504]]]], [[[[]], [[]], [[]]], [[[-3.0801085895403975], [0.3349930889447328]], [[-1.0701016892774715, -1.8376245103737447], [-0.03193739831554934, -0.008101450996846535]], [[1.820304610916444, 0.9188070267129372], [-3.1299292236567378, -3.0963368400539784]], [[3.0244064244194013], [-0.3492032160399316]]]], [[[[]], [[]], [[]]], [[[0.21856218000406313], [0.0008249961717872286]], [[-0.0007026120504329842, 0.0002173331653070301], [2.1537090248532924, -0.8984373783156349]], [[3.140756090369041, -3.1409463400984783], [0.49487875257723357, -0.7342273776696036]], [[2.9206329513582876], [3.1408441324980365]]]]]}