{"noise_params": [0.0, 0.05, 0.1, 0.15000000000000002, 0.2, 0.25, 0.30000000000000004, 0.35000000000000003, 0.4, 0.45, 0.5, 0.55, 0.6000000000000001, 0.65, 0.7000000000000001, 0.75, 0.8, 0.8500000000000001, 0.9, 0.9500000000000001, 1.0], "max_scores": [1.414213562373095, 1.244010148672429, 1.0867198351001048, 0.9419441331628882, 0.8099382692477255, 0.6903350635613237, 0.45924829721560223, 0.4130953570280048, 0.36747760170755983, 0.3597776728085478, 0.3529924775319578, 0.3572502785456505, 0.3605455581939212, 0.41134671693490277, 0.45219544969373027, 0.5144038628544145, 0.5829633893672572, 0.6673042875305897, 0.7689923058662953, 0.8799059279241244, 1.000000015805068], "opt_settings": [[[[[]], [[]], [[]], [[]]], [[[-0.023669395285332497], [1.567798974966847]], [[0.8112603859218752, -0.7097269424480376], [2.3067524098103123, 1.426863790252131]], [[-0.7097141218156325, 3.1556925659277666], [1.426863785061716, 1.063447673527674]], [[0.014101473378909692, 6.698887709915525], [-2.078144970793715, -1.212955428037124]], [[-1.9602817985762373], [-3.551750075641187]]]], [[[[]], [[]], [[]], [[]]], [[[0.034610312351019135], [-1.5304832671331507]], [[-0.7505219250122076, 0.5622428530369777], [0.8255151892728976, -2.7518854461431115]], [[-2.579349677138339, 1.5215485614541484], [3.5312989270858575, -0.28451969660681625]], [[-1.6200440423562803, 1.1356254185833077], [2.8570720668342586, -0.448308491572595]], [[-2.794997343953138], [-1.2299023619291836]]]], [[[[]], [[]], [[]], [[]]], [[[3.2624812142077597], [-1.270868225808475]], [[-2.183953217551795, -0.04331883485130138], [-0.5569371497441423, 2.508025328845667]], [[-0.011768372938112004, 0.840095838676813], [-0.6335673247483105, 2.5434222842167626]], [[-2.3192606967682656, 0.13063248753906972], [-0.5981703693782792, 1.8639743622140381]], [[-0.6350483529290419], [1.1147877077053894]]]], [[[[]], [[]], [[]], [[]]], [[[-3.5264015085300895], [1.094941006942224]], [[-1.21711841849213, 1.9009923625588034], [0.3556104053653323, 2.8962453698943125]], [[1.9035368243078132, -0.757904596246209], [-3.3869319747800244, 2.54065698632253]], [[2.392877274638879, 1.9065973526774647], [2.540649476844903, -2.779185327192132]], [[-2.0498718617289295], [-0.3879996892138161]]]], [[[[]], [[]], [[]], [[]]], [[[-2.0918813752329264], [2.3962762977745857]], [[-2.85995550973337, 1.144523357889086], [1.6709682284194536, 1.7661719237643683]], [[-2.0345279984647875, -2.551822239389383], [-1.375427823171063, -0.49914880914419435]], [[0.5705856539410206, -1.9914824844272183], [-0.499179376757305, -0.5850586692359071]], [[-1.2119839181868257], [3.2764469495296957]]]], [[[[]], [[]], [[]], [[]]], [[[-3.510353680727981], [-1.9707905310349787]], [[0.43071647538561847, 2.4823760952459293], [-1.2226394953523123, -3.1158048642600966]], [[2.4929765530912156, 3.594494293569096], [-3.116458369179025, 2.5165235007106554]], [[-2.678023227538901, 2.3457823450233155], [-0.6116287530630314, -2.312343284978786]], [[0.004970166739158944], [-1.5237411749528633]]]], [[[[]], [[]], [[]], [[]]], [[[3.0380736008669538], [0.23249205309183937]], [[0.3009064547185697, -0.32058899163791993], [-3.052992667975706, 1.4639406533407118]], [[1.9247583078178618, -0.5227123370959647], [1.4636565908273096, -1.1603081104201671]], [[0.5960344296248389, 3.107746220755415], [1.98366864721801, -0.6295219802236592]], [[-0.49758580955814297], [2.358933333882881]]]], [[[[]], [[]], [[]], [[]]], [[[1.7689643375904918], [3.859777961427502]], [[-2.221398244137396, -1.3315206777445674], [-1.8996426349200233, -0.9459421077926854]], [[0.17459323442803926, -0.6263861155086641], [2.149962614986351, 1.669545619411223]], [[-1.4837669198481633, -0.47816265576633726], [-1.50822787511268, 2.9194603866985913]], [[-3.247519305671598], [-0.15860596051694342]]]], [[[[]], [[]], [[]], [[]]], [[[2.664560714236375], [1.5201434729255996]], [[2.06970030668143, 0.15963843039007403], [0.833307895415957, -2.028653564130346]], [[3.2847102542996813, -1.3008091839821934], [1.2042329588886165, 1.5233748369951732]], [[1.8251594007842995, 2.4104094090886865], [-1.512767412246082, 0.7423902576349889]], [[-0.2031468739246068], [-1.3855681243589646]]]], [[[[]], [[]], [[]], [[]]], [[[-0.5886705594528623], [3.0861165980496055]], [[1.4620183849373127, 1.6271086743023102], [-0.15357647833799984, 0.6634697458897886]], [[-0.3893366178175352, -0.2776712632881405], [0.6366472500721426, -2.02268041374577]], [[-2.907724326849689, -2.0214185996374634], [1.0947191407479722, -1.6321832407620906]], [[0.8970726882946736], [-1.1358149286318866]]]], [[[[]], [[]], [[]], [[]]], [[[-0.42587223819943576], [2.655069714229879]], [[0.1166965655599067, -1.622706763705063], [-3.004218910529349, -3.1611882442374157]], [[0.7899881739017238, 2.0180881766337277], [2.4665097584042046, 2.036432176054383]], [[2.931996830731496, -1.7834580592829625], [-1.759033224211711, -2.2178060808450244]], [[-2.169572259696723], [-0.6059032940891638]]]], [[[[]], [[]], [[]], [[]]], [[[-2.027437978574783], [-3.0686272768646483]], [[1.191326014348529, 0.19494333146089862], [1.5397011882269607, 0.29957661963154997]], [[-2.728540912347632, 2.3926378368975185], [0.3794568930781252, -2.794276869886987]], [[-1.1210546784787794, 0.7265141838392679], [3.1919885143954194, 0.3189143867309304]], [[1.3980861296590557], [-2.976002912274749]]]], [[[[]], [[]], [[]], [[]]], [[[1.8995945243622503], [2.283697322860176]], [[1.4104350284026594, -0.9053784597900113], [-2.8031062567354947, -2.013186895005293]], [[2.55236382621234, -3.136410738692346], [-0.021878969573036606, 2.5651258252383466]], [[1.970743058095966, 1.5043927150317369], [1.5054321019344363, 2.0008429370743928]], [[-0.71445575888309], [0.07065714797837548]]]], [[[[]], [[]], [[]], [[]]], [[[-1.4127712423648253], [2.468647141383834]], [[0.17421093466399526, -0.7851083799991829], [-1.9267459506803528, 0.15884701843113042]], [[-1.324063854966293, 2.669932954491289], [0.20388800602428375, 2.7895713257106673]], [[-2.484389004288563, 0.36807922608510435], [-1.2304507399061182, -0.6063284699734666]], [[3.0051984437250057], [0.7069757331848432]]]], [[[[]], [[]], [[]], [[]]], [[[0.7112813464283957], [-1.0124348178339992]], [[0.6692595355797225, -0.80401307553655], [-2.906338441760796, -2.568509150612633]], [[0.7190629135675205, 1.6817995616875878], [3.0328557340950044, 1.5235427274655589]], [[1.7185340917765741, -0.9026360461392325], [-1.5536445670596983, -1.5665171207411852]], [[-0.10875239926030562], [-2.2793763873240227]]]], [[[[]], [[]], [[]], [[]]], [[[0.572006542966678], [-0.8060683295842686]], [[0.7755490480793746, 0.5883223514632473], [1.8550330022193813, -0.6939453940378978]], [[-0.005478090171435429, 3.129308057062027], [2.2595536912908685, 0.10326206315867123]], [[0.7821771356329708, -3.108147089764618], [0.6408866276699456, -2.0564174721454784]], [[1.5378319186608351], [-1.3952112508448684]]]], [[[[]], [[]], [[]], [[]]], [[[-0.5317865705150688], [-2.1670252100430334]], [[1.1862215283038595, 0.7636675985317563], [-0.6061309141370644, -1.314579452726321]], [[-0.6581310655772535, 0.7657206500990138], [1.1578573874603568, 0.34081023667365373]], [[-1.0170713093929808, 0.0937699937009528], [2.763582677799849, -1.63754255455677]], [[-0.8148330596295277], [3.071410077052129]]]], [[[[]], [[]], [[]], [[]]], [[[-1.5183775886145001], [1.9787691822092857]], [[-2.909128706360038, -2.168341927309105], [-3.1132600313461825, 1.4536728426823422]], [[1.047310083051219, -1.5000769638393663], [-2.583436631906195, 0.2621051171605472]], [[2.9599024634350015, -2.2830575532932444], [-0.876674976777847, -2.326952129212749]], [[0.0294267909297715], [0.9180546621467751]]]], [[[[]], [[]], [[]], [[]]], [[[-2.9522420643960094], [2.306807121126072]], [[2.0700382706488774, -1.23239503458027], [2.0975882409692685, 0.8178005253142863]], [[-0.37837033008184945, -3.1057519895371857], [-1.6190002248443174, 1.5319658821855173]], [[-0.6486316905138013, 1.3104636428544774], [-1.5838408751779154, 2.441673189456998]], [[0.002395985739331964], [-1.15644671424615]]]], 