{"noise_params": [0.0, 0.05, 0.1, 0.15000000000000002, 0.2, 0.25, 0.30000000000000004, 0.35000000000000003, 0.4, 0.45, 0.5, 0.55, 0.6000000000000001, 0.65, 0.7000000000000001, 0.75, 0.8, 0.8500000000000001, 0.9, 0.9500000000000001, 1.0], "max_scores": [1.414213562373095, 1.2763228431709588, 1.1454256850621078, 1.0212737145349422, 0.9033271832508889, 0.8003905296784798, 0.7045565960569609, 0.622113328984964, 0.55713495723464, 0.5049691720240185, 0.49936956832439705, 0.5045233087495733, 0.5189274030810779, 0.5441655946834306, 0.5772786439872463, 0.6196837413902101, 0.670696268267953, 0.7419505115605243, 0.8121874287873304, 0.9030510733619193, 1.0000000052683558], "opt_settings": [[[[[]], [[]], [[]]], [[[3.1928251143761375], [1.649926934801526]], [[-0.7016278475229424, 2.9407921732197493], [0.8297876199582179, -0.8417866414238722]], [[-0.2008004795317164, -0.8622108556912408], [2.2997948357033997, 0.741688939358173]], [[-0.07513753087722053], [-1.6180357106007517]]]], [[[[]], [[]], [[]]], [[[2.888240619118242], [1.320433724681966]], [[2.1113766417948394, 0.4920177610877598], [0.5264070946974778, -2.5564307386347513]], [[0.4920178244857365, -1.5009861596326393], [-2.5564300125713553, 0.07233991066579944]], [[0.857959872409763], [2.4257664630865485]]]], [[[[]], [[]], [[]]], [[[2.1816481167131125], [-2.5540088361651203]], [[-0.2141407900495232, 2.4275386976669733], [1.4157601244330444, -2.3539013017444326]], [[-0.7140531589708938, -2.7496796530268033], [-2.353660895315772, -1.1669778622981097]], [[-0.3762731150967401], [1.17131910814185]]]], [[[[]], [[]], [[]]], [[[2.2113649418155052], [-2.4503773243280116]], [[-0.1522460121589125, -2.608608302215831], [1.4769571391557714, -1.7269462190473315]], [[0.5338912763932979, 0.9733725087615941], [1.4146449402374894, 2.604056000795629]], [[-1.3238849888595392], [-2.945320904677983]]]], [[[[]], [[]], [[]]], [[[-1.2323779449154924], [0.2992650545043013]], [[2.6484934104069073, 0.8853999600710736], [1.1353808110004817, -1.8276602583126227]], [[0.8857408368870499, 2.257533280152779], [-1.8271070795241373, 0.7025477616772093]], [[1.4981651023579665], [3.0295338508264287]]]], [[[[]], [[]], [[]]], [[[1.8711745232603882], [-2.8177411644746697]], [[2.7248447226846824, 2.0305989765043617], [1.044800757935654, 2.0419801092556633]], [[2.0270620839048457, 2.2010109532695257], [2.0402442074577185, -2.489373979448508]], [[3.005426220105922], [1.413348557932788]]]], [[[[]], [[]], [[]]], [[[0.8977418486934492], [-1.2979321983400567]], [[2.7683598927898876, -2.1472478305718705], [1.3846503894297095, -0.8191140002276853]], [[-2.5339157743428387, 2.02018995831349], [-0.8196237976662237, 0.4477803034402683]], [[-0.01823093762363659], [-2.2125945185436446]]]], [[[[]], [[]], [[]]], [[[-0.036964026747128675], [1.7217911135278077]], [[-2.3220127956910726, -1.8711748217331097], [-0.7631461571381634, -0.5029238696232661]], [[1.3920404583188972, -1.266945924025503], [2.6223223091862025, 0.14417815323880565]], [[3.9399993958943655], [-0.49269601585900036]]]], [[[[]], [[]], [[]]], [[[2.006493040072284], [3.4584802559418657]], [[2.258020870912578, 2.58421018347585], [-1.6581974860399304, 2.5888436538740445]], [[-3.4241762609670996, 2.8384866163588987], [-3.526888853137401, 1.4006344896939802]], [[3.556815336014818], [1.9359230707690906]]]], [[[[]], [[]], [[]]], [[[-1.2977817083670966], [2.2675901942207934]], [[-1.0719969776057428, -0.721832564739872], [1.9434764471678077, 3.2676921145699422]], [[1.9329161766390213, 2.2747392442838885], [0.2759087505136989, -1.2567081056801035]], [[-0.3213588192355842], [1.4205294753614763]]]], [[[[]], [[]], [[]]], [[[2.616616854945192], [0.09647980747411636]], [[0.8400202449703905, -2.96786847694794], [2.837631227188683, 1.9858641834839905]], [[-0.16876988874683166, 1.4837604423016877], [1.9153859301208565, -1.106365346285083]], [[2.5917163297696075], [-1.51501162157611]]]], [[[[]], [[]], [[]]], [[[0.6081829127824145], [-0.7487897951933535]], [[0.5678013189220716, 2.925479239649048], [1.0489300799720946, -1.5626225442235069]], [[-1.9507662996248745, -0.020873192335566153], [-1.9042489422524729, -0.6272556664806095]], [[2.883904348762931], [-1.1238352000859424]]]], [[[[]], [[]], [[]]], [[[-1.7892773653668061], [0.725651915300167]], [[-2.435862925767555, 1.2973751612085398], [0.7414374040147783, -0.01194718035775029]], [[1.8771688853334634, 2.2266339111501945], [2.711688014666638, 2.6672694297845805]], [[-1.325612742545898], [-2.597974879419262]]]], [[[[]], [[]], [[]]], [[[-2.7290670001205477], [1.7613057555524942]], [[0.9295389800857784, 3.032253723197996], [1.3577376359057765, -1.2622250818681988]], [[-0.5532731666316881, 2.8908545954026614], [2.109772853047205, -0.6277915706509203]], [[2.6713020071145555], [-0.31653871932133176]]]], [[[[]], [[]], [[]]], [[[-1.5863072817531592], [-2.944973408953192]], [[2.1751062191140296, -2.4320338055135466], [-0.3580629031249145, -1.3784439372916715]], [[-1.5059576473433143, 2.2021375813833766], [2.372609076467275, -2.5834643625161458]], [[2.858259906244749], [0.3365684682339156]]]], [[[[]], [[]], [[]]], [[[2.086060240317485], [1.2408992694308154]], [[-2.75871361947867, 1.778684694959459], [0.7275948748056054, 2.8412966496714787]], [[0.6209748290018551, 2.822023887835293], [3.068065601375101, 0.2508002875894133]], [[-0.41753857869813366], [3.0112612860934975]]]], [[[[]], [[]], [[]]], [[[-0.3277142923535379], [-0.8124928739153601]], [[-1.7473376357674926, -0.5963522761451473], [1.2138514784812522, -2.7527483202396477]], [[-2.4889330081212266, 2.588110709160895], [2.6474685639793134, -2.304575487321916]], [[-1.5403854920993372], [1.7756882798559348]]]], [[[[]], [[]], [[]]], [[[-1.3309358448204176], [2.3296760181467353]], [[-1.0547419243773855, 3.134956587041959], [1.409229629572282, 0.375783605030729]], [[-0.8148201821562715, -1.652318613671096], [2.737574488842524, 1.4142616769549858]], [[0.9864195068414471], [-0.8422811646789338]]]], [[[[]], [[]], [[]]], [[[1.5275176449963144], [2.2489971007129936]], [[-0.5784464997163311, 0.7174079768178022], [1.7248228298443773, 1.1653418491323402]], [[2.3084018095800967, 0.554479967886573], [-0.895990661952495, -0.29533460167150727]], [[-0.5251960074657746], [1.3717373378259154]]]], [[[[]], [[]], [[]]], [[[-1.186215388772442], [2.3406438043729314]], [[1.6188904701253073, 3.0967190010507295], [-0.25350423534110406, -0.8777929931597861]], [[0.8150832322326681, -0.7479868170605254], [-1.8473002752948982, -1.126494772974501]], [[-1.6362525054627568], [-0.4376247040391174]]]], [[[[]], [[]], [[]]], [[[-1.4377070200156337], [2.7169410673384786]], [[0.8994184655443833, 0.7336115180349498], [0.5067477955383846, 2.176359358678904]], [[-0.7936539996812906, -2.0516475079633656], [-0.13467247855427295, -2.449078971976596]], [[-0.21071461652681894], [-1.886628756625788]]]]]}