{"noise_params": [0.0, 0.05, 0.1, 0.15000000000000002, 0.2, 0.25, 0.30000000000000004, 0.35000000000000003, 0.4, 0.45, 0.5, 0.55, 0.6000000000000001, 0.65, 0.7000000000000001, 0.75, 0.8, 0.8500000000000001, 0.9, 0.9500000000000001, 1.0], "max_scores": [1.4142135623730945, 1.2772319481217784, 1.173614217570616, 0.9254272464007375, 0.8822904905697633, 0.814884590548828, 0.9930204337979376, 0.8414066091047231, 0.9999659871713991, 0.9914375443681521, 0.9998851584238231, 0.9974754303407474, 0.9968647948673973, 0.9936548776066891, 0.9964333419478786, 0.9645642585070069, 0.994936151659811, 0.9879886583605801, 0.8858528687140714, 0.9744502214128726, 1.0], "opt_settings": [[[[[1.5692217360758116, -3.14104479795172]], [[-1.6565133446620877, 0.05766076821735018]], [[1.558380041086002, 3.1268260723728245]]], [[[-0.6032983337824275], [-2.141314650704531]], [[1.3845769821812768, 0.11186679568496585], [2.9291006779502884, 1.0057371334117673]], [[-0.11186679574150435, 2.5565002427200145], [2.135856269334185, -2.175910805241135]], [[1.3634649692238154], [-0.17455134784229262]]]], [[[[3.205131426245604, -0.8830445590795178]], [[1.6486947561897936, 3.1220333760756342]], [[-2.3827420381312616, 0.5396056426210055]]], [[[-1.5433951504925016], [-0.00012447903078971001]], [[-3.085868812516844, 1.6164507807403055], [3.126648543774699, 2.743826967879797]], [[-1.6158697827180881, -2.796728451444214], [-2.7451659329844924, -3.4849722616646592]], [[0.0019433909355063444], [-1.5552194583336603]]]], [[[[-1.3844484092411242, -3.129455085230568]], [[-2.00954666968723, -0.12778146486406253]], [[1.863326343630395, 3.117691573166108]]], [[[-1.4554415834158483], [0.045776113899066107]], [[-0.6870280273201125, -3.0255629935070836], [-2.286074349105301, 0.4797075650039533]], [[-3.258109820256776, 2.7593698682995265], [-0.4806277974030551, 1.0626946434167377]], [[-1.936348445629146], [2.832872525156726]]]], [[[[-2.7722780978123116, 2.5990650546143836]], [[1.3918055342255866, 0.41063021782153475]], [[2.2025776693488957, 1.4095299888305346]]], [[[-3.25676401983546], [0.2078731888845201]], [[2.277573981080228, 2.0040027955428745], [3.1516679246821715, -0.06357693292871681]], [[1.7170820787614514, 2.8059896712463344], [-0.06342481596634324, 3.1504483482429144]], [[3.1223888795143178], [0.3307321227586886]]]], [[[[-1.6353952548221187, 0.001183499329258617]], [[-1.4485340280916068, -3.135483501046343]], [[0.48353217712584484, 1.26556268836152]]], [[[-1.5433571687436667], [1.8926989682107538]], [[-1.3633763334568652, -2.169108695053331], [1.420426844015308, -1.4253440476647505]], [[2.9185750148497087, 2.4535797596889], [-1.4111146480715626, 3.088386969480781]], [[-0.04555785723926929], [2.830078918872313]]]], [[[[-0.9968374542312519, 0.14077680286387256]], [[-1.5452952054794338, -3.2650891624815923]], [[-0.9788889136603143, -2.5784633540032376]]], [[[0.22271941738475742], [1.3877596571167665]], [[-0.6856481358421951, -1.5246084395065016], [-2.5377958746026366, 0.942585879154288]], [[1.6117054854073545, -2.531410779487184], [-2.166272262774436, -3.204200869861293]], [[-1.9424614141341583], [-2.94283152754037]]]], [[[[-2.9659703277508482, -2.2160360839497066]], [[0.6074303691671, -2.744849888410094]], [[2.073826328836165, -2.065767490666167]]], [[[-1.2992070579826134], [-3.1939567337803743]], [[-3.0834228329154536, 0.03732947741354252], [2.77005086200881, -0.9466855377399523]], [[2.7322729158393004, 0.4865217190742726], [-2.4826948813402647, 2.8943165859200013]], [[1.1954733581196004], [-3.110778823475663]]]], [[[[0.006641262628699496, 1.156617396633876]], [[0.09710672768600269, -2.938866826450769]], [[0.7911166967060745, -3.0632240745323553]]], [[[0.07286434172467324], [2.8245329862508344]], [[-0.0012827791954222346, 3.1115540383544302], [2.9878857118621087, 3.0476794856423686]], [[-2.8211174464525657, -2.1766451361934385], [-3.054925192856331, 2.6116734794069654]], [[0.14648157321064592], [-2.2354829520335002]]]], [[[[-3.1356742540117373, 2.1858298206726654]], [[-0.13523230293527028, 1.799252662600088]], [[2.9915024571168245, -3.1176175562989967]]], [[[2.966828504320769], [0.805974676026352]], [[-0.21322522178281966, 2.485912804607048], [2.3629125644464564, -0.7274159752910099]], [[2.7993909600118316, 0.2912819655730094], [-0.14638661334568182, -2.815821183314596]], [[0.3245005036916812], [2.954671700137003]]]], [[[[2.9104331649223147, -2.980947927945192]], [[-0.28871927424272104, -1.453812769358879]], [[-0.009904723813485491, -2.461967672230125]]], [[[-1.0126351437526144], [3.0736502538295722]], [[2.6436838947491816, 0.46615773505976554], [-2.023813068088887, -1.1652927439672085]], [[0.6879751380328392, -0.3084529536952785], [1.7235853911862273, -1.499309180092084]], [[2.5016291880804578], [0.10511455630362931]]]], [[[[-3.0443877544667792, -1.497393973263873]], [[0.1503040003859568, 2.0280390729096007]], [[-0.18337509371367308, 0.48858633320992756]]], [[[3.074097515784093], [1.4017645136246721]], [[-3.0447775050312376, 0.46964406113845925], [-0.44625531271794977, -2.4212200217682898]], [[-0.13414780050922587, 0.45011205339060656], [0.4044944436208457, -0.6758036692978047]], [[-2.0291548038689875], [0.036648376565981036]]]], [[[[-0.1767419203475801, -2.174815808133889]], [[1.5537330780052934, -0.02531079983287941]], [[1.1376481531084852, -2.2682213092285854]]], [[[0.36124989198853513], [1.736673349895012]], [[-2.1563152175207145, 2.34877443077035], [0.5572442506534483, 1.8852981227414296]], [[-2.8295223402563265, -0.4417954273905801], [-1.2175361435747207, 2.099031612511355]], [[0.7473283736799573], [-2.0185083769754044]]]], [[[[0.05918459492254331, 1.7320464000911642]], [[0.15931197057889454, 1.9344088935632047]], [[2.8108026126624104, 0.7209658728213134]]], [[[-3.1075612032550812], [-0.009672338971260509]], [[-2.812242612531428, -2.979871250574129], [-1.302242749022868, -0.9428641190145639]], [[2.928453414380472, -0.3990827382742189], [0.7002228252284322, -2.4302222700904226]], [[-2.9931275753932565], [1.785125097206311]]]], [[[[0.994683550964228, -2.8734174083578763]], [[1.48841377327866, -2.9670877367777817]], [[0.615067191612493, 2.549030930587546]]], [[[-0.49811806126924174], [-1.3806944614710865]], [[0.49193590539495174, -1.0140655134202672], [1.8798294870601215, 0.5774082017512213]], [[1.10735380857823, 1.260190487490189], [0.062283044187121675, 1.533396093851627]], [[-1.1758365162357736], [0.8477416003004076]]]], [[[[0.0003524612492020948, 0.39664855963067375]], [[-0.43747134409660826, 3.0371204329105366]], [[1.5567444972817555, 2.827693399823385]]], [[[-1.0437924432460943], [0.17995505250235708]], [[-3.0715151640848903, -2.5793219697090057], [-2.290545306272222, -2.843176337116139]], [[1.2758203007059519, 1.138922712431465], [2.469366873023262, -0.7063684260534814]], [[-1.637545399529719], [-0.38869991621184113]]]], [[[[-2.991387221494707, -2.028194794752907]], [[-1.9425264468432866, 1.1857407977940035]], [[0.43803298085292697, -1.7915923307244788]]], [[[-3.08019259126997], [-1.599862521958971]], [[-0.37892117357943034, 0.8552435533246734], [-2.206140828730264, -0.6279535785910197]], [[-1.3862655345562216, -3.098796240196204], [1.5090460119006497, -2.3007663572795276]], [[1.1801355931044304], [2.8179347698555364]]]], [[[[0.48614385153637774, -1.3043718370792643]], [[0.707791464441945, 1.6399138476558877]], [[1.4771442463019797, 0.8403988653436345]]], [[[1.85869155540848], [0.6277039826984778]], [[-2.6984831311924933, 1.972419043540146], [1.8713165427963347, 1.6644887858682886]], [[-0.3308907105050761, 3.1429292409291136], [-1.2889570619238424, -2.1991223107898468]], [[-2.4773139769384507], [3.016128612015484]]]], [[[[3.078648081981541, 3.0228032298307865]], [[-0.34864340517652476, 2.703242539272622]], [[-3.028432446048376, 2.2151567365705267]]], [[[1.5969750389637474], [2.6340970796593646]], [[-2.4880628188377516, 2.1637325279734907], [3.1319347370467505, -2.4852039408390985]], [[2.7779576835645083, 0.27714993133687793], [-1.0279513339224662, 3.1023213700559547]], 