{"noise_params": [0.0, 0.05, 0.1, 0.15000000000000002, 0.2, 0.25, 0.30000000000000004, 0.35000000000000003, 0.4, 0.45, 0.5, 0.55, 0.6000000000000001, 0.65, 0.7000000000000001, 0.75, 0.8, 0.8500000000000001, 0.9, 0.9500000000000001, 1.0], "max_scores": [1.414213562373074, 1.2444827718070717, 1.0886747350481785, 0.8931723228598212, 0.8786019129544849, 0.7232379946356635, 0.6099369900295001, 0.9723877674868373, 0.996657013240884, 0.7833794022784576, 0.9991806854159395, 0.9968091459540996, 0.9826047785612252, 0.9984637117888547, 0.9784396754278438, 0.9246463637708062, 0.9902590168031203, 0.9726427082664433, 0.9701214641395289, 0.9189527453240082, 1.0000000074505806], "opt_settings": [[[[[-1.646315913994183, 0.16644626648453245]], [[1.4634347697760892, 0.030269797099833025]], [[-1.6046754247667117, 2.965573884284823]], [[-2.371665295749838, -0.848806250700741]]], [[[-0.3031287769647746], [1.1374408315270146]], [[-3.4934525486768107, -0.19853881261166023], [1.0572813617237162, 2.136060411889873]], [[2.943052145393376, -0.06184957616902911], [-1.0053344313228652, -2.1607700339117732]], [[-0.06182870085586915, 2.909229060893535], [0.9810754342684499, -2.7751740258943816]], [[-0.029766673112709943], [1.4108606420790981]]]], [[[[-1.5498966652541772, -0.015837765632738577]], [[1.604876458222592, 0.3571213120878516]], [[-1.4949685230622367, -0.05644610296900032]], [[-1.369856682333429, 2.7982850598893827]]], [[[2.078375708153132], [0.5975765745176481]], [[-1.3707966652948433, -3.0213842731825715], [-2.858724567994147, -2.8349527236700585]], [[3.2617505305937815, 2.5685730222760332], [-2.8372222479313485, -2.146039147836762]], [[-2.5681096244704142, 2.6224120917344766], [2.1438306842763306, -2.4559548286713913]], [[1.7281625101573708], [-3.085200869979913]]]], [[[[1.7093327339272608, -0.09693287613106591]], [[-1.5141015660072477, 0.011511698600094463]], [[1.193017150924966, -0.6070305992806639]], [[-2.8818434593105504, -2.116182681397045]]], [[[2.919065411258472], [1.3374970251336615]], [[-1.002809672351937, -2.135608397767432], [0.5583355478290811, 2.1643177481837017]], [[-1.0019993991929512, -0.08501086024350768], [-2.1607654054712406, -2.724834291020332]], [[-0.06744149154484176, 0.11798453367592016], [0.4280662663708732, 3.027975109735399]], [[3.137151934280274], [-1.4602904500653446]]]], [[[[-1.3261264374107196, 2.691427005154186]], [[-1.9791052318678297, -2.899583484908334]], [[2.43805658784974, 1.4439704209690323]], [[2.6990728161201702, -2.1870784649748782]]], [[[0.35461863247349557], [2.4220282756703466]], [[-1.8652876516991195, -0.7384982910829362], [2.987786126399642, -0.6090789916773325]], [[-0.7826227746615687, 2.998357270011265], [-0.626834681780244, 0.06172596500375644]], [[-0.33059056870948544, 2.9735947429351244], [-0.06865778311135698, -0.29284854566525176]], [[-2.9991065483170973], [1.0021578334754695]]]], [[[[1.053028317919912, -2.7963824288439136]], [[-1.457362899344122, -3.095306006770059]], [[0.618315851618272, -0.5457754299174308]], [[-1.795517293048664, -0.09829786394746767]]], [[[2.184297573375148], [0.3672480417007505]], [[2.1754223508370027, 0.15104766264403607], [3.2782701477727367, -2.2395776533226712]], [[0.1366127599793701, 0.06775334149446675], [0.9021018339202757, 0.1538872459226467]], [[0.05095985457826236, 1.6539262185898667], [-3.0059488576055005, 0.21544249354851933]], [[0.5381293955366997], [2.235517392615611]]]], [[[[-1.9947637900720692, 2.4675080749433507]], [[1.8259518644610935, -0.4666380034440394]], [[-1.5788803488263345, -0.6106956144912429]], [[1.3423894005867791, 2.8928062476392276]]], [[[0.7922001072012684], [-0.5214576540486128]], [[0.5121712814999692, -1.5844178591042193], [1.8635006766534692, 0.580830288403031]], [[-1.4909306828829503, -2.2602184317049496], [-2.9253284193247007, 2.567692868574828]], [[-0.6837378812678341, -0.7272959346718901], [0.703920332892688, -1.3688221663744298]], [[-0.14334257300592448], [0.9347630256853606]]]], [[[[-1.6745796069399905, 0.1417986318855187]], [[1.746581468194994, -0.38279664444108613]], [[-2.235665912428004, -0.35258012115436865]], [[-1.532648756205943, 3.105462915562603]]], [[[2.9673546436116824], [1.2983053080862137]], [[0.5272455409663116, -0.46712090783989385], [-3.473490676064163, -0.9611952428676969]], [[-0.44125266834592664, -2.273832404203808], [2.2655066786948304, -0.21596039799098948]], [[1.7452033049571087, -2.0465857867659327], [-2.799750464460278, -1.0053773998196736]], [[2.7169943756754784], [-1.479460149324541]]]], [[[[0.23151915246942095, 1.6701638340509453]], [[2.794817064290344, -1.7310598358697689]], [[-1.1776319449595318, -0.11432130570343758]], [[2.5400353146558423, -0.1911188374439456]]], [[[-0.1939464038763185], [-2.598131066255583]], [[-0.6099675808571494, 2.2163383812503694], [0.1187949499597351, -2.9529840276482746]], [[-3.0877138676288203, 1.7838037857609408], [0.6626912726398466, -2.1437070084227994]], [[0.9763046719233797, 1.2203026314938112], [1.9552055415858018, -0.8968600357886892]], [[-2.8180780001067953], [-0.9962827726410133]]]], [[[[-2.386053942795034, -0.7233252873400887]], [[1.025857235039648, 2.6940291520082424]], [[2.734401170106578, -1.1980430308062873]], [[0.5892580295156955, -1.9206316872315734]]], [[[2.9496763853612387], [1.6153270885724154]], [[-2.5778925665952155, 0.9252235256434002], [0.09634310919187455, -1.5600251355876398]], [[2.141203199280065, -0.03458617708808907], [-1.8786104373492032, -2.516822128189222]], [[0.39890130723838624, -2.8256806074152814], [-2.3187536161949236, -0.17198786155994503]], [[-2.3866414500141553], [-0.04070676871570603]]]], [[[[-2.3619397485619, 0.8994348052526463]], [[0.5136022897623966, 2.116277641331822]], [[2.1947592239754936, -1.3984594600513711]], [[1.0352769951464424, 0.9023744415000752]]], [[[0.16957825669999832], [-3.1606103835708703]], [[-0.1281909902977472, -2.076101358971633], [0.6440695155825584, 2.962645557803327]], [[-2.8877574348334405, -0.18423416403088883], [1.3484238053006947, -1.8336953571146044]], [[-1.998580663830906, -2.3868464424560414], [0.6586309192911146, 1.4809842944968723]], [[-1.3615337635855176], [-2.9634468629430604]]]], [[[[-3.047915591941595, 1.297702924772628]], [[0.5539403958635574, -0.9209613631239821]], [[0.0736195332683703, 2.1199450237078565]], [[-0.12504552113125705, 0.7414317549948689]]], [[[-3.0939147839869436], [0.0674592881066666]], [[-2.8199591346369974, -0.3071967591555291], [1.648400793497194, -0.9746659573650894]], [[-0.4241272833519444, -0.07946845610348466], [-1.793237319745795, -2.428911034011664]], [[0.5766086618795889, 0.14363815656225526], [1.3446154570787503, -0.9181924967247204]], [[-2.627170287426419], [0.18390370935517064]]]], [[[[2.059475151941092, 2.2773757217121]], [[-2.648540104925777, 0.7913459603337649]], [[-0.18746251980646528, -0.46092931595919145]], [[-1.0888155252944485, -0.14922214729054303]]], [[[-2.554118642307956], [2.5388078303217165]], [[-1.9220709922814245, 2.0300566802825344], [1.2148031284026128, 0.888918302017268]], [[-0.011477775267611954, 3.0204874761695377], [-0.5481430736560478, -1.9516982521393003]], [[2.0890612193772142, -2.97452972686956], [-3.062947069582389, -2.0608771186348]], [[-0.5552795784769156], [-2.9387221762951024]]]], [[[[0.37730602387515944, 2.2235702459160507]], [[2.9581890243989264, 2.176540727222341]], [[-2.7460132976361478, -1.1315365155337123]], [[-1.5812978262198627, -1.3367498894498095]]], [[[-0.5699848860165], [-2.5257053314630404]], [[0.5475305265409965, -2.9141749205513365], [2.8796952596142393, 0.9180626558379926]], [[-0.6053905644231345, -0.3366824378233562], [-3.155979967707017, -2.484502553686091]], [[2.391697847938224, -0.16002892978827254], [-3.013448818711032, -2.9289322822588058]], [[1.7916205007008779], [-0.2803676130115037]]]], [[[[2.746953011923347, -2.3595730787074873]], [[-1.0558157943600674, -1.7804017668033447]], [[0.4569424465772718, -0.269637041428026]], [[-1.4717736772337653, 1.4892183019229641]]], [[[-2.966978181409072], [-1.7707927928308522]], [[0.12559356750174927, 