{"noise_params": [0.0, 0.05, 0.1, 0.15000000000000002, 0.2, 0.25, 0.30000000000000004, 0.35000000000000003, 0.4, 0.45, 0.5, 0.55, 0.6000000000000001, 0.65, 0.7000000000000001, 0.75, 0.8, 0.8500000000000001, 0.9, 0.9500000000000001, 1.0], "max_scores": [1.4142135623730954, 1.2444008733031948, 1.1363339638048924, 0.9811546112908942, 0.862825052342761, 0.6804372418904823, 0.9999976881446899, 0.9975633789165207, 0.9547215748563341, 0.9999986227721707, 0.998488563438882, 0.9868136289748064, 0.9947165298722627, 0.9995214404981149, 0.8488358819709821, 0.9690742780499207, 0.9917926562345099, 0.9802296442541898, 0.9919455144886765, 0.9469172841550073, 1.0000000052683558], "opt_settings": [[[[[1.6075367059820138, -3.1150412738523445]], [[-1.5699593969150107, -0.008338775260184207]], [[1.5832415246634812, -0.013685039062272687]], [[-1.6558534189446152, -0.01614465437551736]]], [[[-1.4518130827734252], [3.265027634856082]], [[-0.8917431278175414, 0.6229652328341577], [-2.492546133454283, -1.9393545450868266]], [[2.5186275652197856, 0.7469330898176985], [1.9393547182071815, 2.25259987642468]], [[-2.3946596720745212, 0.46715093268730573], [2.2525995739009668, 2.122653947401049]], [[-2.867850367978191], [1.848990186255767]]]], [[[[-0.7699325000639973, -0.2483141796580191]], [[-2.056831068070713, 0.46090924572447917]], [[-1.48346943263386, 0.0049996601070901895]], [[0.23556970730117033, -2.2829647929611983]]], [[[-2.5683241156393364], [0.043068814260648375]], [[0.38102187906251483, 2.6797711149894208], [2.9173266543945213, 0.2260207305006991]], [[1.0118128775002169, -2.937586556716959], [-0.22384641790223786, -2.0268239603434246]], [[-2.6857554132584123, -3.177899874247546], [2.0255761681921447, -3.081606362374506]], [[-3.14700146330666], [-0.748478272341617]]]], [[[[-1.5619669895038903, -3.0647001221276056]], [[-2.7199590470612076, -1.3928135015762635]], [[0.06190510241561282, 1.7392675861411993]], [[-1.1632547304244354, -0.369810812129433]]], [[[0.7904366663265555], [-0.8790699706535624]], [[3.0867453214727747, -3.110273662877623], [1.5229237203031012, 3.0477367317176745]], [[2.9846716306365435, -0.16697068342272584], [0.11186330544250088, -3.096791879513398]], [[-2.919129922224952, -2.433277475570544], [0.14671040226656282, -0.5703626370480994]], [[3.1074038644691377], [1.4846917544487759]]]], [[[[2.2119226494879025, 0.9345210061555597]], [[-1.3521485970888423, -1.2696012437545048]], [[-2.666200668848802, 0.49027949411153954]], [[0.907750988313902, 0.4671057956737065]]], [[[3.0019580570331135], [-2.8499037079388345]], [[0.024563416248049683, -0.005285581529656032], [-0.49603335745580923, 0.11983350476722304]], [[-3.135153604688076, 0.09007399437015659], [-2.383242036913831, -0.3849265127787042]], [[3.0423937366745233, -0.4379215985055261], [2.354442049566753, 2.810840970528582]], [[-0.7211224529548269], [-0.38150571551335183]]]], [[[[-0.5038165873484645, 1.1302407268718382]], [[-1.791604188340807, -3.0568982548027384]], [[-1.3461980822428998, 2.977527236436151]], [[2.232276550754915, 0.07997684882095146]]], [[[-1.5360811919502944], [-0.028522086365560376]], [[0.2335598635222112, -2.547132165455026], [-3.244461498300125, 2.226311638124641]], [[-2.561704613496284, -0.08686305500320005], [-0.9538244961816728, -1.1553550815452711]], [[-3.2247074816799457, -0.7036453648914611], [-1.1413287751753205, 3.301164114822054]], [[2.8387076683436225], [1.3953988796671262]]]], [[[[0.14740065954034595, -0.7014366812901368]], [[1.4590950011325556, -3.129354147060868]], [[2.8757949075723315, 1.8513799961205997]], [[0.40587735016017745, -1.2007264844091066]]], [[[0.15860714890055125], [1.0927241283065359]], [[0.0713138380114738, 1.367254568961075], [-2.828735532552418, 2.8197458866089677]], [[1.811800144976295, 3.160764518573431], [0.7523043480558566, -2.4105747520626735]], [[2.885988973378059, 0.12534854915121826], [2.3743954581335465, -1.1383383949177799]], [[3.1013143692395007], [-2.5561849772942136]]]], [[[[-2.5319842157958448, -1.519326584251554]], [[-0.17798815501119186, -0.8449861555709329]], [[3.1043436720671713, -1.3775583605348287]], [[0.3193686912651817, 0.9707525291571379]]], [[[2.1577598655977788], [2.926994301853598]], [[0.17594679425568213, -2.860870639746261], [-0.10190869422553385, -2.424749670613052]], [[0.2049964459004961, 2.9270151173576004], [-0.27176646785087044, 0.45304452453754696]], [[-2.3795478372067533, 0.7326740409572194], [-0.016768393074408593, 0.5076579945942079]], [[-1.0005188968153207], [0.48903814627635694]]]], [[[[0.2886882890895869, 0.8784695958214458]], [[2.9151409429756634, -1.4575798099264052]], [[0.08763960759193282, 2.434647394727419]], [[-1.7539304485322245, -3.008357594954588]]], [[[0.2674053527763655], [0.8643823624329272]], [[-2.8836206559899202, -0.1272724424977097], [1.1449238304691947, 2.420571275070149]], [[-3.0371544782775297, 0.27061824204989005], [1.6338440209275278, -2.064593290460386]], [[0.04591480922392081, 1.7345120245853693], [-0.7329623597177948, -2.30720461318843]], [[1.370432963481368], [1.933452601685397]]]], [[[[1.9085168954325251, -0.5179056278422961]], [[-2.0604992208591804, 1.7153690351879227]], [[-1.7778309944736053, -2.9888890365419063]], [[-0.7878419370573954, -0.4808266140747484]]], [[[-2.0453793230357924], [-0.20296487495707227]], [[-0.6957383183528506, -1.7796161661360588], [0.839977390854248, -0.1267386670436319]], [[2.420541506396034, -1.286451508515234], [-0.17630839961826228, 2.634322285015309]], [[-2.3299393518328624, 1.3076146361623442], [2.6217652711897927, 2.293055421930638]], [[-1.7940863206764641], [0.522778605523507]]]], [[[[-0.24643120554953618, 1.658927781762196]], [[-0.16651583122172778, 0.2975331644460165]], [[-2.975946250396375, 1.306966632572254]], [[0.006792040478728637, -1.6565928382713877]]], [[[0.3717279072344719], [0.06933926582733761]], [[-0.053185562884728796, -0.16876284997896063], [2.275324947447011, -2.654281864042621]], [[-2.9075114005394136, 0.04235407477981225], [-3.055655939016227, -2.107069285363497]], [[-3.037248921311439, -0.10070277223163379], [-0.7559405310105658, 1.7017189108950448]], [[-0.5269021886863917], [0.1990436695862194]]]], [[[[2.839475436997685, -1.183449896267005]], [[-3.0345250337254446, -1.9033969575909722]], [[0.08381602478686101, -2.4124617741943246]], [[0.327557971643556, 3.109764010020551]]], [[[3.16100522015111], [1.59283789994583]], [[-2.565156516157507, 2.705719591607165], [-2.0455515063697733, 2.937220530354992]], [[2.8962853549622145, -0.009132067341984029], [-0.9755581582151078, 1.2309603432486986]], [[-2.3101109301352047, 3.0391832710521203], [-1.7302197128933798, 2.473982941636112]], [[3.054962786850937], [-0.24009158394233324]]]], [[[[1.060903728973794, 0.9734906941197469]], [[2.346107620875888, 2.1589968172982603]], [[1.0919266504227305, 0.6390785321977391]], [[-2.1943544446832455, 1.432164627051536]]], [[[-1.7525927745419296], [-1.1654591273222323]], [[-0.9707601813844988, -2.4580872446106734], [2.2769237710884997, 0.6850976365146719]], [[3.0023725405486927, 0.9651647113483297], [0.6172843931327336, 2.88628481400249]], [[-1.2934302669801672, 2.806514680683178], [2.235628930129237, -2.433508985159466]], [[-0.3653322865250261], [1.3605675999991598]]]], [[[[0.012186215920269057, 2.01064649547215]], [[2.5086276618738212, -3.0581836064154224]], [[0.4340169825187914, -2.660442815446848]], [[-0.5434103441027692, -0.4218594984634079]]], [[[-0.8463975182532082], [3.0078110128794178]], [[-3.06457898890626, 0.40793634522241434], [1.7507637180985238, -1.9612867734937978]], [[0.40363753072347314, -2.9889574625840023], [2.9424082783778998, 0.5395264898427079]], [[1.0795353957731928, 0.5645504482083509], [0.5991344221586579, 0.9336409853620015]], [[-0.8143642871499182], [2.590627530019713]]]], [[[[0.4848567156150293, 2.0975002490688315]], [[-2.833053719131624, -0.26036179166496765]], [[3.019649347724056, 2.5690564143573162]], [[-3.071841382933936, 1.2299594657993245]]], [[[-2.447752838225435], [-0.39272903150220395]], [[-2.2118701900106217, 