{"noise_params": [0.0, 0.05, 0.1, 0.15000000000000002, 0.2, 0.25, 0.30000000000000004, 0.35000000000000003, 0.4, 0.45, 0.5, 0.55, 0.6000000000000001, 0.65, 0.7000000000000001, 0.75, 0.8, 0.8500000000000001, 0.9, 0.9500000000000001, 1.0], "max_scores": [1.414213562372747, 1.2750157519577958, 1.1454848879504056, 1.0313721484575908, 0.9237712678863512, 0.8235367441455409, 0.9999309487170027, 0.7159412990652148, 0.9979424107610494, 0.9813267544980036, 0.9628113897747097, 0.9999198393573048, 0.9999565125664633, 0.9979885643264648, 0.9979483384791723, 0.9615122259648978, 0.9932695935748587, 0.9779258947526135, 0.9823722174037846, 0.9209640306770108, 1.0000000074505806], "opt_settings": [[[[[1.7068269595896053, 2.969722125840123]], [[1.5103944281878297, -0.09677653004394952]], [[1.6525426816787685, -3.059961848563567]]], [[[-1.4535937748885162], [3.2755291096141446]], [[2.3308661209785893, 3.190366212516505], [0.5510293827813414, -2.2648726711856364]], [[-3.0928187517451207, -2.5930302708993005], [0.8767144640924638, -0.9272149897732611]], [[-2.9595840328033374], [1.7695399500713853]]]], [[[[2.239618633317953, 0.7135008268172258]], [[0.7195788033862448, 1.8081008877412643]], [[-1.5786911233368568, 3.140908845973715]]], [[[-2.377227031054445], [-3.3293763841320105]], [[-3.0332793072441873, -3.141063476414177], [-0.8621467679042132, -0.474930981070106]], [[-0.0002539537457075892, -1.6762059865116568], [-2.6713479433573295, -0.0437213717151247]], [[1.0018481525803522], [1.941461674540659]]]], [[[[-1.4828851607140034, 3.093176712868375]], [[-1.558732376376601, 3.140995994000125]], [[-3.214104404144976, -0.9649224811304474]]], [[[-0.8119306647159116], [0.7124620900486376]], [[-0.08855775011192651, 1.9133171037216896], [-1.5744288574538328, 1.6568415888631143]], [[-1.229167797519895, -3.091851138246681], [-1.4845046888247726, -0.013079285195374862]], [[-3.1398788100290296], [-1.513829782482182]]]], [[[[1.1892881625960892, 0.10378653669169377]], [[1.5486323197960936, 3.020280279690865]], [[1.4670264262823114, -0.1504916988283994]]], [[[0.789617002335913], [-0.5654663441391493]], [[0.06826594981341653, 2.5486635932761446], [-1.37884623958815, -2.453919022597612]], [[-2.5458745553712294, -2.285283211006457], [2.424632062696467, -3.569623115792047]], [[0.28278996454916794], [1.6031516965778527]]]], [[[[2.2547600171677074, -0.3800768173319927]], [[1.6203843785796839, 3.131524507777477]], [[1.8844355383441678, 0.18099110287368925]]], [[[2.952019406819414], [-1.7971303909319327]], [[3.3942679451570723, 1.1329672788406737], [2.3955256511732603, -2.6163078993852236]], [[2.003879546052334, -2.6990088825064564], [-3.6702416324783083, 2.150799654497578]], [[-1.9043754132241957], [-3.338258690077879]]]], [[[[1.7901440338956613, 2.9335160843537333]], [[-1.9415749998892031, -0.40708374780876294]], [[4.360923490796088, -0.5817491995708431]]], [[[1.720166707485097], [-3.0812742155220247]], [[3.6819047047778173, 2.6837316913793234], [-0.7068401996637232, -2.509951716482708]], [[-2.7256287259134324, -2.777550104805617], [2.5068894896505185, 2.394409153702436]], [[0.11496149592611221], [-1.1658838664353857]]]], [[[[2.506483762264986, 0.9512396567689536]], [[-2.05893905502505, -0.16803061643322825]], [[2.640547817552864, -2.1806165169289295]]], [[[1.4871460431644186], [3.1368992681971304]], [[-0.1980025503574043, 1.368419972486806], [0.31950958922934675, 0.03954859491977614]], [[1.748982037845538, 2.802609484626192], [0.06567081298433114, 0.35854422424560173]], [[3.130133767667603], [-1.4323433172314708]]]], [[[[-1.9824034035092983, 0.1352332100197004]], [[-0.178680492588106, -3.10287155894013]], [[0.08919675940740882, 2.774117601241534]]], [[[2.5889350475879462], [-2.471635273128899]], [[-0.01827207482416711, -0.025764253993517734], [1.5342644212792018, 2.9495088442468314]], [[3.023127899782633, 3.064109555593771], [-3.0285044619950785, 2.9977922577761125]], [[-1.4791406738432529], [0.02943115554238252]]]], [[[[-2.760989532519865, 0.8818721891006601]], [[2.8919621852117574, 2.26311420828745]], [[-2.7192080742738236, 2.8264487990626894]]], [[[-2.243795270465572], [-3.205993353043559]], [[-0.5774936882265023, -0.5979054895080123], [1.2137433603656007, -0.06737550759187608]], [[-2.936401108131827, -2.698516633190097], [-0.38302993114643274, 0.5956916410274425]], [[-1.733342417635077], [-2.7521450868129413]]]], [[[[-1.517945895434384, 1.3876422646765414]], [[1.5051982576036662, -2.9710857470557093]], [[2.307202296839031, -1.8668401950992435]]], [[[2.9021788249338143], [-0.8951989728417091]], [[0.9441929605300303, -2.6467361996102086], [-0.12905051055327715, -0.150138491321957]], [[2.101014039155267, -1.4274950812940164], [0.034092942598860324, -2.7692263689164274]], [[-3.1685799053608084], [-1.7487803208867945]]]], [[[[-2.2277329197437905, 3.097374461207713]], [[1.6504383235531608, -1.1296093669398195]], [[-3.135454668131028, 2.7811278609850754]]], [[[-1.880959762081619], [2.106102269305672]], [[0.8953870841967663, 2.8505249566443664], [1.3300286067711016, 3.045686350639508]], [[-2.2625072762361906, -1.4734018339648367], [-2.9909153691791732, 2.980381781735778]], [[-0.5920676870558426], [-2.310094158320766]]]], [[[[-0.1320668288504611, 1.855537425572958]], [[3.001488103512693, 1.3748978482344179]], [[2.9251861550943223, 2.6927294083501336]]], [[[0.17231298934380185], [2.5991366014985116]], [[-2.5276595829065385, 0.27025574331081337], [2.173091664883517, -0.9093969509090135]], [[2.763348019208807, 2.737421393755666], [-0.26435206065149164, 0.18962466508864229]], [[-1.1272584059240767], [-3.00308195642519]]]], [[[[-0.4024327393178147, 1.7675223246914968]], [[3.0124397858150433, 2.650408055678891]], [[2.870192943323437, -0.21011991675382316]]], [[[-0.13237047987175216], [2.311841268088266]], [[-1.8385957831978956, 0.6738059335091673], [2.4824415701660016, 0.33681154477759145]], [[-2.4672479274447507, -2.8035533653985674], [-2.801803800453309, 3.1074661149696197]], [[3.0581788049565595], [0.779123452848647]]]], [[[[-0.103773415470132, 2.960814688877601]], [[0.15617684533194234, -0.2550775657997188]], [[-1.2800660295077233, 0.5798787546070798]]], [[[-2.040904043924379], [0.18968114573044575]], [[0.11005809506462541, -0.04368190946097196], [1.0501700194188675, -0.2594490397426941]], [[2.899786572252359, -1.6862857101904871], [3.1205554887701386, -2.498665396525415]], [[2.8324274498961306], [-1.2539400254907787]]]], [[[[1.258688481521882, -2.530503665249158]], [[0.5390396548265934, 0.5783146795448217]], [[0.20579274943218398, 2.337499295739189]]], [[[-2.6950640477156127], [-0.8470648103902793]], [[2.402909966746343, -0.46709913591382934], [-2.940360877024613, 2.5006366156991353]], [[2.5929248016202178, -2.6025150636253755], [-2.016076701980291, -2.870475691979023]], [[2.5384090359525584], [1.0650544679209086]]]], [[[[0.3986882651193856, 2.570149615810598]], [[0.4223068819698594, 1.779350774836853]], [[0.014251628410240531, -2.075291307633674]]], [[[-3.0994729498445563], [-0.7495215887657577]], [[-2.3763248229061307, -2.5338298550885456], [2.4196357394797268, 1.1791494574733519]], [[2.9980826904216253, -2.4272007244065983], [2.9915598504523575, 1.414556903826395]], [[-0.9102198111145039], [-0.03565037389141052]]]], [[[[0.1919424531992848, 1.3137399454152532]], [[-0.11787571392784055, 3.0812947408616957]], [[0.5893963111564522, 2.051269740929031]]], [[[0.31422265479526057], [2.118160299683366]], [[0.37272487985338615, -0.12826611477725167], [-1.8364735667613359, 3.0508181686313245]], [[1.0646889770444226, 0.43408053725930346], [-3.077322804231863, -2.0115622324383353]], [[-2.158896164042964], [-0.8780604972239501]]]], [[[[2.2588563913942257, 2.4349047307843605]], [[-1.8459592361201136, -0.9284851474671585]], [[-2.8140027709795286, 0.05032375408448876]]], [[[-0.07291245974641794], [-2.6398244162401947]], [[2.1229882034098972, -1.4006543088394825], [2.3350832598883673, -0.8559199517913588]], [[2.9667479703981434, 0.841684990817214], [1.9174102819262968, 0.3287585779255731]], 