{"noise_params": [0.0, 0.05, 0.1, 0.15000000000000002, 0.2, 0.25, 0.30000000000000004, 0.35000000000000003, 0.4, 0.45, 0.5, 0.55, 0.6000000000000001, 0.65, 0.7000000000000001, 0.75, 0.8, 0.8500000000000001, 0.9, 0.9500000000000001, 1.0], "max_scores": [1.4142135598613639, 1.2488368999843353, 1.0146036064370623, 0.9999450792697788, 0.8017766073375019, 0.8063772909076372, 0.9999999106295245, 0.6387142271627363, 0.9888274563527074, 0.9999679692362721, 0.9997028693171172, 0.999721896284461, 0.9695489858856746, 0.9984874898917451, 0.8390909652372719, 0.9494653781601144, 0.880696978880612, 0.960223660287172, 0.8997060790386605, 0.982935378378542, 1.0], "opt_settings": [[[[[1.0445141086170955, -0.9806507623771094]], [[2.0533008678808415, -2.0884804006026627]], [[-1.5997040918027547, 0.004587303953314926]], [[1.6538148435557987, 2.9977839191971394]]], [[[2.87853929188403], [3.3453255320148916]], [[-0.023031864615542567, -0.0023571746928503588], [-1.4869357041054194, 2.5253820466009604]], [[0.0023571709782553713, 2.346218393781191], [0.09373094051020736, -2.3792036244500583]], [[0.7953445084043954, -2.4287254128280304], [1.6362550183503395, 0.2369150511360501]], [[2.1444961059667276], [2.61195537854848]]]], [[[[-0.5172463400897247, 2.7097105999708564]], [[-2.3114651687105954, -1.2042180191171357]], [[-0.4568287632328521, 2.661898091363463]], [[1.520836688651476, 0.0025974652916207386]]], [[[-0.059251163008341594], [0.7621659688948688]], [[3.254978129178034, -0.007576050538976631], [2.6634963979521293, 0.4786585299197018]], [[-3.133945475114907, 0.039802962198463715], [-0.11144397297100898, 0.09694490576741568]], [[0.0385002874289611, -1.1491383650227562], [2.7215765835526047, -0.0998022100220567]], [[-1.5969703497188619], [-0.78919674619077]]]], [[[[3.2526640916197653, 2.087045195734882]], [[-2.333634282226868, -0.3101618154842837]], [[0.8127048212753881, -1.7337200346794381]], [[-1.531742382990866, 3.1150415806953964]]], [[[3.1374855631688874], [1.8003449069349595]], [[3.0820460141340607, 2.98270325017547], [0.027263987446843125, 0.6287367896879411]], [[-2.983652059435552, 0.05965077670816177], [-0.5573469772536317, 0.0235131835494148]], [[-0.036720553951834725, -1.725638597947729], [-2.9360202129443747, 2.8633609832827]], [[0.7656316536962855], [2.0162857492980977]]]], [[[[-1.4724153819536272, -3.107759150628612]], [[3.2304252051632822, -1.379616934442516]], [[2.2684479373822373, -0.08552792843836599]], [[-1.0878121310470412, -2.8331491565524183]]], [[[-0.71529653450908], [1.410269442454274]], [[3.264890232733837, 0.03259192885128974], [1.9571904294245674, 3.091468238983399]], [[0.5970136910753624, 1.5145080507947482], [0.09725473286100944, 0.18764346806797388]], [[-1.874475898546584, -1.8144379611310193], [-2.971538372654765, -0.21841360307697205]], [[-0.7818175740541521], [3.4127800172587737]]]], [[[[-1.2151666584389842, -3.108845732627149]], [[1.442812831261349, 0.03560992949090857]], [[-0.6823613012515765, 1.1624934344955502]], [[-1.7517042191164192, 2.9678906066171136]]], [[[-0.6542862265729026], [-2.655905183110217]], [[1.5908094387670537, 0.7594115661751911], [3.0443930392666783, 1.9691152154547165]], [[-2.51480853212253, -2.592141149682776], [1.9631700664362886, -3.1033523513609174]], [[-0.5136052573616875, -1.3644602933499062], [-3.1187023904770546, 0.07638411837348258]], [[2.6487709448975485], [0.6867272828208442]]]], [[[[-0.9838528627830183, 0.2748294278240204]], [[1.3721121247466894, -0.2066645645183117]], [[3.462390758501748, -2.9992636581720773]], [[-1.6859417349207466, 0.44827612324911426]]], [[[2.5738047596382905], [1.1411107344397475]], [[1.3640058422953538, 0.355323188296895], [-2.6526737845353554, 1.811391930108417]], [[-2.7392441786471466, -2.806692789008269], [2.2592952716374732, 0.793023245183536]], [[-2.9983282619741582, 2.104854746062148], [0.2876105070873237, 0.6753062740670916]], [[3.317144326139437], [-1.2789052095784235]]]], [[[[-0.992404978463623, 0.444840875530061]], [[0.183439866176492, -1.8646666412131288]], [[-2.731064010631069, -3.0975568104120486]], [[0.3523421898331002, -0.9356501686627197]]], [[[-1.1440021081809277], [-0.41182880012349804]], [[-2.4563110204461873, 3.113247891208817], [0.04469568091939045, 2.1508293195331514]], [[3.084060126058436, -0.06120633611499183], [-1.2103352470801196, -1.0109355898811312]], [[-0.020653202256138533, 2.9586041380608377], [0.6003226081490596, -1.4126854106614064]], [[-0.7559056876198323], [0.31683275276281253]]]], [[[[-1.0243765374412233, -2.3905661209063536]], [[2.2428180018227497, 1.6587659516659579]], [[-2.5813406220833595, 0.681078925884748]], [[-2.926938781031895, 1.8645572990475192]]], [[[-1.3002793534047794], [-3.0993966588230744]], [[0.1463247652051799, 0.15681549467505954], [-3.2504524399932326, -0.38777882592636514]], [[-0.345771154650476, -1.2271757781706825], [0.27781049681426756, -0.03093434837273104]], [[-1.182029807813954, -1.9346093639514172], [3.1334567704613177, -0.02580550409456995]], [[0.4032079672189796], [-2.495098484994953]]]], [[[[-0.859552172168429, -2.7349030392145224]], [[-1.6038527669702787, 3.0270676599821043]], [[2.940650976915851, 0.4018878145436849]], [[3.0857739864521463, 2.341651883999313]]], [[[0.8508526028820522], [-1.0104321870225617]], [[-0.2952211951583035, -1.59170456531847], [1.4869248507885267, -0.9998113319233721]], [[1.5223539694469734, 0.33404381573625835], [2.282024901430135, -0.12433514945506081]], [[0.1849074354347646, 0.33282897885267854], [-3.102970592043134, -2.6883949783140744]], [[1.4948883405551077], [3.0125090968334542]]]], [[[[2.975146779823432, 0.42717645685749]], [[3.227028005392439, 2.4808132912243925]], [[-0.0007790951238179702, 1.9077497292593735]], [[0.18453501809805148, -2.5634065401632387]]], [[[-3.1105115168917123], [-2.3287992511229416]], [[-3.047403226536659, 2.8603217519330904], [-1.0560763951709358, 0.9828551104596219]], [[-0.14394714694155264, -3.1387164262625378], [1.4407129799283198, 1.5705067095692835]], [[2.7520086487117084, -2.719584232596385], [1.5430056107890089, 1.9849643232327863]], [[-0.16882034268752677], [-1.2024655514254086]]]], [[[[2.444360932681113, 2.78647219846351]], [[3.2495844233920015, -0.4077862423833117]], [[1.8049777578312998, 1.340428809283214]], [[-2.3198952567168054, -2.926283368024081]]], [[[0.9463294842011686], [-3.0554482686496343]], [[0.9510567967568507, -0.049803198638352864], [2.8735170980875204, -2.0382797735452267]], [[-2.8986958331707573, -2.305637144404026], [2.407460786324193, -0.8113064250488078]], [[-2.8729454177023204, -2.978188203360392], [-0.5224465730684338, -1.0879158264365154]], [[-2.5583795558661144], [2.441767656794031]]]], [[[[-1.3930931087268297, -2.202707639937309]], [[-0.4551062894826752, 1.3444751266487014]], [[-2.7247299015587876, -0.8858820149683786]], [[0.3241427286576441, 2.5868521656222963]]], [[[2.2246536792615026], [2.9626996684822995]], [[-2.659960701569784, 1.4282153888495586], [2.5372809234221205, 1.0068432335488917]], [[0.18656797933494274, -2.6890208765381898], [-2.6283445797056735, -1.288994591188548]], [[-0.647113200238175, 2.017139104994212], [-0.7729476089726809, -0.2063613484084995]], [[-0.10713641990113153], [1.7598640662622673]]]], [[[[-2.947516376024725, -0.14495019008319296]], [[0.6365712532490548, 0.7333337764294943]], [[0.4341796885986971, 0.47012483249804626]], [[-3.255164395012489, 2.2467285211809656]]], [[[-1.008719170125926], [-2.9728868087534353]], [[-0.33404580141613116, -2.2821980551318957], [1.5867984057138573, -1.5918629583682702]], [[1.1461768267447308, -1.1056876573734442], [-0.4084728633652594, 0.6078984290268988]], [[-0.9091106942442774, 3.1170086461129465], [0.17826729020034007, 2.4301615048382756]], [[-2.726841718421981], [1.0510795246109188]]]], [[[[3.073416618647518, 0.7278920804824073]], [[0.8555107465016564, 1.3221181726251867]], [[0.3245493905477753, -1.6255147238118564]], [[-2.2692370244506725, -1.114354033696214]]], [[[-0.6025089396983804], [3.000619084059651]], [[2.820505929657452, -1.1808666597498927], 