{"noise_params": [0.0, 0.05, 0.1, 0.15000000000000002, 0.2, 0.25, 0.30000000000000004, 0.35000000000000003, 0.4, 0.45, 0.5, 0.55, 0.6000000000000001, 0.65, 0.7000000000000001, 0.75, 0.8, 0.8500000000000001, 0.9, 0.9500000000000001, 1.0], "max_scores": [2.828082378722828, 2.7523647035881034, 2.623015187818782, 2.5456508098695734, 2.4284407769267613, 2.073803276074948, 2.2480999632341403, 2.2748363486174448, 2.062057452773002, 2.087728846248907, 1.9999011046771815, 1.9972051716121326, 1.9383058683086407, 1.8815139006511234, 1.552732796044603, 1.9912047539779887, 1.9993263457564177, 1.8633875487813023, 1.9972407770627214, 1.9858668393594439, 1.9933220326434036], "opt_settings": [[[[[-2.0887838925317483, -2.8193124113810075, -0.7116368573506595, 2.2170765755072344, 3.1204885646982645, 1.9055536818738859]]], [[[-0.9894403450498659, -0.2947609367274999, 1.030612472676344], [-2.500745863130207, 0.7714217435482097, 2.6483399278073874]], [[1.6646272453489979, -1.9105255370154959, -0.917381308825477], [-0.13146278723664537, 2.007745848132109, -2.9938197093510484]]]], [[[[1.2034126345420335, 0.9134550925550087, 2.9851196162471427, -0.7099216883506998, 0.2708478444072652, -1.709743819996483]]], [[[2.659707982136411, 2.0646069381345797, 0.4846604292390344], [0.9754924255943228, 1.6082840931505173, -1.2212118134567942]], [[-0.7708652347118645, 0.4908194408854699, 1.3487686430631385], [0.26552462725137504, -0.9820693215538291, 1.5177098152388089]]]], [[[[2.1945228499360954, 1.5801822943894674, 0.2758050210935918, 1.5669070537734844, 0.511633771730204, 1.088970476826627]]], [[[2.6619705967265577, 1.607443634951419, 1.024606656193611], [3.10100523056818, 0.19188893123711043, 1.4803356819782767]], [[0.08911338787129758, -3.78629860423541, 0.572074350306591], [-2.0963201153498123, -2.3553442641731683, 0.9654293721531841]]]], [[[[-0.16686418668539643, -0.013204482755637011, -3.1689933040742404, -0.5302476630559799, 2.9342216354511494, 3.759592340799595]]], [[[-3.07613934887823, -0.8448731718258433, -1.943096634864371], [1.538187874812498, 0.2580673678043161, 1.0257881020564463]], [[-3.13467275356737, -2.79925314286554, 2.83284925272147], [-3.078728659536779, 1.2325138527316633, -0.9084993369389411]]]], [[[[-0.8829879665053026, -0.07381944193894635, 0.6203862479167, -3.0500956377720496, 0.7686813892829517, -0.9809513146789656]]], [[[1.6789212788948327, -0.8232757232852146, -0.3879910400305726], [-1.6092502252340861, -0.2967896644197981, -1.0021783030680247]], [[0.9385572717104956, -1.9299068788165283, 0.39620472855627886], [-0.6179228653671872, -0.2614889173897251, -0.5005096366673079]]]], [[[[-0.0713995943047593, 2.038903929929368, -2.9200603139350565, 2.2314309614962573, 0.12153225353494318, 0.6609691521408285]]], [[[2.101199069830985, 3.0119978284980964, 3.0536791843898925], [3.051293019409707, -1.382066553107478, 1.295010968955256]], [[0.5528957121309173, -2.904850312042118, 1.7047953366549429], [-2.623981335466587, -0.3799982863379458, -0.42216111336013196]]]], [[[[-2.1191704409972614, -3.124492579471043, 1.1007344893886195, -1.8305423715754454, -1.1489854359836829, 0.12777985701274414]]], [[[0.8264094426656045, 1.6022927055475382, -0.9303435321978721], [2.9061543406588415, -3.0287076783869766, 0.9239361075050363]], [[-3.077521623758418, 2.211214444834797, -1.6273879012179604], [-0.9141135723972196, -3.995375177172001, 2.407541545624399]]]], [[[[-2.0195354173684668, -0.45867682816158034, 0.2496920188939068, -1.8452196946920654, 0.396001502301136, -1.3488532492963137]]], [[[-2.160266754834354, -1.6621016573360778, -2.799432375867011], [2.3133721086997685, -2.0193019620713986, 1.4526633300377227]], [[-0.26773510811590306, 0.4720029802325166, 0.24866019859431132], [2.1679752276060245, -1.8531366645294252, 1.9164417144568509]]]], [[[[-0.440026340509313, 2.9806117873098543, 0.7742710617933888, 3.2793549869577157, 3.1379954669761685, -0.7629433222173769]]], [[[2.117493869202866, 0.11447688712736222, 2.171804807203011], [2.959356328608249, 0.960867777720653, -2.8675641631188173]], [[1.225258675136873, 0.9930308076684076, 0.31389839143714304], [-1.2747970777672724, -0.6375017307912061, -2.6069263349087883]]]], [[[[-0.12849057492685412, -2.317327225837229, 0.00077474054664772, -1.0334134576601222, -1.3459445113793609, 1.2266982308842027]]], [[[0.298542126235292, -2.1805916760211734, -2.377719446226503], [-0.9497516460649933, -1.857759341264772, 0.5951416885287881]], [[2.2906190774104176, 0.4402894525273252, -2.2341298326006203], [-2.929617389527925, 0.8978774197924702, -1.843944117981538]]]], [[[[-0.1404409039079009, -0.8580818919815766, 0.6561668916408218, -2.6181011661080364, 2.210382917804997, 1.826242343962798]]], [[[-2.5155397869033393, -0.933046063623997, -0.5681565346074477], [-1.0923241100000949, 1.1294938953786002, -2.808432116393601]], [[2.5434560568598017, -2.358639376319573, -2.493032913927852], [0.8102763960458167, 1.6461121585443237, -1.3686230881642198]]]], [[[[-1.3785696936543335, 0.8959084812725021, -1.5754519246258953, -0.9518709296299995, -2.3704198655126705, 1.119508512343107]]], [[[-1.513522011999615, -2.8695679802201597, -0.17935339885316912], [2.201639622498104, 2.5518314033008265, 2.2658123645137387]], [[2.2868959509239764, 1.6087830176438478, -1.6177042454241355], [-0.4726815933725397, -0.29169864291054687, 0.8007216467104405]]]], [[[[-0.39163954542364743, -1.2745211804775212, 0.8177016462968563, -1.9334208814542853, -1.7549706432884535, -2.074247764196889]]], [[[-2.0165890447861505, 2.5922932914833416, 0.6310911245335178], [0.15887375410358007, 0.5705729063422696, 1.5299053309716344]], [[-0.8018690672617502, 1.4435861912357917, 0.1429256952106712], [-1.9590483858469263, 2.4562729286473366, 0.7511233380573339]]]], [[[[-0.0627720739641776, 1.6778017782761983, -1.4781612975769176, 1.5959865637918638, 1.98575373373091, -0.11537426032542274]]], [[[-1.0168012948661356, 2.8063143149362633, -1.4882304345048682], [3.0478499166494353, 0.5739726474243072, 0.17605420170878808]], [[-2.0403447214985517, 1.3917825480513215, 0.0980331249995374], [1.708669801782668, 2.755062710372358, -2.335970710582165]]]], [[[[-1.108696042031507, -0.05870263094275361, 3.5028966304919837, 2.2167299200340596, 1.6931346194061259, 1.078918685619087]]], [[[2.750475953348053, -1.7685861872690998, 1.6358598151259978], [-2.8793352199656788, 1.4074914536295005, -2.7350668782702265]], [[2.621787609478129, -2.848731474085093, -3.0883068191795746], [-1.263415461025794, -2.7907666703689835, -0.8503487925758115]]]], [[[[0.3831009627468778, -3.2849508656800808, 2.5980698600871848, -2.446686079822488, 0.5820198403273154, 2.2563131474980778]]], [[[-3.038950317181443, 0.35230687760515994, -0.11323151855677072], [-0.44760221089109636, -0.5086591124641384, -1.7602612825038961]], [[-0.6646217885544397, -3.8148028579622046, -0.658357705434562], [-1.6566417374046691, 0.8605954921330344, 2.2530348945119547]]]], [[[[-1.13553331973989, 2.2412955795146607, 1.4846776637676222, 0.4770742164581442, -3.226196392619461, -2.3555182447781418]]], [[[2.5638260281580876, 1.6712845987037803, -1.1637777884945284], [-2.3437309119438456, -0.1766807146904641, 2.8605188585960386]], [[1.6272802048104238, 1.4635021640609391, 1.8185023222973085], [-1.2697818891804882, 1.7837670482928267, -1.9295970373867908]]]], [[[[0.04204223000699294, 1.5761700517121753, -0.1810287106772507, -1.6369165052164898, -0.6625822731974862, -1.3949714228923695]]], [[[2.0610303257040012, 0.22334587440525705, -0.9585606749608995], [1.8238081688100287, -1.7357656421816394, -1.0078599731262905]], [[1.3070490959565644, 2.985516818189115, -0.40080143232745913], [1.81773634082759, 3.0748406713778533, -1.4648971005973594]]]], [[[[-0.9757369715927902, 3.1971161965314847, -1.4354944962839489, -0.8179800303948276, -0.18093739771542117, 2.7761750997854873]]], [[[1.23976517762285, -0.2232622217561077, -3.117086045818202], [-1.436576114538567, -2.6196546930602302, 1.850280664830212]], [[1.791192775957948, 0.5160975144080547, 1.027401220118711], 