{"noise_params": [0.0, 0.05, 0.1, 0.15000000000000002, 0.2, 0.25, 0.30000000000000004, 0.35000000000000003, 0.4, 0.45, 0.5, 0.55, 0.6000000000000001, 0.65, 0.7000000000000001, 0.75, 0.8, 0.8500000000000001, 0.9, 0.9500000000000001, 1.0], "max_scores": [2.8263223816355407, 2.7489480674109306, 2.679104199663671, 2.523680310253422, 1.9774815026747414, 2.332921300263455, 2.358348453323634, 2.0021858563155934, 2.00947231715163, 2.003682527838063, 1.9836702937179032, 1.9638616814737144, 1.9596117324802824, 1.9483868141016558, 1.9983688648807116, 1.9801763954238307, 1.993427789025029, 1.9853445130857745, 1.9828972893756496, 1.9741353744993613, 1.9993369965896581], "opt_settings": [[[[[-0.08765444760564653, 2.956704371142369, 2.692079742461183, -0.49884534873061237, -4.196727909822215, -2.1963597234885635]]], [[[1.3939895398441449, -2.886515663885374, -1.9247016848015077], [2.404662274999351, 1.7089545379898108, 1.41819822844697]], [[1.4150291850475412, 1.862321322295873, -0.6062729390560366], [2.472358507342832, -2.358131315415939, -1.1919955822016308]]]], [[[[2.9722100776078832, 2.8746538276587157, 1.5221665007875251, -1.4104968361845132, -1.9444072448784435, 0.37002930817685586]]], [[[1.1135989261664365, 1.983951331878369, -0.2968451527507123], [-0.5434690695206282, 2.037206090339116, 1.3284187651883936]], [[-1.07623033712965, -2.2106216180009173, -0.8928080037896984], [2.7283259809665634, 1.40660606401539, -2.6471409880253516]]]], [[[[-1.6066203674749886, 1.5835257160406242, 3.000778071596663, 1.503924067247533, 1.5609112642731386, -1.42827723304046]]], [[[-1.7149566211505292, 1.3040890054624639, 1.1641929183958393], [2.414801868199302, -1.5958889101116451, -1.6193408329501038]], [[1.739929122735075, 1.2861871607794477, -0.2162304448639345], [-1.0086913172283642, -2.2500284229155807, 1.8017466393424924]]]], [[[[-0.13343056420072047, 0.17209979227975883, -1.7653919662164264, -1.796721609879311, 1.4256784511771678, -0.15687935821354052]]], [[[-1.945351518783586, 3.124834480078705, 2.657643080391259], [0.11456138526758725, -1.5431998982595019, 0.3343656176709584]], [[-1.543406520194423, 0.8531638604326368, -0.37327834100037816], [1.7991210399301472, -2.4216719694373987, -0.28243151426665714]]]], [[[[2.941238913077956, 2.0675429133574346, -2.3917159441830216, 2.1859652048722698, -0.5155611053906344, -2.715189173148046]]], [[[0.37406804111892783, -1.33922917000658, 2.3820750650961333], [0.45590072006073684, -1.3550739185820555, -1.1469190779495972]], [[-0.4698368665880246, 1.1623065592737991, 2.9525111207774506], [-1.0831332566936238, 3.0756230739001285, 2.1182933691187147]]]], [[[[-3.1403540862295083, -0.5522219502606192, -1.0195138210950232, -2.4517365691021844, -0.48866478763893717, 2.401646060364284]]], [[[2.5674404930102614, 0.6441711586508703, 3.012482192941323], [-0.5854183223178973, -1.616640526314129, 0.24045867962091316]], [[-2.0000331097680264, -0.9397076231688498, 0.5654004525221747], [-0.7184082180824864, -0.8235834046652976, 2.2418299366393786]]]], [[[[-1.825545966622286, 1.5342355696217542, 0.11089421882416407, 1.925458697329307, -2.2419398910007864, 1.8086234786092303]]], [[[0.6847830007532948, 1.3839206332797995, 2.6783639031900552], [-1.0034660087569345, -2.1651452463504195, 0.5950088206895581]], [[-2.088618951021061, -1.5396471070326132, -1.5281187602429291], [0.2775853365381913, 0.6622113627162192, 0.4550675437720457]]]], [[[[-3.127462590778678, 2.0216211504293384, -1.812748778172871, 1.742065710150632, -1.8698035794088714, -1.590072976757703]]], [[[-2.7891821665062366, -1.4897799005988386, -1.4252137151825575], [0.6223818625590443, -1.9747947419110217, -1.658834386822892]], [[-1.5099743702320352, 1.66717378874872, 2.9202022776090377], [0.32365822709438075, -1.4043254045393079, 1.3119416799424517]]]], [[[[-1.5252313016681787, -0.9298018132922169, -1.8455262992605814, -0.9287049878553043, 3.31487704823896, 2.4124475201158995]]], [[[-1.634159685308715, 2.2802354931580524, -2.7973685563204165], [-2.060361610285379, -3.5201763091554454, 0.8747813119587367]], [[1.8310532042653909, 1.4837515930876666, -1.9078765774431798], [-2.847900559495283, -0.3517788125005821, -1.4709662129228853]]]], [[[[1.1706045482333176, 3.086765898698101, 3.3131254344787493, 1.9662675437476644, -0.3898051710152278, -3.1709611240832443]]], [[[1.5354879745579928, -0.9674525181902798, -1.6035834126801054], [-1.579792838075543, 2.4941832445757544, 1.5351685293179278]], [[-0.2551001279532014, 1.0125265532114889, 2.9729294922219065], [3.0230339292067865, 1.693990960638691, -2.4597256635934737]]]], [[[[1.497188886319361, -2.1065096050938825, -2.6631374502312344, -0.5927091398711573, 0.7195559045952981, 3.30555896871201]]], [[[-1.3495367378985303, 0.14779223641839326, 2.772949744248769], [1.6088968107903765, -2.2813491970761812, 0.18396291917931948]], [[-1.6121512215714335, 2.570625900623041, 0.43310032461510545], [-2.6629967865663753, -0.9544032979261874, -2.931030391313744]]]], [[[[2.7810388506730606, 3.2359380698522457, -1.1388246948859957, -1.975584990056895, 1.3585461974272237, 0.2906155275080609]]], [[[2.9990868396745123, -1.7818597973658772, 0.5531758842983261], [0.33865657587262193, -0.1904976021596781, -0.24854188746231684]], [[0.03120701834762866, -3.0518908048821514, -2.8195777517151206], [1.1530953204870138, -2.4093157264648735, 0.9652722308891626]]]], [[[[-2.5302757180710493, -0.3757452961978791, -2.836432972682157, 1.861786053884782, 0.8187317665501289, 1.7742677084081808]]], [[[0.46124820064424243, 2.8219799193124975, -2.094294776086853], [2.375431299909298, -1.5709357438265994, -0.7202165463870513]], [[2.684260915384048, -2.325327771963978, -1.8539612413317246], [-2.241052943330494, -0.9031246297008075, -0.9463394650576347]]]], [[[[-2.2925817768164816, -1.3378794480015421, 2.026523002268376, 2.473593416807448, -1.081379132167545, -0.28744829023076907]]], [[[2.6225393748514594, 0.7347815313833796, -1.2419940189900909], [2.8548291690159084, -0.8757354175592911, -0.6871410110563763]], [[-0.17952083197141072, 1.027049188248374, 1.0752639156256159], [1.949648250778669, -0.3521476404726766, -2.230706535902341]]]], [[[[-1.8377841157315047, 1.627401909804833, 0.5244047376811496, -1.4294506449034758, 2.017756239052778, -2.7900904582933768]]], [[[-1.9998684067688608, -3.3932807694715796, -0.06394688133010194], [-1.1282518042977014, 1.5489867848772332, 2.2247027334960654]], [[2.733404481309026, -1.7536053084630463, 0.150782608781591], [-3.246781329669272, -1.599389870548625, -2.041835152619118]]]], [[[[-1.0034636283301868, -0.4494954188954585, -1.9062260733138563, -0.24543440746587072, -2.0088103568295934, 3.2642274104877056]]], [[[-2.45153887911757, -0.8387532632515878, 1.5731740151458986], [2.6098866950063244, 1.6914144110195999, 1.1549537194721484]], [[1.3490341591164008, -1.7791728907333777, -1.003047722641174], [1.9942530425723506, 3.1872368254941335, 2.657333199975671]]]], [[[[2.1510933816545736, 2.861295587987938, 0.1261050514399474, 2.7270224364815783, -0.1755370088843539, 0.054997979078879086]]], [[[-2.70025641675817, 2.298083933777752, -1.289361218038025], [2.2696473771789627, 2.749265525330373, -2.9674935464320304]], [[-2.8674727841970253, -0.5155892966197707, 2.087897496233519], [0.8397679480638264, 3.0679383375962357, 2.0949308600040872]]]], [[[[2.7550033447644378, 2.1143418124959874, 0.024396231316729237, 1.5060957595418165, -1.609807056556656, -0.5592342392316937]]], [[[-2.658632235821654, -0.5107004466612056, -2.349960989363224], [0.7730207222199984, 0.8363972910178167, 0.054520932571074245]], [[0.10956799380336273, -2.109301585337265, 1.7603571506762759], [1.5088453608329704, 3.032495431826734, -1.317785453398514]]]], [[[[3.4565639843214835, -0.49208838412271716, -1.1791950616351494, 1.9352126438137898, 1.0584957507565351, 1.1201422936257235]]], [[[-2.6357681242201707, -0.12045902230447737, 1.1698221353124012], [1.94941306370182, 3.4008709066692817, -1.9424934793205424]], [[0.44414970641421553, 3.020678427903814, -0.4849492295169932], [2.589869023929117,