{"noise_params": [0.0, 0.05, 0.1, 0.15000000000000002, 0.2, 0.25, 0.30000000000000004, 0.35000000000000003, 0.4, 0.45, 0.5, 0.55, 0.6000000000000001, 0.65, 0.7000000000000001, 0.75, 0.8, 0.8500000000000001, 0.9, 0.9500000000000001, 1.0], "max_scores": [2.8284271247461863, 2.725656706252969, 2.670295503205171, 2.591102336830458, 2.4797772914185434, 2.4493988608608674, 2.364037553803805, 2.2798757062435886, 2.190668164997361, 2.0976113528552287, 1.9944358880739257, 1.8973659537770793, 1.7888148388737777, 1.6732177974207545, 1.5491758356271557, 1.414208455935979, 1.2647620386668272, 1.0954294780738536, 0.8537436151251931, 0.6310559903164376, 1.960237527853792e-16], "opt_settings": [[[[[1.2293960076738182, -0.6165080355269824, -0.11671597393509565]]], [[[2.6988018607734157, -1.79512830220576, 2.8431807118575403], [0.016540210669100105, -2.920461964799346, 0.5640550845567476]], [[2.29433278698008, -2.0308925883618123, 1.9111195804020893], [2.8535934356152466, -0.5134122783463766, 3.014972569571505]]]], [[[[0.8481103871619262, 2.738766870536765, -2.0305677441489127]]], [[[0.625971443161244, -2.595479436283023, -2.326602391953501], [1.4807351851405182, -3.163990891053067, 0.24629414332872998]], [[3.1338893839249877, 0.4413389337460099, -1.502334529854642], [0.5456508629510969, -0.9086945954896322, 1.7010267907810128]]]], [[[[-1.1656471992687385, -1.6385633146683038, 3.3078479401624485]]], [[[0.024373795439864256, 1.2083443761542576, -0.6309011459282452], [1.1956406539676032, -0.7833615495904654, 2.432909655241792]], [[1.6409765467367206, -2.218171344548872, 3.0169080770098304], [2.2850001648090883, 2.394669982464908, 1.0823069681596307]]]], [[[[1.353716596980131, 0.2232132118771854, 0.38818351153068587]]], [[[-0.15477572922035102, 1.8696987666718443, 2.51004828320629], [0.41899703771562535, -1.0665910597651154, 2.5880737050118316]], [[-1.12693944714337, 1.892820299185996, -0.47842288147793166], [1.4241140957923333, -2.113545459357682, 0.6781393343242992]]]], [[[[-0.25629461726084407, 0.9010942715983644, -2.419028608080906]]], [[[-3.28502016724046, -0.9743438116685417, -0.48611424975337675], [-2.7968671894800017, -2.337245449487995, 0.7911134747674957]], [[2.43359369521083, 1.0730766964380358, -0.907058680052184], [3.1353351511790737, -0.6451846894146609, -1.1152680636989394]]]], [[[[0.7091716355865592, 1.5702280335151821, -0.0464458286635292]]], [[[2.7272953960465345, 1.3127865398916019, 2.761615001637513], [1.15501196998445, 1.556740353132939, -1.3191527650974983]], [[-2.0854663843343535, 1.2560024132086416, 2.4740917940012883], [0.35569271040334727, 0.36693536026759016, 0.6199931758770973]]]], [[[[-2.5155356689135977, 2.3496461346690403, -3.2566810049018717]]], [[[-1.2755111545733693, -0.6710303183629543, 0.6202492670602582], [1.0600770739272307, -1.2489929914366587, -2.7052169769456356]], [[-0.7113684471377943, -2.8977280911221137, 2.1522256179424524], [0.5148757199050871, -1.6223805803261122, 2.089982128375282]]]], [[[[-1.0877167866676722, -2.4600477943446863, 2.3445846046376]]], [[[-2.3978531470893274, -1.1972105010393057, -0.31481802662368086], [1.8566968369163734, -0.9657602078029501, -0.9542821784372517]], [[2.583908091781446, 3.7269117788897708, -0.7298805326001743], [-1.5600965253545833, 4.1812276571804405, -1.3296146551053973]]]], [[[[3.1746970619335277, -2.6891476765749744, 0.45842774902866384]]], [[[-1.8459965120739479, 2.006101444450818, 2.9289916301999366], [-0.7168643019616546, 1.0506492822247442, -1.3842679944669474]], [[-0.9193774531181048, 1.2928618296410135, -0.7442550932680514], [-2.5600643316022964, 1.1746039128224617, 1.6738386305592625]]]], [[[[0.7407876751707708, -0.09578350205541253, -2.185794002904769]]], [[[2.3914047374600416, -1.7167820472482838, -0.6784628682684528], [-2.362207562817149, -1.406977628976138, 2.680474909518118]], [[-1.7083707085377404, -1.6048928711004917, -0.5637621949911562], [3.0035454325255646, 1.8565348175131766, -2.8751945226237097]]]], [[[[1.5661774275341405, -2.696317022996945, -1.9251016866004553]]], [[[-1.7632129626745339, -1.9022925424937085, -1.8251473300387429], [-2.2277033689077346, -0.6714499797057034, 0.21955083836988282]], [[0.8698299028119908, 1.475455907492536, 0.6522389473238217], [0.202125185818977, 0.023931342635547664, 1.4204670714898366]]]], [[[[2.0165848480302677, 2.7836975472891208, -2.218367842000903]]], [[[-0.9213501040283426, -1.361139376440722, 0.7928675829254566], [0.6455267455306019, 1.6268312107592011, -0.48717225053797114]], [[0.33169294041727115, 1.920933438533499, -0.20616999651888485], [1.9368874975028, -4.2767984551650855, -1.8470392541383243]]]], [[[[-2.878572509516456, 0.45523499021046865, 3.4226632050750845]]], [[[-1.7759057435434957, -0.8901481957572834, -1.3019905864857266], [-2.812633608502953, 1.0465396536723908, 2.490214880108467]], [[-0.167377771015171, -1.2158094000197939, -1.2268906615949786], [-1.3122767353104616, 1.410237741447003, -1.3894106139476496]]]], [[[[-2.20150192237563, 2.7756374603725495, -0.7809058856334714]]], [[[0.05005942737120938, -2.07798049074838, -0.8050560649372138], [2.6240893955467293, 2.2944052272193485, 1.29463726466635]], [[-2.350964308972654, -0.8395630731758804, -1.2890341774852465], [-0.009428517679721866, 3.8238244575888967, 1.5396440212687148]]]], [[[[0.08549969535654126, -1.0576348034352667, 0.2408611253599607]]], [[[-0.8570971757695505, 1.8023780172751953, -2.384011413225954], [2.8414619927984934, -1.1124080843246504, -1.1075541609594053]], [[0.6688178327413468, 0.5291455742315785, -0.23143343477299053], [0.533579117649266, 2.1885865265789057, 1.8780954496844027]]]], [[[[0.8211298188338406, -2.2521278090762573, 2.970140369136371]]], [[[2.2210618645023037, -1.21607875546975, -2.8950521288129427], [-2.1945032643054465, 1.863428209981688, 1.7670864784210867]], [[-2.5116419903182687, 1.5105489571415727, -0.4341615268275834], [1.5135168780161676, -2.8606382450884897, 1.2464048744370748]]]], [[[[-3.118139149624027, -3.2918723699988504, -1.6995961527185088]]], [[[2.4690069559773393, 2.271665815170665, 1.6095418057034179], [1.810365706732776, 1.526518813746111, 2.1369252579644025]], [[0.32654647964835015, 1.4983589620276039, 0.9988633976128654], [2.57485735989431, 0.7025141567412714, 1.1014444230178793]]]], [[[[-0.7424791309232606, -2.161615911783528, -1.1038401839320804]]], [[[1.5209994094959878, 1.8478474664256321, -0.7118826286322975], [-2.906376098633635, -4.016743567268382, 0.014248427789122107]], [[2.5792493409309416, -0.9262927642951103, 2.022011185215141], [0.5491985998483156, -0.7291382765545628, -1.0695863307201146]]]], [[[[2.5911215997874613, 1.8262785621724822, 1.6545655208065102]]], [[[1.0531955598498968, 1.5977654892977007, 0.32323020792825163], [0.8974343729202346, 0.7621529322119458, 1.9265572098015253]], [[-0.44115326746878614, -0.6279777361152822, -2.109841903267742], [1.0560593456436327, 0.34908881259263136, -1.8897215628848885]]]], [[[[0.05264992443499543, 2.183338467195824, -0.04966451073909231]]], [[[-0.5065478229804685, 1.0580690054039519, 0.011779411734873565], [-2.6060311367432627, 2.6349507535502235, 1.0089264705642575]], [[1.945144392453999, 2.227774589316737, -0.9370650146328261], [-2.217143409761486, 3.1224566301731778, 0.7690125771893292]]]], [[[[-2.0513310124201873, 0.11941276431758885, 0.6427075509856355]]], [[[0.6754880306387903, 0.25599667635730317, 2.667159634005823], [1.8532711117524245, 1.2729058117521905, -3.004368181053532]], [[0.3096759456286504, -2.938285253281854, 0.9471257034724703], [-2.6391832219268325, 3.0313991835269487, 2.6371064192610394]]]]]}