{"noise_params": [0.0, 0.05, 0.1, 0.15000000000000002, 0.2, 0.25, 0.30000000000000004, 0.35000000000000003, 0.4, 0.45, 0.5, 0.55, 0.6000000000000001, 0.65, 0.7000000000000001, 0.75, 0.8, 0.8500000000000001, 0.9, 0.9500000000000001, 1.0], "max_scores": [2.82842712474619, 2.7238805160952007, 2.6222899333182097, 2.523604576874705, 2.4279079146675215, 1.999566289343408, 2.2470380999920714, 2.1639001583926634, 2.088930329264388, 2.0283424345985073, 1.998152137668316, 1.9979377402423397, 1.9995025508485025, 0.599469356325522, 1.8260756551180901, 0.9999170116755358, 1.9999999999999758, 1.3999999921282071, 1.9999999858573758, 1.7999996488204968, 1.9999998711850198], "opt_settings": [[[[[1.5397807168306823, -3.129308643706343]]], [[[3.9191052967089837], [-3.865422058624887]], [[-3.1452406640843833], [1.5126342002742952]]]], [[[[-1.0499506270779333, 2.1592718453170385]]], [[[-3.078707523611337], [-0.8002201552256413]], [[3.6007440760814977], [-3.2690299329785217]]]], [[[[-1.4918413484535118, 0.0022426317776952772]]], [[[2.829790846541081], [1.3431370447254656]], [[-2.043369672727451], [2.570121788401864]]]], [[[[1.4469200811720877, -3.0670432010614155]]], [[[-3.2483697767100024], [1.5482236722913396]], [[-2.312629121384357], [-3.8256210534153845]]]], [[[[-1.6828003987057343, -0.283445787883226]]], [[[3.6490633088437616], [2.30759355864972]], [[3.2774125259116547], [1.7797486474986155]]]], [[[[-0.23469487523443247, 1.1554357690651016]]], [[[0.01898084117972756], [-0.23380294621524852]], [[0.009521408624655862], [-0.36944529857868075]]]], [[[[-2.623003046034329, -0.9043472345709709]]], [[[-0.9649394321360549], [-3.2129986471285554]], [[-3.066616485555129], [0.21741495314053308]]]], [[[[4.714116172816253, 3.138784358685694]]], [[[-2.077347052172531], [2.356621463493963]], [[3.0741677847924294], [-1.3661458404509847]]]], [[[[-1.151675587506074, -3.1331033525832956]]], [[[1.212339972246877], [2.7765860923001537]], [[1.9843213926937948], [0.43546371243808907]]]], [[[[-1.2901056329576377, 0.005634218452465608]]], [[[-1.364796802428772], [-2.711880899848968]], [[1.9230024567570483], [0.6784830960030598]]]], [[[[0.38544918324266636, -0.6780776711784752]]], [[[-0.8496921433323795], [-3.0704203785785644]], [[-2.540049075514983], [-0.09847943673653473]]]], [[[[0.2877188302324386, -2.559747673876113]]], [[[-3.0921332555383474], [-0.7711249408088713]], [[2.5452741631468934], [-3.067502579912114]]]], [[[[-0.4298806330827553, 3.0993014893621744]]], [[[3.1077110274819626], [1.3185670723505631]], [[2.684794104983195], [-2.8893213818846255]]]], [[[[2.9219623890718434, 2.121448124920939]]], [[[1.7137345816542684], [2.847957309714295]], [[-0.5893696833890878], [2.9692593592906955]]]], [[[[2.1895275619813224, -0.08603917580443693]]], [[[-0.719473182642518], [1.237868508681916]], [[2.6008720043769276], [-1.272945426519977]]]], [[[[-3.0356065454088696, -1.8120374585825412]]], [[[0.28726897881595953], [2.8797390952484054]], [[2.238140531367127], [2.9879316589373377]]]], [[[[0.0010359994617439507, -2.185781546855416]]], [[[0.028708822784640917], [0.017630854010018272]], [[0.0004452442278107979], [-1.634543032862751]]]], [[[[-3.13927604293854, -2.0375304568202486]]], [[[-3.1272340942524086], [-0.9479460963424183]], [[-0.007654395122712379], [-0.009459342196911271]]]], [[[[0.0050740940982943765, 2.408273998609282]]], [[[3.087600561238872], [-3.1438632753626914]], [[-3.1416350270657913], [-0.9831453483506358]]]], [[[[-3.1204160392826004, 0.6364520621791137]]], [[[0.1057967105947738], [0.033816765015797556]], [[-3.1079141309808733], [0.9191000802811439]]]], [[[[0.0012577427591409433, 0.19987624902517886]]], [[[3.140319178117958], [-2.196662791123145]], [[3.13780536495446], [-2.997387668371046]]]]]}