{"noise_params": [0.0, 0.05, 0.1, 0.15000000000000002, 0.2, 0.25, 0.30000000000000004, 0.35000000000000003, 0.4, 0.45, 0.5, 0.55, 0.6000000000000001, 0.65, 0.7000000000000001, 0.75, 0.8, 0.8500000000000001, 0.9, 0.9500000000000001, 1.0], "max_scores": [1.414213562373095, 1.264668145653375, 1.1480700254356697, 1.0397839597685339, 0.9612520338194064, 0.879081670555345, 0.7598661284364088, 0.7099119525301281, 0.6352124953090503, 0.5639910344071963, 0.4999726404143351, 0.47631831283067644, 0.47039271916279685, 0.4781194696327631, 0.4926498094841725, 0.5255605440281284, 0.5814412930507248, 0.6438594515328633, 0.7474157853373532, 0.861062742065177, 0.9999999997777419], "opt_settings": [[[[[]], [[]], [[]]], [[[2.5000946444080485, 1.6772722698527387, 1.4799144753295927], [-3.0892338616619996, -3.0052957422416253, -2.191991422417082]], [[-2.3987352051789, 2.457212553482922, 2.837318257551529, 0.15660641429001387, 3.1428589977315733, 1.3031982584697266], [3.701233225243746, 0.8933778317152952, -2.7684444786573903, 1.10975501224969, -2.662704462197442, -0.5764210729226239]], [[1.8054824537943028, -0.0012663759588010814, -0.465256481370601, -3.1319022005837116, -2.6631797640022308, 2.7081735276464025], [-1.0741317345279415, 0.47888819139136773, -2.5132693358898877, 0.23806234549110783, -2.032942351655264, 2.6779871198792016]], [[2.6143401119717673, -0.33254651848298244, -2.0264242607163654], [-0.15399250672828171, -1.2520910186440684, -2.392183065771283]]]], [[[[]], [[]], [[]]], [[[3.105215082684965, -2.626133221607647, 2.0340528485625438], [-0.5890980229713573, -2.010104657726151, -0.0350987414665186]], [[1.0841148105315774, -2.728159641207735, 1.403556305853546, 1.0815072954407423, 2.3605409851557515, -0.7072125808177587], [0.39287196740075964, -1.260218401668176, 1.7826218824213118, -2.694155102498788, 0.09663238789149742, -1.9968966710823146]], [[-1.0824659684407087, -0.7810516684381906, -3.0829018740558434, -3.456966666551584, -2.477943137136372, -1.602725340958493], [2.3901241717707853, -3.0449602655060635, 0.3508805229277055, 2.7258296156657744, 2.1849512872437464, -2.048131956694517]], [[-2.2410332130479422, -0.16033616428062353, -1.0760083703185979], [0.3682057421712166, -1.4268287651416474, 2.9898488871158584]]]], [[[[]], [[]], [[]]], [[[-2.2941733137028444, 1.4093522221156067, -2.5296844506894085], [1.638647072529188, 3.42185623280639, 1.1856754702216383]], [[2.134681679471907, 2.120284769869607, 0.45579076245544214, 2.755121740082035, 0.006110998358926598, -0.530377254961394], [2.5125911782236625, 0.6760177037851651, -2.817076390012981, -0.4104582250289085, 3.6564848869713007, -1.9312105710101564]], [[1.5911350262319506, 3.135479641319131, -2.6145597610882008, 0.5156494801669698, -1.0226711756985845, -3.1174958513506237], [0.46122022652373756, 0.5148922312334285, -2.3893674422283997, -0.006878265813682939, -2.4320878489787296, 1.981198134780426]], [[2.8507669163129763, -1.4227620883583891, 1.7832459775765293], [1.8669696011110901, -2.8026916884062434, -0.008946408206489636]]]], [[[[]], [[]], [[]]], [[[0.3375356921952838, 1.4201588682736155, 1.2613153852512002], [-0.11928577513475834, -0.17115552819441443, -1.2882520601261764]], [[-0.4626500053743409, 3.8368579602750454, 1.6348496680327165, 2.0174327112592487, 1.6507926794969376, -1.1658587375950091], [-3.3859871856364476, 4.1280476311083945, 1.9222887875410564, 1.0259757517399357, 3.134853360664351, 1.9808471546025865]], [[1.124159937572156, 1.4907999655164084, 1.1438781456548384, 2.478423386101444, 2.4922077486527145, 2.376047936569152], [-2.772631473171651, 0.006419426964290452, -0.13183742688363514, 1.5322620584165152, -1.8724383898862422, 1.8317649661377786]], [[2.288898565996192, -0.62133965103029, -1.063809775089549], [1.2389045079817198, 1.2227880041045198, 1.9941934276226572]]]], [[[[]], [[]], [[]]], [[[-0.9579974954395597, 0.2961762729694407, 0.44116991350805923], [-1.037636912003622, 1.8201187064774549, -2.2563777907435583]], [[0.9973854019859493, 1.124872926865757, -2.588952422175689, 2.2885726284681214, -1.2345226614340656, 3.0169443701327765], [1.1274342732054878, 2.558891138094654, -1.5713773038664631, 2.839558495934784, 0.91417584139845, -1.7827839282876718]], [[0.8530294980844467, -1.9070691265222663, 0.8861383831825921, 0.06642158777966735, -0.7638374661061852, -2.6048320712588806], [-2.8444745470597432, 0.9141658022837058, 2.445478540320452, 0.35553398354179644, -2.153332500706999, -0.4675752359028896]], [[2.921870584955172, 1.440313966845967, 2.9280990719551836], [1.8873799379570992, -0.19095659842601845, 0.6620204663286001]]]], [[[[]], [[]], [[]]], [[[-2.409898710097881, -1.2727747970514411, -1.5448102364108869], [-0.6040609379917967, -3.8397230004291916, 2.4173375673786115]], [[-3.385825537791975, -1.8792710205426504, 0.8072266352567521, -3.464484030653485, 0.6037694610205376, 2.9181551793383287], [1.8353834029589755, -0.8072270186324785, -2.3643071362870374, -0.7211767888965662, -1.561845758107922, -1.7119252835274918]], [[0.4783050911181153, 2.5379171269460508, 0.0836396380029396, -1.8394512244675298, 3.123846257742461, -2.9421599400000855], [-2.420416518643916, -1.57974222694241, -1.3303453213802254, 1.4597269633598804, 1.5840102796396756, -1.7353530003639412]], [[1.671752818560302, 2.2863237177702422, 0.7710744256543575], [-1.448961080365941, 2.3186377100898077, 2.3396991331019983]]]], [[[[]], [[]], [[]]], [[[0.7776819616870877, -2.7056389692980827, 0.9416920502442788], [0.7555405082682807, -1.1954613267381293, 0.003505238293868716]], [[2.416864550980932, 1.9094400066016401, -0.41804474138788855, 0.5351614620524845, -2.827253337891117, -0.20382561950188904], [-0.9566106132259246, -0.41455298067291574, -1.226155959843202, 2.5554685702049755, 1.2868892169222803, -2.4242219969964114]], [[-0.0510697763787801, -2.82720644256727, 2.3881881436377252, -1.86253997854632, -1.4245366132443542, -2.1433036888484174], [-2.556005433336297, 1.2866773315765625, 0.18932744204343072, -1.9829089278238032, 0.2087982650173694, -3.1388324186557925]], [[1.8999686570051093, -2.146629351632684, -1.0229217908760302], [-1.341004552581018, 0.6426489082508299, -2.9818932065210726]]]], [[[[]], [[]], [[]]], [[[-1.5399287584205479, 1.3717615535379937, -1.5433751448943351], [0.5933701131799441, 0.6536235793428142, -2.173756383768392]], [[-2.135380016625762, 2.360522224717749, -2.404139430191802, -1.8312218534854605, 1.7468567051356265, -0.40840808686640984], [-1.2338301830834393, 1.2218677975503909, 0.5299679649927985, 1.44011427600297, 1.4842236355632892, 2.4463571306376553]], [[-1.311569654865069, -1.7530959040680676, 1.6709648163162494, -0.3084169871715395, -1.8648602233090616, -2.2074662573324844], [-1.4401564803166524, 1.4842430634677881, 1.0807819985351301, -2.6043067660897528, -3.0892014683666127, -0.4429970592782641]], [[-2.6936429698597135, 0.97137882195605, -2.111022229206099], [2.685838141797701, 2.753476593105709, 0.14294965427354467]]]], [[[[]], [[]], [[]]], [[[3.3065357319497553, -1.7773948783100084, -1.6639866747989198], [1.7956828055246175, -1.8091030519394327, 3.0196393878719565]], [[-2.5376573339542428, 1.271838370193364, 0.5539099236156745, 1.2537695713883423, -1.296396134073295, 1.8497152202994878], [2.1406485440203524, 1.6044733414997816, 2.2676477878600756, -2.563871825257322, -0.8001974862076373, -1.06555520266793]], [[1.8874077817603958, 1.2963025462178646, -1.2554816409662986, 0.3642963240177872, 2.4224009843638714, -1.2539070036680506], [2.605679226111438, 2.3434351544634637, 2.7976441287933924, 3.3274791926210887, 2.123616169326139, -1.2315800039888434]], [[-0.2577724930001647, 1.7595469061092757, 2.318769448464761], [1.7100642403982398, 3.1793051771832266, 1.4872156462302961]]]], [[[[]], [[]], [[]]], [[[-1.364367474014093, 2.0104309211741507, 1.3768499320779304], [2.437241025596936, -3.3320501283146355, -0.11101649063659011]], [[1.5182407567720073, -0.41172940515366147, -0.9446403034798149, 2.635210092153071, 2.013405270560346, 0.4393157544119926], [1.4488811590551152, 