{"noise_params": [0.0, 0.05, 0.1, 0.15000000000000002, 0.2, 0.25, 0.30000000000000004, 0.35000000000000003, 0.4, 0.45, 0.5, 0.55, 0.6000000000000001, 0.65, 0.7000000000000001, 0.75, 0.8, 0.8500000000000001, 0.9, 0.9500000000000001, 1.0], "max_scores": [1.414213562373095, 1.2679984427339437, 1.1550431902141052, 1.0741090997277696, 0.9740217805453879, 0.918416790214655, 0.761987038055959, 0.6847380855323617, 0.6025407230808317, 0.5622862005139181, 0.4999999993641526, 0.4775978090412204, 0.47000952632054566, 0.47755879185974087, 0.496595158433042, 0.5297249766337248, 0.582457597338861, 0.65399521304108, 0.7463134927628818, 0.8616961093852209, 0.9999999999999998], "opt_settings": [[[[[]], [[]], [[]]], [[[1.8258218307337655, -2.2263663011713435, -2.847830347700236], [-2.2358055305465445, 0.9008388916341954, 0.3764011560960107]], [[-1.3725773077255035, 1.5691550559935368, -1.0515486365854203, -0.40613637253342166, 1.3372974898587373, 2.5978356943583476], [-2.877777726754968, 0.51679588485199, -3.0834876534866584, -2.701336284236442, 1.3556583401140314, -0.6678824572538212]], [[-2.735456281051427, 1.8042951637310563, -1.1950111705480657, -1.880193276967555, -1.5456393505447183, 1.1603686802215343], [-0.4402563693533514, 1.785934313475762, 2.3047539963522334, 1.3101689462094943, -0.026574347661760298, 2.8605442677145723]], [[1.897617648288286, 2.3825740827607906, 2.652524253796151], [1.864410596086035, 0.8102297544675726, 2.983472431891042]]]], [[[[]], [[]], [[]]], [[[1.2229174532560543, -2.230100484541484, 0.22783549026301905], [0.7695565157451102, 2.4439413491309656, -1.929034852340016]], [[0.7007544143748113, 2.90278338155374, 2.323543626346331, 0.7801200811040128, 1.0014817377493468, 2.678514318438965], [-1.015548185070429, 1.7112015942292562, -1.5232270561409147, 0.9379047288269475, -0.0032062741551610154, 2.8904062100549774]], [[2.361480363087345, 2.140110915835434, 3.098343862712529, -0.04562480894028492, -1.567819650563975, -1.9109461548500366], [0.20128526260714663, -0.003206305416282359, -2.0869472698542175, 1.5142799768777653, 3.182991357554429, -2.490942034602069]], [[-3.1360713302088756, -0.79585955473338, -2.2247309802447957], [-3.055713542635597, -2.35025468367158, 0.7305171812372926]]]], [[[[]], [[]], [[]]], [[[2.2089311307592423, -2.745221627318291, 0.8805047933646581], [2.3655003582619556, 1.8941304296962307, -0.3107817810906853]], [[-2.4470960554283683, 2.674551591756716, 0.08474671990161214, 0.27675971237679353, 2.2456907992247714, 0.694589036139571], [0.8182053501432498, 1.9632767037194963, -0.48270425517389715, 3.2242882778654445, 0.8395441816701978, -1.5795529587490476]], [[-0.2775716569944253, 2.2456908062351446, 0.04772886713709209, 1.5680727799635927, -0.25321032442824276, 2.4212717182771364], [-0.08307923025377252, -0.8395441816701732, 2.3772624927852357, -1.7816254262040088, 1.7739517743731945, -2.2022856771389607]], [[1.7340324460022103, -2.0964252735566067, -0.800999521507086], [1.8606704849081754, 2.5436491279645144, -1.768792831470932]]]], [[[[]], [[]], [[]]], [[[2.7596793175467913, 2.2131000216045855, -2.5300519506607317], [-2.3305305215463266, -2.009987189760854, -0.6258273986910511]], [[-1.673102834001898, -0.7615817116417142, -2.8104364896799905, -0.29028721168797356, 2.227958834937549, 1.6052274220164717], [2.8816710813217026, -1.45641256820556, 2.7197573795244, -2.229117543590353, 2.4365845094409675, 1.9422289818318008]], [[0.29025473734025126, -0.913633921773497, 2.6335543916429405, -2.290938900889943, 1.142792749599581, 0.6021030483325848], [2.2472020369685595, 2.436584509405598, 0.47150096362810917, 1.0153336362796082, 0.4974234130051635, -2.1075125034201614]], [[-1.0184838655981163, -0.3094784725270666, -1.6091809196563993], [-0.8740222210303135, -1.892698872663901, 1.3709057781962486]]]], [[[[]], [[]], [[]]], [[[2.067662625393105, 2.1453674182185054, -2.4414108887246866], [-0.873742193514702, -3.810709045150682, 3.0641983052166095]], [[-0.16436978454875245, -0.0338813613720506, -2.90471743379477, -0.552691188313827, -2.4081625786570844, 2.4780097560217786], [0.9992369327109439, -1.3510819415729576, -0.4151809264646676, -1.5877931381547052, -1.125009993376474, 0.7625045413358018]], [[0.5583533098622214, 0.7334257808586402, -2.6903553025998574, 0.5838047032802313, 2.079416563799735, 0.5862098223541907], [-1.5537626891292826, 1.1250100184947074, -0.49837137979348234, 1.2084970712069028, -2.365334173775987, 0.06287021723628064]], [[-2.6983337115175807, 0.39068708507409283, 2.725311584326496], [2.2629661916317287, 1.7564588071279394, 1.1467995987042334]]]], [[[[]], [[]], [[]]], [[[2.384745363461724, -2.131028109782664, -2.2406353185684296], [-2.3023339666736344, 1.5841987273770783, 1.2644405536998384]], [[-1.5006854416929671, -1.945913368471286, -0.8032379806988902, 1.1223393877987258, -1.6113287623778398, 2.966505302523], [-0.15756458795331746, -1.2038105063825886, -1.0823399705196, 0.20021584197696962, 1.5615214285823642, -2.8369801680302205]], [[2.0192540836759956, -1.530259434712338, 1.1850776217012733, -1.0707644151405378, 1.1231933906282994, -0.3875381450856275], [2.941376322861343, -1.5615217728811746, -1.3901889094372042, 2.9229820556305754, -2.309747044264947, 1.611547102074054]], [[0.6891138275027556, -1.423810894380681, -2.798501234808936], [-1.2072721303259686, 2.57150946733874, -1.2569036893678993]]]], [[[[]], [[]], [[]]], [[[-3.0920629804513196, -0.448857662993249, -1.501227617262203], [2.7558325645630677, 1.1454140864781586, -0.5731453261600761]], [[2.6545505349573424, 0.148608365323439, 0.6365623347880898, -1.4796125950708119, -2.398831696518599, 2.153020276579803], [0.34829525850720566, 1.1847570814249355, 1.2540297839543397, 0.41532340161343195, 0.6569364113712683, 0.49956703968867594]], [[1.4185565044878796, 0.7423924743110679, 3.133091302482356, 3.2715510010272277, 3.758322152881308, 0.24563228041918753], [-0.5142094815986016, -2.4846432600722492, 2.5621354860861008, 0.36658826418680623, 1.0438261638644994, 0.03884613926099586]], [[2.8742120602922365, -3.3876609055410065, -1.307864579923895], [-0.30492331939581074, 1.7446125843394638, -1.5981816000000844]]]], [[[[]], [[]], [[]]], [[[0.9152192748087322, 0.6249016083333707, 1.4440417250968274], [1.1229972404332607, -1.1273260890454477, 0.18157233779240528]], [[1.7693765679944484, 0.3187311779595186, -1.7554706860674714, -0.11145011525051514, -0.0797081544291206, -1.9140609428192432], [-1.044227698181488, 1.3562547499754212, 3.066537184211106, -2.9835360832691533, -1.4746439298070426, -1.2485348574325634]], [[2.2103395776184174, 3.2179916527699426, 2.872332556622407, -3.3165888619871633, 2.032999322590087, -0.7476067218478484], [-0.15806135848661815, -1.667000394953132, -0.6245824151094284, -1.9136787182184303, -1.7959586353396428, -0.12869430549686015]], [[1.194696820973314, -2.057835815203964, -2.3377655657128544], [-0.6293532443750836, -1.6803198775595543, 2.8041257059217655]]]], [[[[]], [[]], [[]]], [[[1.872905968406735, -0.2994369759475354, -1.3882163896580488], [-0.2399465739906631, 1.7406776556929855, 0.9750368355770522]], [[3.548363878767158, -1.0545062922284645, -0.5071959747504948, -0.5014828536873325, 3.1443124451898297, 0.9215860376178303], [0.025528332396562013, -0.6941826770638364, 0.7689208247387876, 1.743443052433792, 0.40306763377760224, -0.8711987407314182]], [[-0.8940480723479725, -3.1302582557049354, 0.8047235343759109, 1.3981658198371045, -1.9708014773003215, 2.067822562747712], [1.7753011852986607, 2.738294331379805, 0.17901221049717625, 1.8539790868632806, 2.5208315171031237, -2.9061548912581774]], [[-0.8892746019342067, 0.3912457725877928, -1.1473516418039846], [-1.5794698648073031, 1.8384433764665504, 2.1418741249586555]]]], [[[[]], [[]], [[]]], [[[1.918520982257476, 0.9214723331412852, 1.4751194616687027], [-1.7764348792662288, -2.568650979631842, 0.049058778747445964]], [[1.4134306231535836, 1.3916819617264722, -2.715367513152878, -0.5026764572133529, -1.191600568805681, 1.0425559841002672], [-1.8804123923825733, 