{"noise_params": [0.0, 0.05, 0.1, 0.15000000000000002, 0.2, 0.25, 0.30000000000000004, 0.35000000000000003, 0.4, 0.45, 0.5, 0.55, 0.6000000000000001, 0.65, 0.7000000000000001, 0.75, 0.8, 0.8500000000000001, 0.9, 0.9500000000000001, 1.0], "max_scores": [1.4142135623729533, 1.3037473254185734, 1.1725279460474942, 1.0708378982078552, 0.9388187931607408, 0.9059018157201859, 0.7672277918950421, 0.698777740809648, 0.6455610354083834, 0.5634690884742561, 0.4999977232322985, 0.4794348425754321, 0.4634032481187924, 0.4769026441901858, 0.4945112744123699, 0.5300990185000272, 0.5828733500375701, 0.6541345889727908, 0.7433005865239062, 0.8613306503866761, 0.999999999999998], "opt_settings": [[[[[]], [[]], [[]]], [[[1.0444351809000028, 1.398673056449863, -1.225952911233591], [-2.2119267438716856, 0.17378937996258897, 0.7449560678936789]], [[2.0722560816637356, -0.6132577782349486, -1.9010402697689979, -2.261768636072831, 3.1415839834893555, -0.32271866058500964], [2.1145529903224247, -2.1836444926099103, 2.790869124887466, -2.6539790366625224, 2.201299356810589, 2.59083890122892]], [[0.6256506531081061, -3.141582213000795, 0.9587873039005244, -3.0994657396585823, 2.988462328425708, -2.2856344130291757], [2.653978520085356, -0.9402932967792038, -3.068064802850249, -1.4845362092319625, -1.5145796752353797, -3.0808911927521963]], [[1.6402353245657386, -0.7556672985742378, 0.9615846772390074], [1.3391117983618672, 0.8386178298330321, -2.1677095072955908]]]], [[[[]], [[]], [[]]], [[[0.09902562275494646, -4.162599316419178, -2.765752877726611], [-2.1560515842846733, 2.3270593096684014, 2.6476031659014843]], [[-2.29186596428515, -2.621247273243376, 0.8759711530621974, -2.365507937881329, 2.166433672093235, -3.092611706038022], [-0.5036577999724319, 1.460616180915982, -2.4963365902155106, -0.4484569453433642, -2.186107590958417, -2.1722668102818146]], [[2.365508392754568, 2.166433672093235, 0.4670203542797005, -2.4826627784585478, 0.6999185224558494, -1.8800852444694325], [-2.6931341246887834, -0.9554850626784609, -1.9753271040060112, -1.1982085115029422, -1.3778187114354568, 1.7407321157851314]], [[0.5647877372863622, -0.8243512819394571, 2.2229085064423386], [1.6790671357327744, 1.1706632954995633, 1.351138100461403]]]], [[[[]], [[]], [[]]], [[[-1.3845946931560682, -0.5728772275115472, -0.2782940186501981], [-1.3485663501370613, 1.0004498517641016, 0.7121684596141966]], [[-1.8615869469397284, -0.23324871856780752, 1.0895769644389386, -0.5829648084869882, 1.2629695972819497, -0.06798199684406293], [1.363340833545781, 1.7643206932930002, 2.1263469078249786, -2.234547754796743, -1.3600345592593617, 1.8160411229299784]], [[-2.5586250269841133, -1.2629696014067662, -0.761483634382231, -2.7299025067189326, 1.567703540896605, 0.955700181161812], [2.234547754793481, 1.7815580943304552, 0.21291335616917978, 2.258256995068055, -0.2245190336824475, 0.8933090741412058]], [[-3.773967134772695, -2.3541207714603756, 1.8889350708513142], [-0.20313524137012615, 0.8299051571027602, 1.5883279727918402]]]], [[[[]], [[]], [[]]], [[[3.229695449485776, -0.3942535361894787, -1.3977648751875489], [-0.8836051094775915, 1.7276870483028166, -2.4406055024576987]], [[0.633370967143722, -2.0830182503014676, 0.26952290978460464, 2.6750780238401664, -0.016847677352970377, -1.1378818149720487], [1.230459129541822, 2.4301135309114237, -0.7089199002415211, -1.4149346528114286, -2.7241360691779275, -2.1602202888045583]], [[-1.4542922312548165, 3.1241847019573292, 1.906515254634423, 1.757084492014712, -1.854662078746823, 1.2171077146894251], [-1.9296850826423433, 2.7241361096250216, -0.7094462530289669, 3.6963572972715233, -2.3768840466166905, 1.1355962886311284]], [[1.8581856109186246, -1.861171304283756, 1.798805857935675], [0.696248439450154, -0.7772122075028237, 3.0816379307362642]]]], [[[[]], [[]], [[]]], [[[0.4360350760163527, 1.68305346326921, -1.4092776025190463], [-2.9631574203760493, -3.218342382771447, -1.143748628563687]], [[-0.5103923762984991, 2.3749311835437097, -3.0907845608851874, 2.2548796574785466, -1.2321349407343671, 1.9818339472481927], [-0.3722196737867614, 0.9508471056281603, 2.023871862717092, 3.4606293681106313, 2.5321036656786235, 1.6944153694875281]], [[-2.254853990110789, -1.2321343909200155, 1.56508272334725, -0.2158261182875291, 2.1175487814480554, 2.8954957284184637], [2.735576014015383, -0.6094886490233515, 2.0997522536007613, 2.897172450884069, -3.832487788548216, 0.9008998554659449]], [[0.17671987337303188, -3.334542161219783, 1.737574094611501], [-2.9144896573600825, -1.427077878691863, -1.7107519925576737]]]], [[[[]], [[]], [[]]], [[[2.3767366597368937, 2.06150302865494, -2.554912883500138], [-2.584204548523575, -1.9146897469412423, -1.5162219668933032]], [[-1.39090957145002, 2.192483110383624, -1.6807964026871927, 1.5540896924947338, 2.9198745112245073, 1.6080155725092462], [0.06591526885448132, 1.4907535617208332, -1.4271344975051299, 0.6215598438519749, 1.3710169697266315, -2.1424975726058504]], [[1.8709199317962506, -2.9198747001367793, 1.4599548082972849, -0.1765742424784993, 1.8253109678674855, -2.780935048334098], [2.520038305260226, 1.7705816924516524, 1.2250588710188044, -0.84386401850016, -2.7854949748105344, 1.101272857724652]], [[-0.04120352630476053, -0.5125433317970071, 2.6311904105138195], [0.33209010131664085, -2.0823187509852517, 1.0980906811463358]]]], [[[[]], [[]], [[]]], [[[0.9417039547002574, 1.6019241723629674, 1.9031992081573268], [-0.6003860023314863, -0.5810707163780302, -1.6906401083259675]], [[1.7851643697074429, 2.102285095100424, 0.7053687571070281, -0.2618902509442351, 3.7528440597985364, -0.8076287240544043], [2.6427398226585703, 0.9758151253822065, 0.028786509983904467, -2.0251594381706854, -0.10146609711398945, -1.3535392099560477]], [[-2.724297310823768, -0.6118963671724473, -2.2127807649935685, 1.843821529318192, -1.437325753038337, -1.7741440013668408], [-1.6755728408195252, -3.0401130778116063, -0.7350716937278526, 2.1046935126464326, 0.2953838284859265, -1.4098413191651171]], [[-1.492827308579539, -3.739690924389745, -0.13839238295155526], [-2.000393726796319, 1.002113595359233, 1.4349535477247195]]]], [[[[]], [[]], [[]]], [[[-2.55373839735238, -1.3116713784583836, -2.276075473853895], [1.3197327178239326, -0.4102258034674964, -1.065149559858555]], [[-0.32276354087876735, 0.5759467651856627, -0.1406187479714116, -2.735556629585113, -1.2971633853174545, 1.6890555210602445], [-0.7654126424718608, -1.1463907619545999, -0.5332825917313051, 0.9314836280812524, 1.3980878885812833, -1.9246661351664682]], [[2.735001900213689, -1.2974569858100438, 2.3020504830481237, 2.1856872265594522, 1.2674924678332047, 2.168346389090315], [2.2100691832721027, -1.398161937927118, -0.3173920785067291, -0.6045934617224602, 0.33843173414770794, -2.6942474166530634]], [[3.4440362938316817, 0.3262593827051411, -0.48168246348896704], [0.9985610329640169, -2.0483007956460546, -2.7174069051133096]]]], [[[[]], [[]], [[]]], [[[0.023253462951669714, 0.48611210080787415, -1.7361430760749785], [2.270839790718369, -1.881360359179203, -0.3781361457417043]], [[3.7083097215854997, -1.1650708530537743, -2.7087061175555056, 1.6909188764968448, -2.1614002403143546, -1.6954181462243167], [1.3533839183355691, -0.6003368677480738, 2.501187204682468, -2.2131979390278023, 1.772727213276312, 2.1309211852168923]], [[1.4306139809587857, 2.1590702178357812, -2.6803513891077912, -0.014693607287457347, -1.9508681996192563, -2.3249306843638875], [2.2131255499686597, 1.7725564965177445, 2.0890544665693414, -2.618081566749798, 0.6476329225540869, -1.3399615385956989]], [[2.9289277435551635, 1.2883374012090187, -0.9518278974055329], [0.8382136015073103, -2.7246500352066074, -2.100519229591189]]]], [[[[]], [[]], [[]]], [[[0.30017378303413206, -2.6431711674362326, 2.6535366368081457], [-0.915314914615424, 1.796964326571807, -2.354839081948838]], [[1.4171713827189336, -0.7064436400313057, -3.135734597358873, -0.21183836856548813, 0.670892482230587, -2.2802131405116497], [0.5473258639711858,