{"noise_params": [0.0, 0.05, 0.1, 0.15000000000000002, 0.2, 0.25, 0.30000000000000004, 0.35000000000000003, 0.4, 0.45, 0.5, 0.55, 0.6000000000000001, 0.65, 0.7000000000000001, 0.75, 0.8, 0.8500000000000001, 0.9, 0.9500000000000001, 1.0], "max_scores": [1.4142135623688599, 1.3201379475213955, 1.2341479835622482, 1.1778929685138846, 0.9839287827031451, 1.0505708763636599, 0.9949535120732409, 0.8046725783800944, 0.9211335147928968, 0.6538237991186283, 0.9999992951266459, 0.9999602594031057, 1.0000000063885348, 0.9999999996843849, 0.9999999922295036, 0.9999999999999943, 0.9999999999996732, 0.9999999995642126, 0.9999999579924362, 0.9999693249724987, 1.0000000000000002], "opt_settings": [[[[[1.567225355734399, -1.8637679606031488]], [[-1.4369891134428008, -0.2638935117478722]], [[-1.5707823758026198, 0.5799616084635055]]], [[[0.8798668547820052, -1.4401683419679847, -2.26296171044338], [3.0958239387638966, 2.987666866121138, 2.197632060699301]], [[1.0808301949751098, 0.9103499266924014, 3.1356278550085355, -2.8781032224733276, 0.590885415652421, -2.8906792394311815], [0.8688113437459768, -0.6710118898234202, -0.8092848067200565, -0.07982709332639425, 0.003095509625951489, 0.13308954366051126]], [[-3.3541393553562375e-05, -2.5507072379764497, -0.9036170934515277, -0.8596968145342534, -0.7375248242684354, 1.7796793285912071], [-0.5357091179903606, 3.1384971466192573, 0.2613525784877663, 3.0163350901614168, -0.9757339210079509, -2.343978587250942]], [[-0.1319829967715389, 1.452910637473061, -3.0240038884062583], [-1.3569716456800858, -0.4081187760323442, 0.6210514791896383]]]], [[[[1.4782603888334143, -2.970213134183686]], [[-1.859256123503058, 2.3970364285707064]], [[-1.4643758399332336, 1.3086247872696226]]], [[[-1.4245692460301416, -1.6625297308841478, -1.3756601196687517], [-0.19664903011305873, 0.12467702836858961, -0.17542154100553822]], [[-1.7437293536463527, 2.26332093561765, 0.4045297081001259, -0.3601693113329223, 3.0039812181589918, -2.2712654229594773], [-2.042013263767821, 0.7508062279202652, 0.1927322905044341, -2.466412556150103, 0.034916758524930404, 1.977832271433319]], [[-1.39533176649264, -3.00396496817461, 1.2766711871434773, 1.6880130216807687, -1.515972826555232, 1.881344140150768], [0.41152973464373727, -0.034916758954255535, -2.931569738101647, -2.7631898589726034, 0.31586561533629626, 0.5492333461521083]], [[0.46288404681833895, -0.7972429014534057, -2.3528677057004543], [2.939271701063277, 2.3226081747195066, 1.7439710247567752]]]], [[[[1.395959555037368, 1.9551504389320011]], [[0.7393511590758729, -1.7109823652164864]], [[1.0000699666896689, -1.6353899659740097]]], [[[-0.38096808162144424, 0.8461158817318669, 1.2284852584898571], [3.030235862688654, -2.3550784976923174, 2.682831938526813]], [[1.4369045189374812, -1.5966538267029877, 0.5840952132245388, -0.8574756439325457, -0.31565788950809925, 0.4997212621108896], [-0.397858628759735, -2.9922267236212297, -0.9465587817532859, -2.6290137912490414, 3.2703483340909543, 0.6646354752057416]], [[2.5332787167192734, 2.8259347640817287, 1.684901208469431, 2.5623378781784205, -0.7427765019579988, 0.6300272904179702], [-1.4196850858838679, -3.012607554074135, 0.8589535873250692, 0.7251026032836047, -0.20730331079512673, 0.47262300179325717]], [[2.0418450981553864, -1.3908037732163039, 2.0784310891576174], [2.5292107372582837, -2.896627265351533, 0.6695405333860159]]]], [[[[-1.4961518513056897, -2.992140150426794]], [[-0.12051740341284727, 2.4547255525213907]], [[-1.2702222923461, -1.9986575955360977]]], [[[-0.12298120055540963, 1.0446678641639582, 1.4789562128191465], [1.6851662283910336, -1.910202762422125, 2.746848044475369]], [[0.6743389226866986, 1.45285901610429, -0.2458534037805025, 1.2723523940170467, -0.009318046185923998, 2.245414610094908], [2.1549633615207013, -0.9309202085695663, -0.15593211990302522, 2.8984594866333375, -3.1177749119734095, -2.305717663442444]], [[2.4286712896764526, 0.00927104526358126, -0.6052574077944464, -2.3839658042394647, 2.312050682087794, -1.6690734575071302], [-2.427479730585462, 0.023837718099040204, -2.2359930510561092, 0.8099379017095308, -0.7215213802551389, -0.22472808087756727]], [[-1.9421422503876546, 3.20554797812606, -3.1106232197418895], [1.2183686904918296, 1.5276766481080972, 2.386174542866894]]]], [[[[-1.3564844926808426, -1.8849853042365992]], [[-1.3520649874831148, 1.5584979933922214]], [[-1.2526072646559547, 3.407533246783592]]], [[[1.497155273331013, -1.1946231753864882, -1.068229974136216], [2.445421073698105, -2.4254294067650353, -1.8503913607817912]], [[0.004775903543291266, 1.8269125023555601, 2.1582128879277898, -0.41305222467624914, 1.6627713905357857, -2.8375822804876525], [-2.012856628372913, -0.6155731875797703, 0.09390078112187075, -1.0534770403600855, -3.6756630789339795, -1.7370234927504982]], [[1.994887507729904, -1.478821278360827, -2.410221692985404, -2.8682400757233495, -1.5453483339512846, 2.7021175579985295], [2.649252065726734, 2.6071774924973177, -2.293037346077673, -2.250401041733088, 3.063145425564771, 1.8075815560365966]], [[-0.6258529744131801, 0.8225830065277571, -0.8291412966638352], [-0.44500172419036327, 2.3216477735735737, 0.5784248737254865]]]], [[[[-1.548853367688258, -2.991857140472002]], [[-0.0012434539517446228, -1.025722569324285]], [[0.5782881340236514, 0.06944609580944096]]], [[[2.292848672044171, 1.3020273168352108, 1.9038499746837776], [-2.4904294736339603, -1.529328688343411, -1.1081459533927862]], [[1.544268695448966, 1.7963764117662446, -3.0930994333290522, 2.4512872795605314, 0.002498771848357918, 2.3887982320444516], [-0.07206194463309895, -1.4179095545540679, -2.9597744426948767, -2.699747396324796, 3.139615326320614, -0.3415301437454903]], [[1.552088538604718, 3.1415237988117037, 0.4579502574030305, 2.355259694687084, -3.6458545904043573, 1.4410662980127062], [2.046786599414813, 3.1381428569169167, 1.1788579617278183, -2.801880032802678, 0.17100350454607077, -0.8599209609533346]], [[-2.233375911194059, -0.10557695145135892, -0.824675913224366], [0.5730829295904594, 1.7247546292149305, 3.0106883245492044]]]], [[[[1.5151141796175773, 0.17807500115091401]], [[0.38755851806313485, -1.5159366021481642]], [[-0.14678795993040414, 2.8115644825211494]]], [[[1.0851210771523148, -1.801810505584357, 2.493316657044862], [2.5571923072366953, 1.9276146692499299, -0.5303124704466552]], [[-0.536567851101701, 1.1610773992494974, -2.589464955137289, 1.9156666701271652, 0.06385907509554878, 0.38285242119050156], [-1.9135801162328907, 1.6120399858990806, 3.0001652740966382, -1.5783332446208986, 0.08457374163284416, 2.084687133041456]], [[0.6746448208357623, -3.054409153908497, 1.5709688912604114, -1.794102255760209, -0.018551535829783312, 0.34319840836524346], [1.1668757650317105, -3.191818224683842, 0.7844828442783569, -0.39198175554973624, 0.14050160524400435, -1.902571558633306]], [[-2.2936671724320834, 1.5702751084193152, 1.4969656822437158], [2.4946132867212354, -0.00032377944341009223, 2.575689160403893]]]], [[[[0.9297616160482557, 0.14281048629240298]], [[-1.494733922198343, -1.646578592912406]], [[-0.8631658924504215, -1.6210137169643724]]], [[[1.5726263733485186, 0.24059131528215966, 3.101070884320241], [-2.0166172539495064, 1.3591997641342948, 1.3965560672172772]], [[-0.831608663350656, -0.430840064833605, -1.5772891180656419, 1.1815904589470747, 1.8244297089228807, 0.7833424426894934], [1.6971428822546615, -0.8542992304402339, 1.6618905215366837, 1.6212328782273078, -1.9159820570136152, -0.4812219813303612]], [[-2.6769029007591727, 1.8246430817524344, -2.8699852003797246, -1.928951880201516, -2.4944589727349458, -2.589598605027732], [-3.1158899553602573, 1.225963542547241, 1.9556007406451892, 0.7645432181483796, 3.693786141711206, 0.3313751177874008]], [[-0.9193767793543803, 0.11842061139699062, -0.721311321182208], [0.6077674290006819, 1.6073331480028574, 0.2896359826252793]]]], [[[[1.5384088667032596, 1.3292000572091778]], [[0.757757806945215, -2.5307579674255916]], [[0.10511957907078842, 