{"noise_params": [0.0, 0.05, 0.1, 0.15000000000000002, 0.2, 0.25, 0.30000000000000004, 0.35000000000000003, 0.4, 0.45, 0.5, 0.55, 0.6000000000000001, 0.65, 0.7000000000000001, 0.75, 0.8, 0.8500000000000001, 0.9, 0.9500000000000001, 1.0], "max_scores": [1.4142135623730954, 1.22854311254972, 1.228916759403952, 1.1543023339204876, 1.090285789482937, 0.7605359186409301, 0.9998069489763887, 0.7987157213672361, 0.9999584935896668, 0.9998712140143258, 0.9999977020119659, 1.0000000068435504, 1.0000000052641917, 0.9999999995597615, 0.9994493086421239, 0.9999305043950082, 0.9999761117517952, 0.9999999999810827, 0.9999999650985698, 0.9981848773814057, 1.0000000094976595], "opt_settings": [[[[[1.5805590679053274, -3.1384405619684506]], [[1.5707947552264814, -3.141592307965985]], [[1.571531748994441, -3.141099033347868]], [[1.7064204258881548, -0.9685466636372575]]], [[[1.0737328861892113], [2.701964212446974]], [[1.2533642625232695, -1.5047549151333965], [-0.31674617420053186, 1.2277075919096487]], [[1.504742374705145, 2.250492205276199], [-1.2277075919024523, -2.29925838276155]], [[-2.250508106767198, 3.4559996386963725], [-0.8423342708284943, -0.2854918588731521]], [[1.6333737457237845], [0.005142295815146237]]]], [[[[-1.4812118776629988, -0.029356203832455637]], [[1.3779732822760293, 0.04880634049634502]], [[1.4542676861112698, 0.0019305684289980505]], [[1.46424167103868, -0.0029070339178731766]]], [[[-0.15275951583423097], [-1.7212521155672864]], [[-2.202081739495998, 2.3259206049443177], [-3.7780497875855623, 3.317154549196987]], [[-0.8156724344353591, -3.1679920108222817], [-2.9660307544298754, -1.8633937219395196]], [[3.1151928808577884, 1.657661668278278], [1.278198931613544, 0.09244213362382712]], [[2.4447332524051646], [0.8762406422836506]]]], [[[[-1.3840749687532155, -0.0011773264963214807]], [[1.1364922031539935, 3.1143321145230445]], [[-2.171565252425482, 1.734083701486988]], [[1.3876340928504567, -3.1391670947832266]]], [[[-0.3207686136747111], [-1.8822158279278274]], [[1.1217597100837904, 2.727771397704774], [-0.48945807648483725, -2.4901085000485788]], [[-2.727777996715687, -0.003291879113800405], [-0.6514817259594352, 0.0026912332458948274]], [[-3.140791784332801, 0.6256381200008891], [0.005213063337641996, -0.9913594061383124]], [[-1.3837063349505783], [0.17773874471283882]]]], [[[[1.29821351467343, 0.026769122094775326]], [[0.46362699826606163, -0.8890770811952554]], [[1.1538544697189514, 0.021598685450090086]], [[0.8709054386517437, 0.3220932123501107]]], [[[3.8130006907238867], [-0.7903262682478581]], [[-1.6421375876282902, 3.1425622381466853], [-0.053639719468686765, -3.0835931123929914]], [[0.016272653258839413, -2.9377995060011477], [0.058051761770509906, -2.2836124433389817]], [[-2.9397826807928613, -3.706075967762905], [0.8579806396785156, 0.4247748093450308]], [[-0.0394867914307879], [-1.7193454124125753]]]], [[[[-1.3404196961410695, -0.004474537490758294]], [[-1.1836110255942627, 0.08326952724979013]], [[-0.7499113927053379, -3.0873379041490123]], [[-1.2296169882633294, 3.0961610780306654]]], [[[0.9463583612350414], [-0.8641684959609736]], [[-3.1286285939997596, 2.423423662094137], [1.5079771041073915, 2.446123880384111]], [[-2.3719751706558423, 2.753531590929313], [-2.4461216581950476, 2.756705955680979]], [[2.6849231556538093, 1.0433807228222391], [2.756712989184038, -0.6557639840582633]], [[1.852441342841349], [0.041891973974406645]]]], [[[[1.0575929258339185, -0.052396390090903106]], [[1.4268638827692055, 3.0638450617103707]], [[-1.4581633120958204, 0.008822336514894575]], [[0.12426171362373427, 2.430802373408608]]], [[[-0.7730032607452508], [-3.4648703498215894]], [[3.2385520360796356, 0.9987516347849258], [2.6258720216464417, 1.0104739923874717]], [[1.3750756607878711, 1.3558964776698428], [2.1311474769260594, 1.1474337480817056]], [[0.8703669698895918, 0.12129281668254047], [-1.1474067821842655, -3.1381850790466577]], [[-2.7243035865129017], [-0.019618800109551054]]]], [[[[1.3224190817184844, 0.008340837159162371]], [[-1.294305851773436, -3.118427993144297]], [[-0.699347566748039, -0.08752534745822343]], [[-0.5593608499089707, 0.6392440961384802]]], [[[-1.2467724472494284], [-2.5081768992478195]], [[-1.802320439329903, -1.4876026655718024], [2.6364060907247038, 2.951952111462789]], [[-1.487892916687061, -0.5181702317973002], [2.947404203343854, 3.0585392564288925]], [[-2.6234381672606806, 0.11770765135494762], [3.1917549643884273, 2.507446308959659]], [[-1.1418880730765497], [0.11932865730734189]]]], [[[[1.3117141894093143, -3.129494598912235]], [[1.434218565950297, 0.008273947041550217]], [[1.3397507887595514, 0.005559926738766742]], [[-0.7212687804072535, -0.19803548438909657]]], [[[-2.1250655958058813], [2.135424591540908]], [[0.2626473426480721, -2.2310804374038877], [-1.631228487971186, 1.2553185269749751]], [[1.0026376198659253, 2.7090394463399385], [1.2554233129138768, 1.337823115746867]], [[-0.48854610208408106, -1.0683212439406915], [-1.8036444387531048, 0.15491038356625716]], [[2.273904386386234], [0.24861066085025135]]]], [[[[-0.23622912694416726, -1.8967184436907278]], [[1.3270484833433407, 3.0740969753760545]], [[0.5641921617031854, -0.6296680242500828]], [[0.7583100574077171, -2.565771222121449]]], [[[1.809435822685865], [-0.030027527096376336]], [[2.9070924042669093, 0.4777121276831241], [2.9330241082003226, -1.868328191572536]], [[-0.4922213281127092, -0.3649505795607514], [-1.2521230471119305, -2.9131469578897384]], [[-3.32095262000532, 2.4913596729940464], [0.25403055216122283, -2.7688664756574135]], [[-1.2199692499660482], [3.174694860570716]]]], [[[[-1.2786371058981345, -3.060522723128806]], [[0.43481278567846393, 2.2576355841204276]], [[0.052796885163800135, 2.0769824994883]], [[-1.3831596755903943, -3.08491893610761]]], [[[-1.829857116187565], [-0.7690455244736685]], [[-1.2736898188165475, -0.1572193425232191], [-2.9072858941394952, -0.6852030504268682]], [[0.14686838139009228, 0.11215242922026011], [0.6452167038639891, -2.880852500578595]], [[-0.03650746992111434, 0.8780106140338759], [0.49546613418587415, 1.7119940669666647]], [[-1.8305555306112362], [3.2902474696427717]]]], [[[[-1.083430485432434, -2.882371247118898]], [[1.435674619357144, -0.1366891853532363]], [[1.217697800714919, -2.930994298931529]], [[-0.1394636935516543, 2.6296571811148763]]], [[[0.091267115389385], [-1.0391416308311223]], [[2.6733485171291167, -1.899315219318805], [1.3153100248534204, -0.56468859365527]], [[1.215063619079259, 1.174399093814177], [2.370503111608502, -3.0200866731296037]], [[-1.1666297668604633, 0.26325524484873386], [0.1578390607165649, -2.969510978459455]], [[-1.864628782948427], [3.0823567737015085]]]], [[[[0.8264040833814651, 2.7116903684849025]], [[0.7069059715989561, 0.2868922461158162]], [[1.3376027346919914, 0.2263683320792475]], [[0.2732107795049823, -0.007626040877680951]]], [[[0.5962832656351741], [2.5324831499200067]], [[-1.8448401316679681, 3.1990178159071343], [0.19448863981591027, -0.4518316999989732]], [[0.593734526627391, -1.6697735967083476], [-0.4751718373115289, -2.412506029013726]], [[-1.8960624456353266, 2.539686649136964], [0.7526335524672265, -0.013611808943619762]], [[-2.2098849528068167], [-0.1100259208603437]]]], [[[[0.08077713657401166, -0.2596269705234673]], [[-1.5967112079301229, 2.6277675823612787]], [[1.6567754620760602, -2.6791572225204754]], [[-1.369378843065014, -0.09375893393755143]]], [[[2.799775604192351], [1.8772803109952674]], [[-0.0946535637232576, -2.1502813478599907], [-0.38229762479480683, -1.9897288345782749]], [[0.8172236184146243, 2.426473166981958], [-2.3710168640607927, -1.2397609187033392]], [[-2.26655756060325, -2.6134623992235277], [-2.436478441043622, 1.191230666079089]], [[2.4919626408401094], [-2.8404802303080245]]]], [[[[0.07738008567717845, -2.5421311191613096]], [[0.017886523284306843, 0.2952803557107359]], [[-0.005577263202615812, -2.967123558181321]], [[0.040459306293748394, 0.7037601478887264]]], [[[-0.0012821085515480606], [0.9782177402636754]], 