{
  "datetime": "2022-01-09T15:26:31Z",
  "opt_score": 0.9304311884809049,
  "opt_settings": [
    [
      [
        []
      ],
      [
        []
      ]
    ],
    [
      [
        [
          1.4867219681483945
        ],
        [
          4.268463619990348
        ]
      ],
      [
        [
          -0.4178768066401899,
          1.0870856727533798
        ],
        [
          -1.9710364297278031,
          2.202890393391176
        ]
      ],
      [
        [
          -2.7034005151238647
        ],
        [
          -1.144241210135018
        ]
      ]
    ]
  ],
  "scores": [
    0.5649793140390076,
    0.9304311884809049,
    1.1882897134194714,
    1.213119495334626,
    1.1903740666341611,
    1.2012831536897743,
    1.2177632026973582,
    1.2056425539228264,
    1.2295606687724732,
    1.2078907156531522,
    1.218058072684998
  ],
  "samples": [
    0,
    1,
    1,
    2,
    3,
    1,
    1,
    2,
    1,
    2,
    3
  ],
  "settings_history": [
    [
      [
        [
          []
        ],
        [
          []
        ]
      ],
      [
        [
          [
            2.9734718705811787
          ],
          [
            3.0333358248321076
          ]
        ],
        [
          [
            -0.6014594609043447,
            0.9764553612842164
          ],
          [
            -1.9486950535732919,
            2.1037348475368844
          ]
        ],
        [
          [
            -3.0226686238555613
          ],
          [
            -0.6147694276066478
          ]
        ]
      ]
    ],
    [
      [
        [
          []
        ],
        [
          []
        ]
      ],
      [
        [
          [
            1.4867219681483945
          ],
          [
            4.268463619990348
          ]
        ],
        [
          [
            -0.4178768066401899,
            1.0870856727533798
          ],
          [
            -1.9710364297278031,
            2.202890393391176
          ]
        ],
        [
          [
            -2.7034005151238647
          ],
          [
            -1.144241210135018
          ]
        ]
      ]
    ],
    [
      [
        [
          []
        ],
        [
          []
        ]
      ],
      [
        [
          [
            1.993601942349613
          ],
          [
            3.6217361381197244
          ]
        ],
        [
          [
            -0.37446698265446826,
            1.1028048176498881
          ],
          [
            -1.9026562124930608,
            2.4974685977753817
          ]
        ],
        [
          [
            -2.991849392888853
          ],
          [
            -1.1827826768060166
          ]
        ]
      ]
    ],
    [
      [
        [
          []
        ],
        [
          []
        ]
      ],
      [
        [
          [
            1.9707267233196077
          ],
          [
            3.611783075934503
          ]
        ],
        [
          [
            -0.35589979063182503,
            1.0660396675368702
          ],
          [
            -1.901939252977634,
            2.553749919736388
          ]
        ],
        [
          [
            -2.941503113250423
          ],
          [
            -1.2666404271712302
          ]
        ]
      ]
    ],
    [
      [
        [
          []
        ],
        [
          []
        ]
      ],
      [
        [
          [
            1.9719245592542272
          ],
          [
            3.5841100382107824
          ]
        ],
        [
          [
            -0.35085113020373265,
            1.051650985316807
          ],
          [
            -1.9070367865464148,
            2.578918991732244
          ]
        ],
        [
          [
            -2.926420605162213
          ],
          [
            -1.2897154305009528
          ]
        ]
      ]
    ],
    [
      [
        [
          []
        ],
        [
          []
        ]
      ],
      [
        [
          [
            1.985202771726318
          ],
          [
            3.5742970989597174
          ]
        ],
        [
          [
            -0.3559083658783589,
            1.0331588710318103
          ],
          [
            -1.9169247153889704,
            2.580915146381211
          ]
        ],
        [
          [
            -2.8910409207768843
          ],
          [
            -1.3054528935906007
          ]
        ]
      ]
    ],
    [
      [
        [
          []
        ],
        [
          []
        ]
      ],
      [
        [
          [
            1.9804636642434543
          ],
          [
            3.5714474041609265
          ]
        ],
        [
          [
            -0.3609788566379609,
            1.037682544160475
          ],
          [
            -1.9244905554271863,
            2.5967258121020977
          ]
        ],
        [
          [
            -2.907746006496426
          ],
          [
            -1.30651424534443
          ]
        ]
      ]
    ],
    [
      [
        [
          []
        ],
        [
          []
        ]
      ],
      [
        [
          [
            1.9778144895232284
          ],
          [
            3.554716100702551
          ]
        ],
        [
          [
            -0.3592080336163196,
            1.0267624688603534
          ],
          [
            -1.9420819378639094,
            2.605663369307852
          ]
        ],
        [
          [
            -2.898268644068835
          ],
          [
            -1.3106869751561567
          ]
        ]
      ]
    ],
    [
      [
        [
          []
        ],
        [
          []
        ]
      ],
      [
        [
          [
            1.9689906712159568
          ],
          [
            3.5383218352126438
          ]
        ],
        [
          [
            -0.3540370301458138,
            1.0260442739338942
          ],
          [
            -1.930732169370823,
            2.606648266573781
          ]
        ],
        [
          [
            -2.8994163001108877
          ],
          [
            -1.3238049781591703
          ]
        ]
      ]
    ],
    [
      [
        [
          []
        ],
        [
          []
        ]
      ],
      [
        [
          [
            1.9655883680495154
          ],
          [
            3.535339981916373
          ]
        ],
        [
          [
            -0.3637136872663079,
            1.0293675703187104
          ],
          [
            -1.9293594443126068,
            2.6014887137687612
          ]
        ],
        [
          [
            -2.8943086651068026
          ],
          [
            -1.3211874305994895
          ]
        ]
      ]
    ],
    [
      [
        [
          []
        ],
        [
          []
        ]
      ],
      [
        [
          [
            1.964519303315671
          ],
          [
            3.5290829393820244
          ]
        ],
        [
          [
            -0.36390786221035326,
            1.0350957311680504
          ],
          [
            -1.9377748241102786,
            2.5996344775421556
          ]
        ],
        [
          [
            -2.9017706781195596
          ],
          [
            -1.3220835152214798
          ]
        ]
      ]
    ]
  ],
  "step_times": [
    2004.945595741272,
    2004.945595741272,
    3139.746631860733,
    1570.7163169384003,
    1512.329436302185,
    1437.118577003479,
    1530.3353669643402,
    1429.7754979133606,
    1681.3682670593262,
    1639.4069850444794,
    1420.4346878528595
  ],
  "step_size": 1.4,
  "theoretical_score": 1.2115907062300528
}