{"noise_params": [0.0, 0.05, 0.1, 0.15000000000000002, 0.2, 0.25, 0.30000000000000004, 0.35000000000000003, 0.4, 0.45, 0.5, 0.55, 0.6000000000000001, 0.65, 0.7000000000000001, 0.75, 0.8, 0.8500000000000001, 0.9, 0.9500000000000001, 1.0], "max_scores": [1.414213562373095, 1.3759844960366858, 1.3366625103842278, 1.296148139681572, 1.2543258481484516, 1.2110601416389963, 1.16619037896906, 1.1195237082497775, 1.0708252269472671, 1.019803902718557, 0.9660917830792959, 0.9092121131323903, 0.8485281374238569, 0.7831560082980489, 0.7118052168020867, 0.6324555320336485, 0.5416025602977224, 0.432049378301413, 0.2828422691119858, 0.16321790264563296, 0.3651483505051555], "opt_settings": [[[[[]], [[]], [[]]], [[[-3.2706535237099974], [1.3247373981314405]], [[-1.0237413832959918, 0.3875454342225174], [0.6701422205570736, -1.2474103058500876]], [[-2.7580975679731323, 1.1548362605201872], [-1.3425299866996072, -0.5442822849639195]], [[3.3697278254913763], [-1.2163794486462522]]]], [[[[]], [[]], [[]]], [[[1.3851976356886389], [2.9600438225360635]], [[-0.974731259440987, -2.471960700136532], [0.6071709771325191, -0.872431868519045]], [[-2.4718575597912134, 0.0549908315486109], [-0.8752929427921322, -1.5140411208886446]], [[0.8552010346762584], [-0.7159583056622656]]]], [[[[]], [[]], [[]]], [[[-3.1959416031231638], [1.7079408398244817]], [[-0.8131724132973958, 0.9015724379696187], [-2.1941496839817476, -7.705312042401797]], [[0.904802229291276, 0.45747565409687707], [7.997132639622436, 1.8525509967189666]], [[1.0826364832833337], [-0.292930267326473]]]], [[[[]], [[]], [[]]], [[[2.103261013798921], [0.5318878642649846]], [[1.3190003883899035, -0.05701352341755253], [2.887381604535674, 0.5254908304300767]], [[-0.057007230695756604, -2.6170654328728746], [-2.6161689793190206, -1.0486103808962088]], [[-0.26218913788942244], [1.3091129026000847]]]], [[[[]], [[]], [[]]], [[[1.390602655345301], [-0.14169733195739265]], [[0.6026240942802038, -2.0439972352228435], [-0.9154458617817491, -2.990529682398566]], [[-2.057520700863846, -0.7644043404097468], [0.15133823703164462, 3.890247589531276]], [[3.1143177013408927], [1.5813126451341117]]]], [[[[]], [[]], [[]]], [[[2.5115456514361396], [0.9871787965977125]], [[1.7673565809141805, 1.7143191527142057], [3.2990536291666923, 1.844871169929537]], [[-1.4192332887479926, 3.9529924746544896], [-1.2964966878049133, -0.7431143976355067]], [[-3.0850842587223313], [-1.5606183492005805]]]], [[[[]], [[]], [[]]], [[[-1.18841443613594], [0.2929048120869281]], [[-0.496964129916402, -0.08209147283874317], [-1.958863892363512, -1.3429452614722222]], [[-3.2235677354984116, 2.6188816522112472], [-1.342298784970004, -2.145968292067483]], [[0.19570908443063928], [-1.2858857620708657]]]], [[[[]], [[]], [[]]], [[[-1.9202814222838884], [2.7852990004363205]], [[-2.7173273132969484, 0.02568115321310303], [-1.130298662302209, 0.05382148236769216]], [[0.025675530570492343, -2.8306204777758084], [0.053655728081641284, 1.879042947884946]], [[-2.043209939999031], [2.6623939797079323]]]], [[[[]], [[]], [[]]], [[[-0.8565627747624962], [0.7132608356439628]], [[3.0584934239100274, -1.378564259263227], [-1.6309589566725862, -2.062104773061447]], [[1.763029019162638, 0.9308011819652047], [1.0794880412483834, -3.7625439512361396]], [[-1.4163769243970494], [-2.9862008565777827]]]], [[[[]], [[]], [[]]], [[[-2.2898094310042048], [-0.7255312785018646]], [[1.6303803181443983, -0.5778144692914896], [-3.074832991037603, 0.6792600138250984]], [[-0.5778144689101667, 1.8056783003735362], [-2.462332639830895, 0.22587262178060347]], [[-0.5582223847960619], [-2.12250053729954]]]], [[[[]], [[]], [[]]], [[[-3.671150332567201], [1.0076734394092863]], [[1.8142104473275429, 1.4704032361767205], [0.2352650038950343, -0.9523513319672695]], [[-1.6711602481212198, -1.730876462468785], [2.1892413224667417, 2.9381280381285095]], [[0.5853548829359767], [2.1897164181387176]]]], [[[[]], [[]], [[]]], [[[-1.535262420155316], [0.05677459108544769]], [[-0.7249227932727069, -0.5127905973748852], [0.8184957594497052, -1.8237349495662671]], [[2.628777321171474, -0.27959688606826183], [-1.8237349494802986, -1.8403067548194618]], [[0.5216989708192208], [-1.070338086257246]]]], [[[[]], [[]], [[]]], [[[1.4062045039461344], [-3.3040610137414896]], [[2.179446223222206, -1.7238753138272478], [0.6349571180344992, 1.8456591105052536]], [[-1.7238755430659505, -2.490911906015648], [-1.2959348526890173, -0.9166198960830427]], [[-0.1340212446196271], [1.4388969410940167]]]], [[[[]], [[]], [[]]], [[[-1.960377966061719], [-0.370053924178256]], [[-1.1742953742874938, -2.003619350441189], [0.41382484976720463, 0.5265702101708004]], [[1.1380769944404328, 2.124053103154359], [0.5265709212319878, 3.6548222953216523]], [[1.3079200935421647], [-3.3849136050873807]]]], [[[[]], [[]], [[]]], [[[2.1865670557206864], [-2.472195956555281]], [[-0.15354467595035093, 2.4187304462148336], [-1.705444606272369, -2.206909037886394]], [[-0.7217363968988387, -2.7046073909356654], [-2.2069097009618077, 1.9409397907447086]], [[2.7286590400995587], [-1.930111033185793]]]], [[[[]], [[]], [[]]], [[[-0.1983614775141488], [-1.7994751597261422]], [[2.0742074673511617, -0.20034206478083372], [0.631137865134707, -1.498422647611267]], [[-0.20117887237353807, 2.550724972958847], [1.6433309480392269, 1.0626695852304169]], [[-2.8859912492067923], [1.7939596337047217]]]], [[[[]], [[]], [[]]], [[[-2.6266466210909334], [1.8914733954796938]], [[-0.21357768441113467, 1.4915947928138111], [1.1330700891852485, -0.04888480517083059]], [[-1.5996769339512287, -1.997931271165257], [-0.04909428529894135, 2.4663281659753875]], [[-1.2891267512382873], [-3.0442617512085617]]]], [[[[]], [[]], [[]]], [[[-0.5655384563755024], [0.9064905406206845]], [[-2.7911772844791445, 0.7835224428885071], [1.4793388662650993, 4.124632040151646]], [[-2.3667105868680998, -0.029100749608437372], [-2.074693774698218, -1.926300737197479]], [[-2.570142524565188], [2.263387234940785]]]], [[[[]], [[]], [[]]], [[[1.9311201870881993], [3.196216125189329]], [[2.6013654216650055, 1.5233509149329927], [1.2844381606947897, 2.0581436410323835]], [[1.504892390071761, 3.409767036559749], [1.8251943310638268, -1.4291577805231324]], [[0.9026076398700248], [-0.24381237251430826]]]], [[[[]], [[]], [[]]], [[[2.0977680005618664], [-2.1710942441419694]], [[-0.5608107693531499, 1.1640597343783101], [-1.1510103376375576, 2.0214846777150397]], [[-1.6421561445221002, -2.812839250768487], [-1.4188513178373554, 2.603132202808275]], [[1.5592323850778314], [-0.11546955284620156]]]], [[[[]], [[]], [[]]], [[[-0.3796910955425221], [3.9794683654554364]], [[-1.1300187356790101, -1.191941800397525], [0.2108251725764284, -1.1677487167159988]], [[2.011784356476934, 2.9003867369323473], [1.9718096421662323, -1.9969995216035727]], [[-2.5488228928471477], [1.8189869852925542]]]]]}