{"noise_params": [0.0, 0.05, 0.1, 0.15000000000000002, 0.2, 0.25, 0.30000000000000004, 0.35000000000000003, 0.4, 0.45, 0.5, 0.55, 0.6000000000000001, 0.65, 0.7000000000000001, 0.75, 0.8, 0.8500000000000001, 0.9, 0.9500000000000001, 1.0], "max_scores": [1.414213562373095, 1.3435023631625305, 1.2727374188024692, 1.2016107046675715, 1.131176528321856, 1.0587993479655533, 0.9850481848139243, 0.9167836145495094, 0.8475132161488306, 0.7760994818795258, 0.7064033284980435, 0.6350481533582547, 0.66636389624939, 0.6203275263506183, 0.7422053188958954, 0.7411265568528816, 0.8201734024642229, 0.8484336903034565, 0.8991652224223334, 0.9499538398000575, 0.9999999999999809], "opt_settings": [[[[[]], [[]], [[]]], [[[-1.318915247660038], [-2.8738795153264975]], [[1.399060641959941], [-0.1558980826936718]], [[2.94619692222329], [-1.782024450316949]], [[-2.1102814544240163, 3.7345242422475327, 3.691089692519349], [2.6308354898444977, -0.918614993378596, 2.1876792450853193]]]], [[[[]], [[]], [[]]], [[[1.8487680307551535], [-2.8586073469946713]], [[-2.5814504495272734], [2.125924949681522]], [[2.4340315217022876], [0.8582218173565977]], [[-3.6369232981085933, -3.3613257997623873, -1.4947946158920176], [-2.085093914184325, 1.3351808091062771, -3.0669184692377076]]]], [[[[]], [[]], [[]]], [[[-1.414693830304514], [0.15969759528847483]], [[-2.503232085985721], [-0.928839131668218]], [[3.0990170917209996], [1.5246293811060447]], [[-0.6086104428681832, 1.4087813118427888, 2.2995518628928613], [0.9247182461289786, -3.2703439283703926, -2.388495720066211]]]], [[[[]], [[]], [[]]], [[[-2.783919021554807], [-1.181542435062149]], [[-1.1938551788676495], [-2.7962532455684155]], [[-1.7036935664324693], [-0.10129663628779072]], [[4.283195807924196, -2.0152171868057036, -0.8746884428174028], [-3.5387614416941524, -0.4069970218481229, 0.6444208354058223]]]], [[[[]], [[]], [[]]], [[[0.5778182551114809], [-0.984050278554169]], [[1.7116917845146926], [-3.009530610025852]], [[2.667591334128759], [1.1057161623322354]], [[-3.33142023252493, 2.4987956137821654, -1.283414211941877], [-1.7878805152942825, 0.915388825938813, -2.7962752672439417]]]], [[[[]], [[]], [[]]], [[[-2.12893263903149], [-0.5423085489589403]], [[-0.7263007732740323], [-2.3129182164220596]], [[3.027164817657325], [-1.6694188440897184]], [[1.822409703560474, -1.5203257140849766, -2.4441789423973987], [0.22034815750556172, 0.05179929797357891, -0.9093795533418552]]]], [[[[]], [[]], [[]]], [[[-0.8023371982955971], [3.94319430511493]], [[1.7417147047570407], [0.20466686226387998]], [[-1.8810144988068596], [-0.3430438881140029]], [[-1.6133494613894337, 0.9855711543326793, 2.0066459076463605], [0.046176527721873736, 2.532004392896616, -2.6573522259196696]]]], [[[[]], [[]], [[]]], [[[2.0320198837160306], [-2.718852761134778]], [[-1.045331928903679], [0.48756988996185846]], [[1.3971276154871162], [2.9286390117822165]], [[-0.3903850255350799, -0.27689700192306693, 2.102419049699486], [1.2852789146834191, 4.431162589392523, 0.6607174477272457]]]], [[[[]], [[]], [[]]], [[[2.2945778407057307], [0.6944378449608918]], [[3.4096933175151416], [1.8120916470893211]], [[2.2838455209558988], [0.6841014523412945]], [[-1.6076186345309644, -0.6128500620896559, 1.5066885557778693], [-0.10746932676430693, -2.016236206942477, -0.10450092729565269]]]], [[[[]], [[]], [[]]], [[[-0.23283750884301543], [-1.6945849712875358]], [[-0.8222497594048034], [0.6365008333810704]], [[1.457461449845142], [-0.0012724612805544919]], [[-0.9849672412803934, -3.2716767423479824, -2.2729083937104995], [-2.528288015182823, -1.5888974470555393, -1.038241515335819]]]], [[[[]], [[]], [[]]], [[[2.6335013396903544], [1.1532863799614748]], [[0.35339294567975976], [-1.1310275535545922]], [[1.609436857240885], [3.0891224258134575]], [[1.8657156309494114, -0.43397963809999396, -0.8734985698316333], [3.474409271581257, -1.9018263768260926, -2.2698289002150864]]]], [[[[]], [[]], [[]]], [[[0.9987143333159597], [2.4161845622774796]], [[0.04393011321815666], [-1.3920734039456106]], [[-1.8461229792878988], [2.9718141787758277]], [[1.4805739962202857, -0.868680044539411, 0.6130084729470605], [-2.796281265934766, 1.259215588486642, 2.136823434733423]]]], [[[[]], [[]], [[]]], [[[0.4485575589521865], [1.887019792884747]], [[0.27945897025662314], [1.6774657346758879]], [[1.312478417568993], [2.7053842166704443]], [[-1.632528742428251, -2.40644906346206, -0.9935417772604731], [0.7448339815550997, -0.2401433215033746, 0.11728698651266156]]]], [[[[]], [[]], [[]]], [[[-1.2139887897059394], [-3.146973422782617]], [[-3.0333680995807764], [-1.0951322796166008]], [[-0.013198184518246529], [1.9462407975016551]], [[-0.054623764995227087, -0.5362874114091578, 0.35180243677707373], [0.14828811083332752, 0.01632030748468331, 0.10358085756777399]]]], [[[[]], [[]], [[]]], [[[-0.9151504264324339], [3.2126126813810423]], [[-3.1191648471012265], [1.0044653948220115]], [[-2.3276628975245446], [-0.1891748224229843]], [[-2.5829693494892374, -3.359245150083031, 0.9272247042204018], [-0.023292683616638263, 3.003857158943745, -0.04796057270373257]]]], [[[[]], [[]], [[]]], [[[-1.7566017359392898], [0.008939324693263707]], [[3.113971644201088], [-1.407823569702121]], [[1.363729645179535], [-3.155983740873118]], [[-0.15045352973955173, -3.0482650735713976, 0.2757158913940472], [-3.0442733744943498, -2.9605389527952948, -3.1059123764677112]]]], [[[[]], [[]], [[]]], [[[2.792252595244333], [0.2908009075115605]], [[-0.2668238206712784], [-2.770727343587416]], [[3.500925602638146], [-0.2588212058585975]], [[1.362283604179289, -1.225744243505912, -1.1249577802691402], [0.008554408384830056, -3.1342750261492096, -0.010542667325746114]]]], [[[[]], [[]], [[]]], [[[-0.8463806031054589], [-3.138374629833598]], [[0.8437852683534309], [3.142065455543293]], [[-0.0005833280127615231], [-2.2912853080738085]], [[3.10092078783554e-06, -2.678642715701594, 0.3292884874545279], [3.1403876948110407, -0.012330723822789248, 0.003985773954744952]]]], [[[[]], [[]], [[]]], [[[0.6234215069138118], [3.1366012055419965]], [[3.1399360190617696], [-0.6201683280155895]], [[-0.002228604265929468], [-2.5237107238943373]], [[-0.6501938429931915, -2.8102532026407845, -2.855468985332944], [-3.13735122198418, 3.1375621381945855, -0.005327394169036707]]]], [[[[]], [[]], [[]]], [[[3.140940416321726], [1.6447045137633305]], [[-1.4957690979935954], [0.0011599557323188235]], [[0.0012770486849799385], [1.4960671480200358]], [[3.1011379547127693, -3.0893428422057663, -0.02304065497747172], [3.0521527897446323, -0.08304142319394672, 3.0720557028198474]]]], [[[[]], [[]], [[]]], [[[1.535746816823518], [-3.140856612632474]], [[1.6064510272598886], [-0.0011763594600428212]], [[1.6060834441056016], [0.0009310458239774606]], [[0.014167647685541948, -3.0610471344888603, -3.0596668932748092], [-0.02359935582419334, 0.045514222216545774, -0.013481704676382112]]]]]}