{"noise_params": [0.0, 0.05, 0.1, 0.15000000000000002, 0.2, 0.25, 0.30000000000000004, 0.35000000000000003, 0.4, 0.45, 0.5, 0.55, 0.6000000000000001, 0.65, 0.7000000000000001, 0.75, 0.8, 0.8500000000000001, 0.9, 0.9500000000000001, 1.0], "max_scores": [1.414213562373095, 1.3085426870669716, 1.2009037619532132, 1.0987271194763162, 0.99817266126074, 0.893746447168593, 0.8037063322648694, 0.7150939000235528, 0.6324535769828221, 0.5586100033862181, 0.4999967363893859, 0.4602521629925989, 0.4467668382462957, 0.4605702687765874, 0.49877978862099626, 0.5589151979858247, 0.6324543070782438, 0.7158096778479699, 0.8062257725166143, 0.8998919973567976, 0.99999999877366], "opt_settings": [[[[[]], [[]], [[]]], [[[2.1071815259548377], [-2.6169487271079177]], [[-0.9642750899884314], [-2.5233303849025783]], [[0.8344491150186775], [-0.7246053114799758]], [[2.8693611186703247, 1.3984553893315386, 0.06357430437648418], [1.3341386122602161, -0.17370694450428675, 1.6166244839106505]]]], [[[[]], [[]], [[]]], [[[3.212118405222148], [1.6550757470734063]], [[2.11279476601484], [3.6698374159721214]], [[-0.34515330744181716], [1.2118902459091476]], [[2.429813377619188, 2.8552129333461567, 0.4302889644154765], [0.8653559043058114, 1.3618778773471938, -1.1320471141084343]]]], [[[[]], [[]], [[]]], [[[2.47083816568942], [0.9497094185318602]], [[-2.3544412129202508], [-0.8333206480410321]], [[-0.9408781997416128], [0.5802438563220643]], [[-1.437207699799031, -1.6035501285728888, -0.18925662056467119], [0.14533947886465381, -0.013710308986233287, -1.742923261805705]]]], [[[[]], [[]], [[]]], [[[2.4138189217015635], [-2.3017244152126515]], [[-1.5422589775909572], [0.025336860714111085]], [[-0.18695987400306116], [-1.7545463993310089]], [[-3.0524359640551575, 2.2755112075066366, -1.0833546221610735], [1.579231719977736, -2.2189620122410236, 0.7052084986587823]]]], [[[[]], [[]], [[]]], [[[-2.3150679042209097], [-0.8515280814386543]], [[-3.2542730531968247], [1.5650641161785466]], [[1.4961774941571073], [2.960088394530112]], [[-1.5650249610773255, -0.9717469149323877, 2.0682713982959813], [3.113547160961277, 0.8788100596236134, -2.294773262928886]]]], [[[[]], [[]], [[]]], [[[0.4367910846945767], [-1.361081499679889]], [[-2.2678872531423178], [2.217765214830826]], [[-2.2222427313519386], [-0.4252382780637668]], [[2.427111118508092, -0.09212340519804477, 1.5358907744520163], [-4.981873246837873, 1.5996104966606841, 0.34481025475366733]]]], [[[[]], [[]], [[]]], [[[-3.0203248921485146], [5.0128770806014336]], [[-0.8467586682781835], [0.9164620694918898]], [[0.48356391751241756], [-1.2760532876303208]], [[1.38559672584864, 0.06667177005383566, 2.500051303621764], [2.3796862476623084, 1.5741734287048683, 1.419188439287659]]]], [[[[]], [[]], [[]]], [[[-0.7265271543013543], [-1.5104665636313466]], [[-1.2953233041329095], [-2.0872372604957334]], [[1.0428145995645601], [1.826788204499347]], [[-1.3579432257002477, 1.4915392825101639, -1.581328768552227], [-1.6677533021662303, -0.21239585624800145, -0.604768580593207]]]], [[[[]], [[]], [[]]], [[[1.640131059610476], [-0.26550768975159755]], [[1.5196702761291565], [3.3920259201733103]], [[-1.5011000823465097], [2.858484864353637]], [[1.6422873152855768, -0.8590153038418813, -1.5139265716906323], [1.7284423569173804, 4.232687111885297, 1.713378055325598]]]], [[[[]], [[]], [[]]], [[[-1.535397787278779], [2.6867294466822855]], [[1.626537821090894], [-0.36860123840002007]], [[-1.9533858927504093], [-3.9134266119911283]], [[-1.8022540773628009, -1.323678183848808, 0.3536274791048952], [-1.4657731995238892, -1.3477369988262053, -1.64303678172128]]]], [[[[]], [[]], [[]]], [[[-1.509961272022101], [-3.349953371297508]], [[2.90247733046353], [-1.4661565149886027]], [[-0.26015266197927783], [1.6569036079137194]], [[1.1073867107230966, -1.5919962070904936, -2.039347001252955], [-1.7889926977757777, -1.6669799111512043, -1.406228688613214]]]], [[[[]], [[]], [[]]], [[[-1.548034457645899], [2.5716723252951232]], [[0.40617808834727576], [-1.7442964691359164]], [[-1.9668927403583338], [2.4597158892766275]], [[-0.710037185736778, 1.8510087213162028, -0.3845673747363485], [1.6123390731075815, -1.409191394287865, 1.2874964850613084]]]], [[[[]], [[]], [[]]], [[[3.223437776735469], [1.6266634225190029]], [[-1.1133860993687237], [0.47157204416465937]], [[1.0579891624036148], [-0.5481107463881048]], [[0.7719801850725191, 0.43185932045706776, -0.4246342196912929], [-0.927678936542326, -1.309168158510304, 1.503408711557299]]]], [[[[]], [[]], [[]]], [[[2.1086743871934805], [0.7144629496538205]], [[-0.6046741802860356], [-2.0168803306964294]], [[1.5265223577046398], [0.12437567260691963]], [[1.5789694876755571, -1.7853010336787134, 2.1917967458896657], [0.3131503219065726, -0.2727748349699643, 1.0040894867605334]]]], [[[[]], [[]], [[]]], [[[2.7851357780045998], [-1.882862507717156]], [[0.3753875313642199], [1.8418408662146926]], [[1.5025183761551673], [0.024243520164604525]], [[2.6999384290182693, -1.1262851470751367, -0.9108769638103573], [1.0238318496456218, 0.5856777578999371, -2.1704839435373473]]]], [[[[]], [[]], [[]]], [[[-0.024676349331654225], [1.710256995045401]], [[2.8715532768451206], [1.1091256511523973]], [[0.18375502618256073], [1.9199847797601786]], [[-0.26133941271222033, 0.7770087576796685, -0.6079703647582654], [-2.780042271382335, -3.168597873124241, 0.12091440340875624]]]], [[[[]], [[]], [[]]], [[[-1.8618444457453267], [-0.12444432688609763]], [[1.786017423864874], [0.01640443312176631]], [[1.835149258169373], [0.100812823678845]], [[-2.4919817238447153, -0.2542246413246906, -0.5231847733071472], [-3.329979396441528, 0.1611750461299729, 3.279196202932024]]]], [[[[]], [[]], [[]]], [[[-2.2123454482531906], [0.008344579000264241]], [[2.3395909001593176], [0.09153427735282771]], [[-2.303586007349037], [-0.06620502052224919]], [[3.1367388551901234, -0.8635510578545477, -2.56780883712626], [-3.2472560397100017, 0.1163296910160438, -0.0885995583205043]]]], [[[[]], [[]], [[]]], [[[3.1294374886371554], [-1.8018952745347123]], [[-3.1220516425991347], [-1.7783414212858732]], [[-1.8346157868006732], [3.1036382072368363]], [[-3.171438119824413, -0.15373820314750622, -3.1941604850452423], [0.0962268547478411, 3.1906555525827205, -2.7746215718598806]]]], [[[[]], [[]], [[]]], [[[-3.105922727415037], [-2.8768201286396464]], [[0.21879773872839586], [-0.010810015660492363]], [[-0.030972603744565053], [0.20010568950376165]], [[-0.010829407375325574, -3.1500462472277486, -0.004573278138628714], [2.2625915492933064, -2.2065501633046, 0.9671230075652018]]]], [[[[]], [[]], [[]]], [[[-5.115078904197775], [-3.141843199892218]], [[3.141302689489841], [-1.1682747833291038]], [[1.1682818984579717], [-3.14125731169957]], [[2.99149781236511, 3.0760025470714707, -3.017100735470345], [-0.008767198785298354, -3.1329291755259416, -0.003841963887715503]]]]]}