{"noise_params": [0.0, 0.05, 0.1, 0.15000000000000002, 0.2, 0.25, 0.30000000000000004, 0.35000000000000003, 0.4, 0.45, 0.5, 0.55, 0.6000000000000001, 0.65, 0.7000000000000001, 0.75, 0.8, 0.8500000000000001, 0.9, 0.9500000000000001, 1.0], "max_scores": [1.414213562373095, 1.3792128323395636, 1.3450269413342693, 1.3112867372238992, 1.2782736433918944, 1.2491506174286262, 1.2194938403823363, 1.191897211003941, 1.1651452955870645, 1.1412680715853134, 1.1180312733035829, 1.0965570560163016, 1.0770326513022976, 1.059480931940689, 1.042572427289687, 1.030776406398781, 1.019801014232604, 1.0111874014310065, 1.0049875619424766, 1.0012492197078648, 0.9999999287264552], "opt_settings": [[[[[]], [[]], [[]]], [[[1.9447995950244343], [0.3707794540222561]], [[0.6377791107479521], [-0.9362410119125184]], [[-1.2169718597327595], [-2.790991939342462]], [[-1.162345281575515, 3.2883646169605036, -1.1392514525316122], [3.5590933183448925, 1.7224528137483894, 0.4348039702804478]]]], [[[[]], [[]], [[]]], [[[2.9338612748313238], [1.3556150974955548]], [[-2.952003776294983], [-1.3737575946165215]], [[-1.4067972408845482], [0.17144895045423164]], [[0.9797304990654963, 2.18492584979683, 3.7274632526357876], [-0.556751462239832, 0.5699486351264855, 2.219061190466568]]]], [[[[]], [[]], [[]]], [[[-3.553877836223245], [-2.034555911804297]], [[0.4410706197885793], [-1.0782514533516114]], [[-1.511607873786787], [0.007714090042331416]], [[-3.4511846749819464, 0.29042148512034727, 3.83515895188025], [-1.9568912314357527, 1.9180324175297339, -3.895266357994423]]]], [[[[]], [[]], [[]]], [[[0.06595313384362249], [-1.5445723136874547]], [[1.507982896535018], [-0.1025424531716492]], [[2.079113118118268], [0.4685880495109936]], [[0.6474975357794465, -3.754443329804831, 1.920059720912658], [2.392965256713335, 0.7878538573891462, 0.24118594308272343]]]], [[[[]], [[]], [[]]], [[[2.3437205580894718], [0.6473367898769399]], [[3.1438331914643207], [1.447449441467015]], [[2.996537829321112], [-1.590263717246852]], [[1.63696642814537, -2.4483049830562997, -0.5343760349545275], [0.08252145704579988, -0.6079447865041525, -2.392592999231694]]]], [[[[]], [[]], [[]]], [[[-0.6005450804086108], [-2.3506807111556993]], [[2.7692283905919792], [1.019107497721523]], [[-3.105851291702071], [-1.3557360405021017]], [[1.4297798333885905, -1.9827642355857762, 2.394239063927543], [-0.05395282177698655, -0.24548581870937256, -2.60271835232604]]]], [[[[]], [[]], [[]]], [[[-0.4682897780074994], [4.183830215976347]], [[-1.426845342990711], [0.20421799768221183]], [[-1.6536166304000848], [2.998503353445195]], [[-1.9452364027283324, -2.7143257350565486, -3.5923421544578242], [-0.1815801451733839, 2.3259055492049447, -2.418706858427414]]]], [[[[]], [[]], [[]]], [[[-0.5051511183420752], [-1.9795677863586822]], [[-1.1878866283771512], [0.2864727481396012]], [[1.0982857915694368], [-0.37607287953815166]], [[-1.9854832750029898, 0.30691305884493003, 2.8943212249813004], [-0.19086270142321532, 2.1563896092342136, -2.034830970958287]]]], [[[[]], [[]], [[]]], [[[-2.6006927914580715], [-0.771691669279307]], [[-1.7359131962943968], [0.09308016821921425]], [[1.1086560521469304], [2.9376500226128486]], [[-1.4167837906070309, -2.6366707833931438, 0.8972304881828371], [-3.0641827511721207, -0.5596390999061354, -0.27587086537057215]]]], [[[[]], [[]], [[]]], [[[3.095369033451365], [-1.5556710428281642]], [[-0.08017818352799667], [1.5518882084870589]], [[0.160285607222725], [1.7924069670135134]], [[-0.45858249046234134, -3.543418463938349, -0.7200626951911919], [0.535706262218352, 3.706414111273017, 0.3087625049107162]]]], [[[[]], [[]], [[]]], [[[-1.2482851718119443], [-3.033412565314724]], [[1.1622769915452258], [-3.3357495004695807]], [[-3.052173313363591], [1.4458244168109071]], [[-0.6925165779917699, 0.8250761999420262, 3.4988802673019905], [-2.832472075367937, -0.23604707356391846, -0.4947475260938194]]]], [[[[]], [[]], [[]]], [[[3.0708137338792594], [-1.2542497228271527]], [[-0.8738722738512734], [-2.8318002431205653]], [[-3.2926438443481825], [1.0324918953541629]], [[-3.4724027248490335, 2.053520882940557, 0.8180128768707912], [0.38929322918161663, 3.248580649883945, -0.21382828815476926]]]], [[[[]], [[]], [[]]], [[[1.0887920484450029], [-3.3224664647689464]], [[-3.149251073682532], [1.261954392466543]], [[0.012335310396632677], [-1.8595058790444827]], [[-2.330767529219028, 3.5447611939780455, 0.40200011472877195], [-3.3125921095828685, -0.285277573877261, 2.8164998642578665]]]], [[[[]], [[]], [[]]], [[[-1.0923375936586492], [3.137129448859695]], [[-2.111054902691581], [-0.05748275750729754]], [[3.18938941280277], [-1.0400863457051877]], [[-3.425417721224109, 0.5265927404462815, 2.6486347622098436], [3.3505850237442063, 2.9621967998695196, -2.9569151372883655]]]], [[[[]], [[]], [[]]], [[[3.0849164703290484], [-2.355642884588182]], [[2.6889806239708918], [-2.751259172640859]], [[0.8677225545844299], [0.025099040094218057]], [[-0.1239635638283871, 0.012296985146614533, -0.15918183975390035], [-2.5583015528176345, -1.5164801939610153, 0.13205925112090744]]]], [[[[]], [[]], [[]]], [[[1.5515448153403084], [-3.106459274481876]], [[-1.6386545438533835], [-0.01354622128250878]], [[3.1088847419885517], [1.4841623653793456]], [[3.308085901364835, -2.8282130988234204, 0.3285667052692686], [2.8386089942285753, 2.9004256494486413, -0.17691047251056233]]]], [[[[]], [[]], [[]]], [[[3.067636624597224], [-2.2782912436977565]], [[-0.008616049985226271], [0.9287727896723775]], [[-3.2143599821241224], [-2.2776445132465395]], [[-0.07959478107950771, 3.0301027487774532, -0.0875532385197844], [0.656204968460125, 0.2733811812638529, -2.470897705576933]]]], [[[[]], [[]], [[]]], [[[-2.0889648369656926], [3.116198807873348]], [[-1.0552611578436875], [0.022555452433993158]], [[-0.003183831873253229], [-1.0809385205585134]], [[3.0530442598865144, 3.2289584055939096, -3.0449645319060017], [0.37781731453519546, -0.34968341402108405, -0.11929259535745623]]]], [[[[]], [[]], [[]]], [[[1.9269272255192875], [3.145359866913322]], [[-0.007053527272179523], [-1.2253519352216369]], [[-1.2131061720995664], [0.006208825978868703]], [[0.06293241237702053, 3.2076525390698034, 0.05507358203653276], [3.010655827554679, -3.1355674011042267, -0.14295487915978078]]]], [[[[]], [[]], [[]]], [[[-1.2964409854288352], [-0.003131110668853132]], [[0.00010256027971567431], [-1.2929041923696947]], [[-1.2881864940004435], [0.004694750916854267]], [[-3.0932886868127314, -3.0889086076883223, 0.026962097782281053], [-3.1314902061463967, 3.066983202726229, -0.1479335309944103]]]], [[[[]], [[]], [[]]], [[[-1.0130537126141033], [0.000178326952154687]], [[2.129194596539481], [-3.141518208526907]], [[2.129577020288529], [-3.141479441929966]], [[3.1354308266812128, 3.136310982842207, 0.005919828374333038], [2.882286867338507, 3.0316297706592543, 0.02905371235777382]]]]]}