{
  "datetime": "2022-01-28T18:58:27Z",
  "opt_score": 0.9494273555419683,
  "opt_settings": [
    [
      [
        []
      ],
      [
        []
      ],
      [
        []
      ]
    ],
    [
      [
        [
          -1.9339115346951425
        ],
        [
          -0.7525542070653096
        ]
      ],
      [
        [
          -1.2126918510878766,
          0.38315460252224215
        ],
        [
          -0.4999231205419915,
          0.5370754093947987
        ]
      ],
      [
        [
          -2.7547397988925493,
          -2.720722189756751
        ],
        [
          0.3075613223975402,
          -1.1660470635710032
        ]
      ],
      [
        [
          0.012550869229606243
        ],
        [
          0.9031609305827314
        ]
      ]
    ]
  ],
  "scores": [
    0.6107982355674119,
    0.9494273555419683,
    1.117080835787043,
    1.1445374133557045,
    1.0766576150926914,
    1.1394128267818473,
    1.1280104940742368,
    1.1035139938366414,
    1.1012472302027432,
    1.1232883499052,
    1.1306814803550376
  ],
  "samples": [
    0,
    1,
    2,
    3,
    4,
    5,
    6,
    7,
    8,
    9,
    10
  ],
  "settings_history": [
    [
      [
        [
          []
        ],
        [
          []
        ],
        [
          []
        ]
      ],
      [
        [
          [
            -2.2525311899796323
          ],
          [
            -0.7710043169414282
          ]
        ],
        [
          [
            -0.8137214610061752,
            0.5909203150930904
          ],
          [
            -0.5884298013049856,
            -0.2865721713711422
          ]
        ],
        [
          [
            -2.970508691085692,
            -3.086808227925065
          ],
          [
            1.133728666316876,
            -1.213607593091331
          ]
        ],
        [
          [
            0.3690064481771387
          ],
          [
            1.0350416342503799
          ]
        ]
      ]
    ],
    [
      [
        [
          []
        ],
        [
          []
        ],
        [
          []
        ]
      ],
      [
        [
          [
            -1.9339115346951425
          ],
          [
            -0.7525542070653096
          ]
        ],
        [
          [
            -1.2126918510878766,
            0.38315460252224215
          ],
          [
            -0.4999231205419915,
            0.5370754093947987
          ]
        ],
        [
          [
            -2.7547397988925493,
            -2.720722189756751
          ],
          [
            0.3075613223975402,
            -1.1660470635710032
          ]
        ],
        [
          [
            0.012550869229606243
          ],
          [
            0.9031609305827314
          ]
        ]
      ]
    ],
    [
      [
        [
          []
        ],
        [
          []
        ],
        [
          []
        ]
      ],
      [
        [
          [
            -2.072838475785149
          ],
          [
            -0.835271777633541
          ]
        ],
        [
          [
            -1.3006700613544075,
            0.4035791636781813
          ],
          [
            -0.18180887721621158,
            0.4619193351748037
          ]
        ],
        [
          [
            -2.7706451324363983,
            -2.706284137905139
          ],
          [
            0.3539477021016181,
            -1.1252371885308035
          ]
        ],
        [
          [
            -0.18403580805873407
          ],
          [
            1.0553676532908427
          ]
        ]
      ]
    ],
    [
      [
        [
          []
        ],
        [
          []
        ],
        [
          []
        ]
      ],
      [
        [
          [
            -2.1501655098670267
          ],
          [
            -0.7862973413100885
          ]
        ],
        [
          [
            -1.4049323370408278,
            0.388877989369892
          ],
          [
            -0.06075098259009548,
            0.43643346262193716
          ]
        ],
        [
          [
            -2.7967590604840176,
            -2.729818912565339
          ],
          [
            0.37530558121282315,
            -1.0952643665848265
          ]
        ],
        [
          [
            -0.23730462698260707
          ],
          [
            1.115759122259563
          ]
        ]
      ]
    ],
    [
      [
        [
          []
        ],
        [
          []
        ],
        [
          []
        ]
      ],
      [
        [
          [
            -2.200384629224513
          ],
          [
            -0.7969747709274282
          ]
        ],
        [
          [
            -1.403285145834802,
            0.3769523250382649
          ],
          [
            -0.012147469044652387,
            0.40943151065224653
          ]
        ],
        [
          [
            -2.7849651714488726,
            -2.698917605540294
          ],
          [
            0.39471568002002105,
            -1.0854810506537793
          ]
        ],
        [
          [
            -0.2600118676135954
          ],
          [
            1.1153984936944497
          ]
        ]
      ]
    ],
    [
      [
        [
          []
        ],
        [
          []
        ],
        [
          []
        ]
      ],
      [
        [
          [
            -2.2140544246265854
          ],
          [
            -0.7844452118595718
          ]
        ],
        [
          [
            -1.464829611052958,
            0.37970704455130466
          ],
          [
            0.02447796499129115,
            0.3967098444052484
          ]
        ],
        [
          [
            -2.7779775902450643,
            -2.7114818140509875
          ],
          [
            0.3923658181017857,
            -1.1259148815916904
          ]
        ],
        [
          [
            -0.2657753085258455
          ],
          [
            1.1708288430803708
          ]
        ]
      ]
    ],
    [
      [
        [
          []
        ],
        [
          []
        ],
        [
          []
        ]
      ],
      [
        [
          [
            -2.2607086574592237
          ],
          [
            -0.7570104434104602
          ]
        ],
        [
          [
            -1.5113453461404536,
            0.39675361215755306
          ],
          [
            0.06399068724685048,
            0.3864021777298851
          ]
        ],
        [
          [
            -2.7615521526325657,
            -2.68449716654474
          ],
          [
            0.3942473763044314,
            -1.0964644053763668
          ]
        ],
        [
          [
            -0.3104586356418351
          ],
          [
            1.1932190112721364
          ]
        ]
      ]
    ],
    [
      [
        [
          []
        ],
        [
          []
        ],
        [
          []
        ]
      ],
      [
        [
          [
            -2.2788414257960703
          ],
          [
            -0.7599361466102983
          ]
        ],
        [
          [
            -1.4943559244343445,
            0.3950908176926998
          ],
          [
            0.06652634811728034,
            0.41730554458824926
          ]
        ],
        [
          [
            -2.7603231306368046,
            -2.7037277460078255
          ],
          [
            0.3662758673275018,
            -1.0992377844533996
          ]
        ],
        [
          [
            -0.3296766142352659
          ],
          [
            1.2025137629367122
          ]
        ]
      ]
    ],
    [
      [
        [
          []
        ],
        [
          []
        ],
        [
          []
        ]
      ],
      [
        [
          [
            -2.2826479454949946
          ],
          [
            -0.737388008982532
          ]
        ],
        [
          [
            -1.4907186830597492,
