{
  "datetime": "2022-01-29T03:10:11Z",
  "opt_score": 0.46293965335784487,
  "opt_settings": [
    [
      [
        []
      ],
      [
        []
      ],
      [
        []
      ]
    ],
    [
      [
        [
          -0.35682944185036647
        ],
        [
          1.0488967917195569
        ]
      ],
      [
        [
          -0.856576421405355,
          -1.4294790199298661
        ],
        [
          1.1400203003808167,
          2.140900546376604
        ]
      ],
      [
        [
          0.34176147183096756,
          2.1686107288506578
        ],
        [
          -0.44145331628578693,
          -2.25258695872709
        ]
      ],
      [
        [
          -1.4014542562305026
        ],
        [
          1.5934298407294623
        ]
      ]
    ]
  ],
  "scores": [
    0.16808836289110052,
    0.46293965335784487,
    0.7020019006048389,
    0.9085348156457169,
    1.0048681630586784,
    0.9955083449746625,
    1.079493130150344,
    1.1182670500137144,
    1.090522821500356,
    1.0876575783746874,
    1.0998118212184855
  ],
  "samples": [
    0,
    1,
    2,
    3,
    4,
    5,
    6,
    7,
    8,
    9,
    10
  ],
  "settings_history": [
    [
      [
        [
          []
        ],
        [
          []
        ],
        [
          []
        ]
      ],
      [
        [
          [
            -0.1584564600138938
          ],
          [
            1.0355510719366716
          ]
        ],
        [
          [
            -0.9051831991017645,
            -1.434994682647189
          ],
          [
            1.0825962484589047,
            1.723221829095528
          ]
        ],
        [
          [
            0.4234622258313152,
            2.154132114217685
          ],
          [
            -0.047340129746249904,
            -2.423233905476168
          ]
        ],
        [
          [
            -1.3495442319774082
          ],
          [
            1.7802285345060236
          ]
        ]
      ]
    ],
    [
      [
        [
          []
        ],
        [
          []
        ],
        [
          []
        ]
      ],
      [
        [
          [
            -0.35682944185036647
          ],
          [
            1.0488967917195569
          ]
        ],
        [
          [
            -0.856576421405355,
            -1.4294790199298661
          ],
          [
            1.1400203003808167,
            2.140900546376604
          ]
        ],
        [
          [
            0.34176147183096756,
            2.1686107288506578
          ],
          [
            -0.44145331628578693,
            -2.25258695872709
          ]
        ],
        [
          [
            -1.4014542562305026
          ],
          [
            1.5934298407294623
          ]
        ]
      ]
    ],
    [
      [
        [
          []
        ],
        [
          []
        ],
        [
          []
        ]
      ],
      [
        [
          [
            -0.650367130637737
          ],
          [
            0.9986727888717666
          ]
        ],
        [
          [
            -0.8440554712198305,
            -1.3971332319505947
          ],
          [
            1.4392089012808,
            2.354441346632105
          ]
        ],
        [
          [
            0.323501752810411,
            2.237997661128773
          ],
          [
            -0.6567302206084056,
            -1.869776011927595
          ]
        ],
        [
          [
            -1.5642887240722498
          ],
          [
            1.2806859412492753
          ]
        ]
      ]
    ],
    [
      [
        [
          []
        ],
        [
          []
        ],
        [
          []
        ]
      ],
      [
        [
          [
            -1.026800941553298
          ],
          [
            1.1343197712022215
          ]
        ],
        [
          [
            -0.7761790697068383,
            -1.734214344549014
          ],
          [
            1.617682036775823,
            2.4385922197221475
          ]
        ],
        [
          [
            0.5817772128047629,
            2.341537934623168
          ],
          [
            -0.724897481917832,
            -1.7640820099158523
          ]
        ],
        [
          [
            -1.5595769053712238
          ],
          [
            1.0823290937320669
          ]
        ]
      ]
    ],
    [
      [
        [
          []
        ],
        [
          []
        ],
        [
          []
        ]
      ],
      [
        [
          [
            -1.136943602714524
          ],
          [
            1.0594700765587124
          ]
        ],
        [
          [
            -0.5962289104941705,
            -1.8317662729643023
          ],
          [
            1.6297732902839843,
            2.449053782540078
          ]
        ],
        [
          [
            0.7764075165847799,
            2.453059678029966
          ],
          [
            -0.7306802553347788,
            -1.7852154182214213
          ]
        ],
        [
          [
            -1.3869637253526748
          ],
          [
            0.8162578014991333
          ]
        ]
      ]
    ],
    [
      [
        [
          []
        ],
        [
          []
        ],
        [
          []
        ]
      ],
      [
        [
          [
            -1.096324902955684
          ],
          [
            0.8792669810218777
          ]
        ],
        [
          [
            -0.4362012764731304,
            -1.9836251323616743
          ],
          [
            1.5670412074130005,
            2.4531934631356256
          ]
        ],
        [
          [
            0.9206332587108553,
            2.583090500318192
          ],
          [
            -0.7177304852666568,
            -1.805860748371009
          ]
        ],
        [
          [
            -1.3337031992975634
          ],
          [
            0.6236908602749834
          ]
        ]
      ]
    ],
    [
      [
        [
          []
        ],
        [
          []
        ],
        [
          []
        ]
      ],
      [
        [
          [
            -1.0447299965887682
          ],
          [
            0.7736651987132034
          ]
        ],
        [
          [
            -0.33237818960569354,
            -2.075687727973331
          ],
          [
            1.5119101917868834,
            2.4507780845758833
          ]
        ],
        [
          [
            1.0136146427018695,
            2.712915298321456
          ],
          [
            -0.69605246269297,
            -1.8544702418858219
          ]
        ],
        [
          [
            -1.2936682543268287
          ],
          [
            0.511711034436256
          ]
        ]
      ]
    ],
    [
      [
        [
          []
        ],
        [
          []
        ],
        [
          []
        ]
      ],
      [
        [
          [
            -1.0181306177429577
          ],
          [
            0.7102750711259611
          ]
        ],
        [
          [
            -0.2506484458269355,
            -2.0960806427653225
          ],
          [
            1.459686085214825,
            2.469474065448935
          ]
        ],
        [
          [
            1.052345372345575,
            2.7748844657513847
          ],
          [
            -0.6968003019278921,
            -1.8741010218025265
          ]
        ],
        [
          [
            -1.2666778421482225
          ],
          [
            0.4509402913097268
          ]
        ]
      ]
    ],
    [
      [
        [
          []
        ],
        [
          []
        ],
        [
          []
        ]
      ],
      [
        [
          [
            -0.9825548812822166
          ],
          [
            0.660890305809656
          ]
        ],
        [
          [
            -0.19391826338407708,
            -2.0904958061517767
          ],
