{"noise_params": [0.0, 0.05, 0.1, 0.15000000000000002, 0.2, 0.25, 0.30000000000000004, 0.35000000000000003, 0.4, 0.45, 0.5, 0.55, 0.6000000000000001, 0.65, 0.7000000000000001, 0.75, 0.8, 0.8500000000000001, 0.9, 0.9500000000000001, 1.0], "max_scores": [2.828427073359432, 2.6767713899829433, 2.5267279219366334, 2.3754252485226974, 2.2248899962985855, 2.074097882813275, 1.8971649960835038, 1.7724526730299268, 1.6216268740860045, 1.4630381131667658, 1.3197159539930565, 1.1689308889522179, 0.9596140841748518, 0.8119405574791756, 0.651312429155946, 0.5512034508996974, 0.41221741024308545, 0.19348935000423453, 0.07223221097832547, 0.01788497965439917, 0.14565658788757882], "opt_settings": [[[[[-1.5743421569414493, -1.330801077620116, 0.07482531186456494, 2.814446567554461, -2.6056026417848974, -1.447702101817816]]], [[[0.15146960658005398, 3.3140648332105225, -1.7972434797356245], [-1.720488300279921, 1.4003338402032546, -2.937279600701995]], [[-2.1790404521139526, 0.6103942475820161, 1.0686963265963483], [1.3061879903574953, -2.2117504957353775, 2.999776264439812]]]], [[[[1.015413130015958, -3.000240516336531, 3.090495396023158, -0.011136069049002937, -1.8564740102016182, -1.0970267140579972]]], [[[1.0506384461669644, -0.4944085864263447, 1.0964457961135183], [-0.4085616069327475, 1.33611012558855, 2.3527317297849173]], [[-3.291011796382585, 1.6313015250675142, 0.0964397053482383], [1.405304564028653, -1.2899069924246331, 0.8712616758642637]]]], [[[[3.2808458749220826, 3.02550801329625, -2.520751757430808, -2.938396955995214, 2.2955367462015626, 0.20642944675933655]]], [[[-1.1671737557692727, 2.5132671522771326, -0.9181047935721991], [0.42806779582974663, 0.1761294066442167, 0.3658523549642396]], [[2.9303377868610374, 2.3237072287946354, -0.02862726162039841], [0.9697379342812528, -2.5127282038485634, -0.10441201885914211]]]], [[[[2.0142075623953413, 2.7802098750348327, -1.7259802567160207, -2.873192739484397, 1.6010160686185093, -3.181705256931377]]], [[[-2.2349668941406797, -1.7635971901062668, 3.132498932511803], [-0.5510722682037114, 1.3484789192263416, -2.248396251076367]], [[1.3270343931525057, 0.2928474748312014, 1.9321211587498714], [-1.6965853022762116, -1.9034499820955508, 0.9943704035006196]]]], [[[[0.5536912309289443, 3.137531889059492, -3.2323437934891355, -2.2408089914203235, -1.2087480737944012, 1.672918422653111]]], [[[-2.4703116471110462, 0.15864633300978265, -2.119922766047787], [2.8293852298588975, 1.7360260221018506, 2.1084928904242]], [[-2.65707057229938, 2.938903061461696, 0.7167612193012638], [1.220925385120538, -1.4972394699326197, 2.4441786388689577]]]], [[[[-2.7511659694486714, 0.4844160424676488, -2.072339659402613, 1.1104053125994426, -0.6549588869313133, 2.571627757876249]]], [[[-1.745569833206299, 0.1825743040803469, -1.4280220813059634], [0.023579794651360907, -2.3222767276842835, -2.9960128504902825]], [[1.3895005451223892, -0.33992678697182005, -0.8621178522223238], [-1.4264994950784877, -1.589228537686738, 2.0384454518263233]]]], [[[[2.939482789043028, 1.506554002788863, 0.5308260117783414, -0.07648559023451418, 0.23706483302504255, 0.6921512998940816]]], [[[0.6352828533505501, -0.3005211311566698, 2.6168608696584723], [-2.887215100343931, 1.391487211987594, -0.4414744822523926]], [[-2.8944753144955424, 2.250943684098402, -2.836567208996916], [-1.219051849996764, 0.5066075143542197, -2.6300222838977017]]]], [[[[-1.710271775136949, -2.0748820132590575, 0.11434088832672241, 3.0553672716840614, 0.24889315551614216, -1.550944108228822]]], [[[1.0951986074663524, -3.6347985842711714, 2.5706136911819284], [-0.49791196736543886, -0.46377734327098286, 1.8384052245477323]], [[2.0202733968509157, 2.778363553186947, 2.0371040609583], [1.0669276078651038, 1.5771637130109384, -1.6691954399423965]]]], [[[[-0.6866214843938793, -2.7709166201759072, -3.196055663065346, 0.6874526452552238, 2.5106129556298415, 1.3200597533772902]]], [[[-3.0257628684934517, 2.3726135698081205, 1.9997679131830353], [-1.0741427091709308, 1.9636813361154577, 2.6981630830014183]], [[1.183255255229933, 1.5650583307178652, 0.10715143712951254], [2.8432818052027895, 1.5858826735240452, -0.5956335336113296]]]], [[[[-3.177542530643707, -0.6066074024426795, 1.7409948172597565, 0.01837801604928737, 0.7025300164271235, 2.3762458464060927]]], [[[2.4124709843603838, 2.744765226252665, 0.007755988332244453], [0.7648436777255844, -1.008046666290293, 0.4770254686534088]], [[-0.6385946110038325, 1.238714231899199, 0.6142264381428242], [1.9987266569561533, 1.8520895340195929, 1.5689915479430718]]]], [[[[2.581679284717782, -0.5641433486690719, 1.2547257655882913, 1.6443789659685233, 2.1424958832921854, -2.6342600449364677]]], [[[2.6373886979594956, 1.6637353432929938, -1.4976257475131238], [-2.8779874761179594, -0.6074281936048769, 1.2648701690288675]], [[1.3087290224100567, -1.26228194524702, -0.7646372235486778], [-1.1794912342166803, -0.8377799422036776, -0.31083698448679753]]]], [[[[1.2025596977140023, -0.16113600472872416, -0.23369042350609961, 0.24917086291044302, 1.701433894223567, -0.020137155454345163]]], [[[-0.2357785292120164, -2.8408201939597797, -0.18919663191369154], [-0.13340567359048208, 2.7458806173939685, 2.900620200233732]], [[0.13554290426915555, -1.9275283505735459, 1.6682059546853312], [0.8770091295954896, -1.6621686679966539, 0.8245241885917123]]]], [[[[2.7333302186205213, 1.4666352611031768, -2.933490658542742, 1.8192192386992607, -3.1311998976873623, -1.9198574043997576]]], [[[2.8775174906811705, 2.4157059177972586, 1.9214132948013702], [2.974446851149193, -1.4429288419648203, -1.9920810999544067]], [[1.966769701622423, 0.008475747924097258, -2.80434375186226], [-2.8928153856614625, 3.286316631403799, -0.7009378551494434]]]], [[[[2.6115967578838784, 1.2360989846634625, 2.24817874781934, -0.03948547573020359, -3.3181603793855534, -2.5968421483661275]]], [[[1.7308510289844399, 0.7440864122993085, 1.4816282183687823], [-2.9602575242273295, 1.3610183109168124, -1.0621129073278377]], [[2.144756565290065, -0.8300339980252808, 0.5663586995896663], [3.039054115326117, 1.581757481208466, -1.5753130776649042]]]], [[[[1.8981590166897009, -0.7549441469846506, -1.7149312978075542, 0.40896915410162527, 3.066493714971155, -1.4777753542136896]]], [[[2.356494122487342, -0.13079719285045824, -1.6686102212826721], [0.5475418694845348, -1.8132852155079704, 1.366413925426503]], [[-1.2798034679311445, 1.897297749252106, -2.9169190574211443], [1.2544066874014193, -2.071898853673173, -2.408260085404676]]]], [[[[0.6991771820768703, -0.48862886962221624, 1.7054292391572488, 0.4065458621829344, -1.7272825895232204, -0.32349837558303146]]], [[[-0.6259003980831359, -0.7297708242342358, 3.1242569759576133], [-1.5024156128732682, 2.9012329442769027, 1.3753247283859729]], [[-1.9443060654563096, -0.07249334636312485, -3.128576002746325], [0.6645161986273042, -1.8279949743130564, 2.329211472406544]]]], [[[[-0.39240224206071744, 2.819841719299882, 0.3830398967219975, -0.46320852486993114, -1.5243909637896156, -2.3410187756714755]]], [[[-1.6837303411338425, -1.5993242731543826, -2.844647485355685], [0.6392202284350995, -0.9327090903585817, -0.26080203506737254]], [[-0.37126932593380096, 2.9414155235952286, -2.6345448430766276], [2.6160967365107686, -0.8195180299534723, -1.7534289107242333]]]], [[[[1.619090749664172, -0.45658603162282446, 2.1891823574993987, 2.724837536626704, -0.9487109252929432, -2.983554691698012]]], [[[-2.943399685369088, 2.943217256656174, 0.8589351008764572], [0.1885643143680455, -3.104887638284044, -0.7874567117939617]], [[1.421067347356442, -0.2838602513215274, -2.52443437052591], [-1.593042782579041, -1.4251062583756156, -2.098625707847151]]]], [[[[-1.845493923133016, -2.007405647375255, 0.9246727410217725, 0.75720651175117, 0.4021257106514267, -1.234866583213144]]], [[[-2.870759556820892, 2.7982944266652967, 0.2806360098798062], [0.262985017101011, -0.3439038289485198, -1.3500731226290434]], [[-0.8045581749683487, -1.4554396745839497, -1.9318730526348515], 