{"noise_params": [0.0, 0.05, 0.1, 0.15000000000000002, 0.2, 0.25, 0.30000000000000004, 0.35000000000000003, 0.4, 0.45, 0.5, 0.55, 0.6000000000000001, 0.65, 0.7000000000000001, 0.75, 0.8, 0.8500000000000001, 0.9, 0.9500000000000001, 1.0], "max_scores": [2.82842712474619, 2.6775776780930594, 2.526728203339568, 2.375878784786795, 2.2250293349433825, 2.074179891423521, 1.9233304446062385, 1.7724809975121258, 1.6216315269739592, 1.4707790153314106, 1.319931526132286, 1.1690123427106218, 1.0182329836933826, 0.8673843130756291, 0.7141633237929034, 0.5538390155485594, 0.4147104256917662, 0.2626799321126505, 0.08212424557734901, 0.012395444008717421, 0.1675220271200051], "opt_settings": [[[[[]]], [[[0.7228323943436727, 0.8483021809359453, 1.5020024547519055], [2.5512890676894844, 1.4701202761157932, -1.6156392157263078]], [[-1.9158269243591497, 0.9989148236784209, -2.52831668799713], [0.06788303552757638, 1.2110255578251978, 1.2362031708541545]]]], [[[[]]], [[[2.1055851607671814, 2.0120085451017276, 0.8929353879163608], [-2.737125060752378, 1.3189871357548086, -1.9043986877142067]], [[0.2838638838751264, -1.6953591089114892, 0.9576934915144086], [-1.2122276959546536, 2.0707961392918373, 0.7604907757454553]]]], [[[[]]], [[[-1.5104595243536731, -1.994340538899327, -1.023668130797033], [2.7513392433928807, -0.02055448811140586, -1.1360624806269977]], [[-1.53585823850674, 1.1642272908440197, -0.5551387989936076], [-1.8320773026776431, 2.6106801808894495, 2.0112163464641792]]]], [[[[]]], [[[2.251587442368264, -2.668208517903804, -2.971640210810897], [2.3853465899921655, 1.9591402566539453, -1.2245959324883369]], [[0.6410645383272572, -2.824277982540603, -1.2029293178501423], [0.7993315355827706, 1.9544200820445496, 1.8967718547098462]]]], [[[[]]], [[[-2.97755674147902, 3.993910639386157, 2.1337826727175777], [2.5650154712037105, -0.5014442063571894, -2.363347622208245]], [[-2.9644590055159474, -1.1859027383882526, 2.169161889817043], [1.825820293294078, 3.378751991157114, -0.21990554785566235]]]], [[[[]]], [[[0.3510182657138234, -0.33277524467627806, 0.9519189134749739], [2.418437608244587, -1.1925684196491222, 1.614753317935965]], [[0.997398698393301, 0.5339030840480488, -2.977192979891729], [0.5266652220582994, -1.1555307039979723, -0.6124922590042132]]]], [[[[]]], [[[0.45547081571511366, -0.8526170049139313, -2.34074827920389], [-2.5529235633618605, -0.4047113449714781, 2.117967199016837]], [[-3.169577543715708, 0.14797952812660875, 2.911745811507572], [-0.54175472554535, 4.243673894265566, 2.7042469282143893]]]], [[[[]]], [[[1.1213100854570854, -0.6729533266429939, 2.9143842085214704], [-1.8794455793141969, 2.292002666784872, 0.7102455792364449]], [[1.929645636969311, 1.4604974601698153, 1.8378444958629059], [-0.9807750359911845, 0.05909333177583281, -2.2037333189824806]]]], [[[[]]], [[[-0.6578429107432974, 2.627760751195712, -2.830732287983954], [-2.712909212929689, 1.542516547256165, 0.15965079283126163]], [[2.269229941490431, 2.2170530742671186, 1.525137774534806], [-3.201726494300339, -2.1593371922190885, -1.96302358547668]]]], [[[[]]], [[[2.4473386467054468, -0.2583331317080565, 3.0828623870903664], [-1.5786043248992243, 3.8537379433703003, -0.32505444053012056]], [[2.5242368981913104, -0.7131809474281995, -1.7853790248841532], [0.9816864811190855, 0.3572008218609334, 2.349641144475873]]]], [[[[]]], [[[2.8310917950023513, -2.6222595030922964, -0.5077284628414321], [0.4731775088772224, 0.9557714158081592, 1.2023457906766266]], [[0.005589367799858545, 2.0443863518885594, -2.445567825757591], [0.2328257124237754, 3.1216008816242073, -0.061616574534901394]]]], [[[[]]], [[[-1.287399296678997, 1.1516475527477064, -1.2331316918807893], [1.508393956483441, 0.6021775986192538, -1.0566058129907305]], [[2.752216963580191, -0.09843759064055364, 1.0586373237606503], [-1.7556256617488923, -1.9265786532059448, -0.219062298488101]]]], [[[[]]], [[[0.10885662089782246, 1.6977240950912869, 0.07216175936185072], [2.3195295787330976, 0.4620748487865215, -0.09479217263933208]], [[1.882541780285999, -0.5446430025245081, -3.1257648941961], [-2.7616934227501115, 3.9083742285103926, -1.3001906630909783]]]], [[[[]]], [[[2.196627320909665, 1.2082197963764685, 2.2465495850527963], [0.6516619552805066, 1.3897254812318127, 1.9171618463504627]], [[1.6154818644579338, -1.2126554249678834, -1.0892630969815538], [0.23858195954935388, -1.3102057714082636, 1.974796760735753]]]], [[[[]]], [[[-0.09239690471273714, -0.26456814657543193, 0.2156572774839435], [-2.2581070767796247, -0.022062753679571435, -2.991590124932068]], [[-1.8800508845268835, 0.014176559980234767, 0.33057564678892426], [0.0148233210831239, 3.182713810424588, 0.00450712288323506]]]], [[[[]]], [[[1.5855759448431725, 0.03211368427072816, -2.2382205423019137], [-2.686989478839549, -0.7690106250511312, -2.632250231395136]], [[1.9442397735685306, -0.4795732023810774, -0.6640164361104666], [2.902034280267167, 1.9746358930572587, -0.3829560288072718]]]], [[[[]]], [[[1.833590350796007, -2.4559807963585727, -0.3303373156029021], [2.3700255231927643, -3.768303433028196, -0.705878259299737]], [[-1.9805858845009428, 2.5176434809314685, -2.3921474977096193], [-1.795008335042986, -2.025309495689145, 0.3670554011834497]]]], [[[[]]], [[[0.5948466023620638, -0.5069089656626006, 0.48799882495490354], [1.1259225856828496, 0.6555152516822811, 0.871182068180782]], [[-1.6136082426949154, 0.6541027079743346, -3.0943859758413614], [1.7608083194493054, 0.29471485335025605, 2.8332548589783277]]]], [[[[]]], [[[-2.4346811444928806, 2.4781677227253196, 1.0392341181808096], [-1.5752760757139121, 0.9718777175665496, -0.21317399209180943]], [[-0.032041040913448914, 0.8753722456250822, 0.3774817962819461], [-1.2767297040366756, -1.8600374907936241, 0.6302790702895646]]]], [[[[]]], [[[-3.01619524655426, 1.8266266608528303, -2.9771030819896716], [2.7060792201199675, 1.4763158667348721, -2.4497464406075826]], [[1.9266954365218818, 2.6260298128811406, 2.901671996072074], [2.7823724043419884, -1.635398510115424, 1.8536439908666171]]]], [[[[]]], [[[-2.0934862062836945, -1.0301398208569734, -0.5203324432964838], [-1.9747751527715787, -1.0297495306664777, 0.5896717358307759]], [[0.6331246172953483, 2.016083090418414, 0.42883235659976254], [-2.495413012858265, -2.1646855842731885, -1.3885607127288895]]]]]}