{"noise_params": [0.0, 0.05, 0.1, 0.15000000000000002, 0.2, 0.25, 0.30000000000000004, 0.35000000000000003, 0.4, 0.45, 0.5, 0.55, 0.6000000000000001, 0.65, 0.7000000000000001, 0.75, 0.8, 0.8500000000000001, 0.9, 0.9500000000000001, 1.0], "max_scores": [2.8284271247461845, 2.677577677993792, 2.5267282314399284, 2.3758787847847875, 2.2250293381336634, 2.0741798914805383, 1.9233304097247843, 1.7724809981635605, 1.6216314397417617, 1.4707820267831548, 1.3199326511621605, 1.1690739707409254, 1.018233762809594, 0.8653957735498609, 0.7165227671059328, 0.5655971165520366, 0.4140682835983816, 0.24897147136022757, 0.06221609121838509, -0.00591571092744031, 0.18670761150149537], "opt_settings": [[[[[]]], [[[0.9382279055584628, 1.7532477329795517, 2.9051945990156423], [-2.3475374333339647, -0.10198107569857276, 1.932346701512504]], [[-0.9525544076534777, 0.9718100250166225, 0.057577130725387546], [-0.9143454610774517, 2.469071458841672, 1.062733455823186]]]], [[[[]]], [[[-1.82754017413295, -1.6003771813947627, 2.059267927651341], [2.751123590786847, -0.27057964478972446, 0.4715854717846684]], [[-1.0504056050658233, 0.8324685865453343, 1.780958628620815], [1.5639563078652732, -2.3303304628828436, -1.550042778955563]]]], [[[[]]], [[[-1.1550132860008784, -1.0180883402196694, -2.4527000053919017], [4.020473618731813, 0.9239718340979872, 1.2202754489315248]], [[3.2895720727578808, 0.6534187407135545, -0.4731413336488428], [1.6954762473378817, -1.6368940536446392, 1.553832854478114]]]], [[[[]]], [[[-1.5388378904548838, -2.4084568209651622, -2.0542523729593336], [1.9453613512984247, -2.274189208789323, -2.0218620309793605]], [[-2.9978585233412187, -2.956252071945489, -1.7897113744335444], [1.35638438286881, -1.6399460320069432, 1.1932040268037616]]]], [[[[]]], [[[-2.5592273143917077, -1.8492476267194438, 0.4200984676566144], [2.422971200109422, -0.6487907444696419, -0.010592320435325294]], [[-3.2597992645294958, -1.1878113723761963, 2.2065509347228174], [-1.212835368882489, 2.402321498257956, 2.1819562293398125]]]], [[[[]]], [[[1.3860327655926616, 2.1242815687291516, -2.6526342529438294], [2.6045216448361943, 1.0795542023482707, -2.075923885399537]], [[1.1323373800888392, -1.606891032448432, -1.6826765570395], [2.74964834129761, -2.358060144538798, -2.638860716919457]]]], [[[[]]], [[[2.120260297774939, 1.4066756680226498, 0.31810948445658127], [0.9564097394415779, -3.2637424130826784, 2.488794740706453]], [[-2.0399623851271658, 2.2257073027643095, 1.9463808873958621], [0.9286660733841188, -0.6587781038526723, 1.7256534317117787]]]], [[[[]]], [[[-3.331758572542667, -2.251098544960177, 1.4610446405934194], [-1.4928426409928692, 0.9619200394646603, 2.605065484376488]], [[-2.285320764260593, -1.6485212600427972, -2.137416094923404], [2.497943154550869, 3.798142730416652, -2.80991780110162]]]], [[[[]]], [[[-4.083264850485072, 2.49038474262699, -2.3642155210743243], [1.2207262759002915, -2.542720866044449, -0.03953897965271836]], [[-1.4912733739421262, 3.164053416708859, 1.8239525325389643], [1.4219106109197168, -1.5257271621220794, -2.747138427365584]]]], [[[[]]], [[[-0.8840442303662519, -2.2040088487160845, 1.0965836609158774], [2.5275709816563436, 0.6768769392195978, 2.0804068055188347]], [[-2.373007814382141, 1.3839793519937051, -1.5487298025350156], [0.3560181582798824, 3.159936824639071, 2.399818173868317]]]], [[[[]]], [[[-0.5071655592163461, 1.9956852050314107, -2.213533829334813], [-1.2341327888096865, 0.39013038026136443, 0.7308089220797487]], [[-2.4641153338384045, -1.1915406305630063, 1.2315869332548868], [0.24130463449245204, 2.6978304568289517, -0.013703007395288451]]]], [[[[]]], [[[-2.0406829027904125, -1.383413005814506, 2.6217208659222813], [1.0010081096409038, -0.24246172453963977, 1.4455220259330543]], [[0.7557208705747933, -0.10970435904193004, -2.2128122092746993], [-1.2047412008198504, -3.8862265857855527, 1.4098523585629144]]]], [[[[]]], [[[1.593146906192403, -2.1685773394748615, -1.614207944948185], [1.4696318207571084, -0.38527032716456017, -2.2059969224673446]], [[-1.475585445438009, -1.5336664928513188, -1.5269333598955708], [1.2151150832156852, 2.7171825727899406, -2.103309634180871]]]], [[[[]]], [[[-2.217217906941906, 0.3231412289302622, 0.9945538212146001], [-1.1108226187906096, 0.17881231129455485, -2.2564515096838083]], [[1.6402586534352388, 0.45905245320249144, -1.520457528078911], [1.3884694129031514, 0.14554076570566157, -0.6701675293479639]]]], [[[[]]], [[[2.597735529851737, -1.1598347116475805, -1.259111088175944], [-0.6901403541066568, -0.623035444747827, 0.5167294381096723]], [[0.6753434444092891, -0.21500137134196934, -0.07978358820362384], [0.44020724674786044, -4.045367083851126, -1.4170495656269309]]]], [[[[]]], [[[2.64074951478592, 0.15272352385206459, -1.211297977200045], [-2.6713098238499353, -1.0241696936654108, -2.345698339323506]], [[-0.8536210804070871, 0.48057776116067824, -2.890175019148077], [-0.21858058008900771, -1.7736894155188443, 3.032963267026572]]]], [[[[]]], [[[-2.547537718691806, -1.7004176831514153, -1.3445233277041813], [0.03705457460863267, -1.4253325857604413, -2.9196099094895733]], [[3.3013239923028803, 1.3708725366598233, 0.2339965908297957], [-3.1370601547279513, -1.8724761641038614, -0.8016156528278899]]]], [[[[]]], [[[2.872762551523464, -1.597705907475699, -1.478517847284663], [-0.6801898786810372, -3.162597097118683, 0.10857723733199624]], [[-0.5660141712355865, 2.6818005531221307, 2.83274941164509], [2.075181893665885, 1.3409090129213959, 0.8152457863109337]]]], [[[[]]], [[[0.116936342303413, 3.0281007246513183, -0.8175575730627069], [0.03351560456494435, -2.181122236033992, -2.6576631193107083]], [[3.1035114352148154, 0.8655031204399927, 2.10899486234635], [1.383981765744101, 0.001594855049561967, -0.07783175200260713]]]], [[[[]]], [[[-1.2937653498882669, -3.021164605562994, 2.7852405498664004], [2.927234164074476, -2.363524630277337, 0.32265754160601684]], [[2.785538396159901, 2.9000846749883844, 0.5105522540316403], [1.0003304796321977, 2.3904626454089395, -2.4504411329354734]]]], [[[[]]], [[[1.6189582528816397, -0.7733751025866823, 1.777340167826642], [-2.4067100962394425, 1.1286490213739757, 1.7100513595054139]], [[-0.5291426474523341, 1.973699236557963, -1.4796941433318302], [1.13234549053246, -1.6303902628866471, -1.657277740801733]]]]]}