{"noise_params": [0.0, 0.05, 0.1, 0.15000000000000002, 0.2, 0.25, 0.30000000000000004, 0.35000000000000003, 0.4, 0.45, 0.5, 0.55, 0.6000000000000001, 0.65, 0.7000000000000001, 0.75, 0.8, 0.8500000000000001, 0.9, 0.9500000000000001, 1.0], "max_scores": [1.4142132019763383, 1.4050231267384445, 1.3898282893633869, 1.3861285069525031, 1.377433435961628, 1.3673394335223166, 1.3575524468270945, 1.3477411084707134, 1.3331154076606038, 1.3268660830329075, 1.3103057325490908, 1.3049624873661703, 1.2935661388848891, 1.281861009206629, 1.2698234282506453, 1.2574321860753543, 1.2446657614349919, 1.2314930239804314, 1.2178832855538526, 1.2038013428393626, 1.1875530997800219], "opt_settings": [[[[[0.30879032781749427, -0.855338092647329, -2.2461643764173647]], [[-2.680644979074774, -2.7955197702492938, -0.037554969521765555]]], [[[-2.6428712795105453, -3.0206790349851196, 3.0198967677232504], [2.1427896238207156, 1.4749823377665243, 2.809435216382835]], [[0.13876841006529117, -1.3316543337824782, -0.9037578016487448, 0.6398322122737364, -1.829297343998273, 0.42209583403388923], [-3.165624564353818, -0.20710680414647073, 0.8579283682944141, -0.18766462984249804, -0.38894368884392694, -0.19827398021526416]], [[-3.1216303509158716, -0.765940390655505, -2.415469507911017], [0.20557493659080492, 2.316231758225357, 2.6731230128027574]]]], [[[[0.1970065701280756, 2.268634841064749, 0.7267752993481632]], [[-3.3059448870547463, -0.14044083966928697, -0.9333180015642204]]], [[[0.24658343183283535, -1.3283338678139789, -0.2359678801865847], [-0.6289315847153627, -2.844537592242557, -0.7081750172029492]], [[1.3984328771209145, 0.6489129553832866, -1.244772684049808, -2.2386117617420025, 2.6786807187841384, -1.0121834867476858], [3.547061126248033, 1.1546272626960408, -1.1455978279279582, 0.30986856948573915, 2.0260738882972973, -0.4784314410311757]], [[-2.4760990615252005, -1.963961250329439, 1.2018701344028608], [-2.1615559082518008, 2.686223840135786, 0.7672369541537978]]]], [[[[-2.184461585211279, 0.5839634918910899, -1.1794646156102717]], [[-1.646104480008989, -3.3494368047147094, 1.3880723469920337]]], [[[-0.7470508130640001, 2.320238970809882, -2.3458608071392417], [-1.9485215181411306, -1.9748034241773007, 2.56608468830572]], [[-2.4949420632585877, -0.4833932489378952, 1.2348112760148506, -0.012883279081566973, -1.3779082824718436, -1.5800673664327953], [1.6225569509380782, -1.2773202708169515, -2.660226520180397, -1.7220480467358874, 2.6342816321509974, -2.6411887634090836]], [[-0.5732838579608363, -2.2678269494845296, -1.1395404610368942], [0.5814366514587538, -1.1326339371752192, 0.46690463574085656]]]], [[[[0.25425054602558406, 0.0381297709846621, 0.4162590273442869]], [[-1.3232193189731312, 1.7782114186881275, -0.22593766598486606]]], [[[1.4813175583540141, -0.4691437375455274, -1.784787281530862], [0.7774613670071263, -1.9768587887619788, 1.5498965861124532]], [[1.4226040148818664, 1.1658146433975491, 0.19836782600411196, -0.4837393608968314, -0.3027519588198892, -0.39940198097442303], [-0.8696765185565764, -2.6905773485859616, 1.4968053187459631, -1.4300476626254797, 1.3866570757247336, 0.2187090565099671]], [[-2.865679095436694, 1.5471965934555767, 1.0836471620345627], [1.872824791124911, -1.639929332555631, -1.6268938210504416]]]], [[[[6.556549075786077, 3.8425385290393583, 0.37175190772674693]], [[1.2330320366714524, 0.023479126050638177, -1.9625715651218913]]], [[[0.5728603635899836, 3.189099553174124, -0.26186641750680933], [0.5871979737653926, 1.6540950617211059, 1.5963035454683032]], [[4.908096664228385, 3.73741636343366, -2.6728689203144267, 2.2784166506055716, 2.500559502932816, 0.6522713913502366], [-2.758007525204716, 1.8513571698148568, 2.092403097236258, -1.1736689457254315, -0.9620214621321123, -1.7090152887170158]], [[-0.4480591043379442, 0.23341581510684387, 2.36696743414529], [1.765064207638836, 1.3684267901252087, -2.515694615249624]]]], [[[[-0.9176184575134699, -3.4987354374658146, 1.3295848736492306]], [[-1.6317635156801762, 0.8524162609647008, 1.0618572506103412]]], [[[0.1779131086148378, -0.27801313967734426, -0.09960143976635118], [-0.7455506650613313, 1.385030666609468, -3.126039020999125]], [[1.4982288991542076, 0.2373324671730164, -1.6478804900095672, -0.18501373425806264, -1.2395771173982606, -0.6377145705583465], [1.5749576936008336, 1.9469990272040258, 1.528859617968025, -1.996672028329109, -0.8711300005073638, 1.7119136075648678]], [[-2.832572105297015, -1.508455286353418, 2.360729027989083], [2.8732230089961224, 3.2255436450503256, 2.0598854700345273]]]], [[[[2.769747937615186, 2.835786923860622, 0.5692638207094377]], [[0.24900432813246198, -0.8571473917598328, 0.08707218255042624]]], [[[1.091391121666121, 3.4660543841248677, -1.4541115395648383], [0.039931688204391205, -1.2967104629163149, 1.968191039423461]], [[1.4573223884513067, 2.342964589045686, 2.3437260373915354, 2.0799624554197633, 0.5154937127195064, 2.8316844011860027], [0.5118035219599323, 0.8181502627837925, 2.329943070659975, -0.7242015952654379, 1.0659781887702633, 0.35845752860464275]], [[-2.5621300514019922, 1.9731954322130096, -0.1062455240330675], [2.6898484281042703, 0.558820288971201, 1.4316739312571833]]]], [[[[2.2424352252899653, 2.299097984672799, -0.9409427014164687]], [[-3.389804494554555, -1.3553928963038115, -2.696006810217809]]], [[[0.2659748196595829, -1.717520745499602, -0.9182793982212093], [-1.1549127524709235, -0.6800282598355821, -1.4976252514227693]], [[3.1153561266112386, 1.6407579155035086, 1.6590116076045307, 1.9668161351631723, 1.629790776503298, 3.0362570427657634], [-0.25994819580248457, 0.02566308633702812, 0.4956868171555482, 0.37362075716456394, -1.2891586506780763, -0.07128450435854557]], [[-0.10980531191597998, -0.06550278868579099, -0.8617288976304833], [1.5733237093996753, -1.5735756447738007, -2.008779693679055]]]], [[[[0.12788197920234742, 0.07919474044714543, -0.8053398980232479]], [[-1.8944855709346187, -2.2978579304361637, 2.1715221605610506]]], [[[2.6213172123667157, -0.563323006458739, -1.5195788809380393], [2.277472249768814, 0.8952863063275139, 0.6627563526725507]], [[2.5388185090800834, 2.915512883921041, 0.9445828663596644, 0.7881818990712307, -2.5931026396846786, -2.768295871155235], [-1.7608721007200012, -1.3555632467401553, 1.9907049819315956, 0.5182172720348244, -0.9707939903856971, -2.6160832153410736]], [[1.3132355421229076, 2.462513228270048, 1.55402557713618], [-1.4344615764941258, 2.3578366959991937, -2.63763647231762]]]], [[[[2.121088463910185, 0.400552294454836, -1.1646227224551908]], [[2.0774168241075572, 2.644802116801616, -1.3066918475321463]]], [[[1.5391493689832711, 1.4239534571774128, 0.8460286969476059], [1.290003873747748, -3.2540119994826022, 2.9973783424715714]], [[0.40287722808802306, 0.4052417816505097, -1.038307542863182, -2.05236926073018, -0.65526952185799, 0.5939382953329999], [-2.3823410408887535, -2.232688368167243, -2.1897425482693973, -1.4926256802332625, 0.9883039456965277, 2.2930129917921533]], [[-1.9375800103248044, -2.2208982629941043, 0.0073651454920149965], [1.5232757151616012, -2.427053989171982, -2.4686184497756845]]]], [[[[2.331931817981999, -1.2826879093396617, 2.548529032638906]], [[0.2938005718528395, 1.06353842094535, -6.432948927402827]]], [[[-2.95562612236216, -0.5954890047498654, 0.6080193764062115], [-2.983353475396872, 0.8029522513270828, 0.3732544283374353]], [[-2.3787676572619927, -1.210306804563091, 2.357148836278948, -0.8735333896790458, 0.5172203582338103, 0.44625528997137875], [1.6511565092070906, -0.5871164140244552, 0.24839018179174815, -4.830659989392555, -1.9740179396513289, 0.5289920158463418]], [[2.5271755603916977, 1.7261413440041398, -2.231555986462434], [-2.3362462666285277, -4.552118740205447, -1.7190677085155406]]]], [[[[-1.3432769104018158, -0.39809362627186284, -1.9242085856482078]], [[0.8262882937927065, 2.2911637485723997, -1.60372729935007]]], [[[-0.8800250883714333, -3.0157216470337085, 1.69232908718197], [-3.2112325513303426, -1.7079885719446435, 