{"noise_params": [0.0, 0.05, 0.1, 0.15000000000000002, 0.2, 0.25, 0.30000000000000004, 0.35000000000000003, 0.4, 0.45, 0.5, 0.55, 0.6000000000000001, 0.65, 0.7000000000000001, 0.75, 0.8, 0.8500000000000001, 0.9, 0.9500000000000001, 1.0], "max_scores": [1.1878465384908141, 1.1762882648763813, 1.1720531666772762, 1.1656040652057091, 1.1440500458323404, 1.149615474090101, 1.1388660669815287, 1.128244011140026, 1.1222484950357523, 1.1145646533232012, 1.0986131462740898, 1.0934816970900147, 1.0821663721095802, 1.0760614793831826, 1.0641189637428936, 1.0567953110213257, 1.0177920168612857, 1.0315779480990837, 1.0214613514409536, 1.0118148127892497, 0.999100561482331], "opt_settings": [[[[[-2.949292209976131, 2.9500363975664015, -0.5674190255069691]], [[-2.0320770262141563, -0.03724103014472627, -1.8594608116418243]], [[1.5112925857700408, 1.5431756781113142, -0.3765078592638537]], [[-0.25455354670988967, -1.0627731467379418, -1.265810588556224]]], [[[2.4771115312791165, 1.2756048947377925, 1.7371475063820743], [-1.3786177269080455, -2.805117811716436, 3.0107177305782207]], [[-0.5041736775368296, -1.7597532279279562, -0.00792191852013097], [1.3133082612883034, -2.2475604012981325, 0.5922290115772095]], [[-0.012171888165233444, -2.1991932401627956, -0.8783283665382444], [-1.709765784754012, -0.11305833079886993, 1.0620513804492464]], [[0.002349827916763879, 2.8493621701286735, 1.5033178201687576], [1.00628896926508, 0.8489064651419908, 0.639411897123561]], [[2.237532117657919, -2.0620416702679267, 0.6850594737449711], [2.804473047201312, 2.5626376991859536, 2.6105454720534826]]]], [[[[2.3335969867787294, -0.4135650678361881, -2.4141174566484103]], [[0.3013394846519257, 1.1943075177888876, 1.6839024900854025]], [[2.6167736008306597, -0.4990250569392046, -1.9821127440091095]], [[0.17762979652051153, -2.6732457795227003, -1.889287204539089]]], [[[-2.076408113841754, 1.4250877416210852, -2.30350529606582], [-3.033162835850676, 1.904402175520762, 0.3772861332760412]], [[2.8021129565246863, -0.1647717423747348, -0.6956800399096444], [3.0280481427326222, -2.214915244760058, 0.30751839809532566]], [[-2.0374351158447186, 1.6131664873870404, -1.2967011462966684], [-1.6586094728825542, 0.9899212091090038, -1.3622438055021353]], [[-2.640621678183894, 1.160905000678523, 3.365050145257077], [0.8248116030367745, 2.4632726262914786, -1.4832663730360274]], [[-0.5329732810898284, -1.1641567062204805, -2.3268314016412557], [-1.1811196864580618, 0.10594126117905071, -0.408452741263154]]]], [[[[-2.1509867536487923, -2.824203641725254, -0.046201688339310806]], [[-0.2152208491156721, -2.216264843569772, 2.891155464131371]], [[-1.620353046130954, -2.45680820045588, -0.022407972373143476]], [[1.5215491052385208, -2.317432573170142, -2.406289879148756]]], [[[-0.8766835543067178, -1.8033569060644188, 2.874146726255187], [-2.8943421211977998, 0.5345586260494929, 3.121764011577426]], [[1.84848036758284, 2.5531006337140036, -1.0866612950108168], [0.7126741139510234, 2.213819693928771, 0.9238111194051414]], [[-0.34465155610387593, -1.0514095307395608, -2.8458883118061764], [-2.2678053389639046, -0.006470178239561371, 2.0458530240614023]], [[1.3808731504327663, 3.021107388058215, 2.9239337999955795], [2.7767531176970475, -3.0239846528052934, -1.9998952187612486]], [[0.6620354266118206, -2.1422957465142103, -2.000071046539871], [2.4361660563576586, -2.372934818547016, -2.1809949992003324]]]], [[[[1.5140739644259118, 0.10230843219780816, -0.8566699123822329]], [[-2.4358666893005605, -1.9972526488869418, 0.16733875193261044]], [[-1.1455529030874183, -1.3017135045741377, 2.5938868910555777]], [[0.9692118296909251, 1.011836016722718, 1.1440353004147619]]], [[[-0.45711598304444495, 2.901541686587078, 0.9409024705056588], [2.079663077170913, -1.327202194506624, 2.363140019920108]], [[0.5210368943130457, -2.6108756124016956, 1.6786213919099156], [0.932239109969797, -1.3167107300526641, -2.333297142929003]], [[-1.606663884756993, -0.18574391177778868, -0.8907341689428747], [-0.12137754802646916, -3.1079692249163684, 0.478406696171023]], [[-2.219320751248695, -2.1617302946405825, -0.6234356326002531], [2.73166110243295, 1.6671282433704329, -1.366473884828549]], [[2.757406403645004, 0.6744086142566188, 1.0596606995849962], [1.1843293987413506, -1.9222454367133681, 1.725550838370829]]]], [[[[-0.9706834298188561, -2.240169616629756, -0.07668618309672816]], [[2.5742650414339234, 0.5052367054967505, 2.3672676051142845]], [[1.759502153805199, -0.658576332363498, -2.642800822608519]], [[2.3721037546838395, -2.2318536369430837, -2.4578182814038847]]], [[[0.4930770706837384, -2.5001294649650405, 0.7292271740939601], [0.8517154449221672, -0.0989220827296835, -1.8582872370040935]], [[-3.228089104039108, -1.4641897477141257, -3.089203918311429], [-2.0127236075435264, 0.3829961850045412, -0.5996436037601222]], [[0.02171455526635395, -0.6898454521733419, -0.37179286439225295], [-0.3530858508135104, -1.755509344234728, 1.7274750070160745]], [[-2.4782294373496008, -1.183500313435204, 2.1783940323372653], [-0.8561988480076024, -0.47698555931724285, 2.953661548846793]], [[2.8127262498744376, -1.075773770061444, -1.2886102893220333], [-0.4868495298886765, -2.6067468806599594, -1.3519223249604773]]]], [[[[-1.5544496969504833, 0.8283783374158622, 0.4250314957820751]], [[1.2941606053799386, -1.7466779833224038, 3.014559994603072]], [[0.5173475877948678, 2.9539332384155146, -2.326124676427331]], [[0.383690454695409, -0.379886684613729, -1.7034886838077226]]], [[[1.222938191574598, 0.34047814245687397, 0.6531619587944308], [0.804573887801511, -1.0476816946162326, 2.4492283306382205]], [[-1.109357253379309, -0.9973538858739033, 0.28145886861202796], [-2.957140722957885, 0.6618026777726619, -2.1124872020477174]], [[-2.0324587668711662, -3.20993582197252, -0.6548238551160533], [0.24167506569285457, -1.6885752017443483, 1.1534195075363105]], [[1.4675861400467294, -0.12173699863660031, -1.6995474653990827], [-1.4973085669488482, -0.06303738359867637, -2.042826344081326]], [[2.9031702029163093, 1.9599422065063568, 0.9938958091433336], [-0.9784388080921483, 2.9517515118031588, -1.9295006668364496]]]], [[[[-1.5769941941873031, 1.5269304654156457, 2.9177172485568366]], [[1.909656828231888, 1.530846159019706, 3.2922372438005363]], [[2.3852434795082713, 2.0004712389688284, 0.005297106206044171]], [[0.798956216229056, 1.2033946642980766, -0.6081640509456546]]], [[[2.8981285012875615, 0.18431125634634535, 1.6433711416893244], [2.736447400392192, -2.1870988961233544, 1.7387929424822346]], [[0.912727667023052, -0.49564261766892026, 3.055399687456049], [0.971338285010928, -0.4473168921492026, -1.209151161016568]], [[2.300213961559104, -2.3416806627338556, 1.2341493476527712], [-0.42679744403271896, 2.3305367352284354, 1.5809095844292476]], [[3.1475501521180616, 3.0177765510703365, -0.35915784696318603], [0.4304375989859774, -0.2936038403520215, 1.9405666158520576]], [[1.2941169267681294, -1.3591870657602707, -1.3345038884290805], [-2.1173797195277753, -1.0269648539196572, 0.13287041367251431]]]], [[[[0.9460700788661653, -2.8832588198695106, 2.7190378994295976]], [[0.20038283635670803, -0.7045168562237251, -1.1404761755440482]], [[1.8830404438273598, 3.3973598138078005, 1.29941134601825]], [[-1.151664546730264, 0.6574728613671609, -0.7567081621032037]]], [[[1.388475952325613, -2.4846628609530605, 1.4504639888279902], [0.5066355351490779, 3.150099887716969, -2.368973894461825]], [[1.4800083202013072, 1.7513959118514635, -1.7952050993329054], [2.17109151093601, 1.6374171302180567, -1.2237841792151734]], [[-1.743150261137734, -0.551560158837074, -2.184496987469446], [-1.4524838946515244, 1.6187939507328588, -2.0785151524767618]], [[1.526246730807952, -0.2800200586607368, 2.1714006301746043], [-1.7204037793781228, -0.09019613073617999, -0.36167422554854733]], [[-2.9047375668387647, -1.955802123384802, 1.2104958704448192], [-0.1765802373423398, 2.6799830101069464, -1.9829371858197815]]]], [[[[0.21336325416282448, 0.9287150760296405, 