{"noise_params": [0.0, 0.05, 0.1, 0.15000000000000002, 0.2, 0.25, 0.30000000000000004, 0.35000000000000003, 0.4, 0.45, 0.5, 0.55, 0.6000000000000001, 0.65, 0.7000000000000001, 0.75, 0.8, 0.8500000000000001, 0.9, 0.9500000000000001, 1.0], "max_scores": [1.1891905982314104, 1.1816754002413252, 1.166671112404731, 1.1601606679714267, 1.1559273471702056, 1.149903548257021, 1.1296945090371435, 1.1323780150593301, 1.1215899380726098, 1.1051822664406754, 1.0991614232579083, 1.0935883630165533, 1.0847856932576492, 1.0769809709392706, 1.0674628802848527, 1.0570416111396277, 1.0466313698441425, 1.0314040732479592, 1.0232620830254546, 1.0120321534976622, 0.9994015324383052], "opt_settings": [[[[[1.9046664529314155, 1.5043485565975148, 0.49654807402016027]], [[-1.2916655838401037, -0.7261569294860919, 0.7267890973105023]], [[2.3356015784278963, 1.580109962599774, -1.7682831256523466]]], [[[1.3582627239500138, -1.1973114716354438, -1.6881941775413376], [1.5266476892143652, 0.020192371800921843, 1.8024099360176136]], [[-2.7753873826293627, -2.8939102821838083, -2.914520878035449], [-0.12827632813921416, 0.8855714527939023, 1.177331446596698]], [[2.7814458032697336, -0.8913452343349594, -0.5568518080029363], [-1.1791263921578652, 0.8145053444461504, -2.6868186336160367]], [[-0.7456544576618601, 1.4980261650079625, 2.0462820966347897], [0.15320307624288299, 3.0365590912634732, -0.44951446636333037]]]], [[[[3.199110626538188, -0.5399478020843269, 2.194210143004036]], [[-1.4081397492625858, 0.6190892050057265, -2.7331575320681907]], [[-1.0404317996562544, -0.15442371505512079, -2.6809789444554957]]], [[[-0.6214462250252896, 0.32003895617613654, -0.48706445066269527], [2.321789925082404, 1.1842519939621048, 0.7807961651149458]], [[-0.834026671030298, 1.259301972913945, -0.5328515774432397], [0.904287134801791, 2.585439008897202, 0.9747828146835616]], [[-3.2393535461834495, 2.001582140691176, -1.1034550815609938], [-1.8264189874026986, 0.3420122162373838, 0.7927234710122234]], [[2.1545607946500795, -1.627868162057776, -1.298910827436], [1.5123260910081937, -3.1662052318018508, 0.671519290996514]]]], [[[[-0.7723568387655237, -0.7172602108263866, -2.1870383037345853]], [[-2.661529370862494, -0.2508578436090867, -2.40219683544727]], [[3.1480947955359238, 2.769175599301492, 1.9359484909501288]]], [[[1.1904740059423882, 2.263480792952376, 0.4140295191876224], [-0.19710805591911124, -1.4012678660487035, -2.610575777706512]], [[2.2585805544058113, 0.4139531249011507, -1.48089011635533], [1.2585677081699937, 2.5803765949136914, -2.468249400997255]], [[-0.7286496691153643, -0.2744275291168009, 1.8652020372727665], [2.8298938017010147, -1.4786976912518877, -1.8604659250807971]], [[-2.7458894471411996, 1.1894136572253313, 1.6464647698111454], [-1.0191705688396704, -2.9031580565359714, -2.5451275938870426]]]], [[[[2.4423417685065605, -1.492490542069936, -0.2563793557575463]], [[-2.385142566421742, -0.919958112985237, 0.5164281329438648]], [[2.938705178732545, 0.879887818498596, -0.5280286089207125]]], [[[-0.7310591184396265, 1.062847085497937, 2.36025638527602], [0.9837006325885205, 0.611004171649127, -2.382091375695435]], [[-2.0628321982404874, -0.7592852705097739, -3.0253415519257536], [-3.063418340075321, -1.7287860304033946, -3.3587319943845126]], [[2.78950856720262, -1.3743774968885083, -2.0596809692518865], [2.3221299309758128, -0.6763677385555094, -1.1754392943086027]], [[-0.9983682952230607, 1.1148137487139165, 0.35950363247153505], [-2.825227733023547, -0.12039406998454785, -0.8157881079310443]]]], [[[[-2.526551941142213, -1.685918804111448, 2.828919925512131]], [[-1.1030296156413555, -3.309193972887547, 2.3258834258734273]], [[2.2473053893842225, 2.865377241290154, -2.3217396890964843]]], [[[2.3489759122418588, 0.4648013488964676, -0.5284957073261447], [-2.071679742503732, 1.7263872822170232, 0.847844078591029]], [[-2.252505039512709, -0.9559314406399935, -1.7514809283566437], [-1.1356730712632215, -0.3291724218882343, 0.8366922179867101]], [[0.7909499747237462, 0.6917456159659775, -0.8507812914825073], [-2.9046591009169394, 2.3295735104056967, 2.8891195675542907]], [[-2.9737474474837375, 1.2469665009440851, 0.5862733540161913], [-1.826974646064735, 0.2156550429760736, -2.7114986416698796]]]], [[[[-1.2512270536192749, 2.0436010135417724, 2.717384046801176]], [[-0.7606249848342447, -0.36027241411281224, 1.049809257460924]], [[2.576251355457488, 2.733756221937191, -0.9452552170657691]]], [[[-2.8217391262467992, -2.894595678272025, 0.0018088958967025872], [-0.7223085582154196, -1.530898454615149, -1.8749359001840882]], [[2.3271997515412495, -0.28525777469536606, -1.2580551558632507], [-0.7444831449467495, -1.5819244880245498, 2.458372964719185]], [[-2.2869778209479286, -0.9420960862505189, 2.593917089306124], [3.164571512392642, 1.3589798686738157, 0.4322995189800994]], [[3.043849004451918, 2.2011268565411135, -3.0432793187901335], [1.2713458664018775, 1.9203861942721867, -1.851285516905692]]]], [[[[0.5151400466730341, -1.2781299328489846, 1.364739696979425]], [[2.810835438347107, 1.1528497642137243, 1.5478877807162685]], [[-1.3983507304050828, -2.213597520854009, 0.9004632266831961]]], [[[2.3479488747426327, -2.2002800829691536, -1.5663066660246654], [1.1527897313505522, 1.248051436645608, 1.039727386414449]], [[-2.4339255109451106, -0.08630333842307375, -0.5050033409667312], [-0.7993271901023776, 1.043039367362545, -0.595319393899647]], [[-1.0208831065095816, 1.0717291455477516, -1.1399991009992363], [-1.6082295974298968, -1.9190017409145381, -0.6015970617787895]], [[-0.9979774461828038, 2.3144618333551032, -3.11545670077959], [0.4000718580935989, -0.8686212646051418, -0.6009017165769968]]]], [[[[-0.8844078684172114, 2.2463325125504783, 0.829219004160186]], [[-1.8742794803584892, 2.986831207249303, 2.287484344276482]], [[-0.6844740328317317, 2.307013304728075, 1.8401956880099504]]], [[[-2.2552477162576796, 2.4869993135998163, 1.777764380526988], [1.3506933623921902, -1.315035562581675, -2.9287691205126545]], [[-1.111861273557251, 3.16443185438854, 0.5628802200797234], [-1.7884240700638816, -1.0447734614125528, -0.5672533031213864]], [[-2.906310884483414, 0.6444083777980512, -1.2394295318551156], [-2.3205813022501722, -2.980266056198011, -0.16247312767977062]], [[-2.159355215787642, 2.3701005214731317, -2.594014817760465], [2.8060712813244257, 1.8036570060016777, -2.5173045218274233]]]], [[[[-0.46866269842244895, 3.1749295649242226, 2.1497168365954513]], [[1.0166076841248686, 0.08899032813990955, -1.148758515040474]], [[3.0241710121169962, -2.392821014294932, 1.513613780063295]]], [[[-2.221979271490137, -2.5680138830200194, -2.0753838726601908], [-1.3150960144665933, 2.33455780466298, 0.18704606819133476]], [[-1.1584390308158408, 1.3581836304375974, -0.14951205124111483], [0.17065190258701346, -3.07279348404199, 0.8804281508945119]], [[0.06948938442366687, 1.2383200538992243, 2.8834828521373543], [-0.450414063344451, 1.7029295790756156, -3.0576405199895453]], [[0.09135959743879074, 0.7694852683680973, 1.6302256625208091], [-1.090358150864939, -0.40652104422852503, -2.1988379230440955]]]], [[[[1.1123744807358102, 1.6001395774085312, 0.40564143942445596]], [[-1.2435544762526771, -2.573512889532573, -2.007440724230743]], [[-2.6066286796251514, -0.11644512192632733, 2.228199129944087]]], [[[3.102450197538165, -1.2818494769705864, 1.3215571863112103], [-1.5600000189365495, 1.9476023140765193, 2.6436959816298415]], [[-1.7747347250459962, -1.4046548226518858, 0.30491922294873214], [-1.1331645635259269, 0.5339107307778106, -1.5138028970655888]], [[-0.5360554995194056, 0.9463086175634866, 1.3584302115065532], [1.6002851452779288, 2.5508922304643677, -0.8411268136240103]], [[3.1859474503804686, -2.8230744471284916, -1.0252104899297119], [1.9609852024406609, 1.4427339279131797, -0.15619807275908124]]]], [[[[-1.3251281465466327, -0.08708953917994593, 2.2816965913549807]], [[1.1728992976296497, 1.3268049532422483, 2.714866023585797]], [[0.9264869218128721, 0.1668000936600279, 