{"noise_params": [0.0, 0.05, 0.1, 0.15000000000000002, 0.2, 0.25, 0.30000000000000004, 0.35000000000000003, 0.4, 0.45, 0.5, 0.55, 0.6000000000000001, 0.65, 0.7000000000000001, 0.75, 0.8, 0.8500000000000001, 0.9, 0.9500000000000001, 1.0], "max_scores": [1.1891679438483296, 1.1808704359479898, 1.1710915323957696, 1.1640271955855024, 1.1581996477300245, 1.1484398383577554, 1.140357441955464, 1.1319229845937768, 1.1168831896691516, 1.113124904170254, 1.1026340351440558, 1.0973033062535542, 1.0846132961966664, 1.0775058450604464, 1.061573524910038, 1.057020809647333, 1.0465590849336257, 1.0350929323009919, 1.02333890917334, 1.0120948625246047, 0.9998883354953833], "opt_settings": [[[[[0.868997576709507, 0.12569859541269224, -1.289815731852321]], [[-2.0235786235873663, -2.6532910970209858, -3.2351153133705215]]], [[[2.3103055017964294, -1.2918871933512464, 2.226951048144622], [3.0076331062581074, 3.244931506267116, -0.9406793616555422]], [[1.728667922371303, -0.4288155256036798, -1.4372595213563442], [1.4419920620904925, -0.9860195129066731, 2.214834679330563]], [[0.3728503077287892, 1.5324297635165551, -2.139894762059299], [1.806545815427931, -2.2502985278675918, 1.339425783627063]]]], [[[[0.37798991201233495, 2.002445399631734, -3.1113634065321083]], [[-0.16211291053643456, -0.25840132019068873, -1.2892607061485604]]], [[[-1.6242610739766496, 1.2783416007195714, 0.7392132964737681], [-2.7029199593925046, 2.7057700901481363, 0.810344045945551]], [[0.4833698901268225, 0.1579425486089833, 0.4303505804539249], [-1.4922299449475651, 0.14659395192508404, -2.2665625686087303]], [[2.3065854997056743, 0.4030946619235379, -0.9005534844069096], [3.0107246108367933, 4.9531565471680885, 3.0458865229005117]]]], [[[[-2.475164435450582, 2.3136416882778588, 0.6052688669043091]], [[-0.2119980361002055, 0.9969831507407487, 1.169531274176276]]], [[[-1.1267527386326108, 1.5837464110636135, -2.4578043038654407], [-0.6099267539862798, -0.7937279419893291, 1.797944967939834]], [[2.205968659378748, 0.44212703335751996, -0.6460754390742898], [1.067444778364703, -0.3387154445558651, 1.437640467061195]], [[0.7764978976408422, -0.6369577963617934, 1.0324109781840196], [-0.8953221388806851, 2.6542414837109805, -2.2269883337146776]]]], [[[[-0.2603056097572598, 2.407983434906272, -0.12049746661412532]], [[0.7179032916841135, 0.9842660819874, -0.9579401163477713]]], [[[0.6212089816086401, -0.688313563340427, -1.4377841281786385], [2.9474412517026716, -1.1081709515633198, -2.4163907728719387]], [[-2.0099425364858785, -1.0451822082450781, -0.2572044675370282], [-0.6206847663883043, 2.265799923092297, -2.2894787703726465]], [[-1.507356252124168, -0.8001989758062759, 2.7238560006737034], [3.2064720782356058, 1.2209347989246297, -0.08691546634321581]]]], [[[[-0.8363928777944248, -0.970880213029104, 0.753262145858316]], [[-0.8353236452593159, 2.9087676552599087, -3.1928579243106636]]], [[[-0.22835397121656173, 0.21272458274081982, 2.096736003615127], [0.33625890195872243, 1.5402309837400758, -2.827609093483282]], [[-2.1277088423034964, 2.0203931339485286, -2.6637974137363116], [-0.6077820696228246, 0.911078605162125, 1.7255252103345142]], [[-2.482514268999549, 1.8139375664641455, 0.7127021256311653], [2.3735853753255847, 1.5388703874604428, -1.7613022842216193]]]], [[[[1.1741452876676706, 0.5847249336865373, -0.44908974434419785]], [[0.03299852371144927, -1.3582105761412728, 1.6814701832324312]]], [[[2.0595755460450076, 2.3796341249821604, 0.6928367875446755], [-1.7028080038469422, 2.1040212391545987, -1.903724252734162]], [[0.9649435391713559, 2.40483916692011, -2.680959844295339], [2.4709031028873607, 2.6894674299707884, -2.7679133592836753]], [[1.3671578419849082, 1.460773839697208, -2.1147685458950667], [2.8747711081130056, -0.22932678394318262, -0.30635439025724454]]]], [[[[-1.6755426907412068, 0.19994670004522636, -0.6482326723155064]], [[-2.9142783078583534, -1.0563033621908522, 0.18554456218010004]]], [[[-1.5075643520297695, -1.186115333195905, -0.8608238425325418], [0.17787121642009063, -2.9284553687573607, 0.5893582027421798]], [[-1.5307503238823328, 0.8942191099129625, 2.9749876239243878], [1.036527040234174, 1.2714987944271787, -0.11714352248556796]], [[-2.213580692742143, -2.9481577539475654, -0.5873499982317671], [-1.8955324394725859, 1.3818432125695614, 0.8575531022198017]]]], [[[[-2.8441125333180413, -2.016686815123668, 0.5239694729146068]], [[2.3074577103464575, -1.766434653563135, -0.5518545498664891]]], [[[-2.3793317364770314, 0.22587139342669732, 2.0106431609147446], [-0.4669418352333651, 1.2173181395943384, -1.1010000565087132]], [[1.3402261491320415, -2.8208480371252826, 0.10963247228299411], [-1.624283659531465, -1.8126404213020015, -0.7562923883127365]], [[-0.8503628766832323, 2.0555899951462244, -3.0283492713055233], [-0.6896423881696353, -2.670630342394933, 2.989061519828038]]]], [[[[1.9850086916165337, 2.2509264360241517, 1.0797545801723507]], [[1.9649884223304233, -1.5290128327848165, -0.7622917125725865]]], [[[0.3851836426777624, -1.0628348689015459, -1.6851321233714838], [-1.845477615245184, 1.528642543471923, -1.1479626002577537]], [[-0.6919531097408935, -0.8575445805015358, -0.6258901681042792], [-2.7462930704308093, -0.8808284543826587, 0.059991127099741325]], [[-1.9277014955746032, -2.6689466332272014, 1.0616546761328385], [-0.2542245800023254, 2.4049304947038443, 1.2194716389821298]]]], [[[[0.9472030448047877, 3.2513304809982997, 0.8968757188915318]], [[-2.007783915980369, -0.643559370370603, -2.809081060079591]]], [[[-0.9158402515728101, 0.843610747358723, -2.082179910030946], [-1.501463272225379, 2.0453449451001497, -1.0704525374221965]], [[-0.1070267066187155, 2.1666851011694637, 2.8143474265731645], [1.309576334354844, -1.0026477997825123, 2.8675852157147834]], [[-2.3772573552299843, -0.4295291771232243, 0.5792932970311853], [-2.959055017729765, -1.751315244024518, 1.2693621493180327]]]], [[[[-1.8421461466309428, -2.78679357118524, 1.7002540182238381]], [[-0.3195229581004116, -0.2496140287287223, -2.5619272060982605]]], [[[-1.1271980202546794, -0.39893475189352984, -1.026960801587665], [0.40410190444787825, 2.161207270379724, 2.5469664721570773]], [[-0.8274090805199135, -1.1219140695016874, -2.2681194719283773], [1.662270051954802, -1.0113543673067114, 2.0164473690866713]], [[1.3256777041782442, 1.4278909862865214, -2.5814435997118124], [-1.5841319192240073, 2.8778822978803538, 0.23369376441972456]]]], [[[[2.8984777427145327, -1.1885134600937148, -2.871545799661137]], [[-2.074477647952493, -3.020192830257297, -3.051315056683116]]], [[[2.133933044522955, 0.01926618083695961, 2.4902457056926366], [2.2509314093968626, 1.931881449049972, -2.676334992427161]], [[1.8507389118655257, -2.0673156950060876, 1.3870015638313364], [-1.672736416502822, 0.08916869152876652, 2.7071492048269556]], [[-2.5422308027770337, 1.634101895996309, -1.6746910983762828], [2.465821402561683, -2.133602987827588, 1.276232757401986]]]], [[[[1.2257484735852437, 1.8071575391378472, 0.6507995154727854]], [[-2.142692027800291, 2.6915429205698724, 0.7022301351177324]]], [[[-0.77242731877613, 2.3785873145149026, -2.7358742602350876], [-2.32059962179395, 1.130830200742981, 1.0058722742277642]], [[-1.8457560883095447, 0.4615334930196258, 2.6418058928143955], [-0.28640008499934416, 2.03045494286269, -0.9509578381009574]], [[-2.5703577995545905, -2.893737196496143, 1.6643631385516962], [-1.9340586639632296, -1.3422104268624684, 0.5963355878334]]]], [[[[-1.0841346643795604, -3.2461649474989547, -2.2310006310333703]], [[1.2407996223096394, 0.3845569735555064, 2.2526837031294455]]], [[[-2.647493737807922, 0.539890108011643, 2.5349628860571807], [-0.9441537926004814, -1.642811821575408, -2.2753420521558043]], [[1.8318729079676646, -2.3501179348107004, -1.32226802736551], [2.332816029720133, 1.0819156081874997, 1.584308297230588]], [[-2.506628201767461, 0.2679557854067914, -1.2626060432959134], [-1.9540033767354503, -1.2454456092848107, -2.6583618750217526]]]], [[[[-2.3696890460988667, 