{"noise_params": [0.0, 0.05, 0.1, 0.15000000000000002, 0.2, 0.25, 0.30000000000000004, 0.35000000000000003, 0.4, 0.45, 0.5, 0.55, 0.6000000000000001, 0.65, 0.7000000000000001, 0.75, 0.8, 0.8500000000000001, 0.9, 0.9500000000000001, 1.0], "max_scores": [1.1864295938121832, 1.1758025655388187, 1.1690533281404316, 1.1659664374018657, 1.157433892037886, 1.1466120792953287, 1.1013228563864554, 1.1322014683044472, 1.1246656088600648, 1.1139624135483666, 1.106165360775815, 1.0971638137069981, 1.0875941459467895, 1.0777825678911281, 1.0677613154190646, 1.056935976605763, 1.0454992934536638, 1.0350064677532058, 1.0237915708637206, 1.0095970793794078, 0.9993643287838628], "opt_settings": [[[[[1.256955697050223, 0.9088685580619265, 2.8769272463100446]], [[2.4362925700819464, 1.4368740842640497, 1.4629265692533264]]], [[[-1.9374665020181276, 2.3716924343041628, 2.405558586722254], [2.0510784166979144, -1.9789147927169473, -0.8919183895939414]], [[0.4596933813049171, 0.6975999653348081, 1.3842128350668557], [3.3496494135856008, -0.962791338288592, 1.6484408056577968]], [[2.191453791824521, 0.1344460029239543, 2.238829191872173], [-3.0692805033925934, 0.6519709116924152, 1.0977420826306004]]]], [[[[0.6668854142581317, 1.2394621840185338, -0.6860432577574537]], [[-1.039329776640344, 0.873688986686506, 0.5925659218295583]]], [[[-2.044908900596345, -2.919715013725657, 0.7190818586978578], [-0.6137421716276125, 2.091923153299873, 2.2539607603966187]], [[-0.6991415032442917, -0.9083992313591825, -3.0194008111465753], [0.49840923479963517, 0.1762637710481813, -2.6104275591457435]], [[-0.929814084481651, 1.1179686818095873, -0.20851331591120825], [0.7125244054242902, 0.5526745716699655, -2.073998350375506]]]], [[[[-0.6767443531565658, -0.042234601906028714, -0.37948036573896804]], [[-0.35930321365534124, -0.7282905370668232, 0.46768775870106066]]], [[[-0.5800910591634921, 1.667428300387777, -2.604951571511038], [1.775029650166875, -2.510988082540583, -0.736241685779939]], [[3.504170295330926, -1.7411430891529784, -0.21699407758941416], [0.6673893720047, 0.5354682588498487, -0.22498254217215166]], [[2.187381598849911, 2.2988215902636573, -0.5399889946342709], [1.5702289958154207, 1.2890984203863425, -2.387274284146375]]]], [[[[1.4903978484438098, -2.7916203188030497, -3.0022397584140177]], [[1.5039272933868233, 0.4014133532088907, -3.4395953737657314]]], [[[-2.582442077723664, 2.0354710671299565, 2.1738142089025443], [1.5766954810039897, -3.2030446723293093, 1.7300991214083172]], [[1.5848641376181765, 1.3641207236530684, 2.4619935109607134], [1.737434937599193, -2.645742405207808, 1.1164436954912174]], [[1.9132169803559367, -2.7014851218419476, -2.8072423837953626], [-2.8390556791899804, 1.686224955210176, 2.525229107964363]]]], [[[[-1.9973271259473548, -1.127178423003582, -3.5752882773684522]], [[0.9715582415700733, 2.5138148118774657, -0.5575254647963507]]], [[[0.05631557151035129, -0.5074814821052644, 1.0307887311576354], [-1.6496914689999371, 2.247056517176773, -0.3475788445632064]], [[1.0167815106102507, -1.7126486910136316, -1.9647367633280122], [2.2123019090009937, 2.55299573805336, -0.7490516909649778]], [[-2.636076487868748, 0.09833303861960638, 3.1064401941615434], [0.13143615493603844, -1.8597612934043948, 1.045497602159485]]]], [[[[0.9727643685889519, -2.766015052026452, 0.37915537057775794]], [[-2.2750629059190106, 2.7959240621768275, 3.166445240816839]]], [[[-2.7570657817886524, 0.7238371002012589, -2.103095811548562], [-0.6043228029824712, 0.7407244956373085, 1.9814447545892664]], [[1.0238989944087389, 1.7018390327539983, -2.807941939033249], [1.5909533220698304, -0.4512668673224534, 0.6366882900326101]], [[-2.958762822525888, 2.832964123724773, -1.1174534657065465], [-2.4183131971433873, 1.6046880081410444, -0.39208924860630656]]]], [[[[-2.20441716041784, -1.1017490101438814, 3.0046708809240084]], [[-1.2949323957836814, 0.8131207321950695, 2.096376411572392]]], [[[-1.713595997817023, 1.7449695599935489, 2.954681897835883], [-1.3268696086749066, -2.5195953166317273, -1.3514873158034144]], [[-3.0770552498311474, 2.615373392579224, 2.8094156028582233], [-2.412510494713412, -0.3636793175142816, -2.562429395560009]], [[-2.5752922064867185, 0.932861854070855, 0.39686028204773205], [-2.885640883797908, -1.0976494470878704, 2.7676733542483465]]]], [[[[-3.115896169448241, -1.9531005963841352, 0.4495320768049037]], [[-2.4245557063528556, 1.0454080699045136, 2.079127051819671]]], [[[-0.16639579121211315, -1.7818785365502081, -2.1841365992736437], [1.6572669377228517, -1.8030673611857562, 2.3399879955718257]], [[3.259865216536247, 1.0071750112612052, 0.4353908429840133], [-1.0110957413516466, -1.45778799913804, 2.6990905535158727]], [[-1.656058871478066, -0.6642296091891898, 0.30334682478387265], [-1.5569677309560346, -2.435490209795486, -2.081125467313759]]]], [[[[0.7450522727451793, -0.09112976140729058, 1.3861052738535864]], [[-1.2031829482077887, 2.9063665953975906, -0.23379659423103197]]], [[[-0.6926421981485902, 1.2612292977282114, 0.7386951911851827], [-2.9457587794366384, -2.973301263193232, -2.912374377295122]], [[1.544302919068289, 0.5291054519248852, -1.6429063944867748], [-1.4905745111190343, -1.1225729791977372, -1.762149099152765]], [[-0.5194672154981103, 1.636399161723185, 1.357386414206025], [-2.2882233973369974, -0.837807539182453, -2.215924444885123]]]], [[[[2.292226220727455, 1.4837110650944454, 2.460298044637706]], [[0.37686395062481887, 0.6227189239852271, -0.03610311538327979]]], [[[2.9298694450524496, -0.062267847446822455, 1.7124523309239645], [-0.09459542853381844, -1.574660342265352, 0.6437955618337048]], [[1.8074294317948834, -2.7443224998195395, -1.139603397921944], [0.7832368445676767, 2.317111558436679, -1.2012873936043398]], [[-1.9287136737780548, -1.4818599778456831, -1.763447214507577], [0.2953640475345575, 0.15804209528306334, -3.0535705675835816]]]], [[[[2.5586666092920765, -2.1268466196429188, -2.3190598702689007]], [[2.5016706452358886, -2.7888531569843784, 0.5206347236608388]]], [[[-0.6268039138631767, 0.4898203058164608, -2.0553390670033678], [1.4077616496464873, -2.0582952406429773, 0.9557976056815374]], [[-1.5543288578299221, 1.0152574927920843, 0.8418070751819838], [2.6487797810693388, -1.123521674145705, -1.4138597461528206]], [[2.687501059581919, -1.4114426259517503, -2.6823468912384425], [-1.1943063364413387, -0.43820902736787753, -0.2533299021751465]]]], [[[[0.355313742273611, -1.6014023386123963, -1.4345463855220355]], [[2.9505686011536514, -0.9087598936705257, 2.2979170883972806]]], [[[1.2976741979858653, 2.423595814412852, -0.3607995304624203], [0.9427553226449301, 1.2535318277084626, 1.823491990115211]], [[1.213757247607985, -1.8111441278219893, -2.058283205055934], [-0.33353061364758696, 1.3993724724878263, 2.517480762299443]], [[0.7118179580474459, -2.1556202242195974, -0.7062372836882007], [2.407464567528737, -2.188921823721768, 2.244755898886031]]]], [[[[1.1291246848834968, 3.231686188016256, 3.2550582893326507]], [[2.9943454094674298, -0.7016426731768834, -0.2654128053145834]]], [[[1.858219620314869, 0.12113283624412303, 2.4208400023646908], [-2.9502390950255135, -1.0400280579534964, -0.32105112702898847]], [[-1.130415344810438, 1.5822179874992288, 2.5442466247324527], [3.401186871862277, -1.3724254447940132, -0.7111085403397323]], [[1.9878483443831545, -1.829940329975404, -2.6634692923868046], [-2.488852329868677, 0.15909561669383726, 3.0201061904153557]]]], [[[[1.2518811673943782, 1.476735780781187, 2.8599470559691857]], [[1.0549780708445473, 2.2949590693317052, -1.0866276534549757]]], [[[0.5223268703236356, 2.5739574202333215, -1.4785273146692692], [0.749667699316328, 1.4606740076698745, 0.2100054833479153]], [[-0.8677253272859515, -1.1181466010577354, 0.5925514854436678], [3.4151810514593888, -1.997844395128963, -0.4597813558624282]], [[-1.1208779067159984, -0.4245903868805607, -0.44085845864811146], [-0.38176036825986637, 0.8386652329746723, 0.7471889438222723]]]], [[[[-2.3394800506999864, 