{"noise_params": [0.0, 0.05, 0.1, 0.15000000000000002, 0.2, 0.25, 0.30000000000000004, 0.35000000000000003, 0.4, 0.45, 0.5, 0.55, 0.6000000000000001, 0.65, 0.7000000000000001, 0.75, 0.8, 0.8500000000000001, 0.9, 0.9500000000000001, 1.0], "max_scores": [1.1892001658334173, 1.1746961621897514, 1.165617977634836, 1.1427841486538914, 1.1541030795936889, 1.1309861353208297, 1.1376863417585947, 1.1326448849564568, 1.1244752617408145, 1.1153207328287018, 1.1020547008195027, 1.0940210952246356, 1.083647221253895, 1.0703721984466563, 1.0613169155946094, 1.0570079543421467, 1.0459107853186587, 1.034338358694733, 1.0238509965345215, 1.0093696629628495, 0.9988433758265437], "opt_settings": [[[[[-3.12259748481747, 1.616962200833132, 0.8934928963111921]], [[-2.9390000077648084, 0.8472779099561683, 3.227640431680821]], [[0.024771018982274642, -2.937497812952609, 1.7497075077675934]], [[2.1804316186476504, 1.3319848424674408, -0.4927168110276082]]], [[[-2.2949794465543887, 0.13844962314652842, -0.4642435347517803], [0.43666451678453405, -1.6330251077322162, 2.965288801963532]], [[-2.632599470928135, 2.84797787834179, -1.8881930837698182], [-0.18123225604253282, -1.0598656808808602, 2.2886136489086986]], [[-3.0981096755623003, -1.3493338667413122, -2.731084496142547], [-0.004459269632171015, -0.722548060872375, 0.11472792825686501]], [[-2.745115906731682, 0.40330536995001576, -2.119120582664166], [-1.7891901820605702, -0.23789838078186418, 0.09699773892994362]], [[2.413194789338536, -2.7122749750708715, 1.6085213197363197], [2.659511428905974, 2.0528885997353137, 2.323784306980161]]]], [[[[2.9529328095766596, 0.45817426720411597, -2.3158193382875134]], [[2.889608583723965, 3.2017830994972134, -1.0663663299481392]], [[-0.32649430382645506, -2.1041799288555336, -0.9863641503195305]], [[-1.3143100383854758, -1.0038864356415422, 1.8009531435946338]]], [[[1.9206800441823508, -2.3430707611879034, -1.3355410279559787], [-2.922589673106371, 1.4857829508825238, -0.601966634208464]], [[-2.5604277637010453, -0.46843352821816014, -0.312583599057101], [1.551052034435768, -2.9875464365656708, -2.9869526161281326]], [[2.414487106100033, -0.43599906649069187, 1.5543732470592504], [2.4784522085556246, -0.08678597604949634, -1.6964940502958192]], [[2.183621984610439, 1.7490039218861007, -0.08282526768879905], [-1.6897192821418692, 2.382686433481892, -1.3501402163205483]], [[0.9588464311418314, -2.58102019148361, -0.04981264660142469], [-2.607741782107692, 0.7461577630865459, 2.009166253485107]]]], [[[[-0.08236719593442261, 0.7877056039862769, -3.1210959869034083]], [[-0.7554079193772228, -0.7473823620555874, 2.87971427557749]], [[1.5984025330935356, -2.7952076105941637, 1.979258994416512]], [[2.4641808420923463, -2.6122040240641384, 1.73507249771795]]], [[[-2.2368810068320126, 1.725642955120474, -1.7565984040923988], [2.134675152556634, 0.3758004981089434, 2.926776572430118]], [[0.7957740945485251, 2.7403286485898604, -0.34971274965876276], [2.1639986163644767, -2.2682773595524734, -0.5410404230476038]], [[1.0849437450938821, -2.779218375669951, 0.030821727270181114], [0.20185537396880393, -1.4668010391389656, -0.9138051288921796]], [[2.9372258027673435, 1.2951701197207512, 2.4684259124476977], [0.67877896399702, 0.4771522733721695, -0.9234316284297934]], [[-0.9742499968895588, -0.13677916005967566, -2.144271079777789], [-2.247441068770889, 2.1789809574653645, -2.7694420562159086]]]], [[[[1.0293210040884393, 0.5144334083932274, -1.0452701385384155]], [[0.050697926776696475, 0.11340548198003837, -1.6868293627782693]], [[-2.8644321171426603, -3.0279738641990024, 2.018785858138218]], [[1.236576060814036, -1.490207282378072, -1.946209252672077]]], [[[2.5672315362259854, -1.6376796681239465, 1.916426498774702], [-2.1956421834886344, 2.168361284444882, 2.270759423049082]], [[2.830468543919954, -0.5187267422137121, -2.6078051841649295], [0.06381570609222026, 0.4184809831306692, 1.577717030691614]], [[-1.7908323846800291, -3.2888973739483456, -0.41069792244408665], [-3.1360292083599717, 2.0560185990804056, 1.6640484447082546]], [[0.39320806759937627, -3.1959963445181723, 1.8018751072919608], [3.241356469894637, 1.2038427518006942, 1.3487348644080086]], [[0.10005406377406913, 0.38125161129917073, -2.269082252436601], [-0.9925067908595415, -1.397500882018205, 0.9257590053936253]]]], [[[[0.4018041974891071, -3.1862719608786447, 1.242498262921081]], [[0.7485169129265011, 1.220938943897764, 0.2791311686282885]], [[-3.388721459048855, 1.0793658838083604, -2.1301649665964515]], [[1.3737061324767177, 3.4125265850170643, -2.543066919783393]]], [[[3.3009330945800555, 1.662603922243351, -0.8270037617922541], [-1.1489072930632565, 0.766475024567103, 2.75396358863727]], [[1.0939362747977244, 0.6559746841955435, 1.9616497387381202], [-1.1012679438741857, 0.8415557829770894, -1.0220537189686834]], [[0.5321949648284156, -2.559027536967635, 1.3843957122523136], [-0.3951877661981382, 1.238797805105789, 0.8658140139574478]], [[1.0006335935403654, 1.7822830046208227, 0.793534951698815], [1.6207730142980556, -2.23618095527993, -1.2215334708651286]], [[-2.3788973684136963, -1.3072458191110294, -2.4654658240688043], [2.528062966734467, -0.1212947714958837, -1.1434699314578491]]]], [[[[2.410123227371471, 1.010204906581649, -3.140464129596498]], [[-0.467366631387947, 0.6402582509883656, -0.16211700667745854]], [[1.9141340013479653, -1.9844472290910977, -2.6193308136579376]], [[2.049121755733691, 0.15925871311086756, 1.8584604742322683]]], [[[2.0621892265036554, 0.13836574485984435, 1.7069705870961354], [0.805139900572633, 2.502479188779116, -0.7525322257393575]], [[-2.2561021073827856, 2.016143771434953, -2.5059403533555153], [-1.4302342638150993, -2.7450662136013095, 2.6205642497190142]], [[-0.6261882620816791, -2.685931449458696, -0.8438324776091076], [2.639571887690678, -2.7177202471923025, 1.9668077369011068]], [[1.5764715309850366, 2.1244194635694336, 2.1379511539180687], [3.1213564107445437, -2.8232794321479324, 1.7865634473759586]], [[-1.803513159826506, 0.7784749416431572, 0.9461668512143033], [-2.3982134399007955, -1.2776744598608245, 1.3164931535856947]]]], [[[[0.2112526188295889, 3.2102254596448665, -2.714507572940391]], [[-0.9673992386327629, -1.6601369630905192, 1.8319534435070057]], [[2.010490261721096, 0.980112032625512, -0.8846577302720547]], [[-3.170528119565508, 2.3738428057169587, -0.12516641030721998]]], [[[0.18433131040540449, 1.3107213358362042, -0.059254451899831515], [-0.7472059725041318, -0.6335249860840271, 2.9911222156076187]], [[-1.7793809652993007, -2.214442410658171, 1.5444194771975177], [2.2688184039655583, -0.4165312007879077, 2.3774401501701963]], [[-1.9436467405169016, 1.430786548787712, 2.4229634700999916], [1.5338578832823282, 1.8031884111276821, -2.6018967996864126]], [[1.010503281841508, 1.007935152523705, 0.4023068453491192], [-1.1828977637076106, 2.5264081293997376, -2.671403131751276]], [[1.523986513354036, 1.680400712808992, -1.848956741456279], [0.7110577359506256, -2.8205472620315097, -2.156314884203818]]]], [[[[2.151320956294868, -1.2773727908444783, -0.15282713941439735]], [[-3.0360534356743867, 1.7372346638902694, -0.7655675746481907]], [[1.7458932124385529, 2.6121900847508717, 2.4232039442198623]], [[2.3635013405934076, -2.2158778383520357, 2.619166605728227]]], [[[2.435199303687228, 1.4523407874933376, -1.5505175791630357], [1.4151939425892845, -1.9497362690924052, -0.1920904880440797]], [[1.6432691139496007, -2.159447853815618, -2.2352005383982796], [0.5606495995792717, -0.06800299400042775, 1.9178327522848913]], [[1.2274450559011438, -1.5550345689001577, 0.9396944185726507], [-2.1161569343442617, -0.7210050874826555, -0.7563070565532062]], [[-1.318149151958891, -2.7055544068951143, 0.5784564893658705], [-2.4985927931293657, 2.576160078827045, -3.154382611332751]], [[3.0156125096009627, 3.0322454979863296, -1.9309466894217842], [2.1636401246164834, 1.0338869976921146, 1.7646880478349045]]]], [[[[-2.870937946213165, -0.990601965640959, -1.6136342179455918]], 