{"noise_params": [0.0, 0.05, 0.1, 0.15000000000000002, 0.2, 0.25, 0.30000000000000004, 0.35000000000000003, 0.4, 0.45, 0.5, 0.55, 0.6000000000000001, 0.65, 0.7000000000000001, 0.75, 0.8, 0.8500000000000001, 0.9, 0.9500000000000001, 1.0], "max_scores": [1.1891074533361374, 1.1778999836326578, 1.160361193011859, 1.1450677593327963, 1.1463747797317443, 1.1501529968373339, 1.1007114457783926, 1.1004918531466004, 1.1192370709516632, 1.0556296239173175, 1.1057164596356566, 1.0768573184475396, 1.0848882608560098, 1.076511891455878, 1.0545451823957552, 1.056272827966678, 1.0409295545340698, 1.035527023729391, 1.0217087617881533, 1.0099222645532333, 0.9992235575695647], "opt_settings": [[[[[2.5303017747173384, 0.19695607488644157, -0.34673115393398307]], [[-1.1183195105328139, 0.006580483896201403, 1.6246653204618224]], [[3.0878952836235487, -1.1276084987093054, -2.505359201509066]], [[-2.0862945570366564, 1.252743437054767, 0.2648609213736648]]], [[[0.013861241255842816, -0.7415896441548346, 0.3162673603649897], [-1.206543774784735, -2.1649220730458905, 1.4487341918900105]], [[0.7266780495728419, 3.3039472866808244, -2.522809255270068], [-1.4328541184588117, -1.1940259854755644, -3.017567863234874]], [[-2.3512778979719204, 0.22479036337903643, -0.3047970870536163], [-2.520399048325454, 2.9398780261389317, -1.9995144962323341]], [[0.5384498206762168, 1.4618502179377906, -2.862597029091367], [0.659725120416782, 2.1368907049457615, -2.5380462714279135]], [[0.42876076175565625, 1.3082068797913882, -0.489723704890876], [1.2252073745835659, -0.5034000561050889, 2.7691530480956947]]]], [[[[2.6466518166675375, -0.6856690364759374, 2.9019493144477964]], [[-2.5659844551290707, 1.247029327745804, -3.138885655224434]], [[2.956009169613199, -3.3892170636439536, -1.9711613392919758]], [[0.8149935430643113, 0.25919475329803066, 0.963988746622529]]], [[[1.0130521125046863, 2.4466751135075873, 1.8376095640623555], [-2.027982879889638, 1.8778141732569746, 0.6493823379643984]], [[-1.4408633217789282, -0.43917408590030477, 3.012680324594883], [2.529524284938884, -1.4985928648221465, -0.9348841773283765]], [[-0.4805809424678313, -2.269437912456408, 3.0030791414584335], [3.0106548704987643, -2.477726296401273, 0.5903056622623318]], [[-2.6453822476990654, -0.11458244433393201, -1.5643740699353255], [-2.572199874504524, -0.7924541811468621, 1.2517783238151803]], [[0.5379027252645612, -0.3353698383638103, 1.8856920081285962], [-0.18272215637265682, 1.8061434951790651, -0.7610661799362339]]]], [[[[0.9732048621067081, 2.502817586364593, -0.3395938281400672]], [[-1.4925525786478915, 0.3497758427863487, -1.3532374233266848]], [[2.0948766778743177, 1.6512831475143523, -0.15416474137580008]], [[2.536919428370749, 0.708879652097037, -2.2973026465570703]]], [[[2.7380684083868325, 2.8898666550897882, -1.483800443219245], [-1.5238984157649518, 0.6039331112782252, 0.8752120901939141]], [[2.9966856405190088, -2.4805568426312408, -1.5677784138521058], [-0.9316243505887417, -2.075145908098685, -1.7566144742944216]], [[0.029197450423076136, 0.43413036288211104, 0.16170532999329695], [-1.6581227286747875, -2.753172586871121, 1.7978190790293074]], [[0.30298247541136186, 2.379412406837618, 2.324647602848697], [0.1639740855434597, 2.1724114894363327, 2.1901137128895187]], [[1.4729698304007544, 1.0429897853914571, 0.31087161669731894], [-1.7294108132815418, 2.827777484017757, -2.872557605689387]]]], [[[[-0.21112712803384182, -1.0550237882430988, 0.2854943170432963]], [[-2.4011957127106127, 2.4369153735444207, 2.660804745264196]], [[-3.0872649552425555, -2.474481216679263, -0.3352243687131183]], [[1.6020131235183033, 2.6494036512815966, 0.75291636338036]]], [[[1.4222533016721335, 1.8030973918196074, -2.66298143267466], [-3.2579380077297966, -2.545593393865524, 0.7062416542462556]], [[1.0284782055453159, 0.16979257433075515, -2.0815143609276383], [1.3865623250110568, -0.2521212370338646, 2.3189016384815697]], [[-1.5237642426116087, 2.52429861693178, -0.3828345567325765], [-2.9819762075269565, -0.45135977494633556, -2.2196718537073776]], [[-2.1518519603144393, -0.18925807112373977, 2.3925395796552973], [-0.20451667787834632, -1.9380151468053484, 0.4002034987815452]], [[0.665233715299169, 1.885697389050622, -2.058042707109438], [1.3669305074173055, -2.7702742546730357, -2.2585306695274903]]]], [[[[2.2456819895931406, -0.46640006805953493, 1.6507655459940307]], [[-1.8014457991730268, -0.36018933371359735, 2.3888992745183955]], [[1.1878580389982178, 0.03944598267469309, -2.642703568814753]], [[1.851110187887213, 2.14850065784983, -2.063515106950269]]], [[[3.00572325539205, 0.4615644790994681, -0.8409531253972609], [-0.05074509095097755, 2.0130455062283525, 0.6695981195490772]], [[0.0744862516066624, -0.42916951778716333, -0.661922688636468], [1.0669720560817524, 0.8167559662681425, 0.9331215246244623]], [[2.0329758219631353, 1.037923080901054, -2.3200234199956453], [-0.4855346366675074, -0.7135307216891081, 1.05334345551089]], [[0.7759260211085414, 2.262498132244317, 2.856781448520996], [-2.3718473292274456, -2.9343096422780777, -0.7297632700562169]], [[0.532672239449806, -0.7493654358670938, -1.3810557833769288], [-2.148777274854134, -3.007580836918987, 0.636954926444044]]]], [[[[0.9205564580548853, 0.9509623333179238, -2.9389355174094782]], [[1.004188824787654, -1.0228441249940778, -2.8151300491846727]], [[-1.721285270504187, 2.318461259077233, 1.7896246951070753]], [[-2.7668399762169535, 1.510378435315588, 1.3751700023031082]]], [[[1.3821947693817866, 1.6360436172919148, -2.9659425100792465], [-3.0550234828020977, 2.214711364428006, 0.25820251008650574]], [[1.003489729213881, 0.8934746820538095, -3.0662467626981433], [1.6729260237927968, -2.6328743246049657, -0.5459417266993245]], [[3.346904877063606, 2.048772188752617, 1.3184795170136472], [-0.5337644108718929, 0.5559300989663892, -1.5119202945326211]], [[-1.1461337180265416, -2.1084803658177185, -1.0517903764934589], [1.5375682124348222, 0.6358483857151157, -2.171333998233553]], [[1.799561449398735, 0.07739425002889917, 2.229445231594374], [1.1810191129582241, -1.2970094086283057, 1.6828463363965227]]]], [[[[-1.0085474276545578, 1.9792113422074684, -0.735361264119435]], [[-1.5891194467715808, 2.5366390995352095, -2.9576665163734983]], [[2.938485707839859, -0.6072693998550265, -2.739394468093099]], [[1.43386933586512, 1.6754858985264751, -1.8547643268402034]]], [[[0.5350398081298317, 2.8177813142563557, 1.119145816761014], [-0.5080354040445653, -1.2858359608480308, -2.2560192418166896]], [[-0.2225152311784951, 2.102906621462082, -0.47272885274277154], [1.646833835302305, -3.0884305873566427, -0.3506228200157765]], [[2.9341813337946037, -1.2561328345895664, 1.3230845298009317], [-2.7499487049024562, 3.133142059296049, -1.297926762381226]], [[-2.15812076260213, -2.6860154994228047, 1.1042249337394252], [2.720917806397477, 3.059327243610275, 2.8597643725739488]], [[-2.064332445447405, 2.067669869943193, -1.7066616725706216], [-2.5401572704093405, 0.29879947689068354, -0.16266257232071044]]]], [[[[1.146473126365411, 1.0653705765507802, 1.8781491037744749]], [[2.27546375491875, -0.20632231384505756, 1.5036694682622809]], [[2.327941615627068, 2.354478220181617, -0.6844069597329646]], [[-1.0141617779916041, 3.347708673168398, -0.5237109464801742]]], [[[-0.04493467125871857, 1.0104963849476678, -0.9112840463428721], [0.06901651230605675, -0.07971991819295615, -1.1301615919380459]], [[-0.6194804486319639, 3.4732319868134156, 2.7082468042448373], [-2.288176978196316, 2.697811593271569, -0.4835164531114964]], [[-0.9787261082244514, 2.7114875952632307, -0.4029223985946055], [1.0038699575771453, 0.4496826100213088, -3.215570650244272]], [[-0.32580237631518194, -2.2213794113307292, 2.807946991232791], [0.8546773175448007, -1.7334864928054199, -0.650541249394117]], [[-3.1681672148543782, 0.4397851373676758, -1.931502199311824], [2.030820097936757, 1.9406779322706929, 0.720397349704414]]]], [[[[-0.07503950239851598, 0.36770801957382626, -0.5053455320507204]], 