{"noise_params": [0.0, 0.05, 0.1, 0.15000000000000002, 0.2, 0.25, 0.30000000000000004, 0.35000000000000003, 0.4, 0.45, 0.5, 0.55, 0.6000000000000001, 0.65, 0.7000000000000001, 0.75, 0.8, 0.8500000000000001, 0.9, 0.9500000000000001, 1.0], "max_scores": [1.4139913041085044, 1.4040929916525158, 1.395846342456486, 1.3852305589039657, 1.3653153525488277, 1.365790874413565, 1.3574333304439572, 1.344335289462526, 1.3310872004286711, 1.3204865536901371, 1.3105120724083839, 1.3035857228513488, 1.2776554103042228, 1.2797804569962672, 1.266559575807944, 1.2426989986094954, 1.2212418147150443, 1.2288964511997746, 1.2143499095424584, 1.2024844014747034, 1.1891840829786986], "opt_settings": [[[[[2.761396848244789, -2.3052344968718623, -3.1803305094348144]], [[0.4418928773115214, -1.0229647594482445, 1.1573903222536328]]], [[[0.4330044790622299, -2.116380073427057, -0.7382496847512875], [2.115296034933769, -1.6870296475236541, 1.6566967542698965]], [[1.8586152041049453, 0.7574919151724899, 2.2398758334164715, 0.6795958977141445, 0.03027765254288358, -1.017590628859519], [-2.4085138818310785, -0.23797375155644665, 2.066164992388016, 2.2132525750349212, -1.5644350284958188, 2.9491554415621257]], [[0.36906301190709817, -3.4198157943716367, -2.2888854130108007], [-0.5991490639136317, 1.296122111405733, -1.2639995762809573]]]], [[[[-1.137159592340161, 1.1030211332005755, -0.10504856988439658]], [[-2.816255682075037, -2.3773345987834036, -1.0147820230747042]]], [[[-3.0526782100140446, 1.3703719668231849, 0.3334579133596602], [-3.0222570159501423, -0.775922804068187, 3.023909645760744]], [[-0.05369516385146281, 3.1139947590803825, 2.3947427711966807, 0.5916561717717231, 0.4755134513916808, -0.6688993272081031], [1.2561444935556498, -0.5180386072803076, -1.3760390033452334, 1.8891974471090534, -3.282651031274258, -1.7576789756864915]], [[1.979432444233513, -3.252565621885994, -2.2231979016885193], [-0.4126959140548652, -0.8336541559051196, -0.24574768998819063]]]], [[[[1.4898174215053968, -3.451936165691612, 1.299552539361406]], [[1.4936795247482348, -1.1275288878972956, 1.0763741968504366]]], [[[-1.4300039104187277, -0.6260270989226595, -0.5756719809253784], [-1.5508868909055569, 0.9190251560196075, -0.6587777559741426]], [[1.9803736076893534, 0.1449518157823171, 2.340515510714204, -0.28215724781143864, 2.08530689363123, 0.3398588920364518], [-1.698611986801371, 1.375661546604554, 0.344066573348379, 1.447703200102423, 1.9698038135840394, 2.5435467988890137]], [[-2.5120353263789497, 1.9484785947673748, -0.12796009685339182], [-1.5331132118037196, 0.5085089767932468, -2.275458838464914]]]], [[[[-2.3819870796720517, -1.2881769781159744, -2.582253622134316]], [[1.1277958970884034, 0.995376235250734, -3.0381590630365367]]], [[[-3.132084492110515, 2.5324034149723835, -1.4181051863015526], [2.493015343872269, -2.2827089230933644, -0.41858637305625773]], [[-0.8874408219521865, -2.2365301044258237, -1.9355477377977244, 0.32693838189420854, 0.5043004530083123, -0.8008563413680458], [-1.883933155455745, -3.310794689902803, 2.448822335874353, 0.004151656743100557, -0.7699611571771214, 2.552432839234852]], [[1.7585927927803544, -2.716687022689332, 1.2250224074223697], [2.0564035830092777, 1.9996295329619176, -1.7733491326879525]]]], [[[[2.8180636251529516, 2.372965324861076, -1.4811159807962742]], [[1.0488106214348114, 0.41409763484516166, 0.3403473444071965]]], [[[-0.8577352121425246, 0.8991789769465149, 0.19811831488005133], [-0.02473140806682482, -3.5809660117945845, 2.9324879691697827]], [[-1.3943443728778542, -2.143211882412815, -0.8417567718324914, 1.827782290572385, 1.02154639376722, 1.6844667613244342], [3.5408386094320656, -1.057676655203948, 2.6622361902138145, -2.947852377261213, 2.7890156289439707, 2.4722535863113038]], [[2.5998372383542105, -1.4622752407734518, -2.4905386825665876], [1.0542121943687763, 2.5809851283773204, 1.6298737954997078]]]], [[[[-0.9266873703272072, 1.1419246716730374, 0.8690234800180411]], [[2.744033886850139, 0.1567779602054194, 1.6507542888023876]]], [[[-3.2364274479793966, 2.269640282212554, 0.45644097403634554], [2.5995902751556756, -2.234626990978918, 0.3699588138328451]], [[-2.5522922518727533, 2.0672622389668054, 2.3714307969404516, 0.7525690539107024, -1.7181522359252426, -2.578212339394204], [-3.096901107634278, 0.7434952861273416, -1.0632548253069554, 1.3592496402319778, 3.374622891494468, -2.1153595417988535]], [[-1.660845704853098, -2.2794302081896647, -1.4365313984457442], [0.734961208509058, 0.537690030595132, 1.0097346844077988]]]], [[[[0.3126635623278691, 3.2617138216996695, 2.3488748150499608]], [[-2.5742837926038216, -0.2578706202833228, 0.21596319269801825]]], [[[0.2695770254503514, -2.882068753078872, -2.3327748070564334], [-2.622607245410199, 1.683709376958007, 2.0540406605914185]], [[2.323002069774068, -2.4183483757334105, 1.1761827233339635, 0.43272363841977174, -2.795435139193645, 1.8571112070947118], [-0.2493056075427784, -2.3525324257271616, -2.3277621660937107, 2.6476236491345104, -2.477380828487973, 1.2241438182098137]], [[-0.5166272562148093, 2.2441043500562285, -0.7940626468815699], [-3.352999246274287, -3.50603685477716, -2.358152342924906]]]], [[[[-0.4137907500469112, -1.7589285119022964, -1.9816448124524655]], [[2.3086443201799516, 0.3828061287980313, 0.8734502582064759]]], [[[2.6469899180775878, -2.913687550935184, -1.1347949515491522], [1.6046502916945737, -1.1092099409266536, 2.8329461288533224]], [[2.897289581401727, 0.5733195310945411, -1.5786887835509986, 1.0565853785983252, 0.2482946981785068, -2.6887152016686646], [0.7289257670407252, -2.2411010004589285, 0.6452728961500158, 2.468721943366357, 0.9388032003911206, -0.5518849199619336]], [[-1.061350701314355, -0.0992251447926739, -0.7986706699025392], [0.3553352719854053, -1.5962009144363296, 2.6111413983599334]]]], [[[[3.079437319118291, 1.8141967179360863, -2.2141551245688693]], [[1.3701831307072387, -1.3159504719099213, -0.8402518987753284]]], [[[1.7560452113115692, 0.9432095022116836, -3.0073678094475884], [-0.18848724985287027, 0.8756565637557023, 2.1926835517762866]], [[-2.4424914793873636, -1.1194082348714625, -0.8619624103585086, 2.4827114452087735, -3.036344884051358, 1.3859723381030982], [2.3338419950279374, 3.224346971417284, -2.2853187140742333, -0.5900449315267966, -1.635048376174509, -2.9679706726855843]], [[-2.0877707692441523, -1.2829759649628327, 2.7989366476212227], [2.6249427763153164, 1.510717662839977, -2.028617941312011]]]], [[[[1.399153701327541, -2.2916876210735753, 3.337419157311021]], [[-2.4805517617961104, -2.947299035459614, 1.7391285102120664]]], [[[-0.4736904895320216, -2.1704778184298887, 3.030444724122037], [3.267512447042332, -0.2538317347436307, 0.7311817882681326]], [[1.0177874251015924, 1.095473432007206, -1.8979776986619705, -0.42953781472521096, -1.0951841254981938, 2.5396828277324], [-1.4957648064437832, 0.20031498928108468, -0.8663870070401387, -2.2766426113199403, 3.173822054465857, 1.4767672239400813]], [[-1.3255675863727125, -3.4159128812420527, -1.764520116123527], [0.18702916593901858, -0.642647503067856, -2.7722982549530832]]]], [[[[0.20274459045235715, -2.9909708270170836, -2.3733345086422233]], [[1.4020088819815253, -0.8938022932875695, -0.989256266621847]]], [[[-0.6495753342899766, -0.042399865449879164, -0.0424865774807199], [1.8390003231889396, 1.394837691425326, 2.1448947661951454]], [[-0.2337872746167255, -2.650387767825636, -1.4852876593279614, 0.29606992595074566, -0.5395683678384531, 0.011658517723254224], [-1.7167774004390315, -3.4169604563141904, 2.4695110982236246, -0.7072007878614109, 0.876519161524819, 2.0683545666320544]], [[1.529745859636154, 1.196647782716349, 1.6319291832399525], [2.905463155645147, 1.629601983079322, 3.0205404076906763]]]], [[[[0.4046007976118496, 1.731506561997876, -1.121163569285608]], [[-1.8747542395954944, 0.008836619448062476, 2.4764191325414893]]], [[[2.8013068604861746, 0.46211684966297484, 2.598072411549369], [0.9117634193120194, -1.5676754812593026, 