{"noise_params": [0.0, 0.05, 0.1, 0.15000000000000002, 0.2, 0.25, 0.30000000000000004, 0.35000000000000003, 0.4, 0.45, 0.5, 0.55, 0.6000000000000001, 0.65, 0.7000000000000001, 0.75, 0.8, 0.8500000000000001, 0.9, 0.9500000000000001, 1.0], "max_scores": [1.1881747377361314, 1.1741739770509318, 1.1586427498371492, 1.1418625721702937, 1.1460507344316215, 1.145240721691959, 1.141719281157384, 1.069097115790529, 1.1196621478094073, 1.0816019050308787, 1.0997002171500865, 1.0931102131638413, 1.0789129457260784, 1.0763111973050339, 1.0674898991100479, 1.0572521331255693, 1.0363895416898692, 1.035468922245417, 1.023420867404808, 1.005917230527316, 0.9994172710415432], "opt_settings": [[[[[-2.3958890092303387, 0.326844717936984, 0.0908894121804624]], [[2.1561252040174255, 2.8918628638378294, -1.1144273349565088]], [[0.6812092705656038, 1.0933080881380806, -0.6054127049854984]]], [[[-2.2774969020292852, 1.4034880362497246, -0.8026750815717909], [1.7966390181285625, 2.7314675220770863, 2.5254456150393176]], [[-2.439075124462132, 2.713502866770242, 0.31702331543957013], [1.9570522580066798, 0.8382141156341795, 1.6789402981432457]], [[2.908578128124559, -0.502100602359961, 0.26757273533021597], [-2.678245760495572, -2.146037407118603, 0.438522692945009]], [[2.1162984985340674, -0.2980399749669609, -2.440628909096865], [1.1873677039331587, -2.1267483896360857, 0.2505356794124434]]]], [[[[-2.82130230845365, 2.2456747444583893, -0.14078062601179636]], [[-0.8224333798034525, 1.4060871872915257, 2.500608375209693]], [[0.4324929366092141, -1.9658569036536773, -0.3954923368692735]]], [[[-2.5423915714667076, 0.6395884524827598, -0.17680574734953522], [-1.133093507686378, -1.072829750786864, 1.4125655850417937]], [[2.9856172636468257, 1.0780987313259385, -0.8525244305072727], [0.22932184825871382, -2.601485638998818, 0.9365997782705128]], [[-1.2152627835149354, -2.4033984281418115, -2.155546208525877], [-2.6144830582853618, 1.8894407441675114, -0.5657487345643778]], [[0.9965732160460913, 1.9456732729825263, 1.7172435950843692], [-0.6188155996304692, -2.2786057877322223, 1.086513142134283]]]], [[[[-3.400425452783651, 0.057920363353932226, -2.5513728323800753]], [[1.0407975541330496, -2.260161536707168, -0.008655811032167813]], [[0.6309210459472805, 1.788748470861491, -2.495620119225136]]], [[[0.10803107777308715, -1.4342017334028343, -2.160057208505886], [1.2568407501127512, 1.646797605970843, -1.039438485041222]], [[0.11899973903648667, 2.868190261040175, 1.0648151562940456], [1.4716299772998453, 0.15270835673474514, -2.008441324204931]], [[2.479031789158405, -3.05655857525876, 3.3320030638178872], [1.4780606508062852, 3.02174627928041, -0.5869216138113503]], [[-2.0139774023996098, -2.225948305269548, -1.4398586895064196], [-0.15548930201819178, 0.5707209054069096, 2.1377732829870606]]]], [[[[-2.3635276673144907, 2.1355170298961452, 0.6715499246817906]], [[-1.0376487205417193, 2.570825348186894, -0.19513348606633024]], [[0.5920611343273867, -1.8088836812431561, -1.5455329852321829]]], [[[-2.929478155017596, 0.5409486471792481, -1.79194862431022], [-1.7950004042298042, -0.993947418336238, 1.6649509650427081]], [[-0.5282415376514236, 0.0679222463160883, -0.035350908389990277], [2.72447985143127, 0.22016235394586559, -1.7600412510830652]], [[0.07254115313946766, 2.38121239487322, -3.7990316541866815], [-0.9975976652344327, 0.03738866098582564, 3.0552882883969845]], [[-1.6516097243481767, -2.0089224270824477, 1.971413127825758], [-0.036927242765734405, 2.9281284617871624, -1.1331116724970527]]]], [[[[-2.2823611711408436, 2.462385598115774, -2.247102610688268]], [[-1.05150790055799, 3.0317778798598054, 0.6841943530920349]], [[0.027006334624932897, -0.2514687369384131, 0.42993250202178845]]], [[[-0.22354334161630623, 1.2053014569141, 1.148671561530773], [-2.546333872802857, -1.1430508067635428, -2.764530076795439]], [[-1.0290128033185588, 3.037939872059148, -2.699269961243932], [0.6615805836118768, -1.8622910440512144, -2.634374002876695]], [[0.0035525682366659705, -1.9058953805373469, -1.7822558817760943], [1.1771763370462565, 2.4951688838819988, 2.7646365800816692]], [[-1.9544002536571792, -1.480305406468551, 0.3348920594968115], [-1.1980328003484706, -1.6593925750970886, -1.7045015594348372]]]], [[[[-0.19974362423807715, 2.4888764283323317, -2.566260396030728]], [[-0.5098644441566863, -3.308303902376074, 2.071284232883435]], [[0.059094070645165316, 2.321852976004762, 2.207378249563405]]], [[[-1.4678421889164601, 2.4260285168830835, 2.280172515189279], [2.3433174530191514, -0.6198029098314274, 1.169285136438078]], [[-0.7147998851472785, -1.6086739209925023, 2.130020680837808], [-2.29173937484235, 1.836370230994733, -1.9649575277205802]], [[0.263126373915559, -1.9864852107676596, -2.427475099303862], [-0.8091808646613445, 2.981786043284312, 2.878749270196192]], [[2.1526144962546936, 2.6358223775066727, -1.1492184528435283], [-2.4517054701586214, -0.884093585163247, -2.550450817344463]]]], [[[[1.8472171995065936, 2.326914567794179, -0.3134203606453456]], [[1.2576410881873934, -0.327329824698119, 0.8387231728697497]], [[0.9671773504294775, -3.3295002500015864, 1.110671483697831]]], [[[2.592626132971061, -0.988889389953967, 1.4734534031795858], [1.431539380781336, -2.112153141841345, 0.8209750688885338]], [[0.05846073386374827, -0.1477042085970981, 1.7168106665258598], [1.5215411596663257, -1.3797914337434416, 2.703317813215651]], [[0.20019816540159696, -0.7541108765970738, -1.2381320439982428], [2.26654034093318, 0.11470428533028665, -0.1636271410458232]], [[-3.0649146148239486, 1.5254780488591098, 2.441820838969595], [1.6981592652126993, -1.3966523632728605, -2.384060605798127]]]], [[[[1.178809979425634, -1.2983721081000494, -1.9361000921943818]], [[2.2398196794528484, 1.8094597287975869, -2.35952416730543]], [[1.830105146472565, -1.0022684335541796, -1.8960505847520217]]], [[[0.6981614439861069, 1.885081630899521, 2.9903211823608498], [0.3032271973349969, -0.17652433925847802, -0.6532975613297818]], [[-2.490061428639761, -2.617531628495397, 0.836588990241407], [3.1191498926764836, 2.5938129781011616, 2.09224446072491]], [[1.586512029725214, 0.1639351587717297, 0.5076092120078971], [1.710775104989265, 0.8557702008890591, 3.3346953730648643]], [[-0.2925450783984364, 0.7315664174886043, -0.5902242410695235], [-1.1422588056990925, -2.5060577937244606, 2.2584210379801064]]]], [[[[1.9161113088670876, 1.0674295823852307, -2.185499140877649]], [[-1.5695104639564117, -2.0511063592112446, 3.170209113327582]], [[-2.985958792021335, 2.7459699639516617, -1.1200186265764502]]], [[[-1.1024910091299518, 2.2710228380263002, -2.814625218148439], [-2.2071320685794755, -2.1070143556600818, 1.0752833750841786]], [[3.162584136447263, -2.0126879120125025, 0.6976103025085878], [1.4004089010497187, -2.5360844547715975, -2.3221501655126495]], [[0.5296100643976778, 2.9401204249748503, -0.9467511198618588], [-1.8641906528204508, 3.049329620430959, -0.3317157865555295]], [[1.8970000854728466, -0.16647285952927554, 1.968294263900411], [0.3500871530853869, 2.0100129011694494, 1.8694528963302908]]]], [[[[-2.029102931609145, -1.6599847812399249, -2.8509408279956796]], [[-0.40643109999792093, 3.1531095734606707, -0.41871778926830044]], [[-3.0032887427331887, -1.23233635224045, 1.7591407414523752]]], [[[1.6347830119638005, 1.8585322806077849, 2.8310748532658216], [1.6631006436293618, -2.712519997502592, -0.3146067802250783]], [[2.4732691014442003, 0.2755001669552661, 2.9473252099413023], [2.3966485168783542, -0.358629726555589, -1.8258143785496022]], [[0.6251339704673518, -2.7868723816079863, 0.647654307792969], [2.997968536951751, 0.6339358619777633, -3.036140008013459]], [[-1.388935013795195, -1.85975524556034, 2.9664568558776816], [2.6594024928690416, 3.498243377836715, -0.9160309215231179]]]], [[[[-1.9003142679449256, -0.9489902279807251, -2.6430737607996546]], [[2.9562705591383085, -0.624552951843786, -2.235975159385133]], [[-1.7619089010742774, -0.5697908747050952, 2.2221034811164904]]], 