{"noise_params": [0.0, 0.05, 0.1, 0.15000000000000002, 0.2, 0.25, 0.30000000000000004, 0.35000000000000003, 0.4, 0.45, 0.5, 0.55, 0.6000000000000001, 0.65, 0.7000000000000001, 0.75, 0.8, 0.8500000000000001, 0.9, 0.9500000000000001, 1.0], "max_scores": [1.4141531095058928, 1.3206616321375082, 1.2417910316304273, 1.1519294043758879, 1.0958543147888373, 0.9995754233509981, 0.9482545805781957, 0.8803767511627609, 0.8329443945934063, 0.7620107805928705, 0.7067801603700106, 0.6678790930194092, 0.6528297209596376, 0.6385795759743929, 0.6458293823778756, 0.6544149411571996, 0.7052424479428698, 0.7522056167652165, 0.8145278966825392, 0.9037053647606437, 0.9999999999979825], "opt_settings": [[[[[-0.021799922240087283, -2.9920690925744498, -2.586372607192092]], [[1.3495274101477537, 2.371068387805458, 1.024584779813426]]], [[[-2.425721687724546, 0.8268517054360467, 1.5293529418916894], [0.3819850684644249, -2.3711564646973415, 2.3544214979323983]], [[-1.9451971188355843, 1.4783086842064077, -1.1687245608825443, 2.20151112383179, -1.776976016859939, 0.7291462609651043], [1.5286837856920972, 0.09774847750817227, 0.7189093713728393, -1.7531546888551812, 0.3043066201495188, 2.130693094770823]], [[1.719645627218232, -0.44835080886991174, 3.1192274040321157], [2.1500476148649668, -1.9966941777774154, -1.3286925534358784]]]], [[[[2.6868303759433476, -2.513101715564762, -2.4237570494231893]], [[-0.023704234760894116, -1.4067048130487332, 2.4853868703609208]]], [[[1.02257756782725, 0.5884241934605151, 2.767918840530208], [-2.799313861157988, -2.3064649812705658, -0.9737710169401028]], [[-1.1957848959733721, -1.2523294668066776, 3.1128022870422365, 2.879470599608534, 1.980698857980342, -0.7286583367273751], [0.4372653940771474, 2.313231960848468, -3.1040282130891947, -1.7375130651612405, 2.219945386138267, -1.0452638042327695]], [[-1.1725582802172194, 1.3953632887793084, 0.4032503096979862], [-2.942071788156417, 2.304521404969374, 3.108294693330892]]]], [[[[0.4069913248482408, -1.3402174907397164, 1.1935960482877044]], [[0.9183617481500509, 2.1217244158507182, -0.14372684230315405]]], [[[-2.8734082190068633, -0.461103232371763, 1.6407877986035126], [2.3137762934036394, 1.4034715125892288, -2.286444075170235]], [[-3.4649322014313717, -1.1147411132831386, 2.640071937933909, 0.6486733367487911, 0.22767454972653586, 2.80898893832938], [0.5964553267901469, 2.4382195610977107, -1.1246319445862212, -0.9892944612857785, -1.5539263916588528, 3.035741122860257]], [[1.3944044550546504, -1.7847891583272202, 2.501463607518242], [-2.9999245557780028, -2.4030580215109816, 1.6436314602407904]]]], [[[[0.772357558594113, 1.7784413879356373, 0.1701883211848472]], [[0.30239838329124885, 1.6425682168578455, 4.485820263327183]]], [[[-2.8058980211302407, -1.2547191516502278, -0.8003735372209354], [0.4645132880992188, 2.7844046056805154, -0.06028179081842983]], [[-0.10557043649192482, 0.8273035261211453, -0.35475514506175054, 2.2173646084607572, 1.6904359904653614, -0.42678785136144304], [-0.9951871294266963, -0.9540768472352809, -2.0662929479058034, 1.2050254085335532, 3.101876921901882, -0.4173980095133252]], [[-0.0019646401417666402, 0.9324057354596442, 0.5101676894772688], [2.3421015797382636, 0.7755959473598519, -0.6158138906589418]]]], [[[[1.854145407250524, -2.409000176837021, -1.5602773964902013]], [[0.32582244255014214, 0.30638297893531186, 2.887062581332029]]], [[[-0.9016559886079252, -2.4553007742543533, 1.5020459475857224], [2.676360626897829, -2.109664475480395, 1.1676953851538847]], [[-1.3330316037236214, 0.7495570011925462, 1.1773611079380364, 1.26871190120265, 1.8697014386901292, 0.94717344567992], [-0.7043926209407676, -1.081902293316602, 0.05377187309844104, -1.11227385921498, -3.6982391294498735, -2.2012042720110365]], [[1.3703800508335107, 1.0943381482628014, -2.156218265396125], [-3.6988515242115576, 2.3555751554776867, 2.699137547921096]]]], [[[[-2.7074387641176565, 0.7702059109169024, -1.4362603741978899]], [[-1.819280215471015, -1.7090907572570597, 0.4660796536110797]]], [[[-0.7316551032194563, -3.171547928080389, 1.2110678517220528], [1.3149297616664894, 1.6453360914621968, 2.774581810078156]], [[-1.0235231366341209, 3.084858742279383, 1.6859484837634637, -1.5801716502388767, 2.0623973162050357, -0.09816470815273731], [-0.3417996366505354, -1.593314689804524, -2.9050005196472592, -1.2839833771722258, 0.6105916884009346, 0.010164343667155514]], [[0.6035261699419037, -1.0276610777687116, -1.9053860955628992], [2.1062280590091094, 1.4776734123717563, -3.1105007607952686]]]], [[[[2.2871330941993566, -2.7664610624783283, -2.741564233428894]], [[0.08270566999199043, -0.46390701513034116, -2.7031597081256624]]], [[[-2.4543047372144637, 1.2598163305488999, -0.1870689310087983], [2.373104528994512, -1.5351376791877833, 0.5102405877405496]], [[-0.46427355644411067, -1.971696051662053, 2.051122161544309, 0.585965003420295, 0.3981544140536494, -1.2812661851246616], [-1.9317726464469944, -1.3694219083904842, 2.3087946647344735, -0.06843820217625965, -1.3203683169587646, 1.2804288365661343]], [[2.5789745186257718, -1.6153826224572345, -0.054506772677274086], [2.562621510595558, 3.0004545481640155, -3.0114910043031125]]]], [[[[2.374981646770573, 1.363149839949072, 3.2474360688490194]], [[1.7764678874684916, 0.23249041192492328, -0.1897142247958374]]], [[[0.06133792468385142, 0.13432275500800805, -2.9957947604533115], [1.7783146854224205, -1.351784625322656, 2.379115524752806]], [[-3.101269979919313, 1.025475370059974, -0.545580010976483, -3.1175329309962887, 1.3362606213587371, 1.7166714311018545], [1.6936105222186553, -1.5513262953434817, 1.3937036588622738, 2.3754714617588744, -0.3955370074307744, 2.942957861061225]], [[-1.4555856880188818, -1.788254655174951, 0.6114333158318326], [1.267292514145535, 0.4172390938793721, -2.143876780697001]]]], [[[[0.39318612196522046, -3.0470998398791775, -1.446713106978522]], [[0.8229307099561393, -0.39517224486982755, -2.8185651714896878]]], [[[0.852508269151172, -1.663813114269018, 3.004603612209176], [2.551026557078155, 1.4201044033153312, -1.5270732734657448]], [[-1.7106758662591153, 1.6333258490205533, 2.047995867016472, -1.8209646057788471, -2.3301033001900873, 0.5425456428226316], [2.9749676180954325, -1.4909276085841006, 0.24244675012441894, 1.073880081500056, -2.1632640240409993, -0.9477501486936426]], [[-3.8199329563223587, -2.663591741671159, -1.0758115239136952], [0.7433232202797554, 1.7046246310075104, -1.7509020806587867]]]], [[[[-2.2278958013671133, -0.3636315244038951, -3.079098586778789]], [[1.3721739866303073, -0.8549760188120066, -2.7582175565198526]]], [[[-1.808579883349281, -1.6277971661051696, -1.3403024530715388], [-0.4707393742765553, -1.6751748199244203, 0.050477141086448886]], [[0.15763148143696687, -1.518298065251125, -1.8833666479622884, -2.2284570996313615, 0.7060542842588775, -0.283401007666415], [-1.4230305830279617, -1.3088955242136977, 1.9526647613211745, -0.8846209683600688, 3.2414464707944957, -0.17291606684959834]], [[0.705505461000143, 1.8921467291649938, 1.0321211260808694], [-0.9310109443359508, 2.4549787972941544, 2.6556201689534245]]]], [[[[1.5890895133128224, 1.9918489536439314, -1.5592354658478222]], [[0.17349794764520363, 0.9011170987549275, -0.7735390200299973]]], [[[-2.358841237742608, -1.8845163123436426, -1.195765375020557], [-0.2750948474768042, 1.4274541111322172, 1.9682066749971259]], [[0.101997108587103, -1.3930073984168914, -0.030893455705328397, 2.357280676914113, -2.4354777342361675, 0.20604815296034254], [-0.5182136741291339, 0.45006454734661194, -2.374585198092552, 0.1990016710224044, 0.9909241938476366, -2.2141028282467907]], [[-1.7959755844522645, 0.990219638647929, 1.5098459652267888], [2.625855861892855, -1.1037337900970015, -2.8085560708940784]]]], [[[[-3.429854483483741, -2.1597377158491105, 0.41255480700799696]], [[1.1902541297361797, -0.6324529827260935, 1.862696147934518]]], [[[2.8940253154333657, -0.7648998176666943, 1.4559293235594437], [-1.9180293802908648, -1.6286293984389355, 