{"noise_params": [0.0, 0.05, 0.1, 0.15000000000000002, 0.2, 0.25, 0.30000000000000004, 0.35000000000000003, 0.4, 0.45, 0.5, 0.55, 0.6000000000000001, 0.65, 0.7000000000000001, 0.75, 0.8, 0.8500000000000001, 0.9, 0.9500000000000001, 1.0], "max_scores": [1.4142121289598377, 1.3241517203235058, 1.2358651758803183, 1.1471844121974453, 1.0777713292661626, 0.9637923549007508, 0.9326317225404064, 0.9164650114709391, 0.8307983495830751, 0.7645400381390507, 0.7065500148449491, 0.6698656296733353, 0.6454560410477833, 0.6455516156530323, 0.6439880433369015, 0.6645061960754741, 0.6724832831429377, 0.7148936015859507, 0.8059713814995049, 0.9025340475104858, 0.9999774808954689], "opt_settings": [[[[[4.85442569930488, -1.798520708586877, 6.635144647222464]], [[0.22894011868987107, 1.2390204009416093, 0.44207837276136025]]], [[[3.7749000311571255, 2.9568105318816884, 1.2367084354753866], [3.073200454777597, -1.6012197569953506, 0.2882767806123306]], [[1.6019504271877842, -2.0761280439397223, -2.660665820787471, -1.8925931067727793, 1.1007172901258504, -0.40245678506711013], [8.293748376488887, 2.680387170844254, 1.18934332901892, -1.3289937175961644, 2.612783249284281, -0.21115177894561]], [[-1.5943080847299123, 1.173970530848043, 0.052857671026678314], [0.1537940847636002, -2.034108582208633, 2.7023612537009076]]]], [[[[1.361875723936626, -0.8151058402426994, -2.6381369663767438]], [[1.3594054664412765, 1.003836646811422, -3.673261570662275]]], [[[2.6986128075627733, -0.3595682514168544, 2.309075573702181], [1.647613352714044, -1.7793650673237382, 2.7880392925296524]], [[-0.8187434023197423, 1.46720010193484, 0.5390179228362322, -3.0481641293448427, -1.2553636553712628, 2.939848414259866], [0.8402672545855004, -2.3206645247338704, 2.605758514040181, -1.7224380301965163, -2.2775208106341496, -2.096658835225709]], [[1.232444024169517, 1.0262206358583237, -1.6304442749718928], [0.4457657154172961, -0.7007524339677822, 2.365870051731593]]]], [[[[-4.462528146415076, -1.122007767985683, -2.308036915647434]], [[-2.8785822330728457, 0.3141334208590171, -2.2054206996553183]]], [[[-0.4960041307177493, -0.04378222087883142, -1.1617742787400793], [0.7050695585445254, 1.6438480211158664, -1.5703528609969215]], [[0.3961183021645442, -1.8694922308015198, -1.3481817034802743, 1.234590270150256, 2.033419790101782, -2.0533024589004603], [2.1837478562526673, 1.1935283054116301, -0.039182696980595524, -2.6310550495113203, -3.815189667476097, -1.5818203785266296]], [[-2.188618740310511, -1.7205396127808397, 0.6840099436846832], [0.17478816948777948, 0.14231521977101094, 0.1341691507405352]]]], [[[[0.7656150328473241, 0.9752488355752971, 0.6455639959432288]], [[-2.412785913937092, -2.5278435525406704, -1.09097816570289]]], [[[-0.10748753224668417, -2.459699961050793, -1.41635409583882], [1.9824520457928667, 1.1692737325063254, -1.9722115644159057]], [[2.4603492209721125, 0.892050333396162, -3.1040246186181784, 1.9817841863398202, 0.2572619333428505, -0.3144956315753133], [-1.5192219698630094, -2.218709125039491, -0.5927212312492989, 1.4059004032290632, 1.6509660894672196, 0.7482082842437667]], [[0.4011943767516719, -3.047705047965485, -1.1735890488969076], [2.7609952336249046, -1.6112963257432809, 1.4961271121744175]]]], [[[[-2.032857156471843, 1.2044333854477078, 2.4808180493562384]], [[-0.10449530895157252, 2.282897922008257, -1.7312757944959716]]], [[[-2.411711125996189, 1.4610743186793225, -1.8524295576185472], [2.829348607184996, -3.2665984724509114, 1.451569641356138]], [[1.9650864825873355, 0.3304471796031685, -1.2220352629105435, -3.4376879123840745, 1.8816440056456123, -0.6105912568661093], [-1.2337604980177337, 1.2749243376763748, 1.140254121826625, 1.1475980501436112, 1.7386249928224042, -0.04682957757551524]], [[-1.354717790560105, 1.2886884638508678, -0.7079563774628411], [-2.796405185731868, 2.098979912064239, 1.4901830381720194]]]], [[[[1.6160863322531789, 1.6524427693154358, -2.008630333869793]], [[0.586937633411519, -2.709074210776701, 1.8316520594081793]]], [[[-1.4012690788272342, 2.707431360128907, -0.8906566047997384], [2.245337558657948, 2.1580052339239266, -0.19057857617828225]], [[1.7510851463169679, -1.270003543962975, 0.5199955445658138, -2.78568445005563, 1.4377728418558702, -1.5557730188685577], [0.7791275826306511, 3.287052547650552, 2.087849961894694, 1.4473953963630959, 0.15611603476529654, -0.7414243110415752]], [[1.397660505625869, 0.7675898562585587, -0.603295360138597], [-1.3808806765428547, -2.095302611017653, -2.6536211088627097]]]], [[[[-0.2319526359217397, -1.516641121187204, -0.583257428698646]], [[-2.4685314895748105, 1.6883615246236445, 0.5292099430147882]]], [[[-0.41804302044335145, -1.9997947746323474, -1.5384239688294936], [1.3248597462393992, 1.6034731637020323, -1.799458392873334]], [[2.083364533881437, 1.8143103414124009, 2.711490190776424, -1.3890771624345564, 1.6880687253435105, 1.6228898421237918], [-2.1071303535049988, -3.0405376861081828, -1.1197508168546617, 3.360508039974939, -1.1234025496964606, -2.4640048433051027]], [[1.2423928784249099, -1.607370435926609, 1.901492525564159], [0.27784250776232017, -2.936144993395149, -0.8512931659666368]]]], [[[[-3.295198303086091, -2.671880113163643, -1.079125155855642]], [[-1.6319811897463017, 0.7827654711154151, -3.2665842476869327]]], [[[2.2137908407783358, -1.9119930373612921, 1.702851373308775], [0.08331933663266747, 0.7523813894989808, 0.8268791976376462]], [[1.794470399844197, -1.7859196370065353, 2.067456157102901, 1.6801986114112348, 1.097233884282885, -1.9039878683724485], [0.4480373811660919, 1.9683796844469614, -0.8822784710427238, -3.2315486636740247, 1.831681912134974, -1.4163383634240123]], [[-2.7520699065491843, 0.573325701764887, 2.295569224996423], [-0.564495136254702, -1.8879948263891342, 2.710601720192173]]]], [[[[1.551192651076693, -1.7674644568009656, 3.264482900099079]], [[-2.8142377037662047, 1.535324273505073, -2.502776122308516]]], [[[2.328493417712572, -2.1070815597873525, -0.707334829671183], [-2.2432751674911358, -1.8784421870014856, -0.06642019728762981]], [[-1.3207466341977032, -0.6398088040261796, 1.086013629600731, 3.0916366499035695, 2.4751442706932196, 1.7575312232860059], [-2.9547000525606144, -1.426885552221122, -1.1306384000303622, 0.8706716250307251, -1.2997483640382468, 2.140254963792349]], [[0.928022501623212, 2.0613770205826216, 1.66018655227356], [-0.9154769994835441, 2.12058911662712, 1.0548117933013152]]]], [[[[-0.7548424982096139, 1.709990584505908, -1.0979861999344083]], [[0.8555068690795409, 2.5378848297584846, -0.7672270130714843]]], [[[2.67192628850034, -1.03499409359083, -2.4850047101220794], [0.33000131658066, -0.8001097566171885, 1.3968009683678941]], [[1.0986020476258267, 1.0878601044476983, 1.2015523750163506, 1.948211747778005, -1.6262702208536262, 3.017544215045686], [-0.6876415061139302, -1.9766605793360674, 0.6954272812566255, -0.6436929881449815, 1.3206694376776478, -0.9372763297682082]], [[0.5733144934216172, -1.5849529355411383, 2.1946898552602896], [3.002306036293748, -3.1534777285589533, -2.0165370588991363]]]], [[[[-1.793270778790295, 0.7092556846073493, 0.6796785209347239]], [[2.470584918749768, -0.7341273184536975, -2.694368344472501]]], [[[-2.4256772069356622, 2.1823738474504166, 1.9247655183223724], [-2.854673234007266, -2.4940501188529733, -2.855003135137561]], [[-1.9598012289402313, -0.45564108483607163, 1.8223283201615397, -2.6228450968330588, 0.7063048141707778, 2.8272352943270507], [-2.68193419839685, -1.870550212857117, -0.8761168509439115, 1.506737186162806, 1.116103077806986, 1.8163495644779575]], [[2.1530040831458632, -0.20244107687781582, 2.1490629682068745], [2.145687133504159, 1.3589764435672855, 2.692517201697269]]]], [[[[-2.9200332070895256, -0.09399743825635966, 1.6881790119936788]], [[0.5478117268119633, -1.7882518939898921, -3.005686746175614]]], [[[1.0042561116670183, -1.7098680792107546, -2.864672355501357], [-0.4912140043579214, -0.8790527688061962, -1.7451974266865828]], [[0.9879210985750081, 