{"noise_params": [0.0, 0.05, 0.1, 0.15000000000000002, 0.2, 0.25, 0.30000000000000004, 0.35000000000000003, 0.4, 0.45, 0.5, 0.55, 0.6000000000000001, 0.65, 0.7000000000000001, 0.75, 0.8, 0.8500000000000001, 0.9, 0.9500000000000001, 1.0], "max_scores": [1.4142135623328718, 1.3165282140701793, 1.2379243375759028, 1.1410522382512376, 1.0782014458168687, 1.0569276277327102, 0.9481191812727687, 0.9053228004317462, 0.8243699495166217, 0.7733235541289856, 0.7069988919927108, 0.6754042490578218, 0.6502347026918085, 0.6413703397739331, 0.6481434647378613, 0.6684127281155103, 0.6386631511011545, 0.7365753493722647, 0.8087402167645926, 0.9047538712868672, 0.999999801360602], "opt_settings": [[[[[-0.5503336839594835, 1.451908695761333, 1.6083525569370236]], [[-0.3763514553286935, -2.7155686037426654, -1.1306651879099119]]], [[[1.5094976438617185, 0.817673997642158, -0.7007573980270019], [-2.0526661271169946, 0.7980990104521071, -0.5115866325233696]], [[-2.3750139888635715, 1.7023279746833009, -0.4634446963972941, -1.1879811503235906, -0.08914722886267593, 2.296452044868728], [1.779714180824297, -0.23128480655425404, -0.11534889663961666, 1.6129098843998175, -1.4949220116175814, 2.731032970765595]], [[-1.8416661878225717, 0.37974105332572333, -2.703595226886878], [0.8167229392017369, 1.2347988597959094, -0.9531088745738323]]]], [[[[-0.6214446106299276, -2.3616501256836244, -1.7966652942447816]], [[-1.7214361516121184, -1.6014192299066068, -2.1675572897636224]]], [[[-0.006484919404119133, -2.0083173313893874, 1.0903231575690793], [-2.2100517379788984, 0.667587976713801, 3.029164755750386]], [[-1.0388801331246869, 1.865363226344382, 3.072099735740288, 1.7429188128869717, -1.6034844686645116, 0.6058200645097381], [-3.23043202183961, -0.41121439118622094, 1.9349693548907665, 0.027442211004298802, -3.246136768042973, 1.2506672908917835]], [[-1.7095771827299804, -2.2750389691672654, -0.6605523128025171], [-0.9283024324797015, 2.2703072723012068, -2.3407232069374384]]]], [[[[2.2060126783355383, -1.8952802305669323, -1.3778685882183184]], [[-2.4448223264861433, -1.9695703995204197, -1.9069528326008267]]], [[[-0.15183340456431066, 1.4626515229461452, -2.669235536259104], [-1.6445808189634872, -1.1658100398356275, -0.303384395958601]], [[0.13095840843748816, -2.176446733767921, 0.3486929293486679, -1.675383205955353, 2.758634120205918, -1.0285328843138823], [-1.0793634940902643, 2.1101160211266405, 2.6543653862470986, 2.1246560758315605, -1.2172963059551678, -2.3522768889144903]], [[-1.050805563261964, 2.401913473570162, 2.283819705204216], [2.488453415352492, -0.8482015638638095, -2.3541986312762266]]]], [[[[-0.1904796787975372, 2.1501585770992926, 0.3347414314085099]], [[-0.457842981427835, 0.6134354745125773, -0.36861710271412607]]], [[[-0.025714511782188025, 0.9133865199040199, 0.1415478919875415], [3.0516654892293107, -2.3826202302237554, 2.209716153528407]], [[-2.5300337674788578, 2.4235519748407923, 2.028679297360516, -1.7762434436655237, -1.4088875466551525, -1.302270190511925], [-3.013686019508604, -2.183535238633137, -1.7765779183948358, -2.737735114722732, -2.825299611523427, 2.5972779157357895]], [[-3.4971281651953867, -1.022287821236619, -2.258462615092268], [2.359743407679661, -2.441567156979717, -0.40053079583194423]]]], [[[[-2.504402740783101, -0.8352839007770629, -2.6454267397235154]], [[0.6893696496331316, -0.29538655457671253, -2.551748260577208]]], [[[-0.08514653171627137, -1.4502935602976121, 1.5370453070718897], [-1.9234305026217413, -3.321320968419622, 2.255079867901144]], [[2.0629077259786275, 1.476411162953116, -0.6277892335822148, 0.07032533521501673, -0.6949752251656529, -1.589914250540102], [0.42921239013003465, -2.95817259862465, -0.04321381529614239, -3.4996326330711933, 2.118171425411879, 0.8529029534155647]], [[2.013998202596458, -1.1590293602428203, 2.1261963019814227], [-0.4692418683302253, -0.5726308412773432, 0.2155680188187099]]]], [[[[1.5478967525154417, -2.524081076072, -1.9909637707916426]], [[-1.2750968976582644, -2.3191551430754025, -0.5929759486753988]]], [[[-1.8779849058278282, -1.682834000685763, -3.081837674564627], [-0.07049076040467821, 1.2554010935234052, 0.5773346866835153]], [[3.3925419032589046, 1.585874027438436, -2.195456516116111, 3.0633434384730633, -1.0161042449137214, -2.8378192906498225], [-1.3161626148915861, -0.5927370429697005, -2.650102313705114, -2.1989147166719323, -2.150893414383963, 1.6465038624911355]], [[-2.201476508587728, -2.3318247807166146, -2.0821433618894503], [-2.676114049363926, -1.02797245913592, -2.106550142628496]]]], [[[[-2.975876620478237, -0.7570174192831922, 2.6618331828509985]], [[0.11391459911344674, 3.121433161428621, -2.088529108874711]]], [[[1.2224874215517902, -3.3314333254314503, -0.04655617483534448], [-2.6323408015716683, -1.3671407947526266, -1.6130796632330227]], [[-0.5056141843796821, -3.387710326422224, 0.3475680083922063, -2.925492982886923, -1.5198998673130866, 0.37731683820537243], [3.02905083487069, -1.3332366089896341, -2.536165857855372, 1.3818396948855105, 2.129575462028419, -0.2928167284523671]], [[-2.8738614140749457, 1.0281437821862043, 2.0693272246114094], [1.699652908203547, 4.443614292382078, 0.406268881645251]]]], [[[[-1.4956370508392347, 0.2435088204348402, -2.126364553888315]], [[-3.0646083520138037, -2.555150600448756, 2.7230162971980487]]], [[[-3.3401344093119563, 0.49805532644084893, 0.28224612316434056], [3.3089751807241665, -4.299571843328605, 1.6804852627556761]], [[-2.610995648776902, 1.8697181711952973, -2.102265900007569, -1.6740790023420953, -1.6780277883842991, -0.650294757355162], [-0.9448299671024921, -0.3584162532406763, -0.6994861167149501, -0.16354115570745748, -1.1911712208462781, 1.067298887819664]], [[0.20917576716015526, -1.874134647187471, 1.3834680297364454], [1.73378543859978, -1.6014833581353722, -2.5188439525430963]]]], [[[[2.3690703670609534, -0.5661333479145796, -2.2437180513784902]], [[-0.3582567801312889, 2.5058935927133508, -0.7107657274249493]]], [[[1.8341688687119575, -0.30143400086656486, 1.4919188140891606], [1.4601666905783317, 1.5215897995142655, -1.8118682145532548]], [[2.403834245671011, 2.5639063010141507, 2.9628961509604403, -0.8648163905156746, 2.0014733032963172, 1.9459372275693232], [1.342175958885649, -1.7194050406049903, 0.37982776409033286, -2.9233600810011082, 1.464840249383035, -2.2172001442212963]], [[-0.5352350158995133, 1.383601674697224, -1.6227592060305995], [0.649169692894753, -2.620263371665914, 1.1522749432981376]]]], [[[[0.48352505185260525, 3.0008857191090694, 2.1273610009259185]], [[-1.6024304873498836, 1.977676304529866, 1.7514290321582249]]], [[[-0.011917169220779057, -1.6784402733698935, -1.3536177671422487], [1.5236154743715746, -1.5887645900796488, -2.540912784304558]], [[-0.7268631594240546, 1.481879601717281, -1.662307682940117, 1.7703210495320145, 0.9427441382087131, -1.4519333033325554], [0.8239882758696071, -1.7014555229353834, 2.421634998432734, 3.1251766399644434, -1.5860835313985338, 3.005611022311882]], [[0.8712850864815803, 0.8565272634378484, 1.0870657055975992], [2.6847816905937543, 1.2424153123833892, -2.075266665883614]]]], [[[[-1.390483838655334, -0.958743936274347, -1.7948225126331836]], [[1.9025926985395425, -1.842368178400319, -2.0212717529822473]]], [[[-2.893362793887681, 1.3221932062354225, 1.3539403540332706], [2.1399153744604678, -2.4574166981434082, 1.0393392888590192]], [[1.0685882929812942, 3.0546641768483997, 0.5398958709678716, -2.4659155588319406, 0.4167549261524486, -1.2344892141125048], [-3.396253199978428, 2.520243990281522, 1.0643625091223097, 0.7496991488018674, 1.1277734459795852, 0.10802888162836315]], [[0.7129151803892476, -1.9292983026052455, 1.4294816138816697], [-3.53977733897379, -1.481996823444338, 1.0294486054203407]]]], [[[[-1.3673345333464153, 0.2311642967738605, -2.114121628898415]], [[3.359022095898893, 0.34363236960298765, -0.6466382342906921]]], [[[-1.2660691667003616, -0.06557137719081671, -0.6243100477301492], [-2.906827223801725, 