{"noise_params": [0.0, 0.05, 0.1, 0.15000000000000002, 0.2, 0.25, 0.30000000000000004, 0.35000000000000003, 0.4, 0.45, 0.5, 0.55, 0.6000000000000001, 0.65, 0.7000000000000001, 0.75, 0.8, 0.8500000000000001, 0.9, 0.9500000000000001, 1.0], "max_scores": [1.4142135623730954, 1.3151627694023522, 1.2289630810885128, 1.1542970074456473, 1.0909186565095774, 1.0408281472631278, 1.007760288027026, 0.998443837180838, 0.9982169435894465, 0.9998924660296187, 0.9999809206301022, 0.9999858724712845, 0.9993098081819977, 0.9999999761838704, 0.9999999962869689, 0.9999999994055516, 0.9997948203685286, 0.9999984727585391, 0.9999997230095395, 0.9904656487307015, 1.0000000000000002], "opt_settings": [[[[[-1.579312111488552, 3.1063924263278806]], [[-4.697275325810926, -3.139525362577821]]], [[[3.0615502285361846], [1.48109594082116]], [[-3.9935761646320165, 2.1476234471431552], [3.8245270097071176, -2.5786863000697156]], [[3.3524358085437154], [-1.3502952102511525]]]], [[[[-0.972587553008711, -0.4187945657262696]], [[1.4781498417164047, -0.0001454769078003136]]], [[[-3.103115214944037], [1.6700785425032336]], [[3.5677244768777334, -1.9872360422613549], [-0.5413182730409986, -0.43903716399340165]], [[0.38852578383913855], [1.8985171910015353]]]], [[[[1.3620523523867825, -3.120282165461468]], [[-1.2498814272190848, -3.0772743571046046]]], [[[0.5971231848350247], [-0.9477345669082909]], [[3.3213721545922392, 5.754790917399328], [-1.4003241222403378, 0.8934412966001447]], [[-2.970375311436597], [-4.515233024463616]]]], [[[[1.2651228095213154, 3.1327006417969185]], [[-1.2928057673264783, -0.00016458326104513065]]], [[[-2.493493453261795], [2.241205884375974]], [[0.12339425385471899, -1.363016570421464], [1.6997783024343107, 0.20649280764230843]], [[0.5893583640317349], [2.1378429840650175]]]], [[[[-1.1653976709120202, -3.130637431031584]], [[1.0611331118003036, 0.05694600856682559]]], [[[-1.506358557834499], [0.11793092194936856]], [[-0.6443162956397378, -2.25755275184552], [0.8327128067696125, 2.6869026288564988]], [[3.3308243523684173], [-1.3280715987876601]]]], [[[[1.1071619551622307, -3.136162783051821]], [[-1.1659361134452302, -3.1412937911068552]]], [[[3.2149197194252035], [-1.4676269024914557]], [[2.3144695469904564, -2.3127421749643817], [-2.49056632166574, -0.7428182026336545]], [[0.02679340692844775], [1.6274255281744554]]]], [[[[0.9987741632829245, -0.07393003780450695]], [[0.6184608513581459, 2.8956764471509904]]], [[[1.6077586348685706], [0.18190314963150644]], [[-2.3552141258912647, -0.2269919960296807], [-0.5241089753682909, 0.5943370575258278]], [[3.0327378119336466], [-1.8249968734546804]]]], [[[[-1.0312025528142243, -3.132213863619267]], [[0.12365827039715568, 2.1582831218772425]]], [[[-1.203567901249724], [-3.032622122888498]], [[-2.086611385477462, 0.12517466074176903], [-0.5323571832461048, -0.04071136202327567]], [[1.3086153469647936], [3.1377880933594486]]]], [[[[0.7071181563125202, 0.07784229243287402]], [[-0.7900448713273149, 3.094804077794251]]], [[[-0.9686168540391706], [-2.948175773819179]], [[0.9524247120816921, -1.236529410061879], [-0.21696243306691715, 0.1527365760884156]], [[-3.4870164957724374], [0.8162553321528385]]]], [[[[0.7758833197282402, 3.0657554279171166]], [[-0.4467179151421835, -0.3052187222223297]]], [[[0.22256143862584998], [1.9214051891450283]], [[-0.8546971357934858, -3.3904831496248993], [0.25866658992132047, -2.7906104422634175]], [[-0.042223297942054136], [1.6571946940990574]]]], [[[[-0.7740176885203807, 0.015067334235253513]], [[-0.901888008550423, 0.01445524661242639]]], [[[-1.5013129369149647], [-3.1559659275077268]], [[2.567243052520152, -0.8732080704562969], [0.5433735163768267, -2.6813626216581166]], [[0.16412792189297762], [1.8192721168752348]]]], [[[[-0.5619695607889494, 0.02988683652000668]], [[0.5695347087993164, 3.040544724758826]]], [[[-0.2376634617864159], [-2.5085953504664276]], [[-1.9692517975839587, 1.2039946479793702], [-0.07080020059936622, -0.07733869558351791]], [[-0.24213129517535853], [-2.5128287885991054]]]], [[[[0.041880448614845786, 1.8693521363714876]], [[0.637008198554494, -0.04748298154987493]]], [[[-0.9869493055828708], [0.00013298012698075397]], [[-3.132498750582997, 0.056087175407840764], [3.0961525661782496, 1.9624737522264022]], [[2.8577841120284297], [-2.438325866367975]]]], [[[[0.08740925911932557, 1.1758527489057624]], [[0.027170244301868634, -1.9039278612449715]]], [[[0.9250276975383137], [-0.002240293320664158]], [[-3.1309406855662707, -3.139392237651531], [2.9216704402805243, -0.18900797635073274]], [[-3.1411466938528956], [2.214645671886139]]]], [[[[0.5062677426702761, 1.0269205035254365]], [[0.6891888660546499, -0.212859937206025]]], [[[-3.1370098663588863], [-1.4884556434444456]], [[-2.90175741543723, -0.43689380414179596], [-0.15841116443302408, 3.3476998695255293]], [[-1.7226068538935133], [-0.05489526839638252]]]], [[[[0.08316497116155092, -2.7590946953487494]], [[-0.032780131332152344, 1.4048508233571497]]], [[[-0.9911581413169416], [-0.0012658309271017694]], [[-3.1204226659593415, -3.1427120946789695], [0.010746131391099997, 3.0288012268250224]], [[3.1417728225322086], [-2.151508617186737]]]], [[[[0.8101164913732442, 0.018136578252543632]], [[-0.8164084560147429, -2.596100623281507]]], [[[0.0355181636142045], [-2.2368683646933767]], [[-0.10384902007299243, 0.9196064324210967], [-2.9834465360356677, -0.0376996825861793]], [[2.4061952797614876], [0.12780791355155885]]]], [[[[-1.4033555700348388, -2.894581745775295]], [[3.4339549185780456, -0.3446455266155037]]], [[[-3.163470146455999], [-1.406476284118987]], [[0.08720122087245431, 0.1220397614567483], [2.9470934166364247, 3.0536440273317775]], [[-1.7526932392899035], [-0.0080596218841048]]]], [[[[-0.12078135359223897, 0.3446321945463828]], [[0.6436565457047018, -0.5582916123514087]]], [[[-1.5697974392819967], [-3.1414671246174226]], [[3.118321675586492, -3.0710560240153155], [0.01513207909044895, -0.07994082897236535]], [[3.140966985750256], [-1.5705351784219874]]]], [[[[0.14032714044054687, 0.22272495780611154]], [[-2.88222721621126, 1.485717375782996]]], [[[-3.141722484235055], [1.7776932573139592]], [[0.0024188387526672154, 3.136075612676563], [3.10091339317966, 0.05053531587957618]], [[-2.0596698324783616e-05], [-1.3637154099220843]]]], [[[[1.253682005018027, -1.6101951511677348]], [[1.1234001220319882, -2.1936361130087354]]], [[[-1.4731262107332697], [3.1415605265461606]], [[0.029720739300370044, -3.120230676935692], [0.010880557359198866, 3.1335351276042975]], [[-1.6684492666647555], [2.0117210802908648e-05]]]]]}