{"noise_params": [0.0, 0.05, 0.1, 0.15000000000000002, 0.2, 0.25, 0.30000000000000004, 0.35000000000000003, 0.4, 0.45, 0.5, 0.55, 0.6000000000000001, 0.65, 0.7000000000000001, 0.75, 0.8, 0.8500000000000001, 0.9, 0.9500000000000001, 1.0], "max_scores": [1.4142135622363754, 1.3183425416385757, 1.2352195534902826, 1.1542861700370624, 1.0892601931510133, 1.0506179102167568, 1.0075658544171828, 0.9985703020965996, 0.9994160527042804, 0.9995027929291574, 0.9108741433251651, 0.9997516815503993, 0.9999986466717994, 0.9997134028759164, 0.9999825922300084, 0.9999226779842045, 0.9999999965732691, 0.9999999679132155, 0.9999999980668777, 0.9999910006658332, 0.999999999999954], "opt_settings": [[[[[-0.5604729733410443, -3.16676130181653]], [[1.4433445748237486, 2.212083501299449]]], [[[2.8688658867377743, 0.008022246478732611, 1.8142518925473092], [-2.0109395484425083, -1.7594164523828864, 0.9955309831470904]], [[-1.2247930973519545, -2.7753683497802806, -2.7822804172601807, 0.5459272556933276, 1.0282327397404658, -0.5211628616872116], [-2.9536764288071087, 0.07365398724434527, -2.478638002412107, 2.328444180125354, 0.21823269995426534, -0.19119139977985355]], [[-2.552621639951934, 2.046077080485253, -1.1322711064816948], [-0.2870873201447574, -0.33806597181033404, 0.9297127757082125]]]], [[[[-1.4104244221369067, -0.22687921326185773]], [[1.4423631536879846, -1.8983976588780584]]], [[[0.6704896133532591, 1.7293277832693934, 0.5496676565636235], [-1.516079393757361, 2.77895353644077, -1.8396511004007876]], [[0.0556249288731854, -2.5450037936331342, 0.4412789198996991, -1.271927664206794, -2.3331277771475953, 0.32095337375006006], [-0.73860797801464, 2.1983834873870056, 0.47343087178309945, 1.4642362335412107, -2.4175674929173065, -1.6173196874665425]], [[-1.8554426413905756, -3.264617428631462, -1.7598782019162145], [3.3652276750414987, -1.5054604446908275, -2.870811728250525]]]], [[[[-1.4050602235913887, -2.3561762742337886]], [[1.3851377883199296, 1.1608712997476074]]], [[[-0.8642432280602415, 0.280871840317365, -2.7128461993511523], [-2.3138381886487616, 1.6751828322570894, -2.8024829255149166]], [[1.290660604960408, -2.2077904049642516, -0.6115088435560281, 1.3039759479433708, -1.4237319566221904, -1.789246413200694], [1.7912920375375556, 2.3842838667365687, -2.676114110380567, -0.9922602601325998, -0.3460980692164698, 1.924013158533092]], [[1.0554888070848671, -2.498822540740015, -0.03498789484702494], [3.578741124155632, 0.9811790995796295, 1.3444576229407375]]]], [[[[1.2608005954018413, -3.5981439662478856]], [[1.2848757131220843, -1.9460550956633285]]], [[[-1.599369839584151, -0.5534949759755656, 2.219125884756231], [-1.3146495903436848, -2.1157027479853325, -0.41259860694941947]], [[1.851536110882002, 1.2700619011786392, -1.7454588811374951, -1.304624274547838, -2.769178132723555, -0.6708347220613021], [-0.6911321343364335, 3.2378848076984363, -1.383037765105803, -1.4222783396515082, -1.2265999875667855, -1.9013954726963689]], [[0.15918825647001766, 2.008259403881485, 1.737337926928042], [0.4748181666521682, -2.7188362814674583, 1.2972350507145167]]]], [[[[1.221615738214051, 2.1375312954573675]], [[-1.212215128040218, -2.45852860866283]]], [[[0.004348491736027227, -0.9704321907422533, 1.5926905678852312], [-2.7275332047553937, -0.6063203767161478, -2.53701175160821]], [[1.5174432984218886, -2.8770622537066983, -3.022530380498997, -2.1497155639949663, -0.5844457452681286, 1.922694285504905], [0.8404468288461147, -1.3943931160589347, 0.701807229174855, 1.7913618458901819, -1.0036786441590781, 2.0177712923961186]], [[-0.09202157383704064, 3.5306178975695417, 0.4067680952485855], [0.9772456407622941, 1.8087823606707931, -0.14168316078787674]]]], [[[[1.4930188224723309, -1.8091436015998237]], [[1.0951501587317662, -0.9784005038394086]]], [[[0.4279754947233743, 1.1039081559215222, -1.7208622116404662], [-1.2445879941558151, 1.3701889810232246, 0.5148528875757996]], [[2.2761373984954063, 1.0955493867497905, 2.9312584384415032, -1.0969032637440392, 2.4489641285981705, -0.39427543603748727], [-2.5426247768766745, 1.745620486426828, -0.9250560716923677, 2.245214458194208, -0.7498404133514418, -0.7264160493679429]], [[-1.1710812410699618, 1.543133466029811, -2.207741887440062], [0.9320055375271656, 0.08227714744945089, 0.7689589865308767]]]], [[[[1.0234167754976953, -0.41520733305512947]], [[-1.0244491470940509, 2.353927980468435]]], [[[-1.5314897139075545, 0.8775578784169337, -2.712061133769334], [-1.8003053103956081, -0.527794024600736, -0.37811589172550386]], [[-1.5857226240510034, -0.1866995742385381, 0.4258678928053715, -2.6605441899926565, 0.12829895563492125, -2.7276884981788365], [2.0500028083622395, 1.7618119155682337, -0.7241674947936545, -0.8269531294558203, -1.6392038735926642, -1.7233349792452013]], [[1.77610520309274, 0.6525117870977952, 2.846358955475516], [1.4691620340325182, -0.7592958825073168, 1.2037133948869227]]]], [[[[-0.5914062965635677, 2.896340478343381]], [[-1.070098541346809, 1.648175004158133]]], [[[0.7323087114127944, 1.0338981889085577, 2.7734524100045714], [-0.7075314588292116, -3.0910856678488874, -2.91069101135778]], [[2.439425809048401, 0.8114354763074616, -2.207191417892953, -2.6632984687866954, -0.34472903089251455, 0.42458197292877753], [-1.9911037765749358, 3.1095009228004, 2.103450017182227, 2.3447861441004987, -2.1975608570720824, 0.960319527844489]], [[2.5423924447002832, -0.4844183182836147, 2.4741088982653916], [-1.053343289662143, -1.5102516023944386, -1.4431929470661287]]]], [[[[0.01304316374935259, -0.35310743486611545]], [[-0.5272076241333732, -1.162893634861545]]], [[[-1.1301571634243053, 3.141259485712732, 0.7185071726190075], [3.088708044647771, 2.4090776991427716, -1.78246487345295]], [[2.2106545348294397, 0.0010298253574093264, 1.3774050073025883, 0.1359054139083273, 3.059103678403488, -1.973720104593036], [2.3891127435906983, 0.16003555450666834, 0.6392817807123733, 1.6752343306453303, -1.7481666720322713, -2.9533796420921328]], [[-0.08863607585971878, 0.4627256694024884, 0.7654430272473981], [-1.188012704337429, -0.2862561133076312, -0.06460960240852454]]]], [[[[0.9537423778924479, 3.379332369717742]], [[-1.2061340085414698, -2.6015969952460027]]], [[[-0.44990692472603844, -2.4161074170517556, -1.313364856943619], [-0.18686443199826278, 2.468802179152711, -0.18665268704747578]], [[-1.545608528831976, -3.0408268392288513, -1.3978183623091696, 1.3534916940013078, -2.3949043997826713, -0.3384441724291435], [3.22490289079601, -1.536105783441438, 0.049232779584985925, 0.0904947215849309, 1.921484422140048, -2.1521473568514344]], [[-2.930953658575689, -2.4416173150958773, -1.7106020917384435], [1.9280635137691933, 1.9276408030969336, -2.422174088175804]]]], [[[[1.5267881677000228, -2.470051634825093]], [[0.02584262551397659, 2.268835228745221]]], [[[0.13975207912936838, -1.2664902259024484, -1.7870747964535219], [1.7829581231151963, 1.5525090066522977, -1.6551692774909084]], [[-0.028118288023974494, 1.3537908926173672, -2.4064193057682988, -0.11746426775745185, 3.1334156766919863, -1.8376841342373849], [-1.6729819554143637, -1.7759007568296008, 2.0494221746373302, 3.09727903192386, 0.05434121574650645, 2.8851141537921334]], [[2.9776507661190967, -1.6449733473174273, -2.880773526910568], [-0.1194183985045551, -3.140991374185913, 2.746272935031821]]]], [[[[-0.02878496469167935, 2.382070217866651]], [[0.3663779249280531, 0.16878116959496794]]], [[[1.2022183434939342, -0.8396637938743889, -1.552600227253073], [-2.5281850944548228, 0.0011095358082187162, 2.763841228112719]], [[1.3609659187478973, 0.0022867068040551865, 0.48735035533881305, 1.2344197951190237, 0.07098412538458171, -1.3427446670083023], [1.2839506118599169, 2.9553626007163833, 2.7976757976765456, -1.2468746999581393, 0.7539912965479527, -1.3918790452377505]], [[0.5500683452134508, 0.07688631786584654, 2.7173013029030777], [-1.8925802317215252, 0.7610407284579657, 2.834549126309315]]]], [[[[-0.7879732539972958, 2.165363697006963]], [[1.1240182293674863, 