{"noise_params": [0.0, 0.05, 0.1, 0.15000000000000002, 0.2, 0.25, 0.30000000000000004, 0.35000000000000003, 0.4, 0.45, 0.5, 0.55, 0.6000000000000001, 0.65, 0.7000000000000001, 0.75, 0.8, 0.8500000000000001, 0.9, 0.9500000000000001, 1.0], "max_scores": [1.4142000837794195, 1.3387888390441345, 1.2633641157199647, 1.1879393923933854, 1.1125146690213876, 1.0370899457189222, 0.9616652139255009, 0.8862404989061139, 0.8108157748236107, 0.7353907205053789, 0.6599655860975833, 0.5845416036658988, 0.5091166966123533, 0.43364731949122387, 0.3581992679779985, 0.2816170804939211, 0.20736159859768769, 0.13157019972363848, 0.054794973265525654, 0.016238558629891875, 0.09329765380106439], "opt_settings": [[[[[0.34730874817693524, 3.374286441623968, -2.0074983786364724]], [[0.8261621340373395, 0.08163570278446372, -0.45332404088036904]]], [[[2.80729459008321, 2.3569337486474136, -2.3461485286211867], [-1.5025708269126952, 2.3896515405767573, 0.5793133445681962]], [[-3.2754373132771244, -2.108156226812985, 1.391912826522973, -1.5304283633203704, 2.368137832872993, -2.8450610912412824], [2.464730996782478, -0.42047854687519254, -2.5765519242485744, 0.12484392331013226, -1.448512392733356, -0.6529059011861758]], [[-2.9852685696343615, 0.9100589803175607, -0.8608421456124374], [2.053603560741715, -1.2206405830643252, 2.6344779434303165]]]], [[[[-0.6135884368729427, 2.7434467705131578, 2.7088989233060254]], [[1.7329310848122357, -1.2345829849838441, 0.38077190145432266]]], [[[-0.4756008153926649, 0.3065603002572364, 3.007796747374984], [-1.0994825581372865, 1.828507083157376, -3.042404284264494]], [[2.5790109096226965, -1.9935917246327735, 2.3618683645659235, 2.3999911042195987, 1.1967118139267572, 2.9556871349677682], [1.458265413158399, -0.7159740885449413, -1.0873953300640773, 0.2024050949332663, -2.534373571125537, -1.3479029914215275]], [[-1.2512997384375473, -1.5431275027141338, -1.446706113581455], [-1.1181394964139901, 3.164266433343787, 0.5335062592391182]]]], [[[[-1.7668590852383557, -0.03620103192914481, 0.5148964596596753]], [[-1.3504603330365694, 2.1177862693691205, -0.587013457712329]]], [[[-2.7698697602864315, -3.3551290945989876, 2.5785822213289267], [-0.18785318934528725, 1.7450644640719015, -1.1005120429426247]], [[1.599316572596074, -0.6505207218531233, -1.755484196048553, 0.1588512738023164, 0.9833074700606913, 1.3729733450620865], [1.3254913666784924, -2.2074215642583854, 0.334411834761799, -0.9587685691541747, -0.9943725949768385, -0.6095237781458236]], [[-3.0377768904175695, 2.0611566960391494, -2.789375103404572], [0.6228075881379485, 2.585677638746203, 1.1760733310293618]]]], [[[[2.2776296904393565, -2.02130848948951, -3.275913679510428]], [[-2.3555580642350917, 0.3565263353199009, 2.419087721121102]]], [[[1.5179813420349322, -0.49544439848097144, 0.7336905159260757], [0.3006608362571793, 1.3099433218736558, 1.1638792206863355]], [[1.293933576484764, -0.5187978105054135, 1.6197252264943227, 1.1476023001273168, 1.5859239887409564, -0.8801983241044263], [1.414412921308052, -2.085679778743541, 0.8914124799017885, 1.1624864934968981, -3.1079849085392306, -0.18144647204297343]], [[1.711066011796482, -0.5141973681459253, -1.6657935659291685], [2.012952926797615, -2.018130616864821, 2.255059934000926]]]], [[[[1.6572475307583212, 1.4270429379685743, 0.3935973561123322]], [[-0.23440709205926485, -0.8135095723931807, 1.7092385689757277]]], [[[-1.430176801634867, -1.4336379724613697, -0.6833584387728161], [3.331779244680377, 0.992414607362642, -2.270996695870112]], [[0.9805975814699719, -0.44165914716989985, -1.7943712241606449, -1.218969938346955, 1.464010968845661, 0.1749731977774247], [-0.38962100113199055, -1.8022713647759416, -0.9986765078637628, -0.2540832115060498, -0.29507529884800254, 0.8149632912548073]], [[-0.31975098976376193, -1.6402114273658852, 0.9213031654155488], [1.1972150036927438, -3.325037505504603, -1.18737739702424]]]], [[[[-0.23222180746692417, 0.9758859517275296, 3.0998316080847617]], [[2.3456829355879094, -1.8020242631232175, 1.2310942928223745]]], [[[-1.2575950421492361, -2.5833737566870387, -0.7409801704566198], [2.749808572281519, -1.902346930800968, 1.0897080959012468]], [[0.1254501919714306, -1.6390473143615483, 0.821530266320289, 3.4127688416514, 0.3941744385785293, 0.014667279466676687], [1.7263208631233333, -0.6872601085250615, 1.0423352731819548, 1.6549843091467398, -1.846635177449327, 2.109399367971064]], [[-2.4771819668149138, 0.6678746707188428, 1.7343666628642724], [0.14906706136254297, -2.2148922378003904, -1.459901214847477]]]], [[[[1.8796522142209695, 0.9335469644924115, -2.691174182058153]], [[-1.7427913482881385, -0.29873286880585614, -2.121827859225122]]], [[[2.979400246989883, 1.6474296190303754, 0.4897225829507677], [1.2179099197227272, -0.21425822037099437, 2.065527338612796]], [[-2.2545445634807626, -1.3290283473631768, 1.399793658093638, -1.4973295224549792, -1.8313867383835143, -1.2582448051188044], [2.1477900703153945, -0.14018201615960985, -1.241821374675829, 1.356376968239314, 0.255260236836978, -0.7071182494728909]], [[-0.7397378417424999, -0.7787490144983433, -1.5790101465817659], [-1.1265764562448606, -2.3329151656404137, -2.034975225834333]]]], [[[[0.40331540704011937, 1.4462697613000959, 1.9151848859220415]], [[1.2324973733744633, -0.3619262557585562, -1.5545743859909738]]], [[[-1.6293717327298514, -0.7956895950868363, 0.399151460631356], [-1.7195621000837564, 0.8449096635719274, 2.4292109850813546]], [[-0.3816376444513717, -1.591403641901782, -1.7879672487128349, -0.30404786932242067, 2.2754315192151284, -1.6529156521561255], [1.8526928522980486, -2.8636247742636867, 0.29491999724907997, 2.2299742432469696, 2.432472864136198, -0.8901481389612703]], [[2.1727835576538377, -2.5466742763240164, -0.3208069656060165], [0.9292025278443368, 1.6543829557794705, -0.12311715590001203]]]], [[[[-1.7884326752925102, 0.6534336103660736, 0.6943371515681637]], [[1.6317288072118499, 0.9013317775521621, 0.6013055284211498]]], [[[-0.6353565691250302, -0.06997694377063049, -0.9691089600714298], [-1.1290237082426824, 1.4522071361006197, 0.687955998084326]], [[-1.0320716005013137, 1.8114390607245896, -2.502623514692592, 0.07510208226958824, -1.4926135432292573, -1.6086560745948522], [2.741378284218942, 2.777482733341125, -0.5271302352925746, -1.61943444353251, -0.9946501141617662, 2.639494181929237]], [[1.4710866049074274, 0.21043350642646577, 3.0836530696351803], [-2.781008768679327, -1.5516400736549694, 0.7899022953506605]]]], [[[[1.7333572525391732, -0.8993480923154114, 1.8540644234104486]], [[0.6702376319550102, -2.5201871691711557, -0.2030657562480524]]], [[[0.7122099288206024, 2.9475051330271254, 2.540908136457417], [-0.9158561736566188, 1.3178656503298347, -1.4065840337916307]], [[-2.539220578643293, 1.7020473366965545, 0.5914766795960071, -0.4853696542761997, -0.9358257657832014, -2.1178519634824218], [-1.073900934275628, 2.614515794145629, 0.12920965968237577, 2.499420603999373, 2.4744668451321887, -1.6064903096033556]], [[1.695389320189978, 1.3041932378766692, -0.583104511580233], [-0.7217230015680411, 0.5074870312311421, 2.173331791962795]]]], [[[[2.5273912813106603, -2.4464972211536686, 1.3432706911708672]], [[3.614260750962271, -3.155508673544256, -0.964062060422895]]], [[[-1.3682592236822555, 1.8091681014761756, -1.668151599259652], [-2.5802461655097706, 0.3209374914274855, 0.8204728032500147]], [[0.3690988903181781, 1.5336227719613442, 2.7423965538203747, 1.1008967544136548, 1.286883352251365, -1.2604154789689808], [-0.10426113325356642, 2.9254320625403096, -1.4091711850334656, -1.3264507350722459, -3.2525921716320907, 0.3847334416486937]], [[-0.5939678446518026, 0.8887698381482267, -1.2639963264524396], [-3.20437650505123, 3.785425791707712, 0.036531629817641305]]]], [[[[-2.6991281126544484, -3.1547065374525824, 0.8783987941447768]], [[-1.973751460812935, -1.7682046928991328, 1.2519256184728829]]], [[[0.09569518718235599, 0.6497202579822365, -2.1210439777072043], [1.9740482256174623, -1.7332546770195105,