{"noise_params": [0.0, 0.05, 0.1, 0.15000000000000002, 0.2, 0.25, 0.30000000000000004, 0.35000000000000003, 0.4, 0.45, 0.5, 0.55, 0.6000000000000001, 0.65, 0.7000000000000001, 0.75, 0.8, 0.8500000000000001, 0.9, 0.9500000000000001, 1.0], "max_scores": [1.414213562373095, 1.3387888390465297, 1.2633641157199649, 1.1879393923933999, 1.1125146690668344, 1.0370899457402696, 0.9616652224137046, 0.8862404990871393, 0.8108157757605743, 0.7353910524340094, 0.6599663291074441, 0.5845416057773359, 0.5091168824534513, 0.4336921589203174, 0.3582674180092169, 0.282842590514473, 0.20740030664232617, 0.13194014783067065, 0.053128391445568635, 0.011173662135736636, 0.09422821636001037], "opt_settings": [[[[[]], [[]]], [[[1.8355746616602076], [-2.783846572604966]], [[-0.41476405877186034, 3.4635304135433183], [1.05529461820197, -4.321703646790042]], [[-1.9471695453819666], [2.672251688404159]]]], [[[[]], [[]]], [[[1.0821891935701884], [-0.4545317574931093]], [[-2.832944877738645, -2.073581879293975], [1.8906106215397636, -0.4701065448853087]], [[-1.2900533826222667], [-2.826774394121427]]]], [[[[]], [[]]], [[[-2.0508879718962114], [2.671931060608099]], [[0.30402173928436865, -0.1221404979150009], [-1.2534626556027373, -1.692403370380716]], [[-2.4832895611402526], [2.2395294715705645]]]], [[[[]], [[]]], [[[2.2397461734816058], [0.7035005964989147]], [[-1.6653413346704098, -2.069048667448342], [-0.10460883588949532, -3.597345362721435]], [[1.8602337876136588], [0.3239882096508376]]]], [[[[]], [[]]], [[[-0.6155420019937048], [-2.196259612757931]], [[-1.3928520345578068, -2.2707811077940963], [3.293995344344084, 2.4862490226149006]], [[-1.4576476821146844], [-3.038241503670684]]]], [[[[]], [[]]], [[[0.4013586661000474], [-1.1433307484344186]], [[-0.3878378526360516, 2.18089400761766], [-1.9225555723279653, 3.7080544322248]], [[2.9328390134947995], [1.388155245088542]]]], [[[[]], [[]]], [[[2.097302027617442], [0.5110425624021124]], [[1.3215254310194307, -0.5219438698372048], [-0.28252143156315535, -2.053809436239]], [[-1.2948974995392093], [0.29152656846038794]]]], [[[[]], [[]]], [[[-0.7984821121627519], [0.7657799672316549]], [[-0.03820403393139007, 0.27436036672361347], [-1.564521509744957, -1.2482981849411043]], [[2.6573463961876236], [-2.0612807406486113]]]], [[[[]], [[]]], [[[-0.04291536157582228], [1.4703999322126045]], [[-2.399773711832202, -2.1814909498124946], [-0.8948350192964744, -0.555347069523439]], [[1.7402718004814202], [0.2269834486733545]]]], [[[[]], [[]]], [[[2.741278073133431], [-1.959361237906976]], [[-2.7475232359562876, -2.8656647647844307], [-1.182306897782963, -1.3089966794878973]], [[2.618678902600279], [-2.081929577046464]]]], [[[[]], [[]]], [[[-1.1728456429708805], [0.393102356096377]], [[-3.527861894260214, 1.903614170383667], [1.1786697805370285, 3.4566245521228223]], [[-0.46290900285180303], [-2.0293156391142]]]], [[[[]], [[]]], [[[-2.539913737490439], [-1.2445972348895145]], [[-1.8350486755400484, -1.6826876007737583], [2.653607408623718, -0.422725640610658]], [[0.7279205344449508], [2.0232513381518773]]]], [[[[]], [[]]], [[[-0.8552891063693614], [0.6988214361815815]], [[-0.09804344831337015, 2.164620705526248], [-1.6220696948888051, -2.507010295081643]], [[1.4035276825898617], [-3.3153421136572483]]]], [[[[]], [[]]], [[[2.4424619768397124], [-2.405170527852727]], [[3.1030083386054863, 1.7947143196516417], [1.6639589561806698, 0.240155552305548]], [[-0.6393536691219164], [-2.0715788234853805]]]], [[[[]], [[]]], [[[-1.3566992878515356], [0.43502284615264536]], [[2.5613536312678606, -1.769810771135197], [1.1870918136590112, 0.18718101873095744]], [[2.519895884537108], [0.7357043384136733]]]], [[[[]], [[]]], [[[2.957204698753136], [1.3801894725635362]], [[-1.1483113691148055, -2.547004140389864], [0.7242176717567885, 2.4100071604971265]], [[1.5519368298949474], [-0.05330802122894811]]]], [[[[]], [[]]], [[[1.2323646401428072], [-3.181148210696914]], [[-1.6023686894460196, 0.32754650414165715], [0.5493132251518269, 1.3702727684513423]], [[1.762185927070826], [-2.2731639913496435]]]], [[[[]], [[]]], [[[-0.7649065985062086], [0.8105763676038277]], [[-3.037243701449165, -1.7220614776823546], [1.8251489732684025, -2.535373798190399]], [[-0.564451185559967], [-1.9706553846708004]]]], [[[[]], [[]]], [[[1.720601990620714], [-0.7678535440784577]], [[2.445225454165461, -1.4794577785621825], [2.8506705218889357, -0.6833458019948991]], [[-2.3496536489617044], [-0.3532581154875701]]]], [[[[]], [[]]], [[[1.3415268731035095], [-1.566874558823996]], [[1.6151658894182443, -1.5395903327351625], [2.083540931310078, 1.5965782456507163]], [[-0.13179013560877947], [0.5189999171052244]]]], [[[[]], [[]]], [[[-0.11625274706381969], [-1.7342598712880817]], [[-1.3824354799721097, -1.4408055873083931], [0.2340728938011246, -2.6074491755005362]], [[1.6056135836877778], [2.8330081498205217]]]]]}