{"noise_params": [0.0, 0.05, 0.1, 0.15000000000000002, 0.2, 0.25, 0.30000000000000004, 0.35000000000000003, 0.4, 0.45, 0.5, 0.55, 0.6000000000000001, 0.65, 0.7000000000000001, 0.75, 0.8, 0.8500000000000001, 0.9, 0.9500000000000001, 1.0], "max_scores": [1.414213562373095, 1.3752514015796187, 1.3406709106983898, 1.3038239434241672, 1.2649105037977912, 1.224744853477869, 1.183126257205503, 1.1401754250862641, 1.0954451150102273, 1.04880884816999, 0.9999999932251818, 0.9486832980505073, 0.8944271880351453, 0.8076726896113632, 0.8400893501031098, 0.8890278598324146, 0.9448706491121506, 1.006172877043658, 1.0671315035852196, 1.1288181877510053, 1.189207114998313], "opt_settings": [[[[[]], [[]]], [[[-1.978309762215284, -1.1822261810131056, 2.745908000464796], [2.4063013744305617, -0.9209432694483145, 0.7906842803138262]], [[-3.4382398950912747, -0.7955528748884902, 2.339653471914631, -1.4704079143808115, -0.8670476036012273, 2.5192435813342877], [-1.7377148765436434, 1.7375470255500491, 0.07838914317741934, 0.5277174332869083, -1.1125757268497163, -2.6153527491409445]], [[0.3344658420119392, -0.6937144734103151, -0.541958436939065], [-1.0452151190037737, 1.4282206090739555, 0.648444260402751]]]], [[[[]], [[]]], [[[-2.265128719334319, -1.3601618341162434, 2.774652983020685], [2.2218723871060604, 2.5150701881744144, -1.6339383977558868]], [[-1.3422138557088217, -1.1272666636390944, 1.3611473398975846, 3.158112489903634, 0.7265952859390582, 2.9247869242510616], [-3.413325841876, 2.3593432992135774, -2.187688317455173, -2.257043963968491, -0.9807538145737955, 0.767980516633167]], [[1.4288701823751486, -3.595167947968006, -1.0615496380843763], [2.629029768745447, -1.6961511644712681, 0.6669326961564327]]]], [[[[]], [[]]], [[[1.9328496591978894, -0.7988034959306174, -0.7240938395640987], [-0.32768409300294193, 2.0726023010350767, 1.4832714822128288]], [[0.711539811421821, 1.4515641170248206, -2.091998446576742, -3.285899778382048, -0.8323135808863443, -2.1851511234037346], [-3.616301181570458, 0.5494321756896339, 1.8390942305116704, 2.803219577799253, 0.7246461374038594, 0.004645779244421849]], [[3.370105527486249, 1.5457073521863547, 1.1767586913660795], [-0.008809092127503556, -3.0464578731945773, -0.9190577483421878]]]], [[[[]], [[]]], [[[2.3393444406262707, 1.3659553586523017, -2.0012333778844367], [0.5409627382951123, -2.263566751124038, -2.9640428008351556]], [[3.3912389356245956, -1.2896944511929604, -0.6378036919446675, 2.5208821255385527, -3.4710018398664197, 1.8920486656202966], [1.4947742508590043, -4.077876790956433, -2.9853256785646063, -1.757361622605577, -1.412538572341087, -2.7736958204943987]], [[-1.0427949424396619, -2.4742403045745247, -2.12158914458805], [-1.6422612455821737, 2.1804718284337548, 3.0693639889718716]]]], [[[[]], [[]]], [[[1.9506358732696918, 1.8812047267722827, 0.22212983594201197], [0.10026425366977527, 2.066393035620597, 2.756431893603863]], [[-1.1416823307025579, -0.9604048768801731, -0.7224662499094929, 2.3127027889770124, -2.0566500315231773, 0.30594123531399603], [0.595782599395397, -1.4794944011265683, -0.5018159543746445, -0.580025274913552, -2.6323955639768117, -1.4154954645401825]], [[-2.4132914016813825, 1.8986550636465818, -2.619234712968302], [1.2846906054883962, -0.278316311603482, 0.20585424925490015]]]], [[[[]], [[]]], [[[-2.452257035506745, -1.0245448761753313, -1.2952113689287144], [-1.0816357088943418, 1.414061127310523, 2.6664959348171493]], [[-2.7512447285682713, 2.0656746542849835, 0.6257777437903946, -0.30905091244271576, -2.6107605285370843, 2.1385026677153745], [1.6605136315108804, -1.3708265428602422, 2.8684430152606266, -2.921572769127934, -2.042899313362901, -1.3959534133010703]], [[3.1000299611163404, -1.3138111187984163, 0.6151668573268632], [2.500652188678583, 0.40292626119430147, -3.096824436361268]]]], [[[[]], [[]]], [[[3.544317007570256, 1.5886468650812346, -1.5968221836779075], [-0.5123987318894513, 0.054540526540186825, 0.5952859252782636]], [[2.693897302704227, 1.065207603870575, 1.0651695677940118, -1.9971797122113226, -2.537633950849315, -2.0007998302710015], [2.7846224516293714, -1.0359313922504565, -0.447763756958443, -2.118957657396237, 2.1652336589857555, 0.5622735224823787]], [[-1.0731314567416939, 1.7470501304612216, -0.7984387342127446], [2.3916199786918577, 2.9353401141228526, 1.0982132204473256]]]], [[[[]], [[]]], [[[-1.1251277400290425, -1.3157868497814353, -0.17054428152011775], [3.189713875756823, 2.0178828912353843, 2.387365531659838]], [[-2.5571519073935547, -1.502908595080078, 1.942769721113085, 2.5099661874127173, -0.3007912146722313, -1.7222159327489024], [-1.1956783574138492, 0.9652762358812044, -2.9675548223881196, 3.2747870323869934, -1.6668080227661446, 1.451247691056148]], [[-3.0244235212695765, 2.280156041692786, -0.2967215914223276], [-0.5715014935396385, 2.576287128222213, -2.5321147743434453]]]], [[[[]], [[]]], [[[0.8865222272372371, 1.5234215020756465, -2.051392451378714], [-3.7732711704263915, 1.7195641462740998, -0.5103415185019873]], [[-1.6265739425118686, -1.5529853796579929, 0.6682320080019752, -1.7676854397240094, -1.518116563229797, -0.4032090573384238], [2.9574075725845415, 1.6725064842425248, 3.0816841847560426, -1.1226961439269527, -3.0614257863917773, -2.5650914840944696]], [[-1.4146394932293143, 2.3227822498100736, -3.1144953902477788], [1.8204960320887937, -0.698190630867171, -0.7362283271290634]]]], [[[[]], [[]]], [[[2.0784583240455783, -1.562317853812061, -0.859350151136084], [3.567483593915001, -1.6364764960071845, 1.3209210389087902]], [[0.33921129322600524, 1.591664308408022, -3.110001169399139, -1.463845451237769, 0.9137938063037337, 2.9189650241780516], [-1.2813914520444032, -1.5126598784012248, 1.555786775048417, -0.40979550319157665, 2.3965548410819095, 0.4549162748040928]], [[2.2095989200698187, 0.48122968199534644, 2.118475452512121], [-2.1275572090495762, -1.6194317922329322, 0.21429327257255534]]]], [[[[]], [[]]], [[[-1.8875703190037578, 1.5709273569497524, 0.5354068808437367], [2.382420149273566, -3.879267055793681, -0.704401639224475]], [[2.2641651668838256, 1.6135146374794287, 0.1254124644854305, -1.6185957738643055, 2.0723025606073433, 1.459681120631295], [-1.5844763431067417, 1.5589772595760882, -2.8229250267957893, -1.822843554871798, -2.5988798653230947, -3.0304297799377387]], [[-0.40881822814934576, 0.03433174109924389, 2.061286082412949], [-1.477285838157039, 1.9333411308772168, -3.0319410980765045]]]], [[[[]], [[]]], [[[1.0132822251314668, 1.3827781765727365, 1.685096969619142], [2.573349667710032, 1.5708881975022584, 2.4796073383212374]], [[1.2684915367360738, 1.5004307018619152, 0.9443566315361043, 2.575636866672542, 2.107638570616378, -0.04197608206959297], [3.001893045852542, 1.4982506403563407, 1.1714247599512788, 0.46142655768939866, -0.7933969487144524, 0.12141716026330636]], [[0.10904824723666394, -1.4384077157895965, 0.07025346518603338], [-1.7106597249319149, 2.572852563092188, 1.8242373086175272]]]], [[[[]], [[]]], [[[1.9852875024250727, -1.0472426631851255, 1.183224561249161], [-2.5877141012458065, 1.6033691804628132, 1.9477793369714274]], [[-1.1183534825660306, -1.8016899952376826, -1.5950503404718546, 2.573852112226133, 0.845565643234839, 0.10539740681973352], [3.2065334015942475, -1.8990279588630403, -2.4739616198983003, -2.021550034071566, 1.4769821493309994, 2.3714978515996306]], [[-3.5195691377746994, -2.163539807940254, -0.7396858180915622], [-1.7617857518787803, -2.004233432100352, 0.7964677985818189]]]], [[[[]], [[]]], [[[1.4417983051814498, -1.5380700627929051, -1.966934734997009], [-0.8706598750013087, 0.07929576577761638, -0.4833198084888074]], [[1.6175827655654973, -0.8552849266657863, -2.2483528890556195, -3.497029510863057, 0.9057888539956427, 2.4570026985118423], [1.7831540695014396, -2.2675669069961404, 0.09512955627897851, 2.1096430944019344, 2.3497569833553573, 0.48884764680824233]], [[-0.5245049390969783, -3.5031023552088034, -0.48854886839801237], [-2.470305832565239, -1.5359881546918968, 