{"noise_params": [0.0, 0.05, 0.1, 0.15000000000000002, 0.2, 0.25, 0.30000000000000004, 0.35000000000000003, 0.4, 0.45, 0.5, 0.55, 0.6000000000000001, 0.65, 0.7000000000000001, 0.75, 0.8, 0.8500000000000001, 0.9, 0.9500000000000001, 1.0], "max_scores": [1.414213562373095, 1.3966060427502947, 1.378990438280946, 1.3623743022413055, 1.3444026602698487, 1.3275340351570244, 1.3127275810448316, 1.2983141342954432, 1.2842279756288861, 1.270409920208372, 1.2574306434425433, 1.2447327933252734, 1.2341584808680888, 1.2240638784673787, 1.2151058826084844, 1.2073682008383484, 1.2009248561553691, 1.1958406936567443, 1.1921690485643421, 1.1899496736626127, 1.1892071150027208], "opt_settings": [[[[[]], [[]]], [[[-2.4293607514292987], [2.2834795349628663]], [[-3.0663872419831604, -3.5190926731847725], [1.6414679980808546, -1.9599226646308605]], [[-3.5434572830699764], [-1.9731122622993642]]]], [[[[]], [[]]], [[[-1.8185976203838807], [2.9047975122880927]], [[-0.5206904057051772, -3.503505082177834], [1.005328344639411, 1.207708119361084]], [[2.724184971926516], [-1.9992101607454575]]]], [[[[]], [[]]], [[[3.49068425545727], [-1.1864138378995308]], [[-1.1131296331000575, -0.09959983741482302], [0.3796593815829207, -1.6708820998688174]], [[2.4384089557356963], [4.0444961695584825]]]], [[[[]], [[]]], [[[0.021860874849500386], [1.5959359171504768]], [[-0.7278211143747859, -0.43692480407564027], [3.822326080759938, -2.0070380019325205]], [[1.2236185386591816], [-0.3504565036417953]]]], [[[[]], [[]]], [[[2.7442503100861435], [-2.0543163130427344]], [[2.866159894010094, -0.7804698249907643], [-1.9853495011993278, 0.7900654178509954]], [[0.03826887263384774], [1.5228875566845608]]]], [[[[]], [[]]], [[[-1.0036063927941403], [0.44248310970801724]], [[0.20576458966871733, 0.9439895763671265], [1.9266844029043975, 2.511994099463063]], [[1.475616762715617], [2.9217062652177743]]]], [[[[]], [[]]], [[[-1.0379799140505253], [0.38914777391036326]], [[0.22203964271129864, 2.787275928196175], [1.998123166029481, -1.9274953749374302]], [[-2.072849280836643], [2.783208338382279]]]], [[[[]], [[]]], [[[0.3325091413551991], [2.0614286527357275]], [[2.0816507777735396, -1.4527369259327272], [-2.904259800091825, 0.11691597712008224]], [[0.5890208686122028], [2.317940379994204]]]], [[[[]], [[]]], [[[0.017466496110442552], [-1.5424921530563023]], [[0.5173350998289797, -0.9723277661700899], [-0.5634269382054848, -2.5435337643803146]], [[-1.3890851371706323], [-2.949043786344511]]]], [[[[]], [[]]], [[[-1.969352704342698], [-0.22097048835061547]], [[-2.268819421766796, 0.8576452862709238], [-3.3986576464843163, 2.4303540714540977]], [[1.4084803790214104], [3.156862594975079]]]], [[[[]], [[]]], [[[-3.2893571603564213], [-1.8752569375377883]], [[-0.28313715137292916, -2.414516076899487], [0.7288350512459045, 2.2980531920343075]], [[-0.020089610584580562], [-1.4341898334148222]]]], [[[[]], [[]]], [[[2.589781212603497], [-2.507024502765153]], [[3.1255999724358197, -0.9945216157645312], [1.5041867166237821, 0.5732905064682737]], [[-1.5533001688674477], [-2.73967975903724]]]], [[[[]], [[]]], [[[2.7747489169688326], [3.934879654256752]], [[3.0686769618024945, 2.043477449776946], [-1.9270376143369663, 0.4955084027304081]], [[-1.467569698718599], [-2.6277004371600574]]]], [[[[]], [[]]], [[[-1.839126450458144], [-0.0816358812981423]], [[-2.5961135800573154, -0.43185585330478476], [-0.21769311415257528, 1.1413480459590983]], [[1.3089744984900038], [-0.44851607066699917]]]], [[[[]], [[]]], [[[-1.5325951102226778], [0.008620518036992816]], [[0.27310997022221895, -0.6379845262619414], [2.828257473964497, -2.2094920746666125]], [[-1.7326663274341534], [3.009303352232276]]]], [[[[]], [[]]], [[[-1.9177993805500109], [-0.06995431877773581]], [[-2.629400957453046, -0.6093193560161362], [-0.1402950187637425, -2.159496848698266]], [[1.5179485273972124], [-0.3298965352846266]]]], [[[[]], [[]]], [[[1.3930735536422256], [-0.02328529548150454]], [[-0.14727999691849272, -1.3174063370550602], [-2.8396679248846173, -2.8855367417402804]], [[0.6082938541998255], [2.0246527042451383]]]], [[[[]], [[]]], [[[-0.005100735758393014], [-1.6447322485526548]], [[0.17586951851382476, 1.432760052067636], [-0.13049923184879117, -0.13511405393629072]], [[0.8873482266396792], [-3.756205567853588]]]], [[[[]], [[]]], [[[1.5163719851081752], [-0.0022490240179303825]], [[-3.2312790338162403, -2.584894200537161], [0.11785691689478678, 2.120781304007104]], [[-1.3130167898205412], [0.2056042354499004]]]], [[[[]], [[]]], [[[-1.6900677465062546], [-3.1410527261949]], [[3.100515535381893, -0.14539709822321328], [0.03417276168702112, 1.4080762579212869]], [[0.8774630279823916], [-0.5735219518641083]]]], [[[[]], [[]]], [[[-1.571418586093888], [-3.1415926531640883]], [[3.1413906555114295, -1.2575711815789172], [0.0021822806503291187, -2.826341605645555]], [[3.61306518207272], [-1.0999460418746665]]]]]}