{"noise_params": [0.0, 0.05, 0.1, 0.15000000000000002, 0.2, 0.25, 0.30000000000000004, 0.35000000000000003, 0.4, 0.45, 0.5, 0.55, 0.6000000000000001, 0.65, 0.7000000000000001, 0.75, 0.8, 0.8500000000000001, 0.9, 0.9500000000000001, 1.0], "max_scores": [1.4142133027415427, 1.3793541334060864, 1.3455383867497108, 1.313585078293766, 1.2832236705752063, 1.2547511921357135, 1.2131868306757734, 1.20288816753665, 1.180404245742117, 1.1593757643941607, 1.1887568862648998, 1.186429833500332, 1.1822761601697849, 1.1774401035040511, 1.1720504777976917, 1.1611834535753693, 1.1491835071665388, 1.1318225704699265, 1.1074213473023096, 1.0725219725046515, 0.9972641301459605], "opt_settings": [[[[[-1.1285383770448523, 2.9518029392228065, 0.16231003500522995, -3.225797827769309, 1.5668069521076171, -2.814575508813195]], [[0.7757473010257443, -3.141598653715375, -1.3889819495382234, -2.6466801660024486, -1.5689692160098472, -0.08532053124626938]]], [[[-2.632115830686099, 1.9667356114163996, 1.8011292122105058], [1.7284530291343039, 2.244692462547923, -2.723920129232468]], [[0.9311091827380734, 1.9616515204021996, 2.0831977158491224, -1.519931489693798, 1.4825789890158092, 3.0986585017557218], [-2.171030858246267, -0.3995275830233114, 2.5346354534443405, 0.2196027146212135, 3.280135458293804, -0.15621226690476006]], [[1.647074041521184, 1.7899334839743661, -1.3234252797408461], [-3.089553884415983, 1.4350628682019773, -1.7066008145280234]]]], [[[[-1.4354043860291552, 2.284151572288493, 0.020245593838916352, 0.20770641933329834, 1.7505605820486396, -1.8050960533282023]], [[2.208277000370251, -3.014376622919758, -0.02556542998174827, 2.6301243892464248, 0.34086430445497756, -1.5850610908667104]]], [[[2.3879899310407064, 1.047015923270698, 2.282572288667337], [-3.0793336728159564, 2.4646499797026773, 2.5107829916194424]], [[1.6136110232194836, 2.196690787361685, 0.16759102359286385, -2.4023022743068085, -2.761247777766206, -2.9596741535629807], [-0.2570435790777971, 1.9142338371759688, 2.3159261725472433, 2.4159104802281903, 1.5510871399182575, 2.7051352647133546]], [[-1.0381299230353005, 0.1984591793233791, -0.4594402227325871], [-1.13100166170854, 1.7774651131390093, -0.18665164123115996]]]], [[[[1.6869634655642052, -0.13584984148069698, -0.6323164485710435, 3.3866814170706165, -1.4735804923266516, -0.30428108500594153]], [[1.7495950430658733, 0.8997418347228473, 0.3010322571734694, 0.6968731063479954, -1.059480585367919, -1.0404447875038694]]], [[[3.4676879490379373, 1.0444434854035576, 2.1995117579723846], [-1.5563347697702663, 2.3364938826004966, 2.349334992584117]], [[1.2166861717765698, 0.02431639364385668, 0.855213334557331, -2.0789801904901135, -0.7013029794786887, -2.7595638834560763], [0.6758221334948112, 1.491744348507776, 0.14316036403762092, 2.2113237797653555, -1.2575371213601774, -2.421121812448856]], [[0.14831254204098737, 1.2088029351735623, 1.0240158259699255], [-1.8899777271966054, 0.9488419631834994, -1.187027497483]]]], [[[[1.8451725284696072, -0.19321889189279162, -1.8809607374866326, 2.6387727934009098, -1.7358386124743599, -3.4578100403701204]], [[-2.817026597371537, -0.19653774669895796, -1.6957690239596344, 2.784568607328068, 4.244249735012128, -0.1074361082288715]]], [[[-2.59252031872582, -2.640990154590106, -2.7395704809559502], [1.1775975586387455, -1.9753150160990185, -1.4730846401100004]], [[-0.7315004822129394, 1.44155532928786, 0.9389468044866006, 0.044018376641547924, 2.455817210140823, 1.4910288995918233], [3.80860795235767, -2.339271782225568, 0.46270256750661115, -1.660283399939002, 0.8038262024904566, -0.09582518196553859]], [[-1.6459942105343857, -1.1378878191125008, -2.2426097522492863], [-2.8297305200912373, 0.8611936266933928, 2.913658589475605]]]], [[[[-0.03602956849759273, 0.21261242961536672, -2.903765434833689, 1.6593828871581062, 0.8255744165381624, -1.4411847334265349]], [[-0.45295704286595756, 3.115106204144997, -3.3029357805960933, 0.2154093558148339, -1.4157405469439972, 0.8828506300859889]]], [[[-2.1436750522993737, -1.5802043884240493, -1.2744030109444917], [-0.6007189658461678, -1.3639202728111786, -0.4073056705308724]], [[0.5226767993667656, 1.8164239561757225, 0.26692026794945567, -0.4403547801444472, -2.036748925229334, -0.593741520081708], [-0.8140522708676506, -0.26278774701984337, -2.7125327630236655, 0.7481125800209301, 2.4079067138312427, -1.228619028507848]], [[1.7805618530937497, -1.1327436727926685, 0.034960538080383685], [2.0015105998847904, -2.601948640313247, 3.0308745009552505]]]], [[[[-1.6110487328638294, 0.8384240358513145, -0.9877128967424852, 1.80968188731135, 1.759252063494779, -0.21417837812981233]], [[-1.5824855932815785, 1.4953184557320638, 0.2530482150033609, -0.39666622590894535, 1.6927579396853853, 2.2114265157144266]]], [[[-1.640124048536499, 1.338837798527006, -3.07197144640695], [1.3061846868383562, 0.22416421452372454, 0.6701330879476681]], [[-2.621945645323101, 1.5052307112602994, -0.3870062099677832, 3.2388627493270565, 1.4593306354953002, 2.53436805513432], [-1.0235600519139219, -1.7850053306303535, -0.1632538242821492, 1.6326588192571507, 0.7741326179868915, 3.001581636993608]], [[0.8415059668137799, 2.3180183700193275, 2.3239582424822], [-1.0247134731630758, -1.4018295479608296, -1.3924681719283798]]]], [[[[1.144774463926913, -3.1666231582411393, -1.2834822139139066, -1.5128639527751029, 2.046952236923465, -1.1676409879645357]], [[1.5241407400902864, -0.2950048786607445, 1.1517573254097442, -2.3980558877694227, 1.579652106011913, -0.28532115462815294]]], [[[0.42413850552679805, 2.0067215627151413, -0.6002512063355208], [1.2281141315530315, -0.24983547917862492, 1.778107013450516]], [[-0.4488176165602619, 1.5990124531340753, -0.7261799764042168, 1.7140786633158855, 0.4321350129010514, 1.324933278521022], [2.680134366762183, 1.6247645853299657, 0.7785626163721496, 0.40468342638159044, -1.2498070935053152, 0.33508286924097463]], [[0.6571804178764684, -2.5289827363982456, -0.5428362857755631], [-2.9536330992299833, 0.9658687121498869, 1.133062694488424]]]], [[[[-1.3037334140655572, -0.27133443991604655, 1.9683885159497148, -2.311017783371844, 1.2693969313391225, -0.3931506917495982]], [[-2.807048672572316, 3.1329324727762558, 3.2422835455098897, -2.545846777904275, 1.0201713488097546, -1.4029463142963237]]], [[[1.9800910933268532, 0.09095257134437111, -1.2835730749516245], [-2.705504386294572, -1.585587410716737, 1.9506632552272212]], [[0.4182776796136953, -1.0854696348849233, 3.094832473242059, 1.231711426158856, 0.5046688042896246, -2.1779263301100578], [-2.835425969069082, 2.1655300726565176, -1.5596315503766727, -1.1740955709807244, -1.9567946791373942, -1.2172471767736035]], [[-2.1856481889801036, 2.2571976506758102, 2.113617640536914], [-0.4417631556911482, 2.044638339262137, 1.622484379886985]]]], [[[[0.47525273603330775, 2.9500661911592414, -0.2672465702758615, 2.6877296110938924, -1.0122035776114653, 0.05543855859242489]], [[4.246259582760361, 2.7055928138300227, 1.808848270932222, 0.5211838428474681, -1.5974510995192155, 0.16142048424238922]]], [[[0.14727156636150746, 2.901639110653237, 0.24924679467351035], [-1.9701846512365842, 1.6438294691796624, -2.2005843578512607]], [[-0.2452649101011617, -2.5949049561182815, 2.459135076012384, -0.32034166274995024, 2.2844854490147197, 1.814166457990095], [-2.6183267464107756, 1.4875494551528796, 3.0112203850809234, -2.61277135059361, 2.1237382810275656, -0.947421508259723]], [[-0.9571879915398674, -1.497771453630916, -1.4142940225245755], [2.3468027897845776, 2.86136482148199, 2.2752326472491857]]]], [[[[1.6389846756648319, 2.15787547863033, 1.5350779921588191, 1.8549596941752855, 1.609630420128947, -0.664282188338635]], [[-2.63081982616638, 0.028834738108198258, -2.904241417199148, 1.1839382009266597, -2.000223152456583, -1.3211754105288847]]], [[[0.02639531104744749, -2.3102872291389613, -1.38692330400136], [-0.11601038193358441, 2.3544609600422306, 2.2529963625277514]], [[3.0970898410155336, -1.5774051749117641, -2.6993740172665834, 