{"noise_params": [0.0, 0.05, 0.1, 0.15000000000000002, 0.2, 0.25, 0.30000000000000004, 0.35000000000000003, 0.4, 0.45, 0.5, 0.55, 0.6000000000000001, 0.65, 0.7000000000000001, 0.75, 0.8, 0.8500000000000001, 0.9, 0.9500000000000001, 1.0], "max_scores": [1.414213562373095, 1.3784048752090219, 1.3416407864998736, 1.3038404810405297, 1.2649110640673515, 1.224744871391589, 1.183215956619923, 1.1401754250991378, 1.0954451150103321, 1.0488088481701512, 0.9999999999999996, 0.9486832980505011, 0.8944271909995815, 0.8366600265339542, 0.7745966692329308, 0.7071067811579267, 0.6324555316535503, 0.5477223231597046, 0.44721336590366445, 0.31622739112847026, 0.0], "opt_settings": [[[[[]], [[]]], [[[2.3355941333074486], [0.7650871032106119]], [[-1.588046766846448, 2.577490604687231], [-0.023664725430324274, -2.138360870474485]], [[-1.3510857995155021], [0.21942123058209448]]]], [[[[]], [[]]], [[[3.3656048840208808], [1.7858694057716418]], [[-3.7013941377696495, 2.2687455937061616], [-2.1424857679585014, -2.391119121666034]], [[1.5056207018612149], [3.085355833306864]]]], [[[[]], [[]]], [[[1.7620300867403376], [0.08741093843819364]], [[-2.157248854706686, 1.062014047963125], [-0.6854233259671773, 2.744514261971038]], [[-1.1750575754212738], [-2.8496767271295576]]]], [[[[]], [[]]], [[[0.3112914051040846], [1.810364941660428]], [[1.0385043787562678, 2.5550573915073818], [2.6618216022487, 4.033557241212057]], [[-3.0179707469439165], [1.7661411083425054]]]], [[[[]], [[]]], [[[1.6668151918973726], [3.221426027157251]], [[2.451219803173911, 1.5580753620758667], [-2.2758823461046247, 0.021683209101120732]], [[5.493550089165493], [-2.344229817331993]]]], [[[[]], [[]]], [[[1.7170113799827924], [3.2218231522483625]], [[2.455916345823667, -1.605346574132454], [-2.224882313121752, 0.01320648455935465]], [[0.8042703091257314], [2.30908474897702]]]], [[[[]], [[]]], [[[0.4991532186429686], [2.098108694823777]], [[1.3275018753417702, -2.7306284279757596], [-0.29755341255611284, -1.1369832343019886]], [[-0.37634106415323787], [1.2226190774108405]]]], [[[[]], [[]]], [[[1.0316080386739963], [-0.5312763874633983]], [[-2.8939953751430494, -1.4892096083130382], [1.823637773995865, 0.0877364115434135]], [[0.8739530698382184], [2.436838066973203]]]], [[[[]], [[]]], [[[-0.09179017642151228], [-1.6702053944081525]], [[-0.886825650430009, -2.3259286768329486], [0.6954006151571845, 2.383280406674911]], [[-1.5383409418556373], [-3.116747553101106]]]], [[[[]], [[]]], [[[-0.735102424297946], [0.8073317626706042]], [[3.146868504685903, -2.3625968088744527], [-1.4993771698978684, -0.7426603139353765]], [[0.030658532867242936], [1.5731263185062176]]]], [[[[]], [[]]], [[[1.037076105740669], [-0.5446066274591722]], [[-2.886516374537072, -2.022044534301468], [1.8083600608326151, -0.5150217242446324]], [[1.8776644937873086], [0.2959369208574106]]]], [[[[]], [[]]], [[[-0.6001510077108909], [-2.0966054307467124]], [[1.759848128968459, -1.0728756792728544], [-2.871296833665583, 0.6241639445417804]], [[2.8692300875388], [1.3735162648032417]]]], [[[[]], [[]]], [[[-2.284095397219623], [-0.5296155675592388]], [[-1.5599024615919215, -0.08788362322215267], [0.23901174532321362, 1.3054516384996935]], [[-2.472468402133444], [2.056253979611325]]]], [[[[]], [[]]], [[[1.6390014467573473], [-3.064151215813242]], [[2.4565024349651985, -0.899932668581279], [3.972506957546344, -2.3888794425140163]], [[-0.06785326399561316], [-1.6490822989545513]]]], [[[[]], [[]]], [[[1.5919577393873678], [0.15897046043631402]], [[-2.186806926433598, 0.33884008422201783], [2.308319893782995, -1.0971855179733614]], [[-0.33104131991231356], [1.1012915147406759]]]], [[[[]], [[]]], [[[0.6409272957469212], [2.1475475370233994]], [[1.4451988415128778, 1.645081158218875], [2.8963294266425255, 0.24374382919653134]], [[0.9647227877878903], [2.4729831949686125]]]], [[[[]], [[]]], [[[-0.8527955812035733], [0.7299359278935812]], [[-3.1979096068539343, 1.216258308493818], [1.5122692233371344, 2.494364445561009]], [[0.26243373875294823], [1.8657344394532107]]]], [[[[]], [[]]], [[[-0.8985688359754761], [1.3921522963524142]], [[0.9452445619675305, 1.7635887650813187], [1.707729929523454, -2.1118351367485335]], [[-2.6507609883852625], [1.3333467878916343]]]], [[[[]], [[]]], [[[0.43900556107836436], [-1.0653069315683057]], [[-3.2081845811997938, 0.9587477194606299], [0.9224626902713046, -0.8492090124736583]], [[1.6170487311122461], [0.21511557020052702]]]], [[[[]], [[]]], [[[0.4128794258114881], [-1.1174360021461938]], [[-3.322319894192319, -0.4046048554545664], [1.3318395903618718, -1.8305551466221994]], [[2.0188691380770103], [-2.5334705709800036]]]], [[[[]], [[]]], [[[0.6560472596893954], [0.9313755112845152]], [[2.213111408883794, -0.009011510978952586], [-2.9742328692541466, -2.5238628649734167]], [[2.7342814765225167], [1.4117103790350818]]]]]}