{"noise_params": [0.0, 0.05, 0.1, 0.15000000000000002, 0.2, 0.25, 0.30000000000000004, 0.35000000000000003, 0.4, 0.45, 0.5, 0.55, 0.6000000000000001, 0.65, 0.7000000000000001, 0.75, 0.8, 0.8500000000000001, 0.9, 0.9500000000000001, 1.0], "max_scores": [1.414213562373095, 1.3784048752090219, 1.3416407864998736, 1.3038404810405293, 1.2649110640673515, 1.2247448713915887, 1.1832159566199232, 1.1401754250991378, 1.0954451150103321, 1.0488088481701507, 0.9999999999999993, 0.9486832980505131, 0.8944271909998365, 0.8366600265330719, 0.7745966692407111, 0.7071067811556123, 0.6324555308483644, 0.5477225552464051, 0.44721347038999354, 0.3161730550071904, 0.0], "opt_settings": [[[[[]], [[]]], [[[-3.155072018506791], [-1.6384833426132364]], [[0.7237959722150856, -2.999691048803278], [2.341713371905938, 1.650041460882922]], [[0.8722293903797101], [-0.6443592855142316]]]], [[[[]], [[]]], [[[3.2562187157148115], [1.6968364231703474]], [[-0.687143995147145, -1.4312769368398426], [0.9288697836643419, -2.9597377912652925]], [[-2.1902965884504755], [-0.630915062540791]]]], [[[[]], [[]]], [[[0.4672802193886807], [-1.1163884820452878]], [[-0.32734091311917773, 2.3578558369729574], [1.248880853991966, -2.399067769823457]], [[3.126819952677977], [1.5431523778358385]]]], [[[[]], [[]]], [[[-2.065554624366064], [2.618690870155063]], [[3.405305117602518, -1.5547885867191868], [1.8587432854193153, 3.1021434893533018]], [[-2.383648416861003], [-0.7847111292875119]]]], [[[[]], [[]]], [[[-0.8713435255897359], [0.8572659589241998]], [[0.08767931388145661, -3.885345491202928], [1.512746631588161, 0.661850489747266]], [[1.4264670878081716], [-3.128108743657]]]], [[[[]], [[]]], [[[1.4086912691922417], [-0.17244711440821348]], [[0.6086006054174219, 0.582212243973538], [2.1979976124865614, -1.0204989006784508]], [[2.9169003273425824], [-1.7851445316972747]]]], [[[[]], [[]]], [[[-3.192450991663699], [1.5469993079046327]], [[-0.8144888302665038, -1.0716017973762455], [3.8803079339340987, -2.6072894009341625]], [[1.3145743954088975], [2.858309206588934]]]], [[[[]], [[]]], [[[3.4319255313064887], [1.8825056152858628]], [[-0.4827625791249783, -1.6231312793005026], [1.0846282710114665, 3.079644543638276]], [[-2.4023949124587864], [-0.8529775887238125]]]], [[[[]], [[]]], [[[-1.9907287855446185], [-0.4137726328922235]], [[-1.1973309937248418, -0.649107228695247], [-2.7778098043139448, -2.2288211151887434]], [[0.13483939953773916], [-1.44211845455598]]]], [[[[]], [[]]], [[[0.5515033248258238], [2.0505218027074226]], [[-1.820472721638481, 0.8796375444539748], [-0.29784513216643893, -0.6038895698852632]], [[-1.475912565300814], [-2.9749505706686032]]]], [[[[]], [[]]], [[[-0.7376821656786879], [-2.2724922939527095]], [[1.665940804022355, -0.6987137408544394], [3.1721102900065477, -2.218413319540783]], [[3.233327702877221], [1.6988158459705267]]]], [[[[]], [[]]], [[[0.09122898083401583], [1.6502339778206228]], [[0.8570482212009087, 2.463469769079342], [-0.685532191478411, -2.2371628192799453]], [[0.10712387151460008], [-1.4523152735971303]]]], [[[[]], [[]]], [[[2.183191462513918], [3.6575765170630117]], [[-0.19892139980213852, -1.0335277369151799], [1.3144834073330767, -2.4778933470575453]], [[2.895073849184596], [1.4207825251157045]]]], [[[[]], [[]]], [[[0.8608425356724851], [2.5451876509574807]], [[1.6176875038510237, 0.058282369955559625], [0.18286295689879756, 1.8142702294543247]], [[-2.1262072489535826], [2.4713663150113057]]]], [[[[]], [[]]], [[[-0.3752737023043705], [1.2214878130014852]], [[0.4554075933474333, 0.3154372843473328], [1.965196353512814, 1.817382674148918]], [[1.0778353489610089], [-0.5186755597933809]]]], [[[[]], [[]]], [[[-0.9371758185054816], [-2.4079166069267415]], [[1.397369904399341, -1.7023689621983875], [0.004751242558122155, -0.08346761863067498]], [[-0.9548529749268314], [-2.4229673520214745]]]], [[[[]], [[]]], [[[2.066156823864926], [0.6279415498532077]], [[1.4154610082884933, 0.17441569530739268], [2.777226994112305, -1.8410139269684351]], [[-0.766801675776254], [0.7406354473496167]]]], [[[[]], [[]]], [[[2.82037370777078], [-2.016859136041253]], [[0.42458996454128983, 0.39472636496408003], [1.9825956080724916, 1.811738283582276]], [[-2.0929117104753363], [2.739283002671617]]]], [[[[]], [[]]], [[[2.4695929900918596], [0.9260541695888198]], [[1.8807915242491127, 0.6411957170044904], [-0.11440715822188761, -0.6880209951899312]], [[-1.6498511614438032], [3.066792754318306]]]], [[[[]], [[]]], [[[2.8175686078683153], [-1.0770640084931753]], [[1.678562000776304, 2.368423630134903], [2.2851991601548196, 1.209426546362814]], [[-1.4994142705231488], [0.8858569756135061]]]], [[[[]], [[]]], [[[-0.8301320514079853], [2.2735897254837436]], [[-1.3873390341862064, 0.009465763415170247], [3.035996048885031, -0.33552885346967143]], [[-0.30475378916684326], [1.9726514897036314]]]]]}