{"noise_params": [0.0, 0.05, 0.1, 0.15000000000000002, 0.2, 0.25, 0.30000000000000004, 0.35000000000000003, 0.4, 0.45, 0.5, 0.55, 0.6000000000000001, 0.65, 0.7000000000000001, 0.75, 0.8, 0.8500000000000001, 0.9, 0.9500000000000001, 1.0], "max_scores": [1.414213562373095, 1.3784048752090219, 1.3416407864998736, 1.3038404810405297, 1.2649110640673515, 1.2247448713915887, 1.183215956619923, 1.1401754250991378, 1.095445115010332, 1.0488088481701514, 0.9999999999999998, 0.9486832980505131, 0.8944271909998898, 0.8366600265332169, 0.7745966692370625, 0.7071067811562675, 0.6324555308758084, 0.5477225551097256, 0.44721343412036885, 0.3162248565797581, 0.0], "opt_settings": [[[[[]], [[]]], [[[-1.7274919859178703], [-0.15935721086989707]], [[2.19332599303374, 2.7692188977477925], [-2.5093265238160347, -1.9275091064214505]], [[1.9929399284131073], [-2.722110602952027]]]], [[[[]], [[]]], [[[-2.006704301317577], [-0.41969490123958114]], [[-1.2066141724624133, 2.9344587693464135], [3.4930317360564707, -1.7932085195276173]], [[0.5784752309050889], [-1.0085339581227974]]]], [[[[]], [[]]], [[[4.7954042207733405], [0.10905566780778299]], [[-10.089306500550881, 1.8446011105949909], [4.000762704863727, 0.3258844779357034]], [[-0.4711127666638716], [-2.0679561837283447]]]], [[[[]], [[]]], [[[1.211577490847858], [-3.4864874521241895]], [[-1.1444639476275273, 3.245701794759798], [3.581518193627702, -1.444254460596298]], [[-0.6768851451004678], [0.9082351915470764]]]], [[[[]], [[]]], [[[2.276384858306936], [-2.4525614619709923]], [[-0.10108891550152346, -2.5638664622891043], [-1.6448880728966244, -1.0130316828967643]], [[-3.3505967998958934], [-1.7963587162000036]]]], [[[[]], [[]]], [[[1.412098306774704], [-3.261781669619842]], [[-0.9083820019221148, 2.2301438038899963], [3.77371661422438, -2.5223285426279514]], [[-0.12856831890701745], [-1.7378736431984163]]]], [[[[]], [[]]], [[[2.8979126974965066], [1.3293743767477755]], [[-1.0456073435548865, 2.2317354519241275], [0.5606952655207329, 3.793899170298872]], [[1.4431732525641527], [-3.2714653148793116]]]], [[[[]], [[]]], [[[-0.4015216549620925], [-1.981066573929223]], [[-1.1880559645243578, -1.3482373703971195], [-2.7651858000277274, 0.26076797299931515]], [[-0.5389472840798497], [-2.118517870229397]]]], [[[[]], [[]]], [[[-1.319122362509569], [0.2573432264767787]], [[-0.5417651490791064, -1.1742792150633872], [-2.0911098745731738, -2.745354948292061]], [[-0.3861545563080848], [-1.9626588067472877]]]], [[[[]], [[]]], [[[-0.6467455683630153], [-2.231166048433403]], [[-1.4405056706717414, -0.09368130278807979], [0.13330199083087346, -1.6409855834800178]], [[2.26785520091716], [-2.4308708863304087]]]], [[[[]], [[]]], [[[1.814889872739972], [-2.8943014099773072]], [[-0.5301107287676291, -1.2444381560631566], [1.0216258609454747, 0.29627734403055944]], [[-2.0465032949210027], [-0.4727381026688135]]]], [[[[]], [[]]], [[[-2.357718411976305], [2.352830257996906]], [[-3.134764199478134, 1.575240812524379], [-1.5821640179031113, 0.03000115131576039]], [[-0.7674578861647132], [-2.3397476934550236]]]], [[[[]], [[]]], [[[-1.9600874680270082], [-0.418701218972552]], [[1.9705394502827633, -4.083612705180312], [3.5005729652940625, 3.675173132969387]], [[-1.756198874544873], [-0.2159759670641155]]]], [[[[]], [[]]], [[[-3.06841454596401], [-1.6208213763374395]], [[0.8536883792643706, -2.0359170488894054], [2.2709022469079017, -3.4903037530089054]], [[1.8717648671681872], [0.4243897619639604]]]], [[[[]], [[]]], [[[0.11030282876420494], [-1.543969705161583]], [[2.341290138457613, -1.1917911577936988], [0.9112048676652472, -2.6159594921213962]], [[1.2100141461267226], [2.8626648574835483]]]], [[[[]], [[]]], [[[1.4869824507014835], [0.05983540416150255]], [[-2.4055241946140042, -2.776930730259175], [-0.7248259418180474, 1.9171649107518385]], [[-2.0685164856649707], [-3.4956460245762155]]]], [[[[]], [[]]], [[[-2.4115003565878457], [-0.72130228982255]], [[-1.7104894026958524, -0.606346578762752], [0.05996290450569952, 1.3717432834485626]], [[0.5144102511957138], [-1.2245626092234252]]]], [[[[]], [[]]], [[[2.699539047189667], [-2.0557309063466955]], [[-2.8813131745379583, -2.081865281315773], [2.0056025623143645, -0.3508425663268617]], [[-1.218792152391806], [3.4969262506380923]]]], [[[[]], [[]]], [[[0.4519621396678477], [-1.3482335356171349]], [[-0.19800924290997324, -0.8808149690252465], [0.9774600145058786, 0.5759696232105793]], [[-3.2114662546045816], [1.2487444145619537]]]], [[[[]], [[]]], [[[3.0953054986676576], [-1.524150510230498]], [[-2.0459148457678795, -3.061098817581956], [2.2720060868571466, -1.7339643778807312]], [[-0.9353388594101144], [0.798053388625386]]]], [[[[]], [[]]], [[[2.7262076742066723], [2.314148059634997]], [[1.5036876935776204, 1.5491655494488423], [-2.612033477087729, 2.7359783571400706]], [[1.2353831597447371], [-1.8704672141786791]]]]]}