{"noise_params": [0.0, 0.05, 0.1, 0.15000000000000002, 0.2, 0.25, 0.30000000000000004, 0.35000000000000003, 0.4, 0.45, 0.5, 0.55, 0.6000000000000001, 0.65, 0.7000000000000001, 0.75, 0.8, 0.8500000000000001, 0.9, 0.9500000000000001, 1.0], "max_scores": [1.414213562373095, 1.3784048739822161, 1.3416407864974043, 1.3038404810191144, 1.2649110640673515, 1.2247448713512317, 1.1832159566199232, 1.1401754249946265, 1.095445115010332, 1.0488088451946682, 0.9999999999962608, 0.9486832980497939, 0.8944271908203821, 0.8366600254726282, 0.7745966690238701, 0.7071067787009143, 0.6324554818534454, 0.5477212745596134, 0.44721325326844447, 0.3162062783469253, 0.0], "opt_settings": [[[[[2.604593062091137, 2.325031475324769, -2.4144993862953577]], [[-0.6542059649261238, 1.8663419431712551, -1.2048996642360565]]], [[[2.859714054491459, -2.1926972281273085, 1.4430998032904911], [-2.3711969719258446, -0.951344738658785, 3.0750830064660155]], [[1.669908586576271, 2.0119518387786366, 2.720061702017249, 2.142071596364944, 2.3839558927752886, 1.736169988546016], [1.383475465720625, 0.42454610038404933, -0.9933745502740643, 1.436821288024721, -2.1861659580933006, 0.7678749367220102]], [[1.6458899845927626, 0.6718243120977583, -1.9724907974272028], [0.9662101864457564, 2.1324002063060896, 1.2168566249672876]]]], [[[[1.4891961787132322, -2.5018206107290175, -1.866297372861841]], [[2.7792310952766215, 3.1317523126267517, 2.4714499453642906]]], [[[-2.1939350494868757, 1.9891410838871026, -0.8526607754267403], [-0.7646747543930354, 1.1584875206729424, -2.5068710665898313]], [[0.534298035160852, -1.9948070815034982, -1.9186798488170935, 2.2932249589737115, -2.245029347139264, -0.7725386306359283], [2.56973995443974, -2.4439720488111836, 0.6700932440798166, -0.6344111465034941, -2.461327981824432, 2.267802168840708]], [[-1.8898057645024195, -0.14555285560406261, 1.104188445284394], [2.083877683371473, 1.6955956252825712, -3.100697724056118]]]], [[[[0.47437060856432267, -1.7852653918930377, 2.2338714230501684]], [[-0.5016015767260565, 0.8801040717684315, -1.1888306972983445]]], [[[1.763431034997458, -0.03366768057245466, -0.6943562707588756], [3.4302539100969263, 1.6605018869067492, 0.8827746727569847]], [[-0.9660388369924439, 2.058982315941635, 0.8034486673641278, -2.3307399524443233, -3.4874462091387084, -3.080519839396108], [3.254511266239565, 2.319625669677318, 3.01797886284686, 3.16175514802772, -1.8663948392223495, 1.4976124964690518]], [[-1.8058177790750947, -1.6688360517495289, -1.5185866862556479], [2.9190102078713975, -0.9459812529554521, 2.8017192264077027]]]], [[[[0.005481332941879593, -1.7532014835016845, -0.5377503045838729]], [[0.7090633058382702, 0.03232136003541103, 0.1478784987735661]]], [[[3.1201999317612046, 0.7263583672492189, -2.5063592012812337], [-2.5188387424697773, 2.2009339136996995, 2.935974890700817]], [[-1.0043709380812005, -0.2139805248718636, -0.7501145027638016, -2.9642262888551825, -0.11201771121428855, -1.6027720579033085], [0.2846077903316979, 1.603434291542059, 2.6236787477581105, 3.4497370839129844, -1.6740536714992282, 2.5103614912955905]], [[1.9100379612727056, -2.482830316454894, -1.081609157845318], [-1.121448780280655, -2.2187391292387586, -2.5517102300573598]]]], [[[[1.7514227878148694, -2.1227419909908667, 1.8177437626300141]], [[1.0871586319098892, -3.429890345921384, 1.7538609183931446]]], [[[0.18791121274830108, 1.8148597966307345, 1.945433679550459], [0.27233534994301517, 0.23761014018144688, 2.631423306042702]], [[2.651050703503732, 2.2003522090994037, -1.701093190177721, 2.736770427388696, -0.9509460245687815, -1.8613252294676415], [-2.270508641902065, -1.8471518850514512, 1.693191124263719, -3.230694842142182, 0.6355750857042813, -0.2876386666824135]], [[-2.789636651048815, 1.439161166030772, -0.7084540085310702], [-1.9147697562289832, 2.9577156468093007, -0.03568457957337489]]]], [[[[3.1258095385742246, -3.7507276917793435, -0.37255689803689507]], [[2.34835247327661, 0.07853309922338127, 1.734008058556183]]], [[[-2.210080750346722, -1.69794521457284, -0.2389851889676031], [-2.3442524112716896, -3.2344440528377043, 2.669519377272504]], [[-2.745582222521973, 1.9136053465191039, -0.5127445631072001, -0.27216378527349594, 0.7176459503553834, -3.112544755188723], [1.1214150290552332, -0.46482990201853047, -1.733589235740205, -0.9168596800572663, 2.2110101904949437, 2.4689884269056726]], [[-0.31606327939836726, 1.6689433848661055, 1.9432191616082273], [-1.9683243201367138, 2.8813124546811597, -0.2780412717717656]]]], [[[[1.796105353275581, 2.8213652155100863, 1.859347701340672]], [[2.686579668125423, 0.707138370793831, 0.13310595842705455]]], [[[0.12418621108227126, 2.514738822951278, -1.5470369264570216], [-0.6307535674783166, 1.0798160691541308, -0.010326083897888291]], [[2.79936679987552, 1.3303594257230216, 1.717659485669178, -2.0918529404288297, -2.666983821872753, -2.1388459841025256], [2.519846235455705, -0.19591093034400334, -2.4598295746268937, 0.9927226241547091, 1.0704289819007633, -0.6574854262956968]], [[0.10890106674583942, 2.255384278666289, -2.9123865783239244], [-0.9866612201050722, -2.0692623369274483, -2.0708920877046433]]]], [[[[-1.8588893880991808, -1.7676883282427884, 0.19654275175564084]], [[-2.454057075297028, 1.1808917858275378, 0.6920279231681037]]], [[[-2.6364734166423665, -1.6872675962018338, -2.253749770371465], [-1.1233704530463933, 2.20846866740864, 2.4451503056483856]], [[-1.2182583120096715, -0.3294000109076265, 3.1313455150488734, -2.430095964212001, -0.029988391529590628, -0.6692973340750568], [-0.10344373738587172, -1.6843069026885304, 1.5883343746530487, 2.028115189516718, 1.5333066172522134, -1.2457172426919287]], [[2.745680018505002, -1.2206909390266745, -0.29815596904677794], [-1.2809964843942672, 2.582188482901873, -3.0089666574102947]]]], [[[[0.9087398711900175, -1.628405473033102, -0.21340230001441382]], [[-1.096473703999409, 0.5779187492715223, 1.713931921156273]]], [[[-3.258133499361319, 1.6772098862743343, 2.0385889228048093], [-1.6913959504064178, -1.7720951408861656, 2.723175529252023]], [[-2.2124285200937117, -1.1353056688415644, -1.9914795437175195, 0.15972838570382, -3.3253905408671214, -2.9601597255651595], [-2.4453745281802393, -2.696857154588269, 1.6611276856181982, 2.9520444309941656, -1.3783662917274313, 2.558159198822069]], [[0.26989017834384105, 0.8552825542711948, -1.5543456839305372], [-0.8456872984300182, -1.0738581611562135, -3.061236775023553]]]], [[[[-1.5381627871400787, -3.4057745942734847, 1.4599540814565792]], [[-1.3423068090651666, -1.1192668755005806, 2.58061247586027]]], [[[-0.1663385950533631, -0.47119584117420077, -1.7587341701720098], [2.0549546792689304, -1.1424335613493675, 0.3233965997188201]], [[0.8586841015598858, 0.20833548337699845, 1.881306581888234, -2.5572905537377033, 1.6947626936387983, 2.1704023631554357], [2.17577482627773, 1.7970241337597814, -0.2560506778900195, 0.5042437909347954, -0.123536084384281, 1.5334516490467553]], [[-1.8018725840629135, 1.8309520269059, -0.2623862453638527], [-1.4040184432784926, 3.306146909352158, -2.9457893227673213]]]], [[[[2.0340645685652676, -0.37908367341906296, 2.107661352518593]], [[2.4193212937957496, -1.809599727298666, -1.767517187375012]]], [[[-2.526346911756856, 2.324471542569962, 1.3014801775627198], [-2.194163934593493, 0.8212576451715158, 0.0030026273780722214]], [[-1.7782162186445571, -2.0105663997393726, 2.4046869198914713, 0.008198107066556925, -2.0440604976956145, 2.8123642144581], [-1.2511468026684995, -0.32064628027966574, -0.9026108545831882, -1.9953175469839353, 0.8379845055236232, -2.260638073979054]], [[2.2267351130127686, 1.9049094678050826, -1.4327828633543167], [0.24744685577033684, -0.7925322294313624, 1.8430473257418276]]]], [[[[1.1839219359190778, -0.49980884235494055, -1.5858888621488045]], [[-1.5244650866885847, 0.576600040125147, 0.607719021478502]]], [[[-3.142547602089272, 1.7008926511282454, -0.2805740101624868], [1.6381249934171445, 0.674890877018333, 1.7597736622611235]], 