{"noise_params": [0.0, 0.05, 0.1, 0.15000000000000002, 0.2, 0.25, 0.30000000000000004, 0.35000000000000003, 0.4, 0.45, 0.5, 0.55, 0.6000000000000001, 0.65, 0.7000000000000001, 0.75, 0.8, 0.8500000000000001, 0.9, 0.9500000000000001, 1.0], "max_scores": [1.4142135623730951, 1.3786758578347706, 1.3425082440617135, 1.3079912522823287, 1.2782756154665627, 1.2528601588677657, 1.227542402179322, 1.1904872815679055, 1.189204565745793, 1.1881257980959345, 1.1885159716865283, 1.186645420467632, 1.183699532862655, 1.1701043370000426, 1.1668644952323541, 1.1623632234400878, 1.1447706389465986, 1.1317720914124179, 1.1086186098894073, 1.0725148920507879, 0.7210457203401169], "opt_settings": [[[[[0.6260289873750593, 2.6976642413701124]], [[1.590797324437971, -3.1171492716268023]]], [[[0.02466450311637781], [1.687035031909552]], [[2.790361673990608, 2.377596677346823], [3.3926763012206687, -2.3584781283901726]], [[-0.05320142168403836], [1.609175260156259]]]], [[[[-1.6775540076525859, 0.09851200967385676]], [[-4.490866526510375, -0.050564531514989824]]], [[[1.4258449066166683], [2.8424719329978254]], [[0.9248056395002415, -2.767059538807445], [-3.5649293999575833, -1.0087964836582046]], [[1.1545140106105412], [-0.2594532436622272]]]], [[[[1.5249952942965919, 0.005463503038563442]], [[1.5680272398792778, -0.004940108961155617]]], [[[-0.357004371042981], [-1.9193923194427602]], [[2.0182390083605743, 2.0790966964730346], [0.4187289162810632, 0.5006799259235284]], [[-0.2853965665569721], [-1.8470469088134993]]]], [[[[1.4501713152257014, 0.09865446904422767]], [[-1.4990779234362812, 3.1356660705736705]]], [[[-0.18994812975464476], [-1.8312081528017221]], [[-0.952649562142257, 1.6976710195357565], [0.5216051348403944, 0.12349345754808058]], [[-2.2629181203974484], [-0.6284683573907889]]]], [[[[-1.7849888640925984, -0.005944855239397929]], [[-1.573597924178335, 0.010974266033020756]]], [[[-3.10205411316993], [-1.5085640193608527]], [[-0.8041129773003426, 1.0361330645749576], [0.7272464957258685, -0.5233700783008138]], [[-0.2566400864846006], [-1.8269800810400583]]]], [[[[2.049651166300246, 0.06101327603714384]], [[-1.5771443351216925, 3.1400949584743647]]], [[[-1.8301553083913307], [-3.3969835774259676]], [[0.3788859919413926, -0.9055710746507883], [2.1972978468551525, 0.6418844387666158]], [[-0.17986041601156436], [-1.6498424327256498]]]], [[[[1.0653032254250274, 0.021936225154661503]], [[-1.5793158406916412, 0.029535135402972083]]], [[[-0.5106349495322856], [1.1318744909305567]], [[0.18898332001400586, 1.8045546010423568], [-1.1934295773752386, -2.917836510579067]], [[2.09061636630719], [0.5922259208477801]]]], [[[[1.5092543827861846, 0.0010982940564841955]], [[1.537476417627534, -3.1071286838985306]]], [[[2.2286439773423203], [0.6623777878983604]], [[-1.7026649011601849, 2.293145871018892], [-0.134124439565945, -5.585047209697487]], [[-1.4988343588798325], [-3.063496164036379]]]], [[[[-0.10177100737216517, -2.814968403697701]], [[1.5828631425864288, -3.1307808341250336]]], [[[-0.00857509277955553], [2.2393339761173574]], [[0.04636524524338171, 2.7629368453281375], [3.0666064229244108, -1.9474245932636551]], [[2.7422430595525347], [-1.9869069741247536]]]], [[[[-0.4890120013773579, -0.2676728110778373]], [[0.7797567327920357, 2.364556359145363]]], [[[-0.1901782166145923], [1.7395213440193213]], [[3.001031262010564, -0.2788571457060211], [0.537277294353101, 0.34439558541575]], [[-3.146411452654497], [-1.788276740603091]]]], [[[[0.0007303303893770816, 0.7148246575442527]], [[-0.7994042569661484, -2.568237712384459]]], [[[-0.012966205317770835], [-2.129641496248713]], [[-3.1391875177705284, -0.32097180231751204], [3.143904057153545, 3.537063061757371]], [[0.006716816292349033], [-1.3477402714776605]]]], [[[[-0.5251988716154944, -2.9838522104091085]], [[-1.1819953840206998, 2.653434288261952]]], [[[2.2363797127568716], [-0.6756200671801194]], [[2.9704639645532875, 3.419294177615416], [-0.7391583346760838, 2.412628727556671]], [[-1.8154048446468822], [2.9529490859425924]]]], [[[[-0.11671059578835546, 0.8348359493467753]], [[1.5724108705491378, 0.0012223447399210342]]], [[[1.8931004049175957], [-0.029040733583100352]], [[-0.026546575689018945, 1.6125907440720635], [0.20812405173684256, 0.12260170422122474]], [[-0.9105989874819077], [-2.114304566238406]]]], [[[[-0.5184717988130388, -0.07800904260596753]], [[1.311543038051537, 3.000269542079113]]], [[[-0.43969329341292396], [1.0253081904942791]], [[-0.04977140648546865, -0.36404946434593144], [1.2031592645861546, -2.192193076181671]], [[-2.2635669742348683], [3.0665427113902686]]]], [[[[-0.10182811619966788, -0.5899021484035191]], [[-3.1238283205014783, 0.6669715325127182]]], [[[0.24489841786255231], [-1.9177882694134676]], [[0.011884241692392054, -3.1399629383935532], [2.820836085527538, -3.0943636990232415]], [[-0.0003691621765431046], [0.9305888094720847]]]], [[[[-3.1588619185062505, -0.25245354705657486]], [[0.9904340842407408, 0.5462441464057561]]], [[[-0.3694661161560603], [-3.0929596539246393]], [[-3.1396223132849976, 0.28974105144733975], [-0.21035005324683712, 2.5484457340274735]], [[-0.054047614078721974], [1.0235229872500513]]]], [[[[-0.38288218636989657, 3.1075884194407384]], [[-1.598067373169169, 3.1190544452029227]]], [[[-0.6147646698672813], [1.3296950043406623]], [[3.1562290539721563, -0.9014715492232624], [-1.0833009358956622, 0.5059996918022353]], [[-1.3429258094643772], [-0.4862900280976363]]]], [[[[-3.1481374416815795, -0.9257507004293126]], [[1.6722541507246456, -0.16740028570615686]]], [[[0.3988178832136738], [-2.8886475206172895]], [[-0.0010015924561055127, -0.2561008606232465], [0.07380324007387101, 1.2063052643368108]], [[-0.764083168727874], [0.22118837022752352]]]], [[[[-0.05029945224579968, -2.9396426279296435]], [[-1.584608467562154, 3.130934645332648]]], [[[-2.761723895166881], [-1.118344873256416]], [[-0.006431089633370843, 2.2320460685680446], [-0.6045552774325768, 0.9142667768506475]], [[1.8917272870167192], [2.5984055072547796]]]], [[[[3.040009195035346, -0.6425665229804652]], [[-1.5692900833288388, -3.1399779070194715]]], [[[1.3179399295822825], [-0.6063654553127159]], [[3.139531831357626, 1.610309162994757], [2.156552435395716, 2.3958030188449992]], [[1.4010903603096903], [1.792713649980297]]]], [[[[-1.8245684275425935, -2.3065639440569012]], [[-2.829123595275218, 0.705687377063659]]], [[[-2.82449964008776], [0.11689541830047308]], [[-0.9630559670252917, -1.49407678841959], [-1.837695088211937, 2.622959362202815]], [[0.16931057031939628], [-2.653806280153216]]]]]}