{"noise_params": [0.0, 0.05, 0.1, 0.15000000000000002, 0.2, 0.25, 0.30000000000000004, 0.35000000000000003, 0.4, 0.45, 0.5, 0.55, 0.6000000000000001, 0.65, 0.7000000000000001, 0.75, 0.8, 0.8500000000000001, 0.9, 0.9500000000000001, 1.0], "max_scores": [1.414213562373095, 1.379147811722463, 1.344828130125897, 1.3065300529381145, 1.2793910330552536, 1.2402972146506577, 1.227432278433189, 1.1892045745782236, 1.1801624160041375, 1.159703980340886, 1.1855026981456902, 1.18594696792861, 1.1832904864647233, 1.1787734272914752, 1.1724558338540092, 1.1624684455168905, 1.149195616342986, 1.1290802323611122, 1.1084243623756733, 0.9676270482070477, 0.11306092738025453], "opt_settings": [[[[[1.6827865726941926, -3.049840897423375]], [[1.612288196136694, -3.12923229789235]]], [[[-1.910814204650971], [-0.2978770989776558]], [[-2.105182411516587, -1.9038944152195298], [-3.5474060650964874, -3.428278180180839]], [[-2.069363282093297], [-0.456414631170149]]]], [[[[1.6888474337483235, 2.9222300013254006]], [[1.6029180262747358, 3.13857849894483]]], [[[-2.900962299770529], [1.9153049567881513]], [[0.39995065119276574, -0.14104949055795596], [-0.9579096055719359, 1.4417111099156752]], [[-2.2736597158373764], [-3.736603730618474]]]], [[[[-1.9253031240408647, -0.1786508381131276]], [[2.6529850722080424, -1.2156214672014893]]], [[[-1.8339390088981604], [2.9222528331163766]], [[-3.5294821491948403, 0.11552199888107482], [-2.2632262424455725, 3.0039451795320065]], [[-0.0015341937742229248], [1.491535701255405]]]], [[[[1.685886788507147, -0.003429841151627519]], [[1.5654100909256832, -0.003448955685039671]]], [[[-2.7820338370528046], [-1.2080599150652098]], [[-2.0213089305916134, -1.2874445815656546], [-0.41149424458594736, -2.85624460466671]], [[-2.0702009489283353], [-0.5027101637139807]]]], [[[[-1.30809633576967, -0.008310431240187374]], [[1.5828363882823104, 0.010455741946371881]]], [[[-1.5431354061447384], [0.045950174507226126]], [[-2.4487676964528338, 2.0127974558647037], [2.344609077172398, -2.7175397202787823]], [[-0.3598842201643009], [-1.915111958094869]]]], [[[[-1.2484657244686512, 3.1401396619870607]], [[1.5526155155579144, -3.094147130449425]]], [[[2.1242831045581023], [0.448553057505644]], [[1.0990032393625815, 1.1675629457687167], [-3.341691845038359, -3.5002922522234425]], [[-2.0067390241660887], [-0.3780928773151484]]]], [[[[1.1063649744338495, -3.1375410221102205]], [[1.5491859436331874, 0.02367495909540197]]], [[[-0.47764568015112346], [1.1564387710811674]], [[2.8732709369946283, 1.7899655801425876], [-1.9386716232371413, 0.22351911769869223]], [[1.0356218596307072], [2.5481991024773496]]]], [[[[-3.149547452352014, 0.9437715375637211]], [[-1.526737520600675, 0.008873562412326659]]], [[[-3.1387457071251395], [-0.875168826825837]], [[0.009124622588837275, 1.1270340993174732], [3.1376624555376504, 2.7304381482010145]], [[-0.33360450384891577], [-1.9562441873585266]]]], [[[[0.7844540055187398, -0.18059287555455483]], [[1.5730339638246795, 0.002279859517955137]]], [[[1.1826234679001315], [-0.3152008694153702]], [[0.1760569795479952, -1.218402967947432], [2.1783421235226514, -2.7318921905083062]], [[-0.5708871611895114], [-1.838347648812368]]]], [[[[0.9052096303659929, 0.06027186921178969]], [[0.9496354919892337, 0.6724929096301144]]], [[[0.7079952931994814], [-0.9735218666426704]], [[-3.178510959094197, -0.49037142089748625], [1.3878910524237509, 3.3832637050410663]], [[-0.1035775627489148], [-1.5192378582529587]]]], [[[[2.659685296914854, 2.6414012211977025]], [[-1.4530390205951296, 2.9984380948550116]]], [[[3.3241376746737386], [1.9603780950103384]], [[3.2209900181521576, -0.43622674674750905], [-0.7786183047543979, 1.0802417033782956]], [[-0.9688261958823868], [0.07296772102038265]]]], [[[[0.3259789611179394, 3.1205436803858646]], [[-1.5464038338798858, -0.7746656073898996]]], [[[0.09585635478978528], [-1.5705048014578453]], [[-3.0393318538216705, 0.35587281383388597], [2.682665615484243, -3.5206245396046874]], [[-0.033100779105868186], [-1.145004634558487]]]], [[[[-3.057192966895348, -1.9973224071462923]], [[1.5700294483581028, 3.141476538871968]]], [[[-1.5309081864693443], [-3.152436477663799]], [[-3.129938992886704, -1.8014135760007308], [2.9114055294692816, -0.3461306050070533]], [[-0.7836683956870749], [-1.8623884667325996]]]], [[[[3.019204027706572, 2.830975217988604]], [[1.5930910030533347, -3.0916350070000225]]], [[[-3.0845209849153656], [1.1847973781975467]], [[0.03062161992178155, -0.01922494405680698], [2.933925447553488, 1.6022916653748946]], [[2.5645005341864344], [-2.545248600993412]]]], [[[[-0.017460319233286024, -2.4607569388059325]], [[-1.403488083745894, 3.011523231578872]]], [[[-2.7644787467694876], [-0.10627830702590713]], [[3.124374737058619, 3.342140008606599], [3.1390310902380536, 1.8991549525571083]], [[2.751794641243475], [-2.2819752683926464]]]], [[[[0.001809725182095694, -1.879608083827589]], [[-1.524130425363282, -0.04416933390847924]]], [[[2.9581928163573736], [-0.10280406260980605]], [[3.1415702203100246, -0.8043800307707203], [0.02100192520511704, 0.6513138886709426]], [[-2.9139224147161307], [-1.7115103573471215]]]], [[[[-3.1239148105162937, -3.034371357263047]], [[1.5783744511667248, 0.01002464681897667]]], [[[-0.21211297648467706], [2.9945958707693374]], [[3.1380735437014233, 2.2976674702745026], [-0.10062356666386485, 0.6956726418968302]], [[-3.4322955365216075], [1.7342741410264189]]]], [[[[0.12762679903104923, -0.784507297403598]], [[-1.4641353429311683, -3.0388194083950557]]], [[[1.3678516812450672], [-0.19243035186953503]], [[3.147674255065065, -2.6661938161187404], [2.5174833273354538, 2.274435756273999]], [[0.14121544373157446], [0.8367847509070573]]]], [[[[0.006791051838609432, 1.7623682474030422]], [[2.310215081298721, 2.6222094992924023]]], [[[-1.1055812776028546], [-2.6714711883287414]], [[-0.0006463957537832641, -3.014850584409058], [0.7703266027974831, -0.6213881600246066]], [[-3.0709682312033384], [2.658825796586292]]]], [[[[-0.055266959262832246, -0.47742620545378706]], [[-0.4841857319974201, 1.1579316704405405]]], [[[-2.5568232215792515], [2.6841841612450303]], [[-3.140865482297402, 0.008664950135024876], [-1.6648516706334195, -0.37563728375934924]], [[-0.1104373192656353], [0.025240706450848926]]]], [[[[0.5242315913584776, 2.9453477338835103]], [[0.09206356619505707, 2.9826635965601582]]], [[[2.047390132409051], [-1.1644859017779348]], [[1.6355176349988199, 1.8393554766663858], [-1.900499944722697, -0.18209759529753589]], [[2.795234533943585], [-2.2630072284511966]]]]]}