{"noise_params": [0.0, 0.05, 0.1, 0.15000000000000002, 0.2, 0.25, 0.30000000000000004, 0.35000000000000003, 0.4, 0.45, 0.5, 0.55, 0.6000000000000001, 0.65, 0.7000000000000001, 0.75, 0.8, 0.8500000000000001, 0.9, 0.9500000000000001, 1.0], "max_scores": [1.4142135623730954, 1.309725723798143, 1.2094382487360553, 1.115323094438377, 1.0087224351266944, 0.9128065988388052, 0.9993179360205153, 0.9998093858937689, 0.9999963211812963, 0.8702454119494558, 0.9986463697037453, 0.9996718363371206, 0.9987290129675249, 0.999555404006785, 0.9701681448383728, 0.9983239611522363, 0.993874535632083, 0.9986025344984492, 0.9971473738444422, 0.9879464873391977, 1.0], "opt_settings": [[[[[1.6046193738835501, 3.111905471407252]], [[-1.5848163248319962, 3.128360181387013]]], [[[1.17323745312116], [-0.369065465177384]], [[2.7506324088989524, -3.1919665442215934], [-1.9853083006211794, 1.4948582702670392]], [[-0.8334942780654869], [0.7088093583200623]]]], [[[[-1.537922244122558, -0.0006825986084275375]], [[1.5551251627890095, -0.0014452508928642048]]], [[[-1.7663444979564629], [-0.2111902570241313]], [[0.9994859275593306, 1.9093376724412179], [2.5469053463975797, 0.35853758509756084]], [[-2.000194194847787], [-0.4455137316020299]]]], [[[[-1.717567255808538, 3.123297494714222]], [[-0.29452753589730785, -1.9511995605575292]]], [[[1.465133089725414], [3.065776137952678]], [[-0.8361189429217932, 0.1027774217100974], [0.6780547568310388, 3.0471856931894994]], [[0.0011341830416003917], [1.7097764158332602]]]], [[[[1.7313275156012238, 3.1079243329383424]], [[1.3411138136471985, 0.0577736528151475]]], [[[3.7012445698163154], [2.20240317843203]], [[0.18952769756155083, 0.0829947214376092], [1.753041381979544, -1.461951531569927]], [[-0.6599174621102245], [0.8543154176742237]]]], [[[[-4.242044656778017, -0.5405669628861157]], [[1.8008200881173144, -3.0908896802826247]]], [[[-0.10954105811230475], [-1.70443901598175]], [[-0.7191083984519859, 1.2658367840991422], [0.3317153416462521, -0.4073979534686853]], [[1.0395210313804324], [-3.4473586568819563]]]], [[[[-0.9242819775503568, -3.0248582390009737]], [[0.9107280512844326, -3.1371644105624723]]], [[[-0.20552111568580625], [-1.9393892928395606]], [[2.3346593326760017, -2.7353714943413587], [0.4073504642123482, -0.5328708483838487]], [[1.8416838381602798], [-3.101113920587538]]]], [[[[-0.06111582714929898, -1.3532021461440582]], [[0.6007498091512616, 0.8247554182904953]]], [[[0.035351607728873094], [0.9574590159424408]], [[3.1097362417731946, 3.2309355549298733], [2.81550913323794, -0.6964035706570957]], [[-0.14900899708962262], [0.7334911656821368]]]], [[[[2.9197594139234377, -0.8274652934443603]], [[-0.0463479814995868, 0.481226542837213]]], [[[-3.110006307584624], [-0.8579074015282919]], [[0.428584536836044, 3.121728308978536], [-0.1333578240073605, -2.960251193840965]], [[-0.03163380141114779], [-3.021785178001823]]]], [[[[-2.83617506469558, -0.1436513560661254]], [[-0.0035668598442184225, 1.5064378387159452]]], [[[3.3333309547304224], [-0.17241773073791045]], [[-0.7090433258055466, -2.867280990405392], [-0.1481166846731738, -3.011984718580305]], [[2.970640698551829], [0.05760711653871943]]]], [[[[1.6594863701079001, -1.610180597889849]], [[-1.5509681235435793, -1.1122115602912164]]], [[[-0.14478672871496254], [-2.822844688017942]], [[2.136264120300037, 0.4097734326575401], [-0.021115771980655344, -0.1869473896038643]], [[-2.649722608836317], [-0.13535351106965557]]]], [[[[-0.26095075230312553, 0.049787111983055785]], [[-0.00869910917028813, -2.354843832548347]]], [[[-1.106010208405981], [0.06897510664949462]], [[0.08697963359528395, -0.03652581433297911], [-0.9521784760957005, -0.24336946831733078]], [[-0.012321298364059203], [-1.2436921749524579]]]], [[[[-0.0396996040050869, -2.890979348236937]], [[0.006208061233209199, -2.601190229467296]]], [[[0.17455048194727235], [-3.1111537291071674]], [[1.988237123832961, -1.7533045743616291], [1.678050112967713, 1.6284264582009844]], [[0.16818130796432906], [-2.9166067902070365]]]], [[[[-0.12474202903577555, 2.3541254785015058]], [[-0.6248098264984724, 0.7280252169576905]]], [[[0.16719964050400205], [1.1757962230070713]], [[-2.750453472221554, 2.594369975662069], [-3.1870970940400984, -0.8562919909376603]], [[0.41805378389572034], [-0.7057554448291162]]]], [[[[-0.4824492799435895, -0.552593235452383]], [[-1.0211671205067545, -0.0019409020520454508]]], [[[-2.0241897626305883], [0.3893570858178649]], [[2.630041597187881, -1.4483325416253954], [2.680602621281807, 2.9153567920758188]], [[0.45217618099775214], [3.2179100312799878]]]], [[[[-2.075664194368625, 0.7352466902431755]], [[-1.564039112656456, -1.4994214265636494]]], [[[-0.8575380843846687], [0.24095263769858707]], [[-2.844561594222429, -2.411226832611369], [-2.1295862985462044, 2.440679447877948]], [[1.4219569733266522], [2.5460098059778984]]]], [[[[-0.2278864678269632, -1.1941527459060688]], [[-3.022908009981423, 0.25181672175274433]]], [[[0.7416267447810702], [-2.7766491110635503]], [[1.0082788970997747, 3.0989652474460545], [-2.1235922513359817, -0.6184362898976514]], [[0.3358156674484457], [2.8855990804459877]]]], [[[[0.09407560467044433, 1.5722817868264027]], [[0.24065548112559842, -1.8836050376807474]]], [[[-1.5466110271135844], [-0.309950048998358]], [[-0.20956227663371876, -0.5648542040340978], [1.5622548591493106, -2.865382967019414]], [[-2.3557147850744102], [0.677346019957788]]]], [[[[-2.452183456151014, 1.0184592827260024]], [[-2.841748323765659, -1.3786250244024345]]], [[[-3.009593338710378], [2.2560717667464316]], [[0.7146414580079721, 1.348035374262864], [0.42574552658308445, -1.4108256083547874]], [[-3.139267482494608], [-2.4090925865450985]]]], [[[[-0.5527235282954024, 3.113992043913732]], [[-2.3852680964539705, 0.5180306290453638]]], [[[0.7907477421977023], [0.2908319311597865]], [[-0.03157692193841336, 1.2879076780304353], [-1.0109400338594465, -2.5166002631004183]], [[-2.6902033749218055], [1.8736643014851768]]]], [[[[3.102689883480635, -1.0922287655179972]], [[0.5471712661794449, 1.4916797971862037]]], [[[-1.0040053465048606], [2.2209726886380188]], [[-0.9556605861649626, -3.1395545657389903], [-2.2403754011285626, -2.8781405599107375]], [[-1.891140567707456], [2.4574532646102147]]]], [[[[0.3133354828048738, -2.8671258338044385]], [[-2.2177749689719852, 2.3588478561661983]]], [[[1.5927579488905579], [2.108842217051574]], [[-1.5986899736356044, 2.803967509561084], [2.5195723363113647, 0.38473685153854964]], [[2.3810970318501923], [-1.6982932052833306]]]]]}